{"pseudos": {"Ac.us.pbe.z_11.ld1.psl.v1.0.0-high.upf": 0, "Ac.paw.pbe.z_11.ld1.psl.v1.0.0-high.upf": 1}, "v_distance": {"0-1": {"eta_c": 2.2365847999327353, "max_diff_c": 4.793253869009391, "shift_c": -1.25}}, "v10_distance": {"0-1": {"eta_c": 2.305450061267088, "max_diff_c": 6.730753869009391, "shift_c": 0.6875}}}