{"pseudos": ["PSL-US-v1-high-11", "PSL-PAW-v1-high-11"], "v_distance": {"eta_c": [[0.0, 2.2365847999327353], [2.2365847999327353, 0.0]], "max_diff_c": [[0.0, 4.793253869009391], [4.793253869009391, 0.0]], "shift_c": [[0.0, -1.25], [1.25, 0.0]]}, "v10_distance": {"eta_c": [[0.0, 2.305450061267088], [2.305450061267088, 0.0]], "max_diff_c": [[0.0, 6.730753869009391], [6.730753869009391, 0.0]], "shift_c": [[0.0, 0.6875], [-0.6875, 0.0]]}}