{"pseudos": ["DOJO-041-std-19", "SPMS-19", "SG15-19", "GBRV-1.X-19", "PSL-US-v1-high-19", "PSL-US-v1-low-11", "PSL-US-v0.x-11", "PSL-PAW-v0.x-11", "PSL-PAW-v1-high-19", "PSL-PAW-v1-low-11", "JTH-1.1-std-11"], "v_distance": {"eta_c": [[0.0, 14.154183937405882, 29.064366847851232, 2.5974815611682223, 18.79919519617038, 4.076441369665673, 3.266225903989054, 3.42382021240278, 2.3814360276993223, 3.1901198493242586, 7.576957155450225], [14.154183937405882, 0.0, 42.224117201946655, 12.216431505911517, 31.43370991893893, 4.824507385563364, 5.784898381608182, 5.423113546155284, 16.269437348826873, 5.505441517880311, 15.827898953187713], [29.064366847851232, 42.224117201946655, 0.0, 30.743915693678417, 13.357845753740543, 14.483558884563891, 13.470928247800702, 13.75491551994416, 26.969157189116746, 13.573705280872142, 3.2983274951865056], [2.5974815611682223, 12.216431505911517, 30.743915693678417, 0.0, 20.842808447903998, 4.308435009438449, 3.561310897811107, 3.690316210351792, 4.827039009345757, 3.4548464628669078, 7.361445929918773], [18.79919519617038, 31.43370991893893, 13.357845753740543, 20.842808447903998, 0.0, 2.890221344924638, 1.921904683079323, 2.2796572709886638, 16.49280676576177, 2.0639609927046094, 9.06809450894515], [4.076441369665673, 4.824507385563364, 14.483558884563891, 4.308435009438449, 2.890221344924638, 0.0, 1.4611133470157724, 1.1838935587783672, 3.967091470678823, 1.2217253080749033, 11.369528737011118], [3.266225903989054, 5.784898381608182, 13.470928247800702, 3.561310897811107, 1.921904683079323, 1.4611133470157724, 0.0, 0.6405349121383123, 3.173184382790042, 0.8317958953489136, 10.312255800964623], [3.42382021240278, 5.423113546155284, 13.75491551994416, 3.690316210351792, 2.2796572709886638, 1.1838935587783672, 0.6405349121383123, 0.0, 3.3517508924035413, 0.5565420783295004, 10.630064505695431], [2.3814360276993223, 16.269437348826873, 26.969157189116746, 4.827039009345757, 16.49280676576177, 3.967091470678823, 3.173184382790042, 3.3517508924035413, 0.0, 3.116104385084877, 7.69478652104962], [3.1901198493242586, 5.505441517880311, 13.573705280872142, 3.4548464628669078, 2.0639609927046094, 1.2217253080749033, 0.8317958953489136, 0.5565420783295004, 3.116104385084877, 0.0, 10.46812594106309], [7.576957155450225, 15.827898953187713, 3.2983274951865056, 7.361445929918773, 9.06809450894515, 11.369528737011118, 10.312255800964623, 10.630064505695431, 7.69478652104962, 10.46812594106309, 0.0]], "max_diff_c": [[0.0, 43.27632390135819, 70.4712496765586, 7.5231218896085466, 39.40893821881389, 19.380803018761437, 17.496076921688207, 18.11010206983577, 5.9050094385992224, 15.63075299589994, 32.09105461089764], [43.27632390135819, 0.0, 113.74757357791681, 43.55763880297366, 72.78486617463898, 23.113035028679608, 23.821875891058472, 23.956607145923773, 45.115542569012014, 26.128398348643433, 65.53354713169074], [70.4712496765586, 113.74757357791681, 0.0, 70.12743477494314, 63.422413822493915, 65.12031946590204, 63.58681431184224, 64.31123769448347, 68.56953100890479, 61.17474743003645, 20.691835055966298], [7.5231218896085466, 43.55763880297366, 70.12743477494314, 0.0, 46.869383568082746, 20.63677371075142, 18.78961695523594, 19.423792376538437, 13.424501544743748, 16.88672368788993, 30.311940632307614], [39.40893821881389, 72.78486617463898, 63.422413822493915, 46.869383568082746, 0.0, 11.848967259541219, 9.96424116246799, 10.561573006710141, 33.444917568296205, 8.098917236679723, 42.31472569248395], [19.380803018761437, 23.113035028679608, 65.12031946590204, 20.63677371075142, 11.848967259541219, 0.0, 4.268518876963873, 3.628309588939551, 19.427628539675844, 3.9974023994301926, 45.43392601831065], [17.496076921688207, 23.821875891058472, 63.58681431184224, 18.78961695523594, 9.96424116246799, 4.268518876963873, 0.0, 1.4428063076309456, 17.5712001847024, 2.823038959643462, 43.75233178130957], [18.11010206983577, 23.956607145923773, 64.31123769448347, 19.423792376538437, 10.561573006710141, 3.628309588939551, 1.4428063076309456, 0.0, 18.2678756060049, 3.2517984940169744, 44.42390358448235], [5.9050094385992224, 45.115542569012014, 68.56953100890479, 13.424501544743748, 33.444917568296205, 19.427628539675844, 17.5712001847024, 18.2678756060049, 0.0, 15.67757851681435, 34.77032715715807], [15.63075299589994, 26.128398348643433, 61.17474743003645, 16.88672368788993, 8.098917236679723, 3.9974023994301926, 2.823038959643462, 3.2517984940169744, 15.67757851681435, 0.0, 41.559765078075934], [32.09105461089764, 65.53354713169074, 20.691835055966298, 30.311940632307614, 42.31472569248395, 45.43392601831065, 43.75233178130957, 44.42390358448235, 34.77032715715807, 41.559765078075934, 0.0]], "shift_c": [[0.0, 0.02968750000000001, -0.047875, -0.00075, -0.006562500000000003, -0.006000000000000002, -0.004625000000000001, -0.003812500000000001, -0.0003125, -0.004500000000000002, 0.018375000000000006], [-0.02968750000000001, 0.0, -0.07756250000000003, -0.030375000000000006, -0.03625000000000002, 0.015500000000000003, 0.016875000000000005, 0.017687500000000005, -0.02993750000000001, 0.017000000000000005, 0.03993750000000001], [0.047875, 0.07756250000000003, 0.0, 0.047125000000000014, 0.04125000000000001, -0.030875000000000007, -0.02950000000000001, -0.028687500000000005, 0.047562500000000014, -0.029375000000000005, -0.006437500000000003], [0.00075, 0.030375000000000006, -0.047125000000000014, 0.0, -0.005875000000000002, -0.007750000000000002, -0.006375000000000002, -0.0055625000000000015, 0.0004375, -0.006250000000000002, 0.016687500000000004], [0.006562500000000003, 0.03625000000000002, -0.04125000000000001, 0.005875000000000002, 0.0, 0.0021875000000000006, 0.0035625000000000014, 0.004375000000000001, 0.006312500000000002, 0.0036875000000000015, 0.026625000000000003], [0.006000000000000002, -0.015500000000000003, 0.030875000000000007, 0.007750000000000002, -0.0021875000000000006, 0.0, -0.001375, -0.0021875, -0.004625000000000001, -0.0015, -0.024437500000000008], [0.004625000000000001, -0.016875000000000005, 0.02950000000000001, 0.006375000000000002, -0.0035625000000000014, 0.001375, 0.0, -0.0008125000000000002, -0.0032500000000000007, -0.000125, -0.023062500000000007], [0.003812500000000001, -0.017687500000000005, 0.028687500000000005, 0.0055625000000000015, -0.004375000000000001, 0.0021875, 0.0008125000000000002, 0.0, -0.0025, 0.0006875, -0.022250000000000006], [0.0003125, 0.02993750000000001, -0.047562500000000014, -0.0004375, -0.006312500000000002, 0.004625000000000001, 0.0032500000000000007, 0.0025, 0.0, -0.003125, 0.019750000000000004], [0.004500000000000002, -0.017000000000000005, 0.029375000000000005, 0.006250000000000002, -0.0036875000000000015, 0.0015, 0.000125, -0.0006875, 0.003125, 0.0, -0.022875000000000006], [-0.018375000000000006, -0.03993750000000001, 0.006437500000000003, -0.016687500000000004, -0.026625000000000003, 0.024437500000000008, 0.023062500000000007, 0.022250000000000006, -0.019750000000000004, 0.022875000000000006, 0.0]]},