{"pseudos": {"Al.nc.pbe.z_3.oncvpsp3.dojo.v0.4.1-std.upf": 0, "Al.nc.pbe.z_3.oncvpsp3.dojo.v0.4.1-str.upf": 1, "Al.nc.pbe.z_3.oncvpsp4.spms.v1.upf": 2, "Al.nc.pbe.z_11.oncvpsp4.sg15.v0.upf": 3, "Al.us.pbe.z_3.uspp.gbrv.v1.upf": 4, "Al.us.pbe.z_3.ld1.psl.v1.0.0-high.upf": 5, "Al.us.pbe.z_3.ld1.psl.v1.0.0-low.upf": 6, "Al.us.pbe.z_3.ld1.psl.v0.1.upf": 7, "Al.paw.pbe.z_3.ld1.psl.v0.1.upf": 8, "Al.paw.pbe.z_3.ld1.psl.v1.0.0-high.upf": 9, "Al.paw.pbe.z_3.ld1.psl.v1.0.0-low.upf": 10, "Al.paw.pbe.z_3.atompaw.jth.v1.1-std.upf": 11}, "v_distance": {"0-1": {"eta_c": 2.1333250170707502e-09, "max_diff_c": 6.5778493762991275e-09, "shift_c": 0.0}, "0-2": {"eta_c": 0.2594607734235395, "max_diff_c": 1.1386101565058269, "shift_c": -0.5625000000000001}, "0-3": {"eta_c": 2.311384818833264, "max_diff_c": 9.556646908786995, "shift_c": -4.812500000000001}, "0-4": {"eta_c": 10.192031560593378, "max_diff_c": 24.01107593849626, "shift_c": -13.187500000000005}, "0-5": {"eta_c": 0.5216656328092603, "max_diff_c": 2.6417452840486533, "shift_c": 0.3125}, "0-6": {"eta_c": 0.5517990479804495, "max_diff_c": 2.4458069392281416, "shift_c": -0.1875}, "0-7": {"eta_c": 0.5445507799890471, "max_diff_c": 2.8414160848641288, "shift_c": 0.25}, "0-8": {"eta_c": 0.9928460737125542, "max_diff_c": 4.240569356084293, "shift_c": 0.1875}, "0-9": {"eta_c": 0.8437050566719487, "max_diff_c": 3.672625532875749, "shift_c": 0.4375}, "0-10": {"eta_c": 1.1818394163855674, "max_diff_c": 3.9853619438095857, "shift_c": -0.4375}, "0-11": {"eta_c": 0.8192875505360588, "max_diff_c": 4.125760380702822, "shift_c": 0.875}, "1-2": {"eta_c": 0.25946077247290295, "max_diff_c": 1.1386101606074348, "shift_c": -0.5625000000000001}, "1-3": {"eta_c": 2.3113848185276895, "max_diff_c": 9.556646908365998, "shift_c": -4.812500000000001}, "1-4": {"eta_c": 10.192031559698803, "max_diff_c": 24.011075936308675, "shift_c": -13.187500000000005}, "1-5": {"eta_c": 0.5216656312529692, "max_diff_c": 2.641745277794101, "shift_c": 0.3125}, "1-6": {"eta_c": 0.5517990461353458, "max_diff_c": 2.4458069326502923, "shift_c": -0.1875}, "1-7": {"eta_c": 0.5445507780175809, "max_diff_c": 2.8414160782862794, "shift_c": 0.25}, "1-8": {"eta_c": 0.9928460716205911, "max_diff_c": 4.240569349506444, "shift_c": 0.1875}, "1-9": {"eta_c": 0.8437050548242394, "max_diff_c": 3.6726255266211965, "shift_c": 0.4375}, "1-10": {"eta_c": 1.1818394143648987, "max_diff_c": 3.9853619372317364, "shift_c": -0.4375}, "1-11": {"eta_c": 0.8192875490411375, "max_diff_c": 4.125760374124972, "shift_c": 0.875}, "2-3": {"eta_c": 2.210453344690909, "max_diff_c": 9.05631171283985, "shift_c": -4.250000000000001}, "2-4": {"eta_c": 10.089668310679643, "max_diff_c": 24.23332830198189, "shift_c": -12.625000000000004}, "2-5": {"eta_c": 0.5366235290845993, "max_diff_c": 2.619806445786118, "shift_c": 0.875}, "2-6": {"eta_c": 0.5336208087350807, "max_diff_c": 3.381388033487184, "shift_c": 0.375}, "2-7": {"eta_c": 0.5566417611790907, "max_diff_c": 3.776997179123171, "shift_c": 0.8125000000000001}, "2-8": {"eta_c": 0.9375430763513478, "max_diff_c": 5.176150450343336, "shift_c": 0.75}, "2-9": {"eta_c": 0.8086930249592771, "max_diff_c": 3.4502681413327565, "shift_c": 1.0}, "2-10": {"eta_c": 1.0922425712650403, "max_diff_c": 4.9209430380686285, "shift_c": 0.125}, "2-11": {"eta_c": 0.8434348680667094, "max_diff_c": 5.061341474961863, "shift_c": 1.4375}, "3-4": {"eta_c": 8.290957288286158, "max_diff_c": 16.453003945594325, "shift_c": 8.375000000000002}, "3-5": {"eta_c": 2.5191545417168157, "max_diff_c": 9.831626414137107, "shift_c": -5.125000000000001}, "3-6": {"eta_c": 2.093978054052369, "max_diff_c": 7.842809363905922, "shift_c": -4.625000000000001}, "3-7": {"eta_c": 2.3127850017213203, "max_diff_c": 8.617760738046686, "shift_c": -5.062500000000001}, "3-8": {"eta_c": 2.36836666916026, "max_diff_c": 9.954876531750864, "shift_c": -5.000000000000001}, "3-9": {"eta_c": 2.643077612715729, "max_diff_c": 11.336631380083142, "shift_c": -5.250000000000001}, "3-10": {"eta_c": 2.1046982070015265, "max_diff_c": 9.120450661310713, "shift_c": -4.375000000000001}, "3-11": {"eta_c": 2.7572011643984604, "max_diff_c": 10.733370704101675, "shift_c": -5.687500000000002}, "4-5": {"eta_c": 10.314246015867537, "max_diff_c": 24.526083810942392, "shift_c": 13.500000000000005}, "4-6": {"eta_c": 9.853753574497123, "max_diff_c": 22.360359418153944, "shift_c": 13.000000000000005}, "4-7": {"eta_c": 10.039900267229026, "max_diff_c": 23.31221813485197, "shift_c": 13.437500000000005}, "4-8": {"eta_c": 9.84650077863867, "max_diff_c": 24.64933392855615, "shift_c": 13.375000000000005}, "4-9": {"eta_c": 10.248761707180735, "max_diff_c": 26.031088776888428, "shift_c": 13.625000000000005}, "4-10": {"eta_c": 9.48308767864076, "max_diff_c": 23.814908058116, "shift_c": 12.750000000000004}, "4-11": {"eta_c": 10.468239115933455, "max_diff_c": 25.42782810090696, "shift_c": 14.062500000000002}, "5-6": {"eta_c": 0.5116776616749485, "max_diff_c": 2.103224392788448, "shift_c": -0.4375}, "5-7": {"eta_c": 0.3330294905740243, "max_diff_c": 1.3882237555670542, "shift_c": -0.0625}, "5-8": {"eta_c": 0.6794948226842651, "max_diff_c": 2.556344004557218, "shift_c": -0.125}, "5-9": {"eta_c": 0.37300623462917887, "max_diff_c": 1.5050049659460356, "shift_c": 0.125}, "5-10": {"eta_c": 0.9732721059118744, "max_diff_c": 2.723704908434293, "shift_c": -0.75}, "5-11": {"eta_c": 0.4208375183434127, "max_diff_c": 2.4415350291757463, "shift_c": 0.5625000000000001}, "6-7": {"eta_c": 0.22584451584975965, "max_diff_c": 0.9518587166980268, "shift_c": 0.4375}, "6-8": {"eta_c": 0.5372447859461222, "max_diff_c": 2.2889745104022055, "shift_c": 0.375}, "6-9": {"eta_c": 0.6536505714042279, "max_diff_c": 3.6082293587344836, "shift_c": 0.5625000000000001}, "6-10": {"eta_c": 0.6644826912711876, "max_diff_c": 1.6409928793047968, "shift_c": -0.3125}, "6-11": {"eta_c": 0.7193876515031784, "max_diff_c": 3.0049686827530167, "shift_c": 1.0}, "7-8": {"eta_c": 0.4736785014795058, "max_diff_c": 1.4370237579835674, "shift_c": -0.0625}, "7-9": {"eta_c": 0.4666285334047781, "max_diff_c": 2.718870642036457, "shift_c": 0.1875}, "7-10": {"eta_c": 0.7211494816151619, "max_diff_c": 1.7184515921358425, "shift_c": -0.6875}, "7-11": {"eta_c": 0.5159798225074207, "max_diff_c": 2.11560996605499, "shift_c": 0.625}, "8-9": {"eta_c": 0.4905945242417761, "max_diff_c": 2.2124578287391614, "shift_c": 0.25}, "8-10": {"eta_c": 0.37149822310802416, "max_diff_c": 1.0128847999168047, "shift_c": -0.625}, "8-11": {"eta_c": 0.6636410820729974, "max_diff_c": 1.912912491954529, "shift_c": 0.6875}, "9-10": {"eta_c": 0.8216256485142314, "max_diff_c": 3.131001675909225, "shift_c": -0.875}, "9-11": {"eta_c": 0.4275967068418547, "max_diff_c": 1.923408887652613, "shift_c": 0.4375}, "10-11": {"eta_c": 1.017836646103329, "max_diff_c": 2.6581100941145905, "shift_c": 1.3124999999999998}}, "v10_distance": {"0-1": {"eta_c": 2.732933052733834e-09, "max_diff_c": 1.424993456566881e-08, "shift_c": 0.0}, "0-2": {"eta_c": 2.672212527444907, "max_diff_c": 8.086240363397891, "shift_c": 2.0000000000000004}, "0-3": {"eta_c": 16.624703364987493, "max_diff_c": 65.42139403359839, "shift_c": 8.750000000000002}, "0-4": {"eta_c": 16.65549824095065, "max_diff_c": 113.8336274190636, "shift_c": -16.312500000000004}, "0-5": {"eta_c": 2.3239279594742355, "max_diff_c": 8.483351628741332, "shift_c": 2.0625000000000004}, "0-6": {"eta_c": 1.2734201420971005, "max_diff_c": 7.676830387559612, "shift_c": -0.1875}, "0-7": {"eta_c": 1.230281705630066, "max_diff_c": 5.738178928218623, "shift_c": -0.25}, "0-8": {"eta_c": 1.4957218425780643, "max_diff_c": 7.2084551959097425, "shift_c": -0.1875}, "0-9": {"eta_c": 2.1703651460348725, "max_diff_c": 6.856324115219451, "shift_c": 1.9375000000000004}, "0-10": {"eta_c": 1.6746522708148435, "max_diff_c": 8.073612723335032, "shift_c": -0.0625}, "0-11": {"eta_c": 1.0590104118470394, "max_diff_c": 5.647216734145317, "shift_c": 0.3125}, "1-2": {"eta_c": 2.6722125284012517, "max_diff_c": 8.086240372435995,