{"pseudos": ["Am.us.pbe.z_17.ld1.psl.v1.0.0-high.upf", "Am.paw.pbe.z_17.ld1.psl.v1.0.0-high.upf", "Am.paw.pbe.z_17.ld1.uni-marburg.v0.upf"], "v_distance": {"eta_c": [[0.0, 2.3728504386146727, 26.399337289816078], [2.3728504386146727, 0.0, 25.662942520457907], [26.399337289816078, 25.662942520457907, 0.0]], "max_diff_c": [[0.0, 12.416674259705703, 45.24284205401339], [12.416674259705703, 0.0, 38.928088350213635], [45.24284205401339, 38.928088350213635, 0.0]], "shift_c": [[0.0, 0.24805792468567128, 2.4989539079445398], [0.24805792468567128, 0.0, 2.255489648530826], [2.4989539079445398, 2.255489648530826, 0.0]]}, "v10_distance": {"eta_c": [[0.0, 3.2608904590402816, 27.754937199775192], [3.2608904590402816, 0.0, 25.826082546718474], [27.754937199775192, 25.826082546718474, 0.0]], "max_diff_c": [[0.0, 10.699651900210881, 49.44223806107013], [10.699651900210881, 0.0, 46.990588350213635], [49.44223806107013, 46.990588350213635, 0.0]], "shift_c": [[0.0, 0.11024796652696497, 1.7731547949753534], [0.11024796652696497, 0.0, 1.662906828448389], [1.7731547949753534, 1.662906828448389, 0.0]]}}