{"pseudos": ["PSL-US-v1-high-17", "PSL-PAW-v1-high-17", "MARBURG-17"], "v_distance": {"eta_c": [[0.0, 2.3728504386146727, 26.399337289816078], [2.3728504386146727, 0.0, 25.662942520457907], [26.399337289816078, 25.662942520457907, 0.0]], "max_diff_c": [[0.0, 12.416674259705703, 45.24284205401339], [12.416674259705703, 0.0, 38.928088350213635], [45.24284205401339, 38.928088350213635, 0.0]], "shift_c": [[0.0, 0.0033750000000000013, 0.03400000000000001], [-0.0033750000000000013, 0.0, 0.030687500000000006], [-0.03400000000000001, -0.030687500000000006, 0.0]]}, "v10_distance": {"eta_c": [[0.0, 3.2608904590402816, 27.754937199775192], [3.2608904590402816, 0.0, 25.826082546718474], [27.754937199775192, 25.826082546718474, 0.0]], "max_diff_c": [[0.0, 10.699651900210881, 49.44223806107013], [10.699651900210881, 0.0, 46.990588350213635], [49.44223806107013, 46.990588350213635, 0.0]], "shift_c": [[0.0, 0.0015, 0.024125], [-0.0015, 0.0, 0.022625000000000006], [-0.024125, -0.022625000000000006, 0.0]]}}