{"pseudos": ["PSL-US-v1-high-17", "PSL-PAW-v1-high-17", "MARBURG-17"], "v_distance": {"eta_c": [[0.0, 2.3728504386146727, 26.399337289816078], [2.3728504386146727, 0.0, 25.662942520457907], [26.399337289816078, 25.662942520457907, 0.0]], "max_diff_c": [[0.0, 12.416674259705703, 45.24284205401339], [12.416674259705703, 0.0, 38.928088350213635], [45.24284205401339, 38.928088350213635, 0.0]], "shift_c": [[0.0, 3.3750000000000013, 34.00000000000001], [-3.3750000000000013, 0.0, 30.687500000000007], [-34.00000000000001, -30.687500000000007, 0.0]]}, "v10_distance": {"eta_c": [[0.0, 3.2608904590402816, 27.754937199775192], [3.2608904590402816, 0.0, 25.826082546718474], [27.754937199775192, 25.826082546718474, 0.0]], "max_diff_c": [[0.0, 10.699651900210881, 49.44223806107013], [10.699651900210881, 0.0, 46.990588350213635], [49.44223806107013, 46.990588350213635, 0.0]], "shift_c": [[0.0, 1.5, 24.125], [-1.5, 0.0, 22.625000000000007], [-24.125, -22.625000000000007, 0.0]]}}