{"pseudos": {"Ar.nc.pbe.z_8.oncvpsp3.dojo.v0.4.1-std.upf": 0, "Ar.nc.pbe.z_8.oncvpsp4.spms.v1.upf": 1, "Ar.us.pbe.z_8.ld1.psl.v1.0.0-high.upf": 2, "Ar.us.pbe.z_8.ld1.psl.v1.0.0-low.upf": 3, "Ar.us.pbe.z_8.ld1.psl.v0.3.0.upf": 4, "Ar.paw.pbe.z_8.ld1.psl.v0.3.0.upf": 5, "Ar.paw.pbe.z_8.ld1.psl.v1.0.0-high.upf": 6, "Ar.paw.pbe.z_8.ld1.psl.v1.0.0-low.upf": 7, "Ar.paw.pbe.z_8.atompaw.jth.v1.1-std.upf": 8}, "v_distance": {"0-1": {"eta_c": 0.03854340676571255, "max_diff_c": 0.04424074008796451, "shift_c": -0.5}, "0-2": {"eta_c": 0.09006953651560945, "max_diff_c": 0.1354777699917804, "shift_c": -0.1875}, "0-3": {"eta_c": 0.038208678564547696, "max_diff_c": 0.08684312946656547, "shift_c": 0.125}, "0-4": {"eta_c": 0.11541959318784453, "max_diff_c": 0.21062512377324083, "shift_c": 0.1875}, "0-5": {"eta_c": 0.10914835135664075, "max_diff_c": 0.1622378359738832, "shift_c": 0.25}, "0-6": {"eta_c": 0.07171850402479857, "max_diff_c": 0.11475117685489522, "shift_c": -0.1875}, "0-7": {"eta_c": 0.036857039524139656, "max_diff_c": 0.054564889797013905, "shift_c": 0.0625}, "0-8": {"eta_c": 0.16044807332607117, "max_diff_c": 0.2990929015752597, "shift_c": -26.62500000000001}, "1-2": {"eta_c": 0.06572348080914683, "max_diff_c": 0.11842051920012864, "shift_c": 0.3125}, "1-3": {"eta_c": 0.03213034242829233, "max_diff_c": 0.06424773818856976, "shift_c": 0.625}, "1-4": {"eta_c": 0.0924159601028384, "max_diff_c": 0.13108276966991636, "shift_c": 0.75}, "1-5": {"eta_c": 0.08135680924233712, "max_diff_c": 0.14519548187055872, "shift_c": 0.75}, "1-6": {"eta_c": 0.04764600904250143, "max_diff_c": 0.08200706081822773, "shift_c": 0.3125}, "1-7": {"eta_c": 0.028806717030435268, "max_diff_c": 0.0619615791294237, "shift_c": 0.625}, "1-8": {"eta_c": 0.1328885093964597, "max_diff_c": 0.21955054747193475, "shift_c": -26.06250000000001}, "2-3": {"eta_c": 0.05966271803212436, "max_diff_c": 0.09857895109306014, "shift_c": 0.3125}, "2-4": {"eta_c": 0.03956846486379222, "max_diff_c": 0.07754992708976259, "shift_c": 0.375}, "2-5": {"eta_c": 0.02322098227304382, "max_diff_c": 0.03496478675626236, "shift_c": 0.4375}, "2-6": {"eta_c": 0.019931636667423702, "max_diff_c": 0.036414290455866194, "shift_c": 0.0}, "2-7": {"eta_c": 0.07290820983965701, "max_diff_c": 0.14408051407805544, "shift_c": 0.3125}, "2-8": {"eta_c": 0.07261040311205491, "max_diff_c": 0.1014024731629537, "shift_c": -26.37500000000001}, "3-4": {"eta_c": 0.09099311966643678, "max_diff_c": 0.174023168787528, "shift_c": 0.0625}, "3-5": {"eta_c": 0.08116488618807176, "max_diff_c": 0.12587545119362176, "shift_c": 0.125}, "3-6": {"eta_c": 0.04030273534778931, "max_diff_c": 0.06216549271115924, "shift_c": -0.3125}, "3-7": {"eta_c": 0.030884744207262057, "max_diff_c": 0.04550261942704026, "shift_c": 0.0}, "3-8": {"eta_c": 0.13082814217221486, "max_diff_c": 0.19964692947963686, "shift_c": -26.68750000000001}, "4-5": {"eta_c": 0.02984074973706837, "max_diff_c": 0.034006324099777885, "shift_c": 0.0}, "4-6": {"eta_c": 0.05637037215105951, "max_diff_c": 0.11298712748876481, "shift_c": -0.375}, "4-7": {"eta_c": 0.09815696007241921, "max_diff_c": 0.15668174027065618, "shift_c": -0.125}, "4-8": {"eta_c": 0.04824673872058822, "max_diff_c": 0.08846777780201903, "shift_c": -26.81250000000001}, "5-6": {"eta_c": 0.041102114836137134, "max_diff_c": 0.06483940989485858, "shift_c": -0.4375}, "5-7": {"eta_c": 0.09067780841429983, "max_diff_c": 0.17079445247129854, "shift_c": -0.125}, "5-8": {"eta_c": 0.0534549568102729, "max_diff_c": 0.09821338191352141, "shift_c": -26.81250000000001}, "6-7": {"eta_c": 0.053840244850568604, "max_diff_c": 0.10766705569615453, "shift_c": 0.3125}, "6-8": {"eta_c": 0.091331861164905, "max_diff_c": 0.13756795394767596, "shift_c": -26.37500000000001}, "7-8": {"eta_c": 0.13817106077581762, "max_diff_c": 0.2451495180726751, "shift_c": -26.68750000000001}}, "v10_distance": {"0-1": {"eta_c": 0.03665612484104013, "max_diff_c": 0.05351424557059657, "shift_c": -0.5}, "0-2": {"eta_c": 0.38496263827118443, "max_diff_c": 1.2695507821911676, "shift_c": -0.375}, "0-3": {"eta_c": 1.0236780666841743, "max_diff_c": 4.292916665742247, "shift_c": -0.25}, "0-4": {"eta_c": 0.13564821773916466, "max_diff_c": 0.3863607545486687, "shift_c": 0.1875}, "0-5": {"eta_c": 0.1313244232252026, "max_diff_c": 0.36900842101416487, "shift_c": 0.1875}, "0-6": {"eta_c": 0.3675684131298829, "max_diff_c": 1.2318953375976136, "shift_c": -0.375}, "0-7": {"eta_c": 1.0064531747072716, "max_diff_c": 4.261955452004557, "shift_c": -0.25}, "0-8": {"eta_c": 14.800709242488647, "max_diff_c": 108.63055142033143, "shift_c": -22.687500000000007}, "1-2": {"eta_c": 0.38413025441704934, "max_diff_c": 1.3408130060836783, "shift_c": 0.1875}, "1-3": {"eta_c": 1.027764880353102, "max_diff_c": 4.364178889634758, "shift_c": 0.3125}, "1-4": {"eta_c": 0.1205861036862608, "max_diff_c": 0.39512297844117933, "shift_c": 0.6875}, "1-5": {"eta_c": 0.11996767816227925, "max_diff_c": 0.44027064490667556, "shift_c": 0.75}, "1-6": {"eta_c": 0.36735033662724215, "max_diff_c": 1.3031575614901243, "shift_c": 0.1875}, "1-7": {"eta_c": 1.0105548120336865, "max_diff_c": 4.2707176758970675, "shift_c": 0.25}, "1-8": {"eta_c": 14.803695657669605, "max_diff_c": 108.66634092797753, "shift_c": -22.187500000000007}, "2-3": {"eta_c": 0.6903308529065073, "max_diff_c": 3.0233658835510795, "shift_c": 0.125}, "2-4": {"eta_c": 0.3092896439530469, "max_diff_c": 1.1640588433851633, "shift_c": 0.5}, "2-5": {"eta_c": 0.30449861790558747, "max_diff_c": 1.1241862461579757, "shift_c": 0.5625000000000001}, "2-6": {"eta_c": 0.024260940908569215, "max_diff_c": 0.04838418448471771, "shift_c": 0.0}, "2-7": {"eta_c": 0.6777694218369942, "max_diff_c": 2.9924046698133893, "shift_c": 0.125}, "2-8": {"eta_c": 14.996635379757647, "max_diff_c": 109.22413226250757, "shift_c": -22.375000000000007}, "3-4": {"eta_c": 0.9473806951946159, "max_diff_c": 3.906555911193578, "shift_c": 0.4375}, "3-5": {"eta_c": 0.9430379958029766, "max_diff_c": 3.9239082447280818, "shift_c": 0.4375}, "3-6": {"eta_c": 0.6993565011552445, "max_diff_c": 3.0610213281446335, "shift_c": -0.125}, "3-7": {"eta_c": 0.030999948188686975, "max_diff_c": 0.04568671767657406, "shift_c": 0.0}, "3-8": {"eta_c": 14.99225197804492, "max_diff_c": 107.31222831113655, "shift_c": -22.500000000000007}, "4-5": {"eta_c": 0.028572990110945252, "max_diff_c": 0.034006324099777885, "shift_c": 0.0}, "4-6": {"eta_c": 0.29653047541660604, "max_diff_c": 1.1300733679983637, "shift_c": -0.5}, "4-7": {"eta_c": 0.9307827509327737, "max_diff_c": 3.875594697455888, "shift_c": -0.4375}, "4-8": {"eta_c": 14.803567013967697, "max_diff_c": 108.45443597060813, "shift_c": -22.875000000000007}, "5-6": {"eta_c": 0.29174226472367754, "max_diff_c": 1.090200770771176, "shift_c": -0.5625000000000001}, "5-7": {"eta_c": 0.9269704138450405, "max_diff_c": 3.892947030990392, "shift_c": -0.4375}, "5-8": {"eta_c": 14.804709521641835, "max_diff_c": 108.48854348956988, "shift_c": -22.937500000000007}, "6-7": {"eta_c": 0.6859952079595064, "max_diff_c": 2.9675601144069432, "shift_c": 0.0625}, "6-8": {"eta_c": 14.985921158791315, "max_diff_c": 109.17691638038437, "shift_c": -22.375000000000007}, "7-8": {"eta_c": 14.976217401804497, "max_diff_c": 107.20422694217768, "shift_c": -22.437500000000007}}}