{"pseudos": ["PSL-US-v1-high-17", "PSL-PAW-v1-high-17", "JTH-1.1-std-7"], "v_distance": {"eta_c": [[0.0, 0.6980307265039654, 5.677431204785436], [0.6980307265039654, 0.0, 5.695268846113196], [5.677431204785436, 5.695268846113196, 0.0]], "max_diff_c": [[0.0, 1.3824606362122651, 20.64442049234638], [1.3824606362122651, 0.0, 20.020481542408405], [20.64442049234638, 20.020481542408405, 0.0]], "shift_c": [[0.0, 0.000375, 0.006000000000000002], [-0.000375, 0.0, 0.0055625000000000015], [-0.006000000000000002, -0.0055625000000000015, 0.0]]}, "v10_distance": {"eta_c": [[0.0, 2.15573727380383, 53.44809391421353], [2.15573727380383, 0.0, 51.3840521000564], [53.44809391421353, 51.3840521000564, 0.0]], "max_diff_c": [[0.0, 16.052187636869505, 275.41469380846684], [16.052187636869505, 0.0, 260.4613461614772], [275.41469380846684, 260.4613461614772, 0.0]], "shift_c": [[0.0, 0.0006875, 0.016625000000000004], [-0.0006875, 0.0, 0.017187500000000005], [-0.016625000000000004, -0.017187500000000005, 0.0]]}}