{"pseudos": ["DOJO-041-std-3", "SPMS-3", "SG15-3", "GBRV-1.X-3", "PSL-US-v1-high-3", "PSL-US-v0.x-3", "PSL-PAW-v0.x-3", "PSL-PAW-v1-high-3", "JTH-1.1-std-3"], "v_distance": {"eta_c": [[0.0, 0.8672706101146147, 10.690152952432436, 3.0197399510219887, 6.716618325583463, 1.7232131428095374, 1.439183261194692, 2.1893000185290767, 1.438624997743519], [0.8672706101146147, 0.0, 10.322534665760493, 2.580357706645848, 7.083377107366599, 1.2715034735204565, 1.419375132870985, 2.630364404253134, 1.5817555381012005], [10.690152952432436, 10.322534665760493, 0.0, 8.022128969509646, 17.257571990939677, 9.456426110928291, 11.603977626004026, 12.787112801153011, 11.701643967128724], [3.0197399510219887, 2.580357706645848, 8.022128969509646, 0.0, 9.357402618904178, 1.467066016134976, 3.653605090170801, 4.910437328863206, 3.752575996677245], [6.716618325583463, 7.083377107366599, 17.257571990939677, 9.357402618904178, 0.0, 7.91488339503269, 5.802924409151827, 4.548795338713017, 5.634899127655232], [1.7232131428095374, 1.2715034735204565, 9.456426110928291, 1.467066016134976, 7.91488339503269, 0.0, 2.1919332395170152, 3.464929267221558, 2.2942173304313633], [1.439183261194692, 1.419375132870985, 11.603977626004026, 3.653605090170801, 5.802924409151827, 2.1919332395170152, 0.0, 1.4926089808129397, 0.38539627746285515], [2.1893000185290767, 2.630364404253134, 12.787112801153011, 4.910437328863206, 4.548795338713017, 3.464929267221558, 1.4926089808129397, 0.0, 1.2578471226254961], [1.438624997743519, 1.5817555381012005, 11.701643967128724, 3.752575996677245, 5.634899127655232, 2.2942173304313633, 0.38539627746285515, 1.2578471226254961, 0.0]], "max_diff_c": [[0.0, 2.8346345274595848, 21.772692882256205, 8.178935913855296, 14.710144859211578, 5.105469618728904, 5.30819730241673, 5.184788522716162, 4.522625299293431], [2.8346345274595848, 0.0, 19.917455013372315, 5.846871596671392, 14.835077107415676, 3.108224706112182, 4.051194929733178, 5.6108945195751625, 4.307992828907992], [21.772692882256205, 19.917455013372315, 0.0, 17.881997912390222, 34.566035967368066, 20.29325842274723, 23.968649943105493, 25.040679630872653, 24.22544784228031], [8.178935913855296, 5.846871596671392, 17.881997912390222, 0.0, 17.386916250463493, 3.0734662951263942, 6.945754487315454, 9.93117008544132, 6.680474966920171], [14.710144859211578, 14.835077107415676, 34.566035967368066, 17.386916250463493, 0.0, 14.968923910207932, 11.773326312140279, 9.5346264069714, 10.985016359158495], [5.105469618728904, 3.108224706112182, 20.29325842274723, 3.0734662951263942, 14.968923910207932, 0.0, 3.8722881921890604, 6.857703790314928, 3.993120284335902], [5.30819730241673, 4.051194929733178, 23.968649943105493, 6.945754487315454, 11.773326312140279, 3.8722881921890604, 0.0, 4.306351758081533, 2.0555820269996725], [5.184788522716162, 5.6108945195751625, 25.040679630872653, 9.93117008544132, 9.5346264069714, 6.857703790314928, 4.306351758081533, 0.0, 3.1881951185211506], [4.522625299293431, 4.307992828907992, 24.22544784228031, 6.680474966920171, 10.985016359158495, 3.993120284335902, 2.0555820269996725, 3.1881951185211506, 0.0]], "shift_c": [[0.0, 0.8125000000000001, 15.500000000000004, 3.2500000000000013, -12.125000000000004, 1.25, -1.6250000000000002, -3.937500000000001, -2.3125000000000004], [-0.8125000000000001, 0.0, 14.687500000000002, 2.4375000000000004, -12.937500000000005, 0.4375, -2.4375000000000004, -4.750000000000001, -3.125], [-15.500000000000004, -14.687500000000002, 0.0, -12.250000000000004, -27.625000000000004, -14.250000000000005, -17.125000000000004, -19.437500000000007, -17.812500000000007], [-3.2500000000000013, -2.4375000000000004, 12.250000000000004, 0.0, -15.375000000000007, -2.0, -4.875000000000001, -7.187500000000003, -5.562500000000002], [12.125000000000004, 12.937500000000005, 27.625000000000004, 15.375000000000007, 0.0, 13.312500000000005, 10.500000000000002, 8.125000000000002, 9.812500000000002], [-1.25, -0.4375, 14.250000000000005, 2.0, -13.312500000000005, 0.0, -2.875, -5.187500000000001, -3.5000000000000004], [1.6250000000000002, 2.4375000000000004, 17.125000000000004, 4.875000000000001, -10.500000000000002, 2.875, 0.0, -2.3125000000000004, -0.6875], [3.937500000000001, 4.750000000000001, 19.437500000000007, 7.187500000000003, -8.125000000000002, 5.187500000000001, 2.3125000000000004, 0.0, 1.6875000000000002], [2.3125000000000004, 3.125, 17.812500000000007, 5.562500000000002, -9.812500000000002, 3.5000000000000004, 0.6875, -1.6875000000000002, 0.0]]}, "v10_distance": {"eta_c": [[0.0, 4.690324965285759, 14.819216984021992, 9.588391811869519, 10.345377614228685, 9.761028678761473, 10.012276015035148, 3.81831218514945, 7.882793253424329], [4.690324965285759, 0.0, 16.999378873717344, 5.103736901089519, 12.519956623538622, 5.212722142630306, 5.784168819221461, 4.774952237444074, 4.0387947408836276], [14.819216984021992, 16.999378873717344, 0.0, 19.58567054671978, 23.756598613487466, 20.814547432512068, 22.386953342150782, 18.5660130233139, 20.793040657726344], [9.588391811869519, 5.103736901089519, 19.58567054671978, 0.0, 16.309031910744455, 1.6349095603314499, 3.97258136206185, 9.088956152171859, 4.579554424076172], [10.345377614228685, 12.519956623538622, 23.756598613487466, 16.309031910744455, 0.0, 15.534683083802015, 14.186522397750696, 7.819829147004867, 12.51445012712238], [9.761028678761473, 5.212722142630306, 20.814547432512068, 1.6349095603314499, 15.534683083802015, 0.0, 2.372920747706076, 8.643085084780198, 3.48330380573311], [10.012276015035148, 5.784168819221461, 22.386953342150782, 3.97258136206185, 14.186522397750696, 2.372920747706076, 0.0, 8.037600506320508, 2.6551596425783375], [3.81831218514945, 4.774952237444074, 18.5660130233139, 9.088956152171859, 7.819829147004867, 8.643085084780198, 8.037600506320508, 0.0, 5.896682831273563], [7.882793253424329, 4.0387947408836276, 20.793040657726344, 4.579554424076172, 12.51445012712238, 3.48330380573311, 2.6551596425783375, 5.896682831273563, 0.0]], "max_diff_c": [[0.0, 13.382186090721277, 46.01381483781521, 30.110357603058286, 31.548773370639786, 32.98984521679152, 36.47601887764554, 12.83396212450873, 25.424670266612296], [13.382186090721277, 0.0, 59.23798696971615, 16.728171512337013, 37.71867226034698, 19.607659126070246, 23.251846745744615, 12.876299250057599, 12.137998134711367], [46.01381483781521, 59.23798696971615, 0.0, 75.77298028280636, 62.754760232525655, 78.77589183128114, 82.48983371546076, 58.78527696232394, 71.4384851044275], [30.110357603058286, 16.728171512337013, 75.77298028280636, 0.0, 39.98258373811209, 3.5109662951263942, 8.258254487315455, 19.77416647579247, 11.620809695754224], [31.548773370639786, 37.71867226034698, 62.754760232525655, 39.98258373811209, 0.0, 38.23859706428982, 34.772682965670896, 24.842373010385305, 36.001586871270064], [32.98984521679152, 19.607659126070246, 78.77589183128114, 3.5109662951263942, 38.23859706428982, 0.0, 4.74728819218906, 20.511017680165736, 8.749795560952961], [36.47601887764554, 23.251846745744615, 82.48983371546076, 8.258254487315455, 34.772682965670896, 4.74728819218906, 0.0, 23.992737404541455, 11.416576723456814], [12.83396212450873, 12.876299250057599, 58.78527696232394, 19.77416647579247, 24.842373010385305, 20.511017680165736, 23.992737404541455, 0.0, 13.981245921306737], [25.424670266612296, 12.137998134711367, 71.4384851044275, 11.620809695754224, 36.001586871270064, 8.749795560952961, 11.416576723456814, 13.981245921306737, 0.0]],