{"pseudos": {"B.nc.pbe.z_3.oncvpsp3.dojo.v0.4.1-std.upf": 0, "B.nc.pbe.z_3.oncvpsp4.spms.v1.upf": 1, "B.nc.pbe.z_3.oncvpsp4.sg15.v0.upf": 2, "B.us.pbe.z_3.uspp.gbrv.v1.4.upf": 3, "B.us.pbe.z_3.ld1.psl.v1.0.0-high.upf": 4, "B.us.pbe.z_3.ld1.psl.v0.1.upf": 5, "B.paw.pbe.z_3.ld1.psl.v0.1.upf": 6, "B.paw.pbe.z_3.ld1.psl.v1.0.0-high.upf": 7, "B.paw.pbe.z_3.atompaw.jth.v1.1-std.upf": 8}, "v_distance": {"0-1": {"eta_c": 0.8672706101146147, "max_diff_c": 2.8346345274595848, "shift_c": 0.8125000000000001}, "0-2": {"eta_c": 10.690152952432436, "max_diff_c": 21.772692882256205, "shift_c": 15.500000000000004}, "0-3": {"eta_c": 3.0197399510219887, "max_diff_c": 8.178935913855296, "shift_c": 3.2500000000000013}, "0-4": {"eta_c": 6.716618325583463, "max_diff_c": 14.710144859211578, "shift_c": -12.125000000000004}, "0-5": {"eta_c": 1.7232131428095374, "max_diff_c": 5.105469618728904, "shift_c": 1.25}, "0-6": {"eta_c": 1.439183261194692, "max_diff_c": 5.30819730241673, "shift_c": -1.6250000000000002}, "0-7": {"eta_c": 2.1893000185290767, "max_diff_c": 5.184788522716162, "shift_c": -3.937500000000001}, "0-8": {"eta_c": 1.438624997743519, "max_diff_c": 4.522625299293431, "shift_c": -2.3125000000000004}, "1-2": {"eta_c": 10.322534665760493, "max_diff_c": 19.917455013372315, "shift_c": 14.687500000000002}, "1-3": {"eta_c": 2.580357706645848, "max_diff_c": 5.846871596671392, "shift_c": 2.4375000000000004}, "1-4": {"eta_c": 7.083377107366599, "max_diff_c": 14.835077107415676, "shift_c": -12.937500000000005}, "1-5": {"eta_c": 1.2715034735204565, "max_diff_c": 3.108224706112182, "shift_c": 0.4375}, "1-6": {"eta_c": 1.419375132870985, "max_diff_c": 4.051194929733178, "shift_c": -2.4375000000000004}, "1-7": {"eta_c": 2.630364404253134, "max_diff_c": 5.6108945195751625, "shift_c": -4.750000000000001}, "1-8": {"eta_c": 1.5817555381012005, "max_diff_c": 4.307992828907992, "shift_c": -3.125}, "2-3": {"eta_c": 8.022128969509646, "max_diff_c": 17.881997912390222, "shift_c": -12.250000000000004}, "2-4": {"eta_c": 17.257571990939677, "max_diff_c": 34.566035967368066, "shift_c": -27.625000000000004}, "2-5": {"eta_c": 9.456426110928291, "max_diff_c": 20.29325842274723, "shift_c": -14.250000000000005}, "2-6": {"eta_c": 11.603977626004026, "max_diff_c": 23.968649943105493, "shift_c": -17.125000000000004}, "2-7": {"eta_c": 12.787112801153011, "max_diff_c": 25.040679630872653, "shift_c": -19.437500000000007}, "2-8": {"eta_c": 11.701643967128724, "max_diff_c": 24.22544784228031, "shift_c": -17.812500000000007}, "3-4": {"eta_c": 9.357402618904178, "max_diff_c": 17.386916250463493, "shift_c": -15.375000000000007}, "3-5": {"eta_c": 1.467066016134976, "max_diff_c": 3.0734662951263942, "shift_c": -2.0}, "3-6": {"eta_c": 3.653605090170801, "max_diff_c": 6.945754487315454, "shift_c": -4.875000000000001}, "3-7": {"eta_c": 4.910437328863206, "max_diff_c": 9.93117008544132, "shift_c": -7.187500000000003}, "3-8": {"eta_c": 3.752575996677245, "max_diff_c": 6.680474966920171, "shift_c": -5.562500000000002}, "4-5": {"eta_c": 7.91488339503269, "max_diff_c": 14.968923910207932, "shift_c": 13.312500000000005}, "4-6": {"eta_c": 5.802924409151827, "max_diff_c": 11.773326312140279, "shift_c": 10.500000000000002}, "4-7": {"eta_c": 4.548795338713017, "max_diff_c": 9.5346264069714, "shift_c": 8.125000000000002}, "4-8": {"eta_c": 5.634899127655232, "max_diff_c": 10.985016359158495, "shift_c": 9.812500000000002}, "5-6": {"eta_c": 2.1919332395170152, "max_diff_c": 3.8722881921890604, "shift_c": -2.875}, "5-7": {"eta_c": 3.464929267221558, "max_diff_c": 6.857703790314928, "shift_c": -5.187500000000001}, "5-8": {"eta_c": 2.2942173304313633, "max_diff_c": 3.993120284335902, "shift_c": -3.5000000000000004}, "6-7": {"eta_c": 1.4926089808129397, "max_diff_c": 4.306351758081533, "shift_c": -2.3125000000000004}, "6-8": {"eta_c": 0.38539627746285515, "max_diff_c": 2.0555820269996725, "shift_c": -0.6875}, "7-8": {"eta_c": 1.2578471226254961, "max_diff_c": 3.1881951185211506, "shift_c": 1.6875000000000002}}, "v10_distance": {"0-1": {"eta_c": 4.690324965285759, "max_diff_c": 13.382186090721277, "shift_c": -1.8124999999999998}, "0-2": {"eta_c": 14.819216984021992, "max_diff_c": 46.01381483781521, "shift_c": 13.375000000000005}, "0-3": {"eta_c": 9.588391811869519, "max_diff_c": 30.110357603058286, "shift_c": -2.125}, "0-4": {"eta_c": 10.345377614228685, "max_diff_c": 31.548773370639786, "shift_c": -6.625000000000003}, "0-5": {"eta_c": 9.761028678761473, "max_diff_c": 32.98984521679152, "shift_c": -3.750000000000001}, "0-6": {"eta_c": 10.012276015035148, "max_diff_c": 36.47601887764554, "shift_c": -5.750000000000002}, "0-7": {"eta_c": 3.81831218514945, "max_diff_c": 12.83396212450873, "shift_c": -3.3750000000000004}, "0-8": {"eta_c": 7.882793253424329, "max_diff_c": 25.424670266612296, "shift_c": -5.062500000000001}, "1-2": {"eta_c": 16.999378873717344, "max_diff_c": 59.23798696971615, "shift_c": 15.250000000000004}, "1-3": {"eta_c": 5.103736901089519, "max_diff_c": 16.728171512337013, "shift_c": -0.3125}, "1-4": {"eta_c": 12.519956623538622, "max_diff_c": 37.71867226034698, "shift_c": -4.812500000000001}, "1-5": {"eta_c": 5.212722142630306, "max_diff_c": 19.607659126070246, "shift_c": -1.9375}, "1-6": {"eta_c": 5.784168819221461, "max_diff_c": 23.251846745744615, "shift_c": -3.875000000000001}, "1-7": {"eta_c": 4.774952237444074, "max_diff_c": 12.876299250057599, "shift_c": -1.5625}, "1-8": {"eta_c": 4.0387947408836276, "max_diff_c": 12.137998134711367, "shift_c": -3.2500000000000004}, "2-3": {"eta_c": 19.58567054671978, "max_diff_c": 75.77298028280636, "shift_c": -15.562500000000004}, "2-4": {"eta_c": 23.756598613487466, "max_diff_c": 62.754760232525655, "shift_c": -20.062500000000004}, "2-5": {"eta_c": 20.814547432512068, "max_diff_c": 78.77589183128114, "shift_c": -17.125000000000004}, "2-6": {"eta_c": 22.386953342150782, "max_diff_c": 82.48983371546076, "shift_c": -19.125000000000007}, "2-7": {"eta_c": 18.5660130233139, "max_diff_c": 58.78527696232394, "shift_c": -16.812500000000004}, "2-8": {"eta_c": 20.793040657726344, "max_diff_c": 71.4384851044275, "shift_c": -18.437500000000007}, "3-4": {"eta_c": 16.309031910744455, "max_diff_c": 39.98258373811209, "shift_c": -4.500000000000002}, "3-5": {"eta_c": 1.6349095603314499, "max_diff_c": 3.5109662951263942, "shift_c": -1.5625}, "3-6": {"eta_c": 3.97258136206185, "max_diff_c": 8.258254487315455, "shift_c": -3.5625000000000004}, "3-7": {"eta_c": 9.088956152171859, "max_diff_c": 19.77416647579247, "shift_c": -1.25}, "3-8": {"eta_c": 4.579554424076172, "max_diff_c": 11.620809695754224, "shift_c": -2.875}, "4-5": {"eta_c": 15.534683083802015, "max_diff_c": 38.23859706428982, "shift_c": 2.875000000000001}, "4-6": {"eta_c": 14.186522397750696, "max_diff_c": 34.772682965670896, "shift_c": 0.9375}, "4-7": {"eta_c": 7.819829147004867, "max_diff_c": 24.842373010385305, "shift_c": 3.2500000000000013}, "4-8": {"eta_c": 12.51445012712238, "max_diff_c": 36.001586871270064, "shift_c": 1.5625}, "5-6": {"eta_c": 2.372920747706076, "max_diff_c": 4.74728819218906, "shift_c": -2.0}, "5-7": {"eta_c": 8.643085084780198, "max_diff_c": 20.511017680165736, "shift_c": 0.375}, "5-8": {"eta_c": 3.48330380573311, "max_diff_c": 8.749795560952961, "shift_c": -1.3124999999999998}, "6-7": {"eta_c": 8.037600506320508, "max_diff_c": 23.992737404541455, "shift_c": 2.3750000000000004}, "6-8": {"eta_c": 2.6551596425783375, "max_diff_c": 11.416576723456814, "shift_c": 0.6875}, "7-8": {"eta_c": 5.896682831273563, "max_diff_c": 13.981245921306737, "shift_c": -1.6875000000000002}}}