{"pseudos": ["Ba.nc.pbe.z_10.oncvpsp3.dojo.v0.4.1-std.upf", "Ba.nc.pbe.z_10.oncvpsp3.dojo.v0.4.1-str.upf", "Ba.nc.pbe.z_10.oncvpsp4.dojo.v0.5.0-std.upf", "Ba.nc.pbe.z_10.oncvpsp4.spms.v1.upf", "Ba.nc.pbe.z_10.oncvpsp4.sg15.v0.upf", "Ba.us.pbe.z_10.uspp.gbrv.v1.upf", "Ba.us.pbe.z_10.ld1.psl.v1.0.0-high.upf", "Ba.paw.pbe.z_10.ld1.psl.v1.0.0-high.upf", "Ba.paw.pbe.z_10.atompaw.jth.v1.1-std.upf"], "v_distance": {"eta_c": [[0.0, 1.5824630094465666, 2.893654208653042, 3.1444305803505204, 9.338854236488356, 4.97670067190025, 5.240450797427575, 3.9482726947718123, 23.29345026931488], [1.5824630094465666, 0.0, 2.4281047172091634, 4.469171905640784, 7.860241969432106, 3.5998796358567224, 3.798988262196213, 2.517945582812256, 21.819456771052618], [2.893654208653042, 2.4281047172091634, 0.0, 4.051390458328308, 7.2971766400201785, 2.992596644862988, 3.7178779892794434, 2.6949909134853667, 22.634870256758337], [3.1444305803505204, 4.469171905640784, 4.051390458328308, 0.0, 11.333219870835336, 6.970771339566984, 7.511564764129002, 6.304773978234982, 25.991560978715484], [9.338854236488356, 7.860241969432106, 7.2971766400201785, 11.333219870835336, 0.0, 4.430727824520188, 4.331665992368266, 5.502888690629198, 16.950641616365804], [4.97670067190025, 3.5998796358567224, 2.992596644862988, 6.970771339566984, 4.430727824520188, 0.0, 1.279331206485391, 1.461370219203675, 19.96401125556915], [5.240450797427575, 3.798988262196213, 3.7178779892794434, 7.511564764129002, 4.331665992368266, 1.279331206485391, 0.0, 1.3050005734356114, 19.60684508903855], [3.9482726947718123, 2.517945582812256, 2.6949909134853667, 6.304773978234982, 5.502888690629198, 1.461370219203675, 1.3050005734356114, 0.0, 20.405462466815173], [23.29345026931488, 21.819456771052618, 22.634870256758337, 25.991560978715484, 16.950641616365804, 19.96401125556915, 19.60684508903855, 20.405462466815173, 0.0]], "max_diff_c": [[0.0, 3.116279473303564, 11.238738331867347, 5.318818706501077, 20.007234831489956, 11.933808251408587, 10.062469541626479, 8.017933701528024, 46.21899272104775], [3.116279473303564, 0.0, 9.683114066065635, 8.438981303540913, 18.389110565688245, 10.378183985606876, 8.716439423238016, 6.671903583139562, 43.102713247744184], [11.238738331867347, 9.683114066065635, 0.0, 7.636178513840405, 14.161395294736762, 5.946384578565585, 6.984646959363744, 6.433225304301203, 43.9055160374447], [5.318818706501077, 8.438981303540913, 7.636178513840405, 0.0, 21.797573808577166, 13.582563092405987, 14.426514762322196, 12.174047083054601, 51.5416945512851], [20.007234831489956, 18.389110565688245, 14.161395294736762, 21.797573808577166, 0.0, 8.688536433987005, 13.505829836144168, 15.201721803923812, 29.744120742707935], [11.933808251408587, 10.378183985606876, 5.946384578565585, 13.582563092405987, 8.688536433987005, 0.0, 5.494903256062798, 7.128295223842443, 37.95913145887911], [10.062469541626479, 8.716439423238016, 6.984646959363744, 14.426514762322196, 13.505829836144168, 5.494903256062798, 0.0, 2.189967679267596, 37.115179788962905], [8.017933701528024, 6.671903583139562, 6.433225304301203, 12.174047083054601, 15.201721803923812, 7.128295223842443, 2.189967679267596, 0.0, 39.3051474682305], [46.21899272104775, 43.102713247744184, 43.9055160374447, 51.5416945512851, 29.744120742707935, 37.95913145887911, 37.115179788962905, 39.3051474682305, 0.0]], "shift_c": [[0.0, 0.11024796652696497, 0.45017919665177375, 0.05971764853543937, 1.0795113389098656, 0.5788018242665662, 0.58798915481048, 0.4547728619237307, 0.43180453556394627], [0.11024796652696497, 0.0, 0.3445248953967657, -0.04593665271956874, 0.9692633723829008, 0.4731475230115582, 0.4777411882835151, 0.3445248953967657, 0.32155656903698127], [0.45017919665177375, 0.3445248953967657, 0.0, -0.3904615481163343, 0.6247384769861349, 0.12862262761479248, 0.13321629288674935, 0.004593665271956874, -0.02296832635978437], [0.05971764853543937, -0.04593665271956874, -0.3904615481163343, 0.0, 1.0152000251024693, 0.519084175731127, 0.5236778410030838, 0.39505521338829125, 0.36749322175654997], [1.0795113389098656, 0.9692633723829008, 0.6247384769861349, 1.0152000251024693, 0.0, -0.49611584937134257, -0.4915221840993857, -0.6247384769861349, -0.6477068033459193], [0.5788018242665662, 0.4731475230115582, 0.12862262761479248, 0.519084175731127, -0.49611584937134257, 0.0, 0.004593665271956874, -0.12402896234283561, -0.15159095397457684], [0.58798915481048, 0.4777411882835151, 0.13321629288674935, 0.5236778410030838, -0.4915221840993857, 0.004593665271956874, 0.0, -0.13321629288674933, -0.1561846192465337], [0.4547728619237307, 0.3445248953967657, 0.004593665271956874, 0.39505521338829125, -0.6247384769861349, -0.12402896234283561, -0.13321629288674933, 0.0, -0.02296832635978437], [0.43180453556394627, 0.32155656903698127, -0.02296832635978437, 0.36749322175654997, -0.6477068033459193, -0.15159095397457684, -0.1561846192465337, -0.02296832635978437, 0.0]]}, "v10_distance": {"eta_c": [[0.0, 5.944859602672394, 1020.614660756882, 1017.8820329024098, 1020.6784842351484, 984.7411334729148, 5.725882618282256, 4.778992999777708, 50.24992144195088], [5.944859602672394, 0.0, 1020.7549423523907, 1018.0295325423117, 1020.8065839935856, 984.6549748700421, 6.636292579340484, 6.492856243451687, 55.55638087647556], [1020.614660756882, 1020.7549423523907, 0.0, 4.706493652166177, 5.319377407878306, 95.84842526788309, 1018.2393687342852, 1018.687625726357, 1020.2279793612632], [1017.8820329024098, 1018.0295325423117, 4.706493652166177, 0.0, 8.925927626112639, 95.01603399197595, 1015.5224066840924, 1015.9674196025538, 1017.5014331514429], [1020.6784842351484, 1020.8065839935856, 5.319377407878306, 8.925927626112639, 0.0, 96.11191927355287, 1018.2767811888717, 1018.7303963735641, 1020.2727135848859], [984.7411334729148, 984.6549748700421, 95.84842526788309, 95.01603399197595, 96.11191927355287, 0.0, 982.3943578781407, 982.8471746073666, 986.1059761463375], [5.725882618282256, 6.636292579340484, 1018.2393687342852, 1015.5224066840924, 1018.2767811888717, 982.3943578781407, 0.0, 1.1413708284298778, 50.65022680739616], [4.778992999777708, 6.492856243451687, 1018.687625726357, 1015.9674196025538, 1018.7303963735641, 982.8471746073666, 1.1413708284298778, 0.0, 50.25933511917994], [50.24992144195088, 55.55638087647556, 1020.2279793612632, 1017.5014331514429, 1020.2727135848859, 986.1059761463375, 50.65022680739616, 50.25933511917994, 0.0]], "max_diff_c": [[0.0, 22.732371219061633, 3592.6443054190518, 3586.685059078459, 3591.437013500457, 3487.4170694683253, 14.47881293208485, 11.969951792984773, 203.60047352583746], [22.732371219061633, 0.0, 3564.0211394972716, 3558.0618931566787, 3562.751347578677, 3458.8564035465456, 27.98114648790633, 29.105493375989496, 226.3953447448991], [3592.6443054190518, 3564.0211394972716, 0.0, 12.886178513840406, 19.34889529473676, 604.13546058612, 3598.8664360636144, 3599.6352010460173, 3530.9151376425207], [3586.685059078459, 3558.0618931566787, 12.886178513840406, 0.0, 32.29757380857717, 600.8865180222379, 3592.9071897230206, 3593.6759547054244, 3525.5582589390383], [3591.437013500457, 3562.751347578677, 19.34889529473676, 32.29757380857717, 0.0, 608.5572154400617, 3597.596644145019, 3598.3654091274225, 3529.636882353194], [3487.4170694683253, 3458.8564035465456, 604.13546058612, 600.8865180222379, 608.5572154400617, 0.0, 3493.5767001128875, 3494.3454650952913, 3419.9811012788778], [14.47881293208485, 27.98114648790633, 3598.8664360636144, 3592.9071897230206, 3597.596644145019, 3493.5767001128875, 0.0, 3.189967679267596, 198.41419825699276], [11.969951792984773, 29.105493375989496, 3599.6352010460173, 3593.6759547054244, 3598.3654091274225, 3494.3454650952913, 3.189967679267596, 0.0, 197.2273513689096], [203.60047352583746, 226.3953447448991, 3530.9151376425207, 3525.5582589390383, 3529.636882353194, 3419.9811012788778, 198.41419825699276, 197.2273513689096, 0.0]],