{"pseudos": {"Bi.nc.pbe.z_15.oncvpsp3.dojo.v0.4.1-std.upf": 0, "Bi.nc.pbe.z_23.oncvpsp3.dojo.v0.4.1-str.upf": 1, "Bi.nc.pbe.z_15.oncvpsp4.dojo.v0.5.0-std.upf": 2, "Bi.nc.pbe.z_15.oncvpsp4.spms.v1.upf": 3, "Bi.nc.pbe.z_15.oncvpsp4.sg15.v0.upf": 4, "Bi.us.pbe.z_15.uspp.gbrv.v1.upf": 5, "Bi.us.pbe.z_15.ld1.psl.v1.0.0-high.upf": 6, "Bi.us.pbe.z_15.ld1.psl.v0.2.2.upf": 7, "Bi.paw.pbe.z_15.ld1.psl.v0.2.2.upf": 8, "Bi.paw.pbe.z_15.ld1.psl.v1.0.0-high.upf": 9, "Bi.paw.pbe.z_15.atompaw.jth.v1.1-std.upf": 10, "Bi.paw.pbe.z_5.atompaw.jth.v1.1-str.upf": 11}, "v_distance": {"0-1": {"eta_c": 2.8554957624935504, "max_diff_c": 6.162802891233881, "shift_c": 0.3125}, "0-2": {"eta_c": 1197.609290945551, "max_diff_c": 3653.913031407466, "shift_c": -80.00000000000001}, "0-3": {"eta_c": 3.407858742078102, "max_diff_c": 6.318979897551331, "shift_c": -4.937500000000001}, "0-4": {"eta_c": 4.700300727468268, "max_diff_c": 9.525016029299563, "shift_c": -2.8125}, "0-5": {"eta_c": 3.639193854927965, "max_diff_c": 6.2833531209940645, "shift_c": -3.2500000000000004}, "0-6": {"eta_c": 2.151929269432402, "max_diff_c": 4.801597658943187, "shift_c": 2.4375000000000004}, "0-7": {"eta_c": 3.7583318098942016, "max_diff_c": 11.087350238837418, "shift_c": -9.562500000000002}, "0-8": {"eta_c": 2.989292930954939, "max_diff_c": 7.4937529300951145, "shift_c": -6.375000000000002}, "0-9": {"eta_c": 4.114312314152948, "max_diff_c": 7.392643080984331, "shift_c": -7.250000000000003}, "0-10": {"eta_c": 1.2616869523016316, "max_diff_c": 10.463471819457766, "shift_c": 1.8750000000000004}, "0-11": {"eta_c": 19.35643328313093, "max_diff_c": 85.36599893523382, "shift_c": 16.687500000000004}, "1-2": {"eta_c": 1199.8420555582031, "max_diff_c": 3659.294412927467, "shift_c": 80.31250000000004}, "1-3": {"eta_c": 1.573614269201525, "max_diff_c": 11.32461199170878, "shift_c": 5.250000000000001}, "1-4": {"eta_c": 2.028732519751636, "max_diff_c": 4.481096332512991, "shift_c": 3.125000000000001}, "1-5": {"eta_c": 1.2465312480116761, "max_diff_c": 5.624345463591597, "shift_c": 3.6250000000000013}, "1-6": {"eta_c": 4.883314357958808, "max_diff_c": 9.82516819773408, "shift_c": -2.0625}, "1-7": {"eta_c": 2.634768128789229, "max_diff_c": 16.15421639531485, "shift_c": 9.937500000000002}, "1-8": {"eta_c": 1.956739881992557, "max_diff_c": 12.592762341055819, "shift_c": 6.687500000000003}, "1-9": {"eta_c": 2.1960374026378293, "max_diff_c": 11.8378617477637, "shift_c": 7.6250000000000036}, "1-10": {"eta_c": 3.1398441641305026, "max_diff_c": 8.244434454601489, "shift_c": -1.5}, "1-11": {"eta_c": 20.7226515409748, "max_diff_c": 94.15250834617142, "shift_c": 20.687500000000004}, "2-3": {"eta_c": 1200.2082394809165, "max_diff_c": 3659.6946221803937, "shift_c": 75.06250000000003}, "2-4": {"eta_c": 1201.5192573228317, "max_diff_c": 3663.438047436766, "shift_c": 77.18750000000004}, "2-5": {"eta_c": 1200.2963184565765, "max_diff_c": 3659.669880845862, "shift_c": 76.75000000000004}, "2-6": {"eta_c": 1196.3356727087098, "max_diff_c": 3652.905317268863, "shift_c": 82.43750000000006}, "2-7": {"eta_c": 1199.315528695034, "max_diff_c": 3656.5862622014315, "shift_c": 70.43750000000004}, "2-8": {"eta_c": 1199.2279912283357, "max_diff_c": 3657.102215216261, "shift_c": 73.62500000000004}, "2-9": {"eta_c": 1200.175198111911, "max_diff_c": 3659.24839995066, "shift_c": 72.75000000000004}, "2-10": {"eta_c": 1197.6382241620306, "max_diff_c": 3654.3676896458396, "shift_c": 81.87500000000004}, "2-11": {"eta_c": 1485.3205946919193, "max_diff_c": 2478.649622788338, "shift_c": -1235.5000000000011}, "3-4": {"eta_c": 1.6747664358499321, "max_diff_c": 7.644910956842011, "shift_c": 2.1250000000000004}, "3-5": {"eta_c": 0.7829696246580727, "max_diff_c": 5.700266528122512, "shift_c": 1.6250000000000002}, "3-6": {"eta_c": 5.493248614616633, "max_diff_c": 9.317947676889819, "shift_c": 7.312500000000003}, "3-7": {"eta_c": 1.5451801463484036, "max_diff_c": 5.840552895629615, "shift_c": -4.687500000000001}, "3-8": {"eta_c": 1.1377361806049087, "max_diff_c": 3.405219960907388, "shift_c": -1.4375}, "3-9": {"eta_c": 1.0908349173155534, "max_diff_c": 4.839481208560798, "shift_c": -2.3750000000000004}, "3-10": {"eta_c": 3.9549875596694357, "max_diff_c": 16.62657440031953, "shift_c": 6.750000000000003}, "3-11": {"eta_c": 19.563427137197017, "max_diff_c": 83.89039635451061, "shift_c": 16.500000000000004}, "4-5": {"eta_c": 1.27377657843356, "max_diff_c": 3.7681665909040447, "shift_c": -0.4375}, "4-6": {"eta_c": 6.746145190754971, "max_diff_c": 11.858567191511485, "shift_c": 5.250000000000001}, "4-7": {"eta_c": 2.7610828328662325, "max_diff_c": 12.412015360467622, "shift_c": -6.750000000000003}, "4-8": {"eta_c": 2.587204124712802, "max_diff_c": 8.913061306237012, "shift_c": -3.5625000000000004}, "4-9": {"eta_c": 1.7600130922377477, "max_diff_c": 8.095660712888048, "shift_c": -4.437500000000002}, "4-10": {"eta_c": 5.019053377283611, "max_diff_c": 9.972475346425469, "shift_c": 4.687500000000002}, "4-11": {"eta_c": 20.923915938423637, "max_diff_c": 93.16030731135262, "shift_c": 20.250000000000004}, "5-6": {"eta_c": 5.751966030108181, "max_diff_c": 10.628137666161154, "shift_c": 5.687500000000002}, "5-7": {"eta_c": 1.8605435223879938, "max_diff_c": 10.529870931748123, "shift_c": -6.312500000000002}, "5-8": {"eta_c": 1.5130014945456736, "max_diff_c": 7.030916877517512, "shift_c": -3.125}, "5-9": {"eta_c": 1.117646204143674, "max_diff_c": 6.213516284172102, "shift_c": -4.000000000000001}, "5-10": {"eta_c": 4.05863959733309, "max_diff_c": 10.926307872202345, "shift_c": 5.125000000000001}, "5-11": {"eta_c": 20.189154267659845, "max_diff_c": 89.90316288263313, "shift_c": 18.437500000000007}, "6-7": {"eta_c": 5.79945010788093, "max_diff_c": 14.147552080495888, "shift_c": -12.000000000000004}, "6-8": {"eta_c": 5.064290678907927, "max_diff_c": 10.648598026066326, "shift_c": -8.812500000000002}, "6-9": {"eta_c": 6.2275350417129145, "max_diff_c": 9.86612355695897, "shift_c": -9.687500000000002}, "6-10": {"eta_c": 2.136292793837308, "max_diff_c": 7.30862672342971, "shift_c": -0.5625000000000001}, "6-11": {"eta_c": 19.4928897168453, "max_diff_c": 85.52084403126187, "shift_c": 16.125000000000004}, "7-8": {"eta_c": 0.8896120221991463, "max_diff_c": 4.73190643780518, "shift_c": 3.187500000000001}, "7-9": {"eta_c": 1.0647310027045167, "max_diff_c": 4.316354647579573, "shift_c": 2.3125000000000004}, "7-10": {"eta_c": 4.458988788339397, "max_diff_c": 21.4561788039256, "shift_c": 11.437500000000004}, "7-11": {"eta_c": 18.18182858183286, "max_diff_c": 79.310791950885, "shift_c": 12.062500000000004}, "8-9": {"eta_c": 1.255257743612656, "max_diff_c": 2.7781282267638616, "shift_c": -0.875}, "8-10": {"eta_c": 3.696550495852278, "max_diff_c": 17.957224741964282, "shift_c": 8.250000000000002}, "8-11": {"eta_c": 18.660880198775587, "max_diff_c": 81.93474601272729, "shift_c": 14.375000000000002}, "9-10": {"eta_c": 4.697231018546224, "max_diff_c": 17.139824156374445, "shift_c": 9.125000000000004}, "9-11": {"eta_c": 19.01358272145699, "max_diff_c": 84.43964659846458, "shift_c": 15.187500000000004}, "10-11": {"eta_c": 21.32871751762696, "max_diff_c": 95.26697075469158, "shift_c": 18.000000000000007}}, "v10_distance": {"0-1": {"eta_c": 35.82288271155649, "max_diff_c": 336.57279360384985, "shift_c": -13.062500000000005}, "0-2": {"eta_c": 999.5879249590104, "max_diff_c": 3659.6005314074664, "shift_c": -74.31250000000003}, "0-3": {"eta_c": 7.000630445897688, "max_diff_c": 42.82092848076584, "shift_c": -1.6875000000000002}, "0-4": {"eta_c": 26.837468320501007, "max_diff_c": 203.76300456927555, "shift_c": -12.000000000000004}, "0-5": {"eta_c": 16.434505199411326, "max_diff_c": 122.72263451764512, "shift_c": -8.562500000000002}, "0-6": {"eta_c": 2.3010948479628612, "max_diff_c": 8.698898853654583, "shift_c": 2.4375000000000004}, "0-7": {"eta_c": 23.366953538238377, "max_diff_c": 144.6733779700305, "shift_c": 1.6875000000000002}, "0-8": {"eta_c": 6.559144168710696, "max_diff_c": 46.7884973323624,