{"pseudos": {"Br.nc.pbe.z_7.oncvpsp3.dojo.v0.4.1-std.upf": 0, "Br.nc.pbe.z_17.oncvpsp3.dojo.v0.4.1-str.upf": 1, "Br.nc.pbe.z_7.oncvpsp4.spms.v1.upf": 2, "Br.nc.pbe.z_7.oncvpsp4.sg15.v0.upf": 3, "Br.us.pbe.z_7.uspp.gbrv.v1.4.upf": 4, "Br.us.pbe.z_17.ld1.psl.v1.0.0-high.upf": 5, "Br.us.pbe.z_7.ld1.psl.v1.0.0-low.upf": 6, "Br.us.pbe.z_7.ld1.psl.v0.2.upf": 7, "Br.paw.pbe.z_7.ld1.psl.v0.2.upf": 8, "Br.paw.pbe.z_17.ld1.psl.v1.0.0-high.upf": 9, "Br.paw.pbe.z_7.ld1.psl.v1.0.0-low.upf": 10, "Br.paw.pbe.z_7.atompaw.jth.v1.1-std.upf": 11}, "v_distance": {"0-1": {"eta_c": 0.2493637937335495, "max_diff_c": 0.463212071376347, "shift_c": 0.1875}, "0-2": {"eta_c": 0.10762700904127416, "max_diff_c": 0.37735373549200446, "shift_c": -0.0625}, "0-3": {"eta_c": 473859.30475619645, "max_diff_c": 1292903.115936136, "shift_c": -1291386.4375000016}, "0-4": {"eta_c": 0.3240456829052086, "max_diff_c": 0.518764820300305, "shift_c": 0.25}, "0-5": {"eta_c": 0.1877560385656249, "max_diff_c": 0.41398710356688184, "shift_c": 0.0}, "0-6": {"eta_c": 0.46242493088984915, "max_diff_c": 2.05689627077734, "shift_c": -0.4375}, "0-7": {"eta_c": 0.5041196906446157, "max_diff_c": 2.068350383504079, "shift_c": -0.4375}, "0-8": {"eta_c": 0.5292325192770294, "max_diff_c": 2.0870869699273413, "shift_c": -0.4375}, "0-9": {"eta_c": 0.27826514069645325, "max_diff_c": 0.5146223176308169, "shift_c": -0.125}, "0-10": {"eta_c": 0.42800633751237843, "max_diff_c": 1.9578249797598877, "shift_c": -0.3125}, "0-11": {"eta_c": 0.48706142750765613, "max_diff_c": 1.9519042519096779, "shift_c": -0.125}, "1-2": {"eta_c": 0.30085551846660546, "max_diff_c": 0.6466237512713633, "shift_c": 0.25}, "1-3": {"eta_c": 473863.2630852051, "max_diff_c": 1292900.011614529, "shift_c": 1291383.3125000016}, "1-4": {"eta_c": 0.17599805041260286, "max_diff_c": 0.7809525088261147, "shift_c": -0.0625}, "1-5": {"eta_c": 0.2238303152175503, "max_diff_c": 0.6180535905932132, "shift_c": -0.4375}, "1-6": {"eta_c": 0.6334912406528584, "max_diff_c": 2.326166286597555, "shift_c": 0.625}, "1-7": {"eta_c": 0.6678691789799591, "max_diff_c": 2.337620399324294, "shift_c": 0.625}, "1-8": {"eta_c": 0.7058017658997793, "max_diff_c": 2.418856985747556, "shift_c": 0.6875}, "1-9": {"eta_c": 3.0323720889990398, "max_diff_c": 4.100839973138222, "shift_c": -3.937500000000001}, "1-10": {"eta_c": 0.576560058392509, "max_diff_c": 2.227094995580103, "shift_c": 0.5}, "1-11": {"eta_c": 0.5338944275843346, "max_diff_c": 2.221174267710797, "shift_c": 0.3125}, "2-3": {"eta_c": 473863.2834996849, "max_diff_c": 1292899.4149741207, "shift_c": -1291382.9375000016}, "2-4": {"eta_c": 0.3466030560816538, "max_diff_c": 0.6008200169590197, "shift_c": 0.25}, "2-5": {"eta_c": 0.2069477464795988, "max_diff_c": 0.45003992393718306, "shift_c": 0.0625}, "2-6": {"eta_c": 0.4169502898852709, "max_diff_c": 1.679542535326192, "shift_c": -0.375}, "2-7": {"eta_c": 0.4181682210331259, "max_diff_c": 1.7534966480529306, "shift_c": -0.4375}, "2-8": {"eta_c": 0.44209914590412736, "max_diff_c": 1.772233234476193, "shift_c": -0.4375}, "2-9": {"eta_c": 0.2769204304364706, "max_diff_c": 0.5155249627361371, "shift_c": -0.0625}, "2-10": {"eta_c": 0.3893050411072502, "max_diff_c": 1.5804712443087396, "shift_c": -0.25}, "2-11": {"eta_c": 0.4619813565848821, "max_diff_c": 1.5745505164394338, "shift_c": -0.0625}, "3-4": {"eta_c": 473863.3068588497, "max_diff_c": 1292899.5711348788, "shift_c": 1291383.3125000016}, "3-5": {"eta_c": 473859.250362333, "max_diff_c": 1292903.061757344, "shift_c": 1291386.4375000019}, "3-6": {"eta_c": 473856.34435550676, "max_diff_c": 1292904.328655204, "shift_c": 1291388.3750000019}, "3-7": {"eta_c": 473868.1685208045, "max_diff_c": 1292894.0010025238, "shift_c": 1291378.1875000016}, "3-8": {"eta_c": 473868.11046239216, "max_diff_c": 1292894.047172358, "shift_c": 1291378.2500000016}, "3-9": {"eta_c": 473857.6542315818, "max_diff_c": 1292904.3681313181, "shift_c": 1291387.6875000016}, "3-10": {"eta_c": 473855.5679903793, "max_diff_c": 1292905.0513786029, "shift_c": 1291389.1250000014}, "3-11": {"eta_c": 473854.6727166748, "max_diff_c": 1292906.0230752404, "shift_c": 1291390.1875000016}, "4-5": {"eta_c": 0.2346348605590465, "max_diff_c": 0.7059143505502021, "shift_c": -0.25}, "4-6": {"eta_c": 0.5741575850890781, "max_diff_c": 1.4827137817362692, "shift_c": -0.625}, "4-7": {"eta_c": 0.6309359811062536, "max_diff_c": 1.556667893802203, "shift_c": -0.6875}, "4-8": {"eta_c": 0.6751069872440931, "max_diff_c": 1.5754044809466663, "shift_c": -0.6875}, "4-9": {"eta_c": 0.21367305471355205, "max_diff_c": 0.5146769408746544, "shift_c": -0.3125}, "4-10": {"eta_c": 0.5038840697117567, "max_diff_c": 1.4461424907268103, "shift_c": -0.5625000000000001}, "4-11": {"eta_c": 0.4092615549585248, "max_diff_c": 1.3777217629560923, "shift_c": -0.3125}, "5-6": {"eta_c": 0.5145700509767986, "max_diff_c": 1.895612696004342, "shift_c": 0.375}, "5-7": {"eta_c": 0.5231366477332732, "max_diff_c": 1.9695668087310807, "shift_c": 0.4375}, "5-8": {"eta_c": 0.5620622735501847, "max_diff_c": 1.9883033951543432, "shift_c": 0.4375}, "5-9": {"eta_c": 2.850979568309995, "max_diff_c": 3.755852286359826, "shift_c": -3.5000000000000004}, "5-10": {"eta_c": 0.4658289712167359, "max_diff_c": 1.8590414049868897, "shift_c": 0.3125}, "5-11": {"eta_c": 0.4988189479793588, "max_diff_c": 1.8531206771175839, "shift_c": 0.125}, "6-7": {"eta_c": 0.2764021962154241, "max_diff_c": 0.6237207308507422, "shift_c": -0.0625}, "6-8": {"eta_c": 0.2881795706803246, "max_diff_c": 0.6431677203263888, "shift_c": -0.0625}, "6-9": {"eta_c": 0.5604290854159341, "max_diff_c": 1.8892652979734592, "shift_c": 0.3125}, "6-10": {"eta_c": 0.08609812385114411, "max_diff_c": 0.1587073789831237, "shift_c": 0.0625}, "6-11": {"eta_c": 0.37177874039902187, "max_diff_c": 1.040365203928424, "shift_c": 0.3125}, "7-8": {"eta_c": 0.05880815010026025, "max_diff_c": 0.119925930972542, "shift_c": 0.0}, "7-9": {"eta_c": 0.5490577339763419, "max_diff_c": 1.963219410700198, "shift_c": 0.375}, "7-10": {"eta_c": 0.30417148267185934, "max_diff_c": 0.6374266377665165, "shift_c": 0.125}, "7-11": {"eta_c": 0.5223316646455155, "max_diff_c": 1.1500285195440583, "shift_c": 0.375}, "8-9": {"eta_c": 0.5929550995009657, "max_diff_c": 1.9819559971234604, "shift_c": 0.375}, "8-10": {"eta_c": 0.3295174280523717, "max_diff_c": 0.6568736272421631, "shift_c": 0.125}, "8-11": {"eta_c": 0.5543998312663084, "max_diff_c": 1.1114824549993827, "shift_c": 0.375}, "9-10": {"eta_c": 0.507611176270711, "max_diff_c": 1.790194006956007, "shift_c": 0.1875}, "9-11": {"eta_c": 0.5042557984968682, "max_diff_c": 1.784273279086701, "shift_c": 0.0}, "10-11": {"eta_c": 0.30612590129084466, "max_diff_c": 0.9451151012420596, "shift_c": 0.1875}}, "v10_distance": {"0-1": {"eta_c": 0.2479544252832548, "max_diff_c": 0.8919305049666164, "shift_c": 0.1875}, "0-2": {"eta_c": 0.6415080729973164, "max_diff_c": 4.526852734212973, "shift_c": 0.0625}, "0-3": {"eta_c": 722275.3237358019, "max_diff_c": 855776.8254082645, "shift_c": -852101.6875000012}, "0-4": {"eta_c": 1.7427708495124723, "max_diff_c": 7.749913732229331, "shift_c": 1.0}, "0-5": {"eta_c": 0.6205618061715961, "max_diff_c": 2.911267278755986, "shift_c": 0.25}, "0-6": {"eta_c": 2.3325022439913528, "max_diff_c": 12.88899659403836, "shift_c": 0.5}, "0-7": {"eta_c": 2.897043694078363, "max_diff_c": 12.171264507139, "shift_c": -1.6250000000000002}, "0-8": {"eta_c": 2.9154819137841788, "max_diff_c": 12.139846679946118, "shift_c": -1.6875000000000002}, "0-9": {"eta_c": 0.513944749871325, "max_diff_c": 2.6870361996866876, "shift_c": 0.0}, "0-10": {"eta_c": 2.364934124063257, "max_diff_c": 13.028378015646922, "shift_c": 0.625}, "0-11": {"eta_c": 8.217725138969595, "max_diff_c": 38.89434706294058, "shift_c": 3.6250000000000013}, "1-2": {"eta_c": 0.7341288720337225, "max_diff_c": 5.418783239179589, "shift_c": 0.125}, "1-3": {"eta_c": 722269.6723464059, "max_diff_c": 855811.730023661, "shift_c": 852136.7500000008}, "1-4": {"eta_c": 1.6559827644844582,