{"pseudos": {"C.nc.pbe.z_4.oncvpsp3.dojo.v0.4.1-std.upf": 0, "C.nc.pbe.z_4.oncvpsp4.spms.v1.upf": 1, "C.nc.pbe.z_4.oncvpsp4.sg15.v0.upf": 2, "C.us.pbe.z_4.uspp.gbrv.v1.2.upf": 3, "C.us.pbe.z_4.ld1.psl.v1.0.0-high.upf": 4, "C.us.pbe.z_4.ld1.psl.v0.1.upf": 5, "C.paw.pbe.z_4.ld1.psl.v0.1.upf": 6, "C.paw.pbe.z_4.ld1.psl.v1.0.0-high.upf": 7, "C.paw.pbe.z_4.atompaw.jth.v1.1-std.upf": 8}, "v_distance": {"0-1": {"eta_c": 0.2463479541260471, "max_diff_c": 0.5872593950500544, "shift_c": -0.5}, "0-2": {"eta_c": 13.81905690336815, "max_diff_c": 30.995666688764842, "shift_c": 46.625000000000014}, "0-3": {"eta_c": 10.94740409256394, "max_diff_c": 23.542637739714113, "shift_c": 21.250000000000004}, "0-4": {"eta_c": 7.222627620253794, "max_diff_c": 15.348007512258791, "shift_c": 14.125000000000002}, "0-5": {"eta_c": 9.958090997111885, "max_diff_c": 25.18950123796639, "shift_c": 19.250000000000007}, "0-6": {"eta_c": 3.238401775196054, "max_diff_c": 13.54275217035192, "shift_c": 8.562500000000002}, "0-7": {"eta_c": 1.9661285021755681, "max_diff_c": 7.601130552688035, "shift_c": 5.937500000000002}, "0-8": {"eta_c": 5.729692686386301, "max_diff_c": 18.949587847188557, "shift_c": 6.750000000000003}, "1-2": {"eta_c": 14.063349560914677, "max_diff_c": 31.645426083786475, "shift_c": 47.187500000000014}, "1-3": {"eta_c": 11.186838804238526, "max_diff_c": 24.129897134641602, "shift_c": 21.750000000000007}, "1-4": {"eta_c": 7.461260075692683, "max_diff_c": 15.935266907308845, "shift_c": 14.625000000000002}, "1-5": {"eta_c": 10.199731660626595, "max_diff_c": 25.776760632979137, "shift_c": 19.750000000000004}, "1-6": {"eta_c": 3.429050481067884, "max_diff_c": 14.130011565279407, "shift_c": 9.062500000000004}, "1-7": {"eta_c": 2.1256944546656875, "max_diff_c": 8.175304862248284, "shift_c": 6.437500000000003}, "1-8": {"eta_c": 5.9477887940026575, "max_diff_c": 19.599347242116043, "shift_c": 7.312500000000003}, "2-3": {"eta_c": 3.2162864938071367, "max_diff_c": 7.679671310886954, "shift_c": -25.375000000000007}, "2-4": {"eta_c": 6.7527662123934675, "max_diff_c": 15.71015917658776, "shift_c": -32.56250000000001}, "2-5": {"eta_c": 4.057304318531342, "max_diff_c": 7.332371757384333, "shift_c": -27.43750000000001}, "2-6": {"eta_c": 11.590965890495571, "max_diff_c": 19.9746245677007, "shift_c": -38.062500000000014}, "2-7": {"eta_c": 12.678347879749499, "max_diff_c": 23.47012122157016, "shift_c": -40.75000000000001}, "2-8": {"eta_c": 9.385518918679502, "max_diff_c": 17.56844445345461, "shift_c": -39.87500000000001}, "3-4": {"eta_c": 3.779075661229469, "max_diff_c": 8.311904605327815, "shift_c": -7.187500000000003}, "3-5": {"eta_c": 1.3623968222455207, "max_diff_c": 2.3557803461542477, "shift_c": -2.0}, "3-6": {"eta_c": 8.768236736366998, "max_diff_c": 14.496709016326118, "shift_c": -12.687500000000004}, "3-7": {"eta_c": 9.759665261960237, "max_diff_c": 16.687646328137184, "shift_c": -15.312500000000007}, "3-8": {"eta_c": 6.884672069802422, "max_diff_c": 14.269018312743805, "shift_c": -14.500000000000005}, "4-5": {"eta_c": 2.86181468503528, "max_diff_c": 9.841493725789308, "shift_c": 5.125000000000001}, "4-6": {"eta_c": 5.230110804790319, "max_diff_c": 9.730331511414617, "shift_c": -5.500000000000002}, "4-7": {"eta_c": 6.086448351598514, "max_diff_c": 11.885826701119496, "shift_c": -8.187500000000002}, "4-8": {"eta_c": 3.984511878424123, "max_diff_c": 9.502640807832304, "shift_c": -7.312500000000003}, "5-6": {"eta_c": 7.624035340025267, "max_diff_c": 13.895405327687142, "shift_c": -10.687500000000002}, "5-7": {"eta_c": 8.696604104395488, "max_diff_c": 17.60145577077171, "shift_c": -13.312500000000005}, "5-8": {"eta_c": 5.642357418421921, "max_diff_c": 12.469175454882784, "shift_c": -12.437500000000004}, "6-7": {"eta_c": 1.4618887170324026, "max_diff_c": 5.954706704349178, "shift_c": -2.6249999999999996}, "6-8": {"eta_c": 2.81145005192979, "max_diff_c": 7.539103370934669, "shift_c": -1.8124999999999998}, "7-8": {"eta_c": 4.192589371950847, "max_diff_c": 11.424042381185814, "shift_c": 0.875}}, "v10_distance": {"0-1": {"eta_c": 0.3684033664645075, "max_diff_c": 0.7274535943212754, "shift_c": -0.25}, "0-2": {"eta_c": 31.77531638236762, "max_diff_c": 57.13217875159956, "shift_c": 21.562500000000004}, "0-3": {"eta_c": 30.595461273066046, "max_diff_c": 50.0824632406312, "shift_c": -3.3125000000000004}, "0-4": {"eta_c": 19.844782024297636, "max_diff_c": 31.33622975228471, "shift_c": -1.9375}, "0-5": {"eta_c": 30.116412068244678, "max_diff_c": 50.23202964022556, "shift_c": -5.187500000000001}, "0-6": {"eta_c": 27.63240661107722, "max_diff_c": 57.438624003027876, "shift_c": -14.062500000000005}, "0-7": {"eta_c": 20.908163986563128, "max_diff_c": 45.71020642357465, "shift_c": -11.125000000000004}, "0-8": {"eta_c": 31.25648400441742, "max_diff_c": 62.40238806218687, "shift_c": -18.875000000000007}, "1-2": {"eta_c": 32.133284564561365, "max_diff_c": 57.80733178314245, "shift_c": 21.812500000000007}, "1-3": {"eta_c": 30.93238496141315, "max_diff_c": 50.436340331528186, "shift_c": -3.0625}, "1-4": {"eta_c": 20.182516364074985, "max_diff_c": 31.690106843181695, "shift_c": -1.6875000000000002}, "1-5": {"eta_c": 30.450145371324698, "max_diff_c": 50.58590673112255, "shift_c": -4.937500000000001}, "1-6": {"eta_c": 27.92421237928507, "max_diff_c": 57.511679348550835, "shift_c": -13.812500000000005}, "1-7": {"eta_c": 21.19206036712039, "max_diff_c": 45.78326176909761, "shift_c": -10.875000000000004}, "1-8": {"eta_c": 31.557318397738836, "max_diff_c": 62.47544340770983, "shift_c": -18.625000000000007}, "2-3": {"eta_c": 7.230364739822987, "max_diff_c": 36.43769016875556, "shift_c": -24.875000000000007}, "2-4": {"eta_c": 13.110633851621563, "max_diff_c": 35.40814666344054, "shift_c": -23.500000000000007}, "2-5": {"eta_c": 7.6935302592961685, "max_diff_c": 25.927698877073095, "shift_c": -26.75000000000001}, "2-6": {"eta_c": 13.90625765003201, "max_diff_c": 42.43012156435499, "shift_c": -35.625000000000014}, "2-7": {"eta_c": 16.484609367548615, "max_diff_c": 47.42726396414756, "shift_c": -32.68750000000001}, "2-8": {"eta_c": 13.110629853488701, "max_diff_c": 43.06801423959838, "shift_c": -40.43750000000001}, "3-4": {"eta_c": 10.938879360447793, "max_diff_c": 33.034311509876886, "shift_c": 1.375}, "3-5": {"eta_c": 2.2367428525217585, "max_diff_c": 14.717466923128768, "shift_c": -1.875}, "3-6": {"eta_c": 8.691007133728988, "max_diff_c": 26.165878195063808, "shift_c": -10.750000000000002}, "3-7": {"eta_c": 12.468911592259989, "max_diff_c": 32.01054581110441, "shift_c": -7.812500000000002}, "3-8": {"eta_c": 7.921634674196438, "max_diff_c": 42.48164169156757, "shift_c": -15.562500000000004}, "4-5": {"eta_c": 10.339811808077124, "max_diff_c": 18.895799887940854, "shift_c": -3.2500000000000004}, "4-6": {"eta_c": 9.977458310386243, "max_diff_c": 27.371864259891847, "shift_c": -12.125000000000004}, "4-7": {"eta_c": 6.117250962880649, "max_diff_c": 15.781296470389519, "shift_c": -9.187500000000004}, "4-8": {"eta_c": 12.827563488492382, "max_diff_c": 32.7838643101908, "shift_c": -16.937500000000004}, "5-6": {"eta_c": 7.175850265185111, "max_diff_c": 16.564922687281893, "shift_c": -8.937500000000004}, "5-7": {"eta_c": 11.35681762192817, "max_diff_c": 23.621830397624702, "shift_c": -5.937500000000002}, "5-8": {"eta_c": 6.397433673420644, "max_diff_c": 27.764174768438803, "shift_c": -13.687500000000005}, "6-7": {"eta_c": 6.794385821143891, "max_diff_c": 11.728417579453236, "shift_c": 2.937500000000001}, "6-8": {"eta_c": 4.2732909415199085, "max_diff_c": 16.315763496503763, "shift_c": -4.812500000000001}, "7-8": {"eta_c": 10.693916575570473, "max_diff_c": 18.168214014393357, "shift_c": -7.750000000000002}}}