{"pseudos": ["DOJO-041-std-10", "SPMS-10", "SG15-10", "GBRV-1.X-10", "PSL-US-v1-high-10", "PSL-PAW-v1-high-10", "JTH-1.1-std-10"], "v_distance": {"eta_c": [[0.0, 19.899096571259168, 5.518196930984799, 3.353644285430122, 4.1544792961870876, 3.5863262696735165, 4.105433001746473], [19.899096571259168, 0.0, 15.073717253509876, 23.118721177894898, 24.04729098969417, 23.40338785859603, 23.97962725159215], [5.518196930984799, 15.073717253509876, 0.0, 8.307386756161662, 9.388414029831015, 8.62617954194959, 9.263539641292823], [3.353644285430122, 23.118721177894898, 8.307386756161662, 0.0, 1.2295717909928094, 0.3461717177741813, 1.0202109523703606], [4.1544792961870876, 24.04729098969417, 9.388414029831015, 1.2295717909928094, 0.0, 0.8886911965030205, 0.29590063598332267], [3.5863262696735165, 23.40338785859603, 8.62617954194959, 0.3461717177741813, 0.8886911965030205, 0.0, 0.6757484704610239], [4.105433001746473, 23.97962725159215, 9.263539641292823, 1.0202109523703606, 0.29590063598332267, 0.6757484704610239, 0.0]], "max_diff_c": [[0.0, 41.303288303236634, 11.494446246609849, 6.355704021627575, 8.495772937057705, 6.9591413943400315, 8.316103172783304], [41.303288303236634, 0.0, 29.74634205662678, 47.59649232486421, 49.736561240294336, 48.262429697576664, 49.619391476019935], [11.494446246609849, 29.74634205662678, 0.0, 17.850150268237424, 19.990219183667552, 18.51608764094988, 19.87304941939315], [6.355704021627575, 47.59649232486421, 17.850150268237424, 0.0, 2.426270715129754, 0.7383210740536726, 2.267936075913696], [8.495772937057705, 49.736561240294336, 19.990219183667552, 2.426270715129754, 0.0, 1.7363788547074321, 0.9545898689079025], [6.9591413943400315, 48.262429697576664, 18.51608764094988, 0.7383210740536726, 1.7363788547074321, 0.0, 1.7716103709662079], [8.316103172783304, 49.619391476019935, 19.87304941939315, 2.267936075913696, 0.9545898689079025, 1.7716103709662079, 0.0]], "shift_c": [[0.0, -2.5954208786556343, -0.7303927782411431, 0.38586788284437745, 0.5420525020909113, 0.4226172050200325, 0.51449051045917], [-2.5954208786556343, 0.0, 1.860434435142534, 2.9766950962280547, 3.1328797154745884, 3.0180380836756666, 3.1099113891148042], [-0.7303927782411431, 1.860434435142534, 0.0, 1.1162606610855206, 1.2724452803320543, 1.1576036485331325, 1.2494769539722699], [0.38586788284437745, 2.9766950962280547, 1.1162606610855206, 0.0, 0.15618461924653373, 0.041342987447611876, 0.13321629288674935], [0.5420525020909113, 3.1328797154745884, 1.2724452803320543, 0.15618461924653373, 0.0, -0.11484163179892184, -0.02296832635978437], [0.4226172050200325, 3.0180380836756666, 1.1576036485331325, 0.041342987447611876, -0.11484163179892184, 0.0, 0.09187330543913748], [0.51449051045917, 3.1099113891148042, 1.2494769539722699, 0.13321629288674935, -0.02296832635978437, 0.09187330543913748, 0.0]]}, "v10_distance": {"eta_c": [[0.0, 18.575144474951003, 6.832262609043362, 2.904515586361394, 3.4779129628470606, 2.9340408708100063, 3.6319080728403166], [18.575144474951003, 0.0, 12.735305502034146, 21.31783863230205, 21.886976146307042, 21.290249115215783, 22.11638396670138], [6.832262609043362, 12.735305502034146, 0.0, 9.285692668059315, 9.808304546782388, 9.151561697329642, 10.081360745829022], [2.904515586361394, 21.31783863230205, 9.285692668059315, 0.0, 1.3705510925583655, 0.5806992711848433, 0.896495752030173], [3.4779129628470606, 21.886976146307042, 9.808304546782388, 1.3705510925583655, 0.0, 1.1367950937125397, 1.0571678641354885], [2.9340408708100063, 21.290249115215783, 9.151561697329642, 0.5806992711848433, 1.1367950937125397, 0.0, 0.9911849740309382], [3.6319080728403166, 22.11638396670138, 10.081360745829022, 0.896495752030173, 1.0571678641354885, 0.9911849740309382, 0.0]], "max_diff_c": [[0.0, 46.406174713985344, 40.21070638430115, 9.405389922341769, 6.470450542009131, 6.021641394340031, 10.69457493834915], [46.406174713985344, 0.0, 24.37700835873192, 55.81156463632711, 51.153150268167686, 50.809404952096635, 57.10074965233449], [40.21070638430115, 24.37700835873192, 0.0, 49.616096306642916, 44.95768193848349, 44.61393662241244, 50.905281322650296], [9.405389922341769, 55.81156463632711, 49.616096306642916, 0.0, 4.595914368159427, 4.939659684230477, 2.445522641546987], [6.470450542009131, 51.153150268167686, 44.95768193848349, 4.595914368159427, 0.0, 1.8991459155142252, 5.947599384166807], [6.021641394340031, 50.809404952096635, 44.61393662241244, 4.939659684230477, 1.8991459155142252, 0.0, 6.2913447002378575], [10.69457493834915, 57.10074965233449, 50.905281322650296, 2.445522641546987, 5.947599384166807, 6.2913447002378575, 0.0]], "shift_c": [[0.0, -1.7961231213351383, -0.3996488786602482, 0.31236923849306747, 0.3812742175724206, 0.35371222594067936, 0.3996488786602482], [-1.7961231213351383, 0.0, 1.3964742426748902, 2.1084923598282055, 2.177397338907559, 2.1498353472758174, 2.195771999995386], [-0.3996488786602482, 1.3964742426748902, 0.0, 0.7120181171533158, 0.7809230962326686, 0.7533611046009274, 0.7992977573204963], [0.31236923849306747, 2.1084923598282055, 0.7120181171533158, 0.0, 0.07349864435130998, 0.04593665271956874, 0.09187330543913748], [0.3812742175724206, 2.177397338907559, 0.7809230962326686, 0.07349864435130998, 0.0, -0.027561991631741244, 0.018374661087827496], [0.35371222594067936, 2.1498353472758174, 0.7533611046009274, 0.04593665271956874, -0.027561991631741244, 0.0, 0.04593665271956874], [0.3996488786602482, 2.195771999995386, 0.7992977573204963, 0.09187330543913748, 0.018374661087827496, 0.04593665271956874, 0.0]]}}