{"pseudos": {"Ca.nc.pbe.z_10.oncvpsp3.dojo.v0.4.1-std.upf": 0, "Ca.nc.pbe.z_10.oncvpsp4.spms.v1.upf": 1, "Ca.nc.pbe.z_10.oncvpsp4.sg15.v0.upf": 2, "Ca.us.pbe.z_10.uspp.gbrv.v1.upf": 3, "Ca.us.pbe.z_10.ld1.psl.v1.0.0-high.upf": 4, "Ca.paw.pbe.z_10.ld1.psl.v1.0.0-high.upf": 5, "Ca.paw.pbe.z_10.atompaw.jth.v1.1-std.upf": 6}, "v_distance": {"0-1": {"eta_c": 19.899096571259168, "max_diff_c": 41.303288303236634, "shift_c": -35.31250000000001}, "0-2": {"eta_c": 5.518196930984799, "max_diff_c": 11.494446246609849, "shift_c": -9.937500000000002}, "0-3": {"eta_c": 3.353644285430122, "max_diff_c": 6.355704021627575, "shift_c": 5.250000000000001}, "0-4": {"eta_c": 4.1544792961870876, "max_diff_c": 8.495772937057705, "shift_c": 7.375000000000003}, "0-5": {"eta_c": 3.5863262696735165, "max_diff_c": 6.9591413943400315, "shift_c": 5.750000000000002}, "0-6": {"eta_c": 4.105433001746473, "max_diff_c": 8.316103172783304, "shift_c": 7.000000000000003}, "1-2": {"eta_c": 15.073717253509876, "max_diff_c": 29.74634205662678, "shift_c": 25.3125}, "1-3": {"eta_c": 23.118721177894898, "max_diff_c": 47.59649232486421, "shift_c": 40.50000000000001}, "1-4": {"eta_c": 24.04729098969417, "max_diff_c": 49.736561240294336, "shift_c": 42.62500000000001}, "1-5": {"eta_c": 23.40338785859603, "max_diff_c": 48.262429697576664, "shift_c": 41.06250000000001}, "1-6": {"eta_c": 23.97962725159215, "max_diff_c": 49.619391476019935, "shift_c": 42.31250000000001}, "2-3": {"eta_c": 8.307386756161662, "max_diff_c": 17.850150268237424, "shift_c": 15.187500000000004}, "2-4": {"eta_c": 9.388414029831015, "max_diff_c": 19.990219183667552, "shift_c": 17.312500000000004}, "2-5": {"eta_c": 8.62617954194959, "max_diff_c": 18.51608764094988, "shift_c": 15.750000000000004}, "2-6": {"eta_c": 9.263539641292823, "max_diff_c": 19.87304941939315, "shift_c": 17.000000000000004}, "3-4": {"eta_c": 1.2295717909928094, "max_diff_c": 2.426270715129754, "shift_c": 2.1250000000000004}, "3-5": {"eta_c": 0.3461717177741813, "max_diff_c": 0.7383210740536726, "shift_c": 0.5625000000000001}, "3-6": {"eta_c": 1.0202109523703606, "max_diff_c": 2.267936075913696, "shift_c": 1.8125000000000002}, "4-5": {"eta_c": 0.8886911965030205, "max_diff_c": 1.7363788547074321, "shift_c": -1.5625}, "4-6": {"eta_c": 0.29590063598332267, "max_diff_c": 0.9545898689079025, "shift_c": -0.3125}, "5-6": {"eta_c": 0.6757484704610239, "max_diff_c": 1.7716103709662079, "shift_c": 1.25}}, "v10_distance": {"0-1": {"eta_c": 18.575144474951003, "max_diff_c": 46.406174713985344, "shift_c": -24.437500000000007}, "0-2": {"eta_c": 6.832262609043362, "max_diff_c": 40.21070638430115, "shift_c": -5.437500000000002}, "0-3": {"eta_c": 2.904515586361394, "max_diff_c": 9.405389922341769, "shift_c": 4.250000000000001}, "0-4": {"eta_c": 3.4779129628470606, "max_diff_c": 6.470450542009131, "shift_c": 5.187500000000001}, "0-5": {"eta_c": 2.9340408708100063, "max_diff_c": 6.021641394340031, "shift_c": 4.812500000000001}, "0-6": {"eta_c": 3.6319080728403166, "max_diff_c": 10.69457493834915, "shift_c": 5.437500000000002}, "1-2": {"eta_c": 12.735305502034146, "max_diff_c": 24.37700835873192, "shift_c": 19.000000000000007}, "1-3": {"eta_c": 21.31783863230205, "max_diff_c": 55.81156463632711, "shift_c": 28.687500000000004}, "1-4": {"eta_c": 21.886976146307042, "max_diff_c": 51.153150268167686, "shift_c": 29.625000000000007}, "1-5": {"eta_c": 21.290249115215783, "max_diff_c": 50.809404952096635, "shift_c": 29.250000000000004}, "1-6": {"eta_c": 22.11638396670138, "max_diff_c": 57.10074965233449, "shift_c": 29.875000000000007}, "2-3": {"eta_c": 9.285692668059315, "max_diff_c": 49.616096306642916, "shift_c": 9.687500000000004}, "2-4": {"eta_c": 9.808304546782388, "max_diff_c": 44.95768193848349, "shift_c": 10.625000000000002}, "2-5": {"eta_c": 9.151561697329642, "max_diff_c": 44.61393662241244, "shift_c": 10.250000000000002}, "2-6": {"eta_c": 10.081360745829022, "max_diff_c": 50.905281322650296, "shift_c": 10.875000000000004}, "3-4": {"eta_c": 1.3705510925583655, "max_diff_c": 4.595914368159427, "shift_c": 1.0}, "3-5": {"eta_c": 0.5806992711848433, "max_diff_c": 4.939659684230477, "shift_c": 0.625}, "3-6": {"eta_c": 0.896495752030173, "max_diff_c": 2.445522641546987, "shift_c": 1.25}, "4-5": {"eta_c": 1.1367950937125397, "max_diff_c": 1.8991459155142252, "shift_c": -0.375}, "4-6": {"eta_c": 1.0571678641354885, "max_diff_c": 5.947599384166807, "shift_c": 0.25}, "5-6": {"eta_c": 0.9911849740309382, "max_diff_c": 6.2913447002378575, "shift_c": 0.625}}}