{"pseudos": ["DOJO-041-std-10", "SPMS-10", "SG15-10", "GBRV-1.X-10", "PSL-US-v1-high-10", "PSL-PAW-v1-high-10", "JTH-1.1-std-10"], "v_distance": {"eta": [[0.0, 19.899096571259168, 5.518196930984799, 3.353644285430122, 4.1544792961870876, 3.5863262696735165, 4.105433001746473], [41.303288303236634, 0.0, 15.073717253509876, 23.118721177894898, 24.04729098969417, 23.40338785859603, 23.97962725159215], [11.494446246609849, 29.74634205662678, 0.0, 8.307386756161662, 9.388414029831015, 8.62617954194959, 9.263539641292823], [6.355704021627575, 47.59649232486421, 17.850150268237424, 0.0, 1.2295717909928094, 0.3461717177741813, 1.0202109523703606], [8.495772937057705, 49.736561240294336, 19.990219183667552, 2.426270715129754, 0.0, 0.8886911965030205, 0.29590063598332267], [6.9591413943400315, 48.262429697576664, 18.51608764094988, 0.7383210740536726, 1.7363788547074321, 0.0, 0.6757484704610239], [8.316103172783304, 49.619391476019935, 19.87304941939315, 2.267936075913696, 0.9545898689079025, 1.7716103709662079, 0.0]], "shift": [[0.0, -35.31250000000001, -9.937500000000002, 5.250000000000001, 7.375000000000003, 5.750000000000002, 7.000000000000003], [35.31250000000001, 0.0, 25.3125, 40.50000000000001, 42.62500000000001, 41.06250000000001, 42.31250000000001], [9.937500000000002, -25.3125, 0.0, 15.187500000000004, 17.312500000000004, 15.750000000000004, 17.000000000000004], [-5.250000000000001, -40.50000000000001, -15.187500000000004, 0.0, 2.1250000000000004, 0.5625000000000001, 1.8125000000000002], [-7.375000000000003, -42.62500000000001, -17.312500000000004, -2.1250000000000004, 0.0, -1.5625, -0.3125], [-5.750000000000002, -41.06250000000001, -15.750000000000004, -0.5625000000000001, 1.5625, 0.0, 1.25], [-7.000000000000003, -42.31250000000001, -17.000000000000004, -1.8125000000000002, 0.3125, -1.25, 0.0]]}, "v10_distance": {"eta": [[0.0, 18.575144474951003, 6.832262609043362, 2.904515586361394, 3.4779129628470606, 2.9340408708100063, 3.6319080728403166], [46.406174713985344, 0.0, 12.735305502034146, 21.31783863230205, 21.886976146307042, 21.290249115215783, 22.11638396670138], [40.21070638430115, 24.37700835873192, 0.0, 9.285692668059315, 9.808304546782388, 9.151561697329642, 10.081360745829022], [9.405389922341769, 55.81156463632711, 49.616096306642916, 0.0, 1.3705510925583655, 0.5806992711848433, 0.896495752030173], [6.470450542009131, 51.153150268167686, 44.95768193848349, 4.595914368159427, 0.0, 1.1367950937125397, 1.0571678641354885], [6.021641394340031, 50.809404952096635, 44.61393662241244, 4.939659684230477, 1.8991459155142252, 0.0, 0.9911849740309382], [10.69457493834915, 57.10074965233449, 50.905281322650296, 2.445522641546987, 5.947599384166807, 6.2913447002378575, 0.0]], "shift": [[0.0, -24.437500000000007, -5.437500000000002, 4.250000000000001, 5.187500000000001, 4.812500000000001, 5.437500000000002], [24.437500000000007, 0.0, 19.000000000000007, 28.687500000000004, 29.625000000000007, 29.250000000000004, 29.875000000000007], [5.437500000000002, -19.000000000000007, 0.0, 9.687500000000004, 10.625000000000002, 10.250000000000002, 10.875000000000004], [-4.250000000000001, -28.687500000000004, -9.687500000000004, 0.0, 1.0, 0.625, 1.25], [-5.187500000000001, -29.625000000000007, -10.625000000000002, -1.0, 0.0, -0.375, 0.25], [-4.812500000000001, -29.250000000000004, -10.250000000000002, -0.625, 0.375, 0.0, 0.625], [-5.437500000000002, -29.875000000000007, -10.875000000000004, -1.25, -0.25, -0.625, 0.0]]}}