{"pseudos": ["PSL-US-v1-high-22", "PSL-US-v1-low-11", "PSL-PAW-v1-high-22", "PSL-PAW-v1-low-11", "JTH-1.1-std-12", "Wentzcovitch-12"], "v_distance": {"eta": [[0.0, 178.57124671247664, 10.837853885300403, 178.10006149039594, 17.851188584429178, 17.331393201185577], [986.0360303613962, 0.0, 178.07803053043057, 2.530274883216822, 178.7782782888081, 181.1288020928474], [16.96225919064112, 984.8308318530916, 0.0, 177.6362877176504, 16.63270690849936, 16.24871550443791], [987.2786496057297, 5.419974389985782, 986.0734510974252, 0.0, 178.46790960349634, 180.79765602215943], [32.99176487996629, 995.7261699062245, 30.284790868966542, 997.0312891505581, 0.0, 3.5972478987756475], [30.60985125093857, 1008.7809846615445, 32.52712476757606, 1010.0236039058781, 14.7756966597279, 0.0]], "shift": [[0.0, -17.625000000000004, 9.062500000000004, -16.125000000000004, -20.500000000000004, -24.125000000000007], [17.625000000000004, 0.0, -18.187500000000007, -1.5625, 6.500000000000003, 10.500000000000002], [-9.062500000000004, 18.187500000000007, 0.0, -16.687500000000004, -20.875000000000004, -24.500000000000007], [16.125000000000004, 1.5625, 16.687500000000004, 0.0, 8.062500000000002, 12.000000000000004], [20.500000000000004, -6.500000000000003, 20.875000000000004, -8.062500000000002, 0.0, 3.6250000000000013], [24.125000000000007, -10.500000000000002, 24.500000000000007, -12.000000000000004, -3.6250000000000013, 0.0]]}, "v10_distance": {"eta": [[0.0, 2883.313701097883, 11.232486964206212, 2883.0286432300286, 19.70190950806927, 18.26670584484446], [8036.303808764361, 0.0, 2882.0412749454267, 2.2652124596000207, 2898.0894606233287, 2897.7028089844002], [29.65184764066777, 8034.840573777167, 0.0, 2881.7572303715892, 21.383306811114814, 18.893873828825136], [8038.898799678549, 6.541851574130618, 8037.3730646913555, 0.0, 2897.8098025001123, 2897.422530599619], [148.90826943115866, 8059.520381322356, 140.41609109209213, 8062.1153722365425, 0.0, 7.381175543914057], [37.29082058840004, 8058.568422516217, 31.653024973922584, 8061.163413430403, 122.67726371389399, 0.0]], "shift": [[0.0, -1992.750000000002, 3.4375000000000013, -1991.0625000000023, -4.812500000000001, -6.437500000000003], [1992.750000000002, 0.0, -1992.375000000002, -1.5, -1984.3125000000018, -1980.6875000000018], [-3.4375000000000013, 1992.375000000002, 0.0, -1990.750000000002, -6.687500000000003, -8.312500000000002], [1991.0625000000023, 1.5, 1990.750000000002, 0.0, -1982.625000000002, -1979.000000000002], [4.812500000000001, 1984.3125000000018, 6.687500000000003, 1982.625000000002, 0.0, 1.6250000000000002], [6.437500000000003, 1980.6875000000018, 8.312500000000002, 1979.000000000002, -1.6250000000000002, 0.0]]}}