{"pseudos": {"Ce.us.pbe.z_22.ld1.psl.v1.0.0-high.upf": 0, "Ce.us.pbe.z_11.ld1.psl.v1.0.0-low.upf": 1, "Ce.paw.pbe.z_22.ld1.psl.v1.0.0-high.upf": 2, "Ce.paw.pbe.z_11.ld1.psl.v1.0.0-low.upf": 3, "Ce.paw.pbe.z_12.atompaw.jth.v1.1-std.upf": 4, "Ce.paw.pbe.z_12.atompaw.wentzcovitch.v1.0.legacy.upf": 5}, "v_distance": {"0-1": {"eta_c": 178.57124671247664, "max_diff_c": 986.0360303613962, "shift_c": -17.625000000000004}, "0-2": {"eta_c": 10.837853885300403, "max_diff_c": 16.96225919064112, "shift_c": 9.062500000000004}, "0-3": {"eta_c": 178.10006149039594, "max_diff_c": 987.2786496057297, "shift_c": -16.125000000000004}, "0-4": {"eta_c": 17.851188584429178, "max_diff_c": 32.99176487996629, "shift_c": -20.500000000000004}, "0-5": {"eta_c": 17.331393201185577, "max_diff_c": 30.60985125093857, "shift_c": -24.125000000000007}, "1-2": {"eta_c": 178.07803053043057, "max_diff_c": 984.8308318530916, "shift_c": -18.187500000000007}, "1-3": {"eta_c": 2.530274883216822, "max_diff_c": 5.419974389985782, "shift_c": -1.5625}, "1-4": {"eta_c": 178.7782782888081, "max_diff_c": 995.7261699062245, "shift_c": 6.500000000000003}, "1-5": {"eta_c": 181.1288020928474, "max_diff_c": 1008.7809846615445, "shift_c": 10.500000000000002}, "2-3": {"eta_c": 177.6362877176504, "max_diff_c": 986.0734510974252, "shift_c": -16.687500000000004}, "2-4": {"eta_c": 16.63270690849936, "max_diff_c": 30.284790868966542, "shift_c": -20.875000000000004}, "2-5": {"eta_c": 16.24871550443791, "max_diff_c": 32.52712476757606, "shift_c": -24.500000000000007}, "3-4": {"eta_c": 178.46790960349634, "max_diff_c": 997.0312891505581, "shift_c": 8.062500000000002}, "3-5": {"eta_c": 180.79765602215943, "max_diff_c": 1010.0236039058781, "shift_c": 12.000000000000004}, "4-5": {"eta_c": 3.5972478987756475, "max_diff_c": 14.7756966597279, "shift_c": 3.6250000000000013}}, "v10_distance": {"0-1": {"eta_c": 2883.313701097883, "max_diff_c": 8036.303808764361, "shift_c": -1992.750000000002}, "0-2": {"eta_c": 11.232486964206212, "max_diff_c": 29.65184764066777, "shift_c": 3.4375000000000013}, "0-3": {"eta_c": 2883.0286432300286, "max_diff_c": 8038.898799678549, "shift_c": -1991.0625000000023}, "0-4": {"eta_c": 19.70190950806927, "max_diff_c": 148.90826943115866, "shift_c": -4.812500000000001}, "0-5": {"eta_c": 18.26670584484446, "max_diff_c": 37.29082058840004, "shift_c": -6.437500000000003}, "1-2": {"eta_c": 2882.0412749454267, "max_diff_c": 8034.840573777167, "shift_c": -1992.375000000002}, "1-3": {"eta_c": 2.2652124596000207, "max_diff_c": 6.541851574130618, "shift_c": -1.5}, "1-4": {"eta_c": 2898.0894606233287, "max_diff_c": 8059.520381322356, "shift_c": -1984.3125000000018}, "1-5": {"eta_c": 2897.7028089844002, "max_diff_c": 8058.568422516217, "shift_c": -1980.6875000000018}, "2-3": {"eta_c": 2881.7572303715892, "max_diff_c": 8037.3730646913555, "shift_c": -1990.750000000002}, "2-4": {"eta_c": 21.383306811114814, "max_diff_c": 140.41609109209213, "shift_c": -6.687500000000003}, "2-5": {"eta_c": 18.893873828825136, "max_diff_c": 31.653024973922584, "shift_c": -8.312500000000002}, "3-4": {"eta_c": 2897.8098025001123, "max_diff_c": 8062.1153722365425, "shift_c": -1982.625000000002}, "3-5": {"eta_c": 2897.422530599619, "max_diff_c": 8061.163413430403, "shift_c": -1979.000000000002}, "4-5": {"eta_c": 7.381175543914057, "max_diff_c": 122.67726371389399, "shift_c": 1.6250000000000002}}}