{"pseudos": ["PSL-US-v1-high-22", "PSL-US-v1-low-11", "PSL-PAW-v1-high-22", "PSL-PAW-v1-low-11", "JTH-1.1-std-12", "Wentzcovitch-12"], "v_distance": {"eta_c": [[0.0, 178.57124671247664, 10.837853885300403, 178.10006149039594, 17.851188584429178, 17.331393201185577], [178.57124671247664, 0.0, 178.07803053043057, 2.530274883216822, 178.7782782888081, 181.1288020928474], [10.837853885300403, 178.07803053043057, 0.0, 177.6362877176504, 16.63270690849936, 16.24871550443791], [178.10006149039594, 2.530274883216822, 177.6362877176504, 0.0, 178.46790960349634, 180.79765602215943], [17.851188584429178, 178.7782782888081, 16.63270690849936, 178.46790960349634, 0.0, 3.5972478987756475], [17.331393201185577, 181.1288020928474, 16.24871550443791, 180.79765602215943, 3.5972478987756475, 0.0]], "max_diff_c": [[0.0, 986.0360303613962, 16.96225919064112, 987.2786496057297, 32.99176487996629, 30.60985125093857], [986.0360303613962, 0.0, 984.8308318530916, 5.419974389985782, 995.7261699062245, 1008.7809846615445], [16.96225919064112, 984.8308318530916, 0.0, 986.0734510974252, 30.284790868966542, 32.52712476757606], [987.2786496057297, 5.419974389985782, 986.0734510974252, 0.0, 997.0312891505581, 1010.0236039058781], [32.99176487996629, 995.7261699062245, 30.284790868966542, 997.0312891505581, 0.0, 14.7756966597279], [30.60985125093857, 1008.7809846615445, 32.52712476757606, 1010.0236039058781, 14.7756966597279, 0.0]], "shift_c": [[0.0, -0.017625000000000005, 0.009062500000000005, -0.016125000000000004, -0.020500000000000004, -0.024125000000000008], [0.017625000000000005, 0.0, -0.01818750000000001, -0.0015625, 0.006500000000000003, 0.010500000000000002], [-0.009062500000000005, 0.01818750000000001, 0.0, -0.016687500000000004, -0.020875000000000005, -0.024500000000000008], [0.016125000000000004, 0.0015625, 0.016687500000000004, 0.0, 0.008062500000000002, 0.012000000000000004], [0.020500000000000004, -0.006500000000000003, 0.020875000000000005, -0.008062500000000002, 0.0, 0.0036250000000000015], [0.024125000000000008, -0.010500000000000002, 0.024500000000000008, -0.012000000000000004, -0.0036250000000000015, 0.0]]}, "v10_distance": {"eta_c": [[0.0, 2883.313701097883, 11.232486964206212, 2883.0286432300286, 19.70190950806927, 18.26670584484446], [2883.313701097883, 0.0, 2882.0412749454267, 2.2652124596000207, 2898.0894606233287, 2897.7028089844002], [11.232486964206212, 2882.0412749454267, 0.0, 2881.7572303715892, 21.383306811114814, 18.893873828825136], [2883.0286432300286, 2.2652124596000207, 2881.7572303715892, 0.0, 2897.8098025001123, 2897.422530599619], [19.70190950806927, 2898.0894606233287, 21.383306811114814, 2897.8098025001123, 0.0, 7.381175543914057], [18.26670584484446, 2897.7028089844002, 18.893873828825136, 2897.422530599619, 7.381175543914057, 0.0]], "max_diff_c": [[0.0, 8036.303808764361, 29.65184764066777, 8038.898799678549, 148.90826943115866, 37.29082058840004], [8036.303808764361, 0.0, 8034.840573777167, 6.541851574130618, 8059.520381322356, 8058.568422516217], [29.65184764066777, 8034.840573777167, 0.0, 8037.3730646913555, 140.41609109209213, 31.653024973922584], [8038.898799678549, 6.541851574130618, 8037.3730646913555, 0.0, 8062.1153722365425, 8061.163413430403], [148.90826943115866, 8059.520381322356, 140.41609109209213, 8062.1153722365425, 0.0, 122.67726371389399], [37.29082058840004, 8058.568422516217, 31.653024973922584, 8061.163413430403, 122.67726371389399, 0.0]], "shift_c": [[0.0, -1.992750000000002, 0.0034375000000000013, -1.9910625000000024, -0.004812500000000001, -0.006437500000000003], [1.992750000000002, 0.0, -1.992375000000002, -0.0015, -1.984312500000002, -1.980687500000002], [-0.0034375000000000013, 1.992375000000002, 0.0, -1.990750000000002, -0.0066875000000000025, -0.008312500000000002], [1.9910625000000024, 0.0015, 1.990750000000002, 0.0, -1.982625000000002, -1.979000000000002], [0.004812500000000001, 1.984312500000002, 0.0066875000000000025, 1.982625000000002, 0.0, 0.0016250000000000004], [0.006437500000000003, 1.980687500000002, 0.008312500000000002, 1.979000000000002, -0.0016250000000000004, 0.0]]}}