{"pseudos": {"Co.nc.pbe.z_17.oncvpsp3.dojo.v0.4.1-std.upf": 0, "Co.nc.pbe.z_17.oncvpsp3.dojo.v0.4.1-str.upf": 1, "Co.nc.pbe.z_17.oncvpsp4.spms.v1.upf": 2, "Co.nc.pbe.z_17.oncvpsp4.sg15.v0.upf": 3, "Co.us.pbe.z_17.uspp.gbrv.v1.2.upf": 4, "Co.us.pbe.z_17.ld1.psl.v1.0.0-high.upf": 5, "Co.us.pbe.z_9.ld1.psl.v1.0.0-low.upf": 6, "Co.paw.pbe.z_17.ld1.psl.v1.0.0-high.upf": 7, "Co.paw.pbe.z_9.ld1.psl.v1.0.0-low.upf": 8, "Co.paw.pbe.z_17.atompaw.jth.v1.1-std.upf": 9}, "v_distance": {"0-1": {"eta_c": 1.707750841546438, "max_diff_c": 4.410705269093868, "shift_c": -1.3124999999999998}, "0-2": {"eta_c": 17.262133071126193, "max_diff_c": 76.96001533109849, "shift_c": 8.687500000000002}, "0-3": {"eta_c": 11.090211411118592, "max_diff_c": 50.3897028437253, "shift_c": 11.500000000000004}, "0-4": {"eta_c": 9.50884092886067, "max_diff_c": 24.15088746052746, "shift_c": 2.5000000000000004}, "0-5": {"eta_c": 9.256555344394972, "max_diff_c": 20.431610630227055, "shift_c": 1.7500000000000002}, "0-6": {"eta_c": 13.514510658989568, "max_diff_c": 39.359280937285995, "shift_c": 7.250000000000003}, "0-7": {"eta_c": 11.406371361605185, "max_diff_c": 22.7587077783881, "shift_c": 7.875000000000002}, "0-8": {"eta_c": 13.667022636133458, "max_diff_c": 41.97927130138105, "shift_c": 11.562500000000004}, "0-9": {"eta_c": 9.843781809570451, "max_diff_c": 26.647060659278285, "shift_c": 11.687500000000004}, "1-2": {"eta_c": 18.630656588165234, "max_diff_c": 81.36724209372281, "shift_c": 10.000000000000002}, "1-3": {"eta_c": 12.549614034224515, "max_diff_c": 54.59914803748489, "shift_c": 12.812500000000004}, "1-4": {"eta_c": 9.08882910096819, "max_diff_c": 26.277432872082954, "shift_c": 3.812500000000001}, "1-5": {"eta_c": 8.227865209014954, "max_diff_c": 17.751862672601906, "shift_c": 3.062500000000001}, "1-6": {"eta_c": 12.7434025887916, "max_diff_c": 35.40373018424979, "shift_c": 5.625000000000002}, "1-7": {"eta_c": 10.930023861814684, "max_diff_c": 24.468417647052007, "shift_c": 9.250000000000004}, "1-8": {"eta_c": 12.614015402279842, "max_diff_c": 38.02372054834484, "shift_c": 9.937500000000002}, "1-9": {"eta_c": 9.668151825114489, "max_diff_c": 28.82787245806472, "shift_c": 13.000000000000005}, "2-3": {"eta_c": 7.894740023087791, "max_diff_c": 32.490107995310495, "shift_c": 2.812500000000001}, "2-4": {"eta_c": 23.707872301450966, "max_diff_c": 90.24003956309313, "shift_c": -6.187500000000002}, "2-5": {"eta_c": 24.430037794819878, "max_diff_c": 97.05721242447511, "shift_c": -6.937500000000003}, "2-6": {"eta_c": 29.120187525989202, "max_diff_c": 99.49232098272462, "shift_c": 25.687500000000004}, "2-7": {"eta_c": 26.47968756515239, "max_diff_c": 99.71872310948659, "shift_c": -0.8125000000000001}, "2-8": {"eta_c": 30.297625326271728, "max_diff_c": 102.47102960555956, "shift_c": 30.000000000000007}, "2-9": {"eta_c": 23.592391280798065, "max_diff_c": 92.55379933779817, "shift_c": 3.000000000000001}, "3-4": {"eta_c": 17.251150268093962, "max_diff_c": 57.98983079277099, "shift_c": -9.000000000000004}, "3-5": {"eta_c": 18.062056840680363, "max_diff_c": 64.5671044291646, "shift_c": -9.750000000000002}, "3-6": {"eta_c": 25.538489224741475, "max_diff_c": 81.11884881104778, "shift_c": 21.875000000000007}, "3-7": {"eta_c": 19.20989044632349, "max_diff_c": 67.2911151141761, "shift_c": -3.5625000000000004}, "3-8": {"eta_c": 26.594735314719546, "max_diff_c": 83.82202611373371, "shift_c": 26.187500000000004}, "3-9": {"eta_c": 16.418657938453247, "max_diff_c": 60.06369134248767, "shift_c": 0.1875}, "4-5": {"eta_c": 4.029199370144827, "max_diff_c": 8.531573030825939, "shift_c": -0.75}, "4-6": {"eta_c": 9.458542602434099, "max_diff_c": 32.507337798247185, "shift_c": 5.250000000000001}, "4-7": {"eta_c": 5.631142596063667, "max_diff_c": 12.067329849609992, "shift_c": 5.375000000000001}, "4-8": {"eta_c": 11.811502041188607, "max_diff_c": 35.220652515755376, "shift_c": 9.562500000000004}, "4-9": {"eta_c": 4.4668181674765375, "max_diff_c": 17.029061758876736, "shift_c": 9.187500000000004}, "5-6": {"eta_c": 8.121757729872785, "max_diff_c": 29.178667075514355, "shift_c": 5.125000000000001}, "5-7": {"eta_c": 6.721732104439489, "max_diff_c": 9.122172543581653, "shift_c": 6.125000000000002}, "5-8": {"eta_c": 9.784801265256343, "max_diff_c": 30.53518519868591, "shift_c": 9.437500000000004}, "5-9": {"eta_c": 6.097510277006232, "max_diff_c": 11.317419691753885, "shift_c": 9.937500000000002}, "6-7": {"eta_c": 8.895896637465993, "max_diff_c": 31.520205937056218, "shift_c": 5.937500000000002}, "6-8": {"eta_c": 3.625319122895984, "max_diff_c": 10.054803536976578, "shift_c": -4.312500000000001}, "6-9": {"eta_c": 12.179361275574607, "max_diff_c": 40.641789705886836, "shift_c": 11.812500000000004}, "7-8": {"eta_c": 10.638144433815345, "max_diff_c": 32.87672406022777, "shift_c": 10.250000000000002}, "7-9": {"eta_c": 3.5464938761538725, "max_diff_c": 11.246583768830616, "shift_c": 3.7500000000000013}, "8-9": {"eta_c": 14.251315390554094, "max_diff_c": 41.99830782905839, "shift_c": 16.125000000000004}}, "v10_distance": {"0-1": {"eta_c": 1.7231745985291578, "max_diff_c": 4.285705269093868, "shift_c": -1.4375}, "0-2": {"eta_c": 19.622436130916462, "max_diff_c": 74.21001533109849, "shift_c": 11.437500000000004}, "0-3": {"eta_c": 14.407881420508327, "max_diff_c": 59.01706710775084, "shift_c": 13.312500000000005}, "0-4": {"eta_c": 9.224667341977582, "max_diff_c": 24.08838746052746, "shift_c": 2.4375000000000004}, "0-5": {"eta_c": 8.776383954533145, "max_diff_c": 20.534697093376625, "shift_c": 2.1875000000000004}, "0-6": {"eta_c": 12.531403384702998, "max_diff_c": 39.796780937286, "shift_c": 6.812500000000003}, "0-7": {"eta_c": 10.725270848989323, "max_diff_c": 22.258707778388104, "shift_c": 7.375000000000003}, "0-8": {"eta_c": 12.702259787545504, "max_diff_c": 43.72927130138105, "shift_c": 9.812500000000002}, "0-9": {"eta_c": 9.59657182009253, "max_diff_c": 25.559775953645275, "shift_c": 10.500000000000002}, "1-2": {"eta_c": 21.052075166129747, "max_diff_c": 78.49224209372282, "shift_c": 12.875000000000005}, "1-3": {"eta_c": 15.868796745040221, "max_diff_c": 63.09845617802816, "shift_c": 14.750000000000004}, "1-4": {"eta_c": 8.881437280259094, "max_diff_c": 26.341808128147164, "shift_c": 3.875000000000001}, "1-5": {"eta_c": 8.048530902809492, "max_diff_c": 18.266305269157048, "shift_c": 3.5625000000000013}, "1-6": {"eta_c": 11.736915254691171, "max_diff_c": 35.90373018424979, "shift_c": 5.125000000000001}, "1-7": {"eta_c": 10.4201143709874, "max_diff_c": 23.998000369918913, "shift_c": 8.750000000000002}, "1-8": {"eta_c": 11.723381758854142, "max_diff_c": 39.83622054834484, "shift_c": 8.125000000000002}, "1-9": {"eta_c": 9.532403507436374, "max_diff_c": 27.885636488876944, "shift_c": 11.937500000000004}, "2-3": {"eta_c": 7.49000968407428, "max_diff_c": 31.552607995310495, "shift_c": 1.8750000000000004}, "2-4": {"eta_c": 25.07295329973462, "max_diff_c": 87.42753956309312, "shift_c": -9.000000000000004}, "2-5": {"eta_c": 24.70456542491656, "max_diff_c": 94.7447124244751, "shift_c": -9.250000000000004}, "2-6": {"eta_c": 30.01944615989848, "max_diff_c": 98.3048209827246, "shift_c": 26.875000000000004}, "2-7": {"eta_c": 26.69710886292311, "max_diff_c": 96.46872310948659, "shift_c": -4.062500000000001}, "2-8": {"eta_c": 30.593896145847477, "max_diff_c": 102.59602960555955, "shift_c": 29.875000000000007}, "2-9": {"eta_c": 24.83528897903478, "max_diff_c": 88.61629933779817, "shift_c": -0.9375}, "3-4": {"eta_c": 19.414095816769397, "max_diff_c": 70.48735418286682, "shift_c": -10.937500000000004}, "3-5": {"eta_c": 18.952551132665537, "max_diff_c": 63.129604429164615, "shift_c": -11.187500000000004}, "3-6": {"eta_c": 27.069557065156424, "max_diff_c": 79.36884881104777, "shift_c": 23.625000000000007}, "3-7": {"eta_c": 20.10006884664906, "max_diff_c": 64.8536151141761, "shift_c": -6.000000000000002}, "3-8": {"eta_c": 27.479316548235786, "max_diff_c": 83.44702611373371, "shift_c": 26.562500000000004}, "3-9": {"eta_c": 18.409998318832134,