{"pseudos": ["DOJO-041-std-17", "DOJO-041-str-17", "SPMS-17", "SG15-17", "GBRV-1.X-17", "PSL-US-v1-high-17", "PSL-US-v1-low-9", "PSL-PAW-v1-high-17", "PSL-PAW-v1-low-9", "JTH-1.1-std-17"], "v_distance": {"eta_c": [[0.0, 1.707750841546438, 17.262133071126193, 11.090211411118592, 9.50884092886067, 9.256555344394972, 13.514510658989568, 11.406371361605185, 13.667022636133458, 9.843781809570451], [1.707750841546438, 0.0, 18.630656588165234, 12.549614034224515, 9.08882910096819, 8.227865209014954, 12.7434025887916, 10.930023861814684, 12.614015402279842, 9.668151825114489], [17.262133071126193, 18.630656588165234, 0.0, 7.894740023087791, 23.707872301450966, 24.430037794819878, 29.120187525989202, 26.47968756515239, 30.297625326271728, 23.592391280798065], [11.090211411118592, 12.549614034224515, 7.894740023087791, 0.0, 17.251150268093962, 18.062056840680363, 25.538489224741475, 19.20989044632349, 26.594735314719546, 16.418657938453247], [9.50884092886067, 9.08882910096819, 23.707872301450966, 17.251150268093962, 0.0, 4.029199370144827, 9.458542602434099, 5.631142596063667, 11.811502041188607, 4.4668181674765375], [9.256555344394972, 8.227865209014954, 24.430037794819878, 18.062056840680363, 4.029199370144827, 0.0, 8.121757729872785, 6.721732104439489, 9.784801265256343, 6.097510277006232], [13.514510658989568, 12.7434025887916, 29.120187525989202, 25.538489224741475, 9.458542602434099, 8.121757729872785, 0.0, 8.895896637465993, 3.625319122895984, 12.179361275574607], [11.406371361605185, 10.930023861814684, 26.47968756515239, 19.20989044632349, 5.631142596063667, 6.721732104439489, 8.895896637465993, 0.0, 10.638144433815345, 3.5464938761538725], [13.667022636133458, 12.614015402279842, 30.297625326271728, 26.594735314719546, 11.811502041188607, 9.784801265256343, 3.625319122895984, 10.638144433815345, 0.0, 14.251315390554094], [9.843781809570451, 9.668151825114489, 23.592391280798065, 16.418657938453247, 4.4668181674765375, 6.097510277006232, 12.179361275574607, 3.5464938761538725, 14.251315390554094, 0.0]], "max_diff_c": [[0.0, 4.410705269093868, 76.96001533109849, 50.3897028437253, 24.15088746052746, 20.431610630227055, 39.359280937285995, 22.7587077783881, 41.97927130138105, 26.647060659278285], [4.410705269093868, 0.0, 81.36724209372281, 54.59914803748489, 26.277432872082954, 17.751862672601906, 35.40373018424979, 24.468417647052007, 38.02372054834484, 28.82787245806472], [76.96001533109849, 81.36724209372281, 0.0, 32.490107995310495, 90.24003956309313, 97.05721242447511, 99.49232098272462, 99.71872310948659, 102.47102960555956, 92.55379933779817], [50.3897028437253, 54.59914803748489, 32.490107995310495, 0.0, 57.98983079277099, 64.5671044291646, 81.11884881104778, 67.2911151141761, 83.82202611373371, 60.06369134248767], [24.15088746052746, 26.277432872082954, 90.24003956309313, 57.98983079277099, 0.0, 8.531573030825939, 32.507337798247185, 12.067329849609992, 35.220652515755376, 17.029061758876736], [20.431610630227055, 17.751862672601906, 97.05721242447511, 64.5671044291646, 8.531573030825939, 0.0, 29.178667075514355, 9.122172543581653, 30.53518519868591, 11.317419691753885], [39.359280937285995, 35.40373018424979, 99.49232098272462, 81.11884881104778, 32.507337798247185, 29.178667075514355, 0.0, 31.520205937056218, 10.054803536976578, 40.641789705886836], [22.7587077783881, 24.468417647052007, 99.71872310948659, 67.2911151141761, 12.067329849609992, 9.122172543581653, 31.520205937056218, 0.0, 32.87672406022777, 11.246583768830616], [41.97927130138105, 38.02372054834484, 102.47102960555956, 83.82202611373371, 35.220652515755376, 30.53518519868591, 10.054803536976578, 32.87672406022777, 0.0, 41.99830782905839], [26.647060659278285, 28.82787245806472, 92.55379933779817, 60.06369134248767, 17.029061758876736, 11.317419691753885, 40.641789705886836, 11.246583768830616, 41.99830782905839, 0.0]], "shift_c": [[0.0, -0.0013124999999999999, 0.008687500000000003, 0.011500000000000003, 0.0025000000000000005, 0.0017500000000000003, 0.007250000000000003, 0.007875000000000002, 0.011562500000000003, 0.011687500000000003], [0.0013124999999999999, 0.0, 0.010000000000000002, 0.012812500000000004, 0.003812500000000001, 0.003062500000000001, 0.0056250000000000015, 0.009250000000000003, 0.009937500000000002, 0.013000000000000006], [-0.008687500000000003, -0.010000000000000002, 0.0, 0.0028125000000000008, -0.006187500000000002, -0.006937500000000003, 0.025687500000000005, -0.0008125000000000002, 0.03000000000000001, 0.003000000000000001], [-0.011500000000000003, -0.012812500000000004, -0.0028125000000000008, 0.0, -0.009000000000000005, -0.009750000000000002, 0.02187500000000001, -0.0035625000000000006, 0.026187500000000002, 0.0001875], [-0.0025000000000000005, -0.003812500000000001, 0.006187500000000002, 0.009000000000000005, 0.0, -0.00075, 0.005250000000000001, 0.005375000000000001, 0.009562500000000003, 0.009187500000000003], [-0.0017500000000000003, -0.003062500000000001, 0.006937500000000003, 0.009750000000000002, 0.00075, 0.0, 0.005125000000000001, 0.006125000000000002, 0.009437500000000003, 0.009937500000000002], [-0.007250000000000003, -0.0056250000000000015, -0.025687500000000005, -0.02187500000000001, -0.005250000000000001, -0.005125000000000001, 0.0, 0.005937500000000002, -0.004312500000000001, 0.011812500000000004], [-0.007875000000000002, -0.009250000000000003, 0.0008125000000000002, 0.0035625000000000006, -0.005375000000000001, -0.006125000000000002, -0.005937500000000002, 0.0, 0.010250000000000002, 0.0037500000000000016], [-0.011562500000000003, -0.009937500000000002, -0.03000000000000001, -0.026187500000000002, -0.009562500000000003, -0.009437500000000003, 0.004312500000000001, -0.010250000000000002, 0.0, 0.016125000000000004], [-0.011687500000000003, -0.013000000000000006, -0.003000000000000001, -0.0001875, -0.009187500000000003, -0.009937500000000002, -0.011812500000000004, -0.0037500000000000016, -0.016125000000000004, 0.0]]}, "v10_distance": {"eta_c": [[0.0, 1.7231745985291578, 19.622436130916462, 14.407881420508327, 9.224667341977582, 8.776383954533145, 12.531403384702998, 10.725270848989323, 12.702259787545504, 9.59657182009253], [1.7231745985291578, 0.0, 21.052075166129747, 15.868796745040221, 8.881437280259094, 8.048530902809492, 11.736915254691171, 10.4201143709874, 11.723381758854142, 9.532403507436374], [19.622436130916462, 21.052075166129747, 0.0, 7.49000968407428, 25.07295329973462, 24.70456542491656, 30.01944615989848, 26.69710886292311, 30.593896145847477, 24.83528897903478], [14.407881420508327, 15.868796745040221, 7.49000968407428, 0.0, 19.414095816769397, 18.952551132665537, 27.069557065156424, 20.10006884664906, 27.479316548235786, 18.409998318832134], [9.224667341977582, 8.881437280259094, 25.07295329973462, 19.414095816769397, 0.0, 4.248386943815541, 8.741724157289955, 5.674199089498681, 10.53637581141235, 5.372358985839808], [8.776383954533145, 8.048530902809492, 24.70456542491656, 18.952551132665537, 4.248386943815541, 0.0, 8.698305883097854, 6.436551116692538, 9.469652710624258, 6.6420600841657365], [12.531403384702998, 11.736915254691171, 30.01944615989848, 27.069557065156424, 8.741724157289955, 8.698305883097854, 0.0, 9.505301819863927, 3.783072539452714, 11.736673744941976], [10.725270848989323, 10.4201143709874, 26.69710886292311, 20.10006884664906, 5.674199089498681, 6.436551116692538, 9.505301819863927, 0.0, 10.357931315659375, 3.7457705568156734], [12.702259787545504, 11.723381758854142, 30.593896145847477, 27.479316548235786, 10.53637581141235, 9.469652710624258, 3.783072539452714, 10.357931315659375, 0.0, 13.443234345117245], [9.59657182009253, 9.532403507436374, 24.83528897903478, 18.409998318832134, 5.372358985839808, 6.6420600841657365, 11.736673744941976, 3.7457705568156734, 13.443234345117245, 0.0]],