{"pseudos": {"Cr.nc.pbe.z_14.oncvpsp3.dojo.v0.4.1-std.upf": 0, "Cr.nc.pbe.z_14.oncvpsp3.dojo.v0.4.1-str.upf": 1, "Cr.nc.pbe.z_14.oncvpsp4.spms.v1.upf": 2, "Cr.nc.pbe.z_14.oncvpsp4.sg15.v0.upf": 3, "Cr.us.pbe.z_14.uspp.gbrv.v1.5.upf": 4, "Cr.us.pbe.z_14.ld1.psl.v1.0.0-high.upf": 5, "Cr.paw.pbe.z_14.ld1.psl.v1.0.0-high.upf": 6, "Cr.paw.pbe.z_14.atompaw.jth.v1.1-std.upf": 7}, "v_distance": {"0-1": {"eta_c": 5.319507528924286, "max_diff_c": 19.100674596382547, "shift_c": 9.000000000000004}, "0-2": {"eta_c": 25.681453765408236, "max_diff_c": 52.03741819028051, "shift_c": 4.187500000000001}, "0-3": {"eta_c": 12.85759769455122, "max_diff_c": 29.397356727317174, "shift_c": 4.875000000000001}, "0-4": {"eta_c": 17.26895305149948, "max_diff_c": 45.76551535024167, "shift_c": 36.875000000000014}, "0-5": {"eta_c": 16.52828288768569, "max_diff_c": 39.258044169351905, "shift_c": 25.125}, "0-6": {"eta_c": 19.226270088470084, "max_diff_c": 49.59903574226309, "shift_c": 31.625000000000007}, "0-7": {"eta_c": 50.391241614237714, "max_diff_c": 362.5528961551931, "shift_c": -18.875000000000007}, "1-2": {"eta_c": 26.34700103535614, "max_diff_c": 71.13809278666305, "shift_c": -4.812500000000001}, "1-3": {"eta_c": 9.292339394268373, "max_diff_c": 22.336581141134616, "shift_c": -4.125000000000001}, "1-4": {"eta_c": 15.411045095211582, "max_diff_c": 34.25271516110775, "shift_c": 27.875000000000004}, "1-5": {"eta_c": 14.243401554981125, "max_diff_c": 26.95093015512146, "shift_c": 16.125000000000004}, "1-6": {"eta_c": 17.51557794445336, "max_diff_c": 38.08623555312918, "shift_c": 22.625000000000007}, "1-7": {"eta_c": 51.30205536727868, "max_diff_c": 381.71607075157567, "shift_c": -27.812500000000004}, "2-3": {"eta_c": 24.07057842074083, "max_diff_c": 75.16251955418669, "shift_c": 0.6875}, "2-4": {"eta_c": 22.286400093846897, "max_diff_c": 67.8330447083973, "shift_c": 32.75000000000001}, "2-5": {"eta_c": 20.352191839652736, "max_diff_c": 62.78286583354614, "shift_c": 20.937500000000004}, "2-6": {"eta_c": 22.160176698076405, "max_diff_c": 61.53946222321372, "shift_c": 27.437500000000004}, "2-7": {"eta_c": 45.17821975657204, "max_diff_c": 310.5779779649126, "shift_c": -23.000000000000007}, "3-4": {"eta_c": 18.15435091009992, "max_diff_c": 37.456469282414396, "shift_c": 32.00000000000001}, "3-5": {"eta_c": 14.745817640766962, "max_diff_c": 29.19212649434323, "shift_c": 20.250000000000004}, "3-6": {"eta_c": 19.241093198172706, "max_diff_c": 40.327431892350944, "shift_c": 26.750000000000004}, "3-7": {"eta_c": 47.58439326364577, "max_diff_c": 385.7404975190993, "shift_c": -23.687500000000007}, "4-5": {"eta_c": 6.483202529441037, "max_diff_c": 32.76715821894601, "shift_c": -11.750000000000004}, "4-6": {"eta_c": 5.342560067362416, "max_diff_c": 30.340800617151444, "shift_c": -5.312500000000001}, "4-7": {"eta_c": 55.22574391523465, "max_diff_c": 378.4110226733099, "shift_c": -55.75000000000001}, "5-6": {"eta_c": 4.921124567327713, "max_diff_c": 11.135305398007718, "shift_c": 6.500000000000003}, "5-7": {"eta_c": 50.946663592279066, "max_diff_c": 365.07609802900214, "shift_c": -43.937500000000014}, "6-7": {"eta_c": 53.333358876636, "max_diff_c": 363.1224877160345, "shift_c": -50.4375}}, "v10_distance": {"0-1": {"eta_c": 9.598304341362645, "max_diff_c": 24.288174596382547, "shift_c": 3.812500000000001}, "0-2": {"eta_c": 22.227756168898974, "max_diff_c": 52.28741819028051, "shift_c": 4.437500000000002}, "0-3": {"eta_c": 13.782060025041, "max_diff_c": 93.80102804859817, "shift_c": 0.9375}, "0-4": {"eta_c": 27.54209632371942, "max_diff_c": 55.19708553552926, "shift_c": 21.812500000000007}, "0-5": {"eta_c": 23.718975210971575, "max_diff_c": 81.6515056246173, "shift_c": 14.250000000000002}, "0-6": {"eta_c": 26.83437432542445, "max_diff_c": 71.5380429172329, "shift_c": 19.375000000000007}, "0-7": {"eta_c": 51.70596878897086, "max_diff_c": 359.17789615519314, "shift_c": -22.250000000000007}, "1-2": {"eta_c": 24.941248771037845, "max_diff_c": 76.57559278666305, "shift_c": 0.625}, "1-3": {"eta_c": 8.769076408577883, "max_diff_c": 64.69568449249556, "shift_c": -2.875}, "1-4": {"eta_c": 19.994561956077646, "max_diff_c": 37.603753058466886, "shift_c": 18.062500000000007}, "1-5": {"eta_c": 16.44201213733667, "max_diff_c": 57.02767917441105, "shift_c": 10.500000000000002}, "1-6": {"eta_c": 20.101530917992257, "max_diff_c": 60.04359412452023, "shift_c": 15.562500000000004}, "1-7": {"eta_c": 51.6879769946128, "max_diff_c": 383.52857075157567, "shift_c": -26.00000000000001}, "2-3": {"eta_c": 24.03703940702065, "max_diff_c": 137.57510491518337, "shift_c": -3.5000000000000004}, "2-4": {"eta_c": 31.798637946190873, "max_diff_c": 83.14554470839728, "shift_c": 17.437500000000004}, "2-5": {"eta_c": 28.502194439401293, "max_diff_c": 125.3630824912025, "shift_c": 9.875000000000002}, "2-6": {"eta_c": 31.248268384820513, "max_diff_c": 128.6231235701492, "shift_c": 14.937500000000004}, "2-7": {"eta_c": 49.87173688163998, "max_diff_c": 306.95297796491263, "shift_c": -26.62500000000001}, "3-4": {"eta_c": 22.82852123499638, "max_diff_c": 66.71349091910253, "shift_c": 20.875000000000004}, "3-5": {"eta_c": 16.952850475014063, "max_diff_c": 31.49584923584786, "shift_c": 13.312500000000005}, "3-6": {"eta_c": 21.386219978686974, "max_diff_c": 38.57997900936895, "shift_c": 18.437500000000007}, "3-7": {"eta_c": 48.92447501184649, "max_diff_c": 386.2404975190993, "shift_c": -23.187500000000007}, "4-5": {"eta_c": 10.154223230169537, "max_diff_c": 60.60307528490347, "shift_c": -7.562500000000002}, "4-6": {"eta_c": 8.702084712180636, "max_diff_c": 63.670723492093515, "shift_c": -2.5}, "4-7": {"eta_c": 56.83948926579288, "max_diff_c": 390.1610226733099, "shift_c": -44.000000000000014}, "5-6": {"eta_c": 5.496368023919719, "max_diff_c": 13.199565566661052, "shift_c": 5.062500000000001}, "5-7": {"eta_c": 50.93416701007729, "max_diff_c": 372.51359802900214, "shift_c": -36.500000000000014}, "6-7": {"eta_c": 52.961719489449834, "max_diff_c": 371.9974877160345, "shift_c": -41.56250000000001}}}