{"pseudos": ["DOJO-041-std-14", "DOJO-041-str-14", "SPMS-14", "SG15-14", "GBRV-1.X-14", "PSL-US-v1-high-14", "PSL-PAW-v1-high-14", "JTH-1.1-std-14"], "v_distance": {"eta_c": [[0.0, 5.319507528924286, 25.681453765408236, 12.85759769455122, 17.26895305149948, 16.52828288768569, 19.226270088470084, 50.391241614237714], [5.319507528924286, 0.0, 26.34700103535614, 9.292339394268373, 15.411045095211582, 14.243401554981125, 17.51557794445336, 51.30205536727868], [25.681453765408236, 26.34700103535614, 0.0, 24.07057842074083, 22.286400093846897, 20.352191839652736, 22.160176698076405, 45.17821975657204], [12.85759769455122, 9.292339394268373, 24.07057842074083, 0.0, 18.15435091009992, 14.745817640766962, 19.241093198172706, 47.58439326364577], [17.26895305149948, 15.411045095211582, 22.286400093846897, 18.15435091009992, 0.0, 6.483202529441037, 5.342560067362416, 55.22574391523465], [16.52828288768569, 14.243401554981125, 20.352191839652736, 14.745817640766962, 6.483202529441037, 0.0, 4.921124567327713, 50.946663592279066], [19.226270088470084, 17.51557794445336, 22.160176698076405, 19.241093198172706, 5.342560067362416, 4.921124567327713, 0.0, 53.333358876636], [50.391241614237714, 51.30205536727868, 45.17821975657204, 47.58439326364577, 55.22574391523465, 50.946663592279066, 53.333358876636, 0.0]], "max_diff_c": [[0.0, 19.100674596382547, 52.03741819028051, 29.397356727317174, 45.76551535024167, 39.258044169351905, 49.59903574226309, 362.5528961551931], [19.100674596382547, 0.0, 71.13809278666305, 22.336581141134616, 34.25271516110775, 26.95093015512146, 38.08623555312918, 381.71607075157567], [52.03741819028051, 71.13809278666305, 0.0, 75.16251955418669, 67.8330447083973, 62.78286583354614, 61.53946222321372, 310.5779779649126], [29.397356727317174, 22.336581141134616, 75.16251955418669, 0.0, 37.456469282414396, 29.19212649434323, 40.327431892350944, 385.7404975190993], [45.76551535024167, 34.25271516110775, 67.8330447083973, 37.456469282414396, 0.0, 32.76715821894601, 30.340800617151444, 378.4110226733099], [39.258044169351905, 26.95093015512146, 62.78286583354614, 29.19212649434323, 32.76715821894601, 0.0, 11.135305398007718, 365.07609802900214], [49.59903574226309, 38.08623555312918, 61.53946222321372, 40.327431892350944, 30.340800617151444, 11.135305398007718, 0.0, 363.1224877160345], [362.5528961551931, 381.71607075157567, 310.5779779649126, 385.7404975190993, 378.4110226733099, 365.07609802900214, 363.1224877160345, 0.0]], "shift_c": [[0.0, 0.009000000000000005, 0.004187500000000001, 0.004875000000000001, 0.03687500000000001, 0.025125, 0.03162500000000001, -0.018875000000000006], [-0.009000000000000005, 0.0, -0.004812500000000001, -0.004125000000000001, 0.027875000000000004, 0.016125000000000004, 0.022625000000000006, -0.027812500000000004], [-0.004187500000000001, 0.004812500000000001, 0.0, 0.0006875, 0.03275000000000001, 0.020937500000000005, 0.027437500000000004, -0.023000000000000007], [-0.004875000000000001, 0.004125000000000001, -0.0006875, 0.0, 0.03200000000000001, 0.020250000000000004, 0.026750000000000003, -0.023687500000000007], [-0.03687500000000001, -0.027875000000000004, -0.03275000000000001, -0.03200000000000001, 0.0, -0.011750000000000003, -0.005312500000000001, -0.05575000000000001], [-0.025125, -0.016125000000000004, -0.020937500000000005, -0.020250000000000004, 0.011750000000000003, 0.0, 0.006500000000000003, -0.04393750000000002], [-0.03162500000000001, -0.022625000000000006, -0.027437500000000004, -0.026750000000000003, 0.005312500000000001, -0.006500000000000003, 0.0, -0.0504375], [0.018875000000000006, 0.027812500000000004, 0.023000000000000007, 0.023687500000000007, 0.05575000000000001, 0.04393750000000002, 0.0504375, 0.0]]}, "v10_distance": {"eta_c": [[0.0, 9.598304341362645, 22.227756168898974, 13.782060025041, 27.54209632371942, 23.718975210971575, 26.83437432542445, 51.70596878897086], [9.598304341362645, 0.0, 24.941248771037845, 8.769076408577883, 19.994561956077646, 16.44201213733667, 20.101530917992257, 51.6879769946128], [22.227756168898974, 24.941248771037845, 0.0, 24.03703940702065, 31.798637946190873, 28.502194439401293, 31.248268384820513, 49.87173688163998], [13.782060025041, 8.769076408577883, 24.03703940702065, 0.0, 22.82852123499638, 16.952850475014063, 21.386219978686974, 48.92447501184649], [27.54209632371942, 19.994561956077646, 31.798637946190873, 22.82852123499638, 0.0, 10.154223230169537, 8.702084712180636, 56.83948926579288], [23.718975210971575, 16.44201213733667, 28.502194439401293, 16.952850475014063, 10.154223230169537, 0.0, 5.496368023919719, 50.93416701007729], [26.83437432542445, 20.101530917992257, 31.248268384820513, 21.386219978686974, 8.702084712180636, 5.496368023919719, 0.0, 52.961719489449834], [51.70596878897086, 51.6879769946128, 49.87173688163998, 48.92447501184649, 56.83948926579288, 50.93416701007729, 52.961719489449834, 0.0]], "max_diff_c": [[0.0, 24.288174596382547, 52.28741819028051, 93.80102804859817, 55.19708553552926, 81.6515056246173, 71.5380429172329, 359.17789615519314], [24.288174596382547, 0.0, 76.57559278666305, 64.69568449249556, 37.603753058466886, 57.02767917441105, 60.04359412452023, 383.52857075157567], [52.28741819028051, 76.57559278666305, 0.0, 137.57510491518337, 83.14554470839728, 125.3630824912025, 128.6231235701492, 306.95297796491263], [93.80102804859817, 64.69568449249556, 137.57510491518337, 0.0, 66.71349091910253, 31.49584923584786, 38.57997900936895, 386.2404975190993], [55.19708553552926, 37.603753058466886, 83.14554470839728, 66.71349091910253, 0.0, 60.60307528490347, 63.670723492093515, 390.1610226733099], [81.6515056246173, 57.02767917441105, 125.3630824912025, 31.49584923584786, 60.60307528490347, 0.0, 13.199565566661052, 372.51359802900214], [71.5380429172329, 60.04359412452023, 128.6231235701492, 38.57997900936895, 63.670723492093515, 13.199565566661052, 0.0, 371.9974877160345], [359.17789615519314, 383.52857075157567, 306.95297796491263, 386.2404975190993, 390.1610226733099, 372.51359802900214, 371.9974877160345, 0.0]], "shift_c": [[0.0, 0.003812500000000001, 0.004437500000000002, 0.0009375, 0.02181250000000001, 0.014250000000000002, 0.019375000000000007, -0.022250000000000006], [-0.003812500000000001, 0.0, 0.000625, -0.002875, 0.01806250000000001, 0.010500000000000002, 0.015562500000000003, -0.026000000000000013], [-0.004437500000000002, -0.000625, 0.0, -0.0035000000000000005, 0.017437500000000005, 0.009875000000000002, 0.014937500000000005, -0.02662500000000001], [-0.0009375, 0.002875, 0.0035000000000000005, 0.0, 0.020875000000000005, 0.013312500000000005, 0.018437500000000006, -0.023187500000000007], [-0.02181250000000001, -0.01806250000000001, -0.017437500000000005, -0.020875000000000005, 0.0, -0.0075625000000000015, -0.0025, -0.04400000000000002], [-0.014250000000000002, -0.010500000000000002, -0.009875000000000002, -0.013312500000000005, 0.0075625000000000015, 0.0, 0.005062500000000001, -0.03650000000000001], [-0.019375000000000007, -0.015562500000000003, -0.014937500000000005, -0.018437500000000006, 0.0025, -0.005062500000000001, 0.0, -0.04156250000000001], [0.022250000000000006, 0.026000000000000013, 0.02662500000000001, 0.023187500000000007, 0.04400000000000002, 0.03650000000000001, 0.04156250000000001, 0.0]]}}