{"pseudos": ["DOJO-041-std-9", "SPMS-9", "SG15-9", "GBRV-1.X-9", "PSL-US-v1-high-9", "PSL-US-v1-low-9", "PSL-PAW-v1-high-9", "PSL-PAW-v1-low-9", "JTH-1.1-std-9"], "v_distance": {"eta": [[0.0, 0.04630879712007876, 0.25296196186670683, 0.7878960566132972, 0.7712167029961395, 0.29976497008937564, 0.8069501686796221, 0.5774602510750776, 0.44876527298141], [0.14698362806682397, 0.0, 0.278348604045747, 0.7832898706434117, 0.7350019393762616, 0.2641675529213703, 0.770863117729365, 0.5458259073665075, 0.4312027893769364], [0.7204908575126688, 0.8563390728937783, 0.0, 0.6852681300794635, 0.9586575747070928, 0.46932066986523846, 0.9861965947526251, 0.6861444877791878, 0.44993377539361956], [1.3995557926863853, 1.3981286565947073, 1.2817153453920582, 0.0, 1.0005789635300157, 0.735035169833726, 0.9904229921794199, 0.6435542762998273, 0.5022823264554004], [2.5300308882419533, 2.3835360056205777, 3.209813776793571, 2.8508299947549287, 0.0, 0.4925650151224475, 0.055688323544231755, 0.3754426651328614, 0.6746412770952812], [0.9441631038787986, 0.7971794758119746, 1.6127835485476432, 1.2708086731425876, 1.597030228245927, 0.0, 0.5236608191380567, 0.3025062005815641, 0.32836829419546804], [2.5875105197259356, 2.44101563710456, 3.2672934082775535, 2.908309626238911, 0.1033380941975679, 1.6545098597299095, 0.0, 0.3734444323334285, 0.6831015072595973], [1.3826601751865386, 1.2356765471197149, 2.057362864429152, 1.709305744450328, 1.1524509123644187, 0.5394667233427981, 1.209930543848401, 0.0, 0.3278675953187937], [1.135125707768955, 1.0644116742312413, 1.2314430621868855, 1.0465250997470223, 2.3427511168795085, 0.9768941564990214, 2.400230748363491, 1.1903002045150899, 0.0]], "shift": [[0.0, 0.125, -0.5625000000000001, -0.25, 2.1250000000000004, 0.8125000000000001, 2.1875000000000004, 1.25, 0.375], [-0.125, 0.0, -0.6875, -0.375, 2.0000000000000004, 0.6875, 2.0625000000000004, 1.1250000000000002, 0.25], [0.5625000000000001, 0.6875, 0.0, 0.3125, 2.6875000000000004, 1.375, 2.750000000000001, 1.8125000000000002, 0.9375], [0.25, 0.375, -0.3125, 0.0, 2.3750000000000004, 1.0625, 2.4375000000000004, 1.5000000000000002, 0.625], [-2.1250000000000004, -2.0000000000000004, -2.6875000000000004, -2.3750000000000004, 0.0, -1.3124999999999998, 0.0625, -0.875, -1.75], [-0.8125000000000001, -0.6875, -1.375, -1.0625, 1.3124999999999998, 0.0, 1.375, 0.4375, -0.4375], [-2.1875000000000004, -2.0625000000000004, -2.750000000000001, -2.4375000000000004, -0.0625, -1.375, 0.0, -0.9375, -1.8124999999999998], [-1.25, -1.1250000000000002, -1.8125000000000002, -1.5000000000000002, 0.875, -0.4375, 0.9375, 0.0, -0.875], [-0.375, -0.25, -0.9375, -0.625, 1.75, 0.4375, 1.8124999999999998, 0.875, 0.0]]}, "v10_distance": {"eta": [[0.0, 1.6683639250678497, 174.391751150085, 105.69860600222965, 17.90491297986573, 169.79751206956442, 18.011343409674346, 169.7374109248286, 193.11462622949222], [8.424676836893582, 0.0, 173.232371599166, 104.25146416389101, 16.249937162911582, 168.61732954111463, 16.356428869913167, 168.55703521461973, 192.03078327521084], [913.741206780514, 909.0148063258646, 0.0, 82.78254121134259, 161.7017101858131, 6.253118256109405, 161.61595795495447, 6.360520512659628, 24.417700752391184], [629.7985537854361, 622.8597402603369, 413.52718687886136, 0.0, 90.02688769984876, 77.13317852376706, 89.92620550360567, 77.06479725405023, 105.85258191010689], [90.84559820063137, 82.80029804375532, 858.6540493135661, 460.6747505470516, 0.0, 156.86967798687675, 0.12320640799735115, 156.80642060826693, 181.22805683713037], [877.8264607800338, 873.100060324864, 28.58781469387479, 425.5428924206488, 822.801803313086, 0.0, 156.7826615537357, 0.24900722514460039, 30.40084813221756], [91.35756600499758, 83.31226584812153, 858.3152287727277, 460.2761569959172, 0.5119678043662077, 822.4629827722476, 0.0, 156.71932304409742, 181.1465247354321], [877.58656174013, 872.9226612869603, 28.773855059358723, 425.3029933926377, 822.5619042731822, 0.8519667233427981, 822.2230837323438, 0.0, 30.479750342672304], [1063.3533559781697, 1058.5644555229999, 129.96355449139386, 513.0975485287055, 852.0103282548, 158.55136918526867, 851.7048338069935, 158.73740955075257, 0.0]], "shift": [[0.0, 0.6875, 92.18750000000006, 48.687500000000014, 7.312500000000003, 89.00000000000006, 7.375000000000003, 89.12500000000006, 105.06250000000006], [-0.6875, 0.0, 91.68750000000006, 48.062500000000014, 6.625000000000003, 88.50000000000006, 6.687500000000003, 88.56250000000004, 104.62500000000007], [-92.18750000000006, -91.68750000000006, 0.0, -48.4375, -86.68750000000003, -3.687500000000001, -86.62500000000003, -3.5625000000000004, 15.000000000000004], [-48.687500000000014, -48.062500000000014, 48.4375, 0.0, -42.12500000000001, 44.875000000000014, -42.06250000000001, 45.000000000000014, 62.937500000000036], [-7.312500000000003, -6.625000000000003, 86.68750000000003, 42.12500000000001, 0.0, 83.43750000000006, 0.0625, 83.56250000000004, 99.87500000000006], [-89.00000000000006, -88.50000000000006, 3.687500000000001, -44.875000000000014, -83.43750000000006, 0.0, -83.37500000000001, 0.125, 18.687500000000007], [-7.375000000000003, -6.687500000000003, 86.62500000000003, 42.06250000000001, -0.0625, 83.37500000000001, 0.0, 83.50000000000004, 99.81250000000006], [-89.12500000000006, -88.56250000000004, 3.5625000000000004, -45.000000000000014, -83.56250000000004, -0.125, -83.50000000000004, 0.0, 18.562500000000007], [-105.06250000000006, -104.62500000000007, -15.000000000000004, -62.937500000000036, -99.87500000000006, -18.687500000000007, -99.81250000000006, -18.562500000000007, 0.0]]}}