{"pseudos": ["DOJO-041-std-9", "SPMS-9", "SG15-9", "GBRV-1.X-9", "PSL-US-v1-high-9", "PSL-US-v1-low-9", "PSL-PAW-v1-high-9", "PSL-PAW-v1-low-9", "JTH-1.1-std-9"], "v_distance": {"eta_c": [[0.0, 0.04630879712007876, 0.25296196186670683, 0.7878960566132972, 0.7712167029961395, 0.29976497008937564, 0.8069501686796221, 0.5774602510750776, 0.44876527298141], [0.04630879712007876, 0.0, 0.278348604045747, 0.7832898706434117, 0.7350019393762616, 0.2641675529213703, 0.770863117729365, 0.5458259073665075, 0.4312027893769364], [0.25296196186670683, 0.278348604045747, 0.0, 0.6852681300794635, 0.9586575747070928, 0.46932066986523846, 0.9861965947526251, 0.6861444877791878, 0.44993377539361956], [0.7878960566132972, 0.7832898706434117, 0.6852681300794635, 0.0, 1.0005789635300157, 0.735035169833726, 0.9904229921794199, 0.6435542762998273, 0.5022823264554004], [0.7712167029961395, 0.7350019393762616, 0.9586575747070928, 1.0005789635300157, 0.0, 0.4925650151224475, 0.055688323544231755, 0.3754426651328614, 0.6746412770952812], [0.29976497008937564, 0.2641675529213703, 0.46932066986523846, 0.735035169833726, 0.4925650151224475, 0.0, 0.5236608191380567, 0.3025062005815641, 0.32836829419546804], [0.8069501686796221, 0.770863117729365, 0.9861965947526251, 0.9904229921794199, 0.055688323544231755, 0.5236608191380567, 0.0, 0.3734444323334285, 0.6831015072595973], [0.5774602510750776, 0.5458259073665075, 0.6861444877791878, 0.6435542762998273, 0.3754426651328614, 0.3025062005815641, 0.3734444323334285, 0.0, 0.3278675953187937], [0.44876527298141, 0.4312027893769364, 0.44993377539361956, 0.5022823264554004, 0.6746412770952812, 0.32836829419546804, 0.6831015072595973, 0.3278675953187937, 0.0]], "max_diff_c": [[0.0, 0.14698362806682397, 0.7204908575126688, 1.3995557926863853, 2.5300308882419533, 0.9441631038787986, 2.5875105197259356, 1.3826601751865386, 1.135125707768955], [0.14698362806682397, 0.0, 0.8563390728937783, 1.3981286565947073, 2.3835360056205777, 0.7971794758119746, 2.44101563710456, 1.2356765471197149, 1.0644116742312413], [0.7204908575126688, 0.8563390728937783, 0.0, 1.2817153453920582, 3.209813776793571, 1.6127835485476432, 3.2672934082775535, 2.057362864429152, 1.2314430621868855], [1.3995557926863853, 1.3981286565947073, 1.2817153453920582, 0.0, 2.8508299947549287, 1.2708086731425876, 2.908309626238911, 1.709305744450328, 1.0465250997470223], [2.5300308882419533, 2.3835360056205777, 3.209813776793571, 2.8508299947549287, 0.0, 1.597030228245927, 0.1033380941975679, 1.1524509123644187, 2.3427511168795085], [0.9441631038787986, 0.7971794758119746, 1.6127835485476432, 1.2708086731425876, 1.597030228245927, 0.0, 1.6545098597299095, 0.5394667233427981, 0.9768941564990214], [2.5875105197259356, 2.44101563710456, 3.2672934082775535, 2.908309626238911, 0.1033380941975679, 1.6545098597299095, 0.0, 1.209930543848401, 2.400230748363491], [1.3826601751865386, 1.2356765471197149, 2.057362864429152, 1.709305744450328, 1.1524509123644187, 0.5394667233427981, 1.209930543848401, 0.0, 1.1903002045150899], [1.135125707768955, 1.0644116742312413, 1.2314430621868855, 1.0465250997470223, 2.3427511168795085, 0.9768941564990214, 2.400230748363491, 1.1903002045150899, 0.0]], "shift_c": [[0.0, 0.009187330543913748, -0.041342987447611876, -0.018374661087827496, 0.15618461924653373, 0.05971764853543937, 0.16077828451849063, 0.09187330543913748, 0.027561991631741244], [0.009187330543913748, 0.0, -0.05053031799152561, -0.027561991631741244, 0.14699728870262, 0.05053031799152561, 0.15159095397457686, 0.08268597489522375, 0.018374661087827496], [-0.041342987447611876, -0.05053031799152561, 0.0, 0.02296832635978437, 0.19752760669414562, 0.10106063598305122, 0.20212127196610252, 0.13321629288674935, 0.06890497907935311], [-0.018374661087827496, -0.027561991631741244, 0.02296832635978437, 0.0, 0.17455928033436124, 0.07809230962326685, 0.17915294560631811, 0.11024796652696499, 0.04593665271956874], [0.15618461924653373, 0.14699728870262, 0.19752760669414562, 0.17455928033436124, 0.0, -0.09646697071109434, 0.004593665271956874, -0.06431131380739623, -0.12862262761479246], [0.05971764853543937, 0.05053031799152561, 0.10106063598305122, 0.07809230962326685, -0.09646697071109434, 0.0, 0.10106063598305122, 0.032155656903698114, -0.032155656903698114], [0.16077828451849063, 0.15159095397457686, 0.20212127196610252, 0.17915294560631811, 0.004593665271956874, 0.10106063598305122, 0.0, -0.06890497907935311, -0.13321629288674933], [0.09187330543913748, 0.08268597489522375, 0.13321629288674935, 0.11024796652696499, -0.06431131380739623, 0.032155656903698114, -0.06890497907935311, 0.0, -0.06431131380739623], [0.027561991631741244, 0.018374661087827496, 0.06890497907935311, 0.04593665271956874, -0.12862262761479246, -0.032155656903698114, -0.13321629288674933, -0.06431131380739623, 0.0]]}, "v10_distance": {"eta_c": [[0.0, 1.6683639250678497, 174.391751150085, 105.69860600222965, 17.90491297986573, 169.79751206956442, 18.011343409674346, 169.7374109248286, 193.11462622949222], [1.6683639250678497, 0.0, 173.232371599166, 104.25146416389101, 16.249937162911582, 168.61732954111463, 16.356428869913167, 168.55703521461973, 192.03078327521084], [174.391751150085, 173.232371599166, 0.0, 82.78254121134259, 161.7017101858131, 6.253118256109405, 161.61595795495447, 6.360520512659628, 24.417700752391184], [105.69860600222965, 104.25146416389101, 82.78254121134259, 0.0, 90.02688769984876, 77.13317852376706, 89.92620550360567, 77.06479725405023, 105.85258191010689], [17.90491297986573, 16.249937162911582, 161.7017101858131, 90.02688769984876, 0.0, 156.86967798687675, 0.12320640799735115, 156.80642060826693, 181.22805683713037], [169.79751206956442, 168.61732954111463, 6.253118256109405, 77.13317852376706, 156.86967798687675, 0.0, 156.7826615537357, 0.24900722514460039, 30.40084813221756], [18.011343409674346, 16.356428869913167, 161.61595795495447, 89.92620550360567, 0.12320640799735115, 156.7826615537357, 0.0, 156.71932304409742, 181.1465247354321], [169.7374109248286, 168.55703521461973, 6.360520512659628, 77.06479725405023, 156.80642060826693, 0.24900722514460039, 156.71932304409742, 0.0, 30.479750342672304], [193.11462622949222, 192.03078327521084, 24.417700752391184, 105.85258191010689, 181.22805683713037, 30.40084813221756, 181.1465247354321, 30.479750342672304, 0.0]], "max_diff_c": [[0.0, 8.424676836893582, 913.741206780514, 629.7985537854361, 90.84559820063137, 877.8264607800338, 91.35756600499758, 877.58656174013, 1063.3533559781697], [8.424676836893582, 0.0, 909.0148063258646, 622.8597402603369, 82.80029804375532, 873.100060324864, 83.31226584812153, 872.9226612869603, 1058.5644555229999], [913.741206780514, 909.0148063258646, 0.0, 413.52718687886136, 858.6540493135661, 28.58781469387479, 858.3152287727277, 28.773855059358723, 129.96355449139386], [629.7985537854361, 622.8597402603369, 413.52718687886136, 0.0, 460.6747505470516, 425.5428924206488, 460.2761569959172, 425.3029933926377, 513.0975485287055], [90.84559820063137, 82.80029804375532, 858.6540493135661, 460.6747505470516, 0.0, 822.801803313086, 0.5119678043662077, 822.5619042731822, 852.0103282548], [877.8264607800338, 873.100060324864, 28.58781469387479, 425.5428924206488, 822.801803313086, 0.0, 822.4629827722476, 0.8519667233427981, 158.55136918526867], [91.35756600499758, 83.31226584812153, 858.3152287727277, 460.2761569959172, 0.5119678043662077, 822.4629827722476, 0.0, 822.2230837323438, 851.7048338069935], [877.58656174013, 872.9226612869603, 28.773855059358723, 425.3029933926377, 822.5619042731822, 0.8519667233427981, 822.2230837323438, 0.0, 158.73740955075257], [1063.3533559781697, 1058.5644555229999, 129.96355449139386, 513.0975485287055, 852.0103282548, 158.55136918526867, 851.7048338069935, 158.73740955075257, 0.0]],