{"pseudos": {"Cu.nc.pbe.z_19.oncvpsp3.dojo.v0.4.1-std.upf": 0, "Cu.nc.pbe.z_19.oncvpsp3.dojo.v0.4.1-str.upf": 1, "Cu.nc.pbe.z_19.oncvpsp4.spms.v1.upf": 2, "Cu.nc.pbe.z_19.oncvpsp4.sg15.v0.upf": 3, "Cu.us.pbe.z_19.uspp.gbrv.v1.2.upf": 4, "Cu.us.pbe.z_19.ld1.psl.v1.0.0-high.upf": 5, "Cu.us.pbe.z_11.ld1.psl.v1.0.0-low.upf": 6, "Cu.us.pbe.z_11.ld1.psl.v0.2.upf": 7, "Cu.paw.pbe.z_11.ld1.psl.v0.2.upf": 8, "Cu.paw.pbe.z_19.ld1.psl.v1.0.0-high.upf": 9, "Cu.paw.pbe.z_11.ld1.psl.v1.0.0-low.upf": 10, "Cu.paw.pbe.z_19.atompaw.jth.v1.1-std.upf": 11}, "v_distance": {"0-1": {"eta_c": 6.6321563263695795, "max_diff_c": 20.73358806427261, "shift_c": -3.0}, "0-2": {"eta_c": 12.614407772148546, "max_diff_c": 44.02727796897947, "shift_c": 16.687500000000004}, "0-3": {"eta_c": 34.44836681579623, "max_diff_c": 105.17034183814923, "shift_c": -12.437500000000004}, "0-4": {"eta_c": 44.437708263194516, "max_diff_c": 60.477341543791205, "shift_c": 21.937500000000007}, "0-5": {"eta_c": 17.360376048241978, "max_diff_c": 62.62095260386488, "shift_c": -11.562500000000004}, "0-6": {"eta_c": 21.135916009506563, "max_diff_c": 68.63809174373085, "shift_c": 14.500000000000002}, "0-7": {"eta_c": 16.60948585149757, "max_diff_c": 43.04737922386013, "shift_c": 18.000000000000007}, "0-8": {"eta_c": 22.467944019060255, "max_diff_c": 61.305452669833, "shift_c": 18.812500000000007}, "0-9": {"eta_c": 24.970309273649427, "max_diff_c": 60.30249942203315, "shift_c": -3.6250000000000004}, "0-10": {"eta_c": 21.75722148608805, "max_diff_c": 72.47053986237823, "shift_c": 16.312500000000004}, "0-11": {"eta_c": 26.337020522206153, "max_diff_c": 78.26990016243826, "shift_c": 1.25}, "1-2": {"eta_c": 14.549670819632654, "max_diff_c": 64.427977927693, "shift_c": 19.687500000000007}, "1-3": {"eta_c": 27.835651111998317, "max_diff_c": 84.44376130720356, "shift_c": -9.437500000000004}, "1-4": {"eta_c": 39.5740853133626, "max_diff_c": 50.163074063944066, "shift_c": 24.875}, "1-5": {"eta_c": 11.02160370296406, "max_diff_c": 43.06314789321772, "shift_c": -8.562500000000002}, "1-6": {"eta_c": 14.478009323073952, "max_diff_c": 44.717003679458244, "shift_c": 8.312500000000002}, "1-7": {"eta_c": 10.557963430175327, "max_diff_c": 26.732418569721528, "shift_c": 11.812500000000004}, "1-8": {"eta_c": 15.932840249263839, "max_diff_c": 40.96506109079083, "shift_c": 12.687500000000004}, "1-9": {"eta_c": 18.71213212219488, "max_diff_c": 40.80719471138599, "shift_c": -0.6875}, "1-10": {"eta_c": 14.993067596206991, "max_diff_c": 48.61195179810561, "shift_c": 10.187500000000002}, "1-11": {"eta_c": 19.79148733384493, "max_diff_c": 57.536312098165645, "shift_c": 4.250000000000001}, "2-3": {"eta_c": 37.33264772238095, "max_diff_c": 148.87173923489655, "shift_c": -29.125000000000004}, "2-4": {"eta_c": 40.36587491904824, "max_diff_c": 65.35205823859671, "shift_c": 5.250000000000001}, "2-5": {"eta_c": 21.566156231037382, "max_diff_c": 106.64823057284434, "shift_c": -28.250000000000004}, "2-6": {"eta_c": 31.78780402078344, "max_diff_c": 105.88907732847281, "shift_c": 24.75}, "2-7": {"eta_c": 26.941417785844465, "max_diff_c": 77.68035224388659, "shift_c": 28.250000000000004}, "2-8": {"eta_c": 33.0036815034213, "max_diff_c": 96.91553162855527, "shift_c": 29.062500000000004}, "2-9": {"eta_c": 25.352516627493046, "max_diff_c": 104.39227739101261, "shift_c": -20.375000000000004}, "2-10": {"eta_c": 32.47636953226907, "max_diff_c": 109.78402544712019, "shift_c": 26.625000000000004}, "2-11": {"eta_c": 28.918698457608787, "max_diff_c": 121.95838574718022, "shift_c": -15.437500000000007}, "3-4": {"eta_c": 29.570685045648666, "max_diff_c": 97.35790504042826, "shift_c": 34.37500000000001}, "3-5": {"eta_c": 17.978614647693963, "max_diff_c": 61.379144868433585, "shift_c": 0.875}, "3-6": {"eta_c": 15.729141268274113, "max_diff_c": 53.955222340236865, "shift_c": -13.812500000000005}, "3-7": {"eta_c": 21.460366055449324, "max_diff_c": 81.77242482501771, "shift_c": -10.250000000000002}, "3-8": {"eta_c": 14.886808067741258, "max_diff_c": 61.7707730338133, "shift_c": -9.437500000000004}, "3-9": {"eta_c": 13.089658294101703, "max_diff_c": 64.07884335436498, "shift_c": 8.812500000000002}, "3-10": {"eta_c": 14.548381971287244, "max_diff_c": 49.9993718429151, "shift_c": -11.937500000000004}, "3-11": {"eta_c": 9.05854130108018, "max_diff_c": 53.492568044781684, "shift_c": 13.687500000000005}, "4-5": {"eta_c": 34.50770940025811, "max_diff_c": 53.58793716778387, "shift_c": -33.43750000000001}, "4-6": {"eta_c": 5.886937089829776, "max_diff_c": 24.450654946009877, "shift_c": 0.0625}, "4-7": {"eta_c": 2.5925031612758955, "max_diff_c": 10.591095111617799, "shift_c": 3.5625000000000013}, "4-8": {"eta_c": 7.8313344809477075, "max_diff_c": 19.66816223793664, "shift_c": 4.375000000000001}, "4-9": {"eta_c": 24.99763760849738, "max_diff_c": 51.33198398595214, "shift_c": -25.562500000000007}, "4-10": {"eta_c": 6.926811140037438, "max_diff_c": 28.28310306465724, "shift_c": 1.8750000000000004}, "4-11": {"eta_c": 28.687281925206644, "max_diff_c": 70.45746336471728, "shift_c": -20.687500000000004}, "5-6": {"eta_c": 4.084511946994846, "max_diff_c": 17.78439477401521, "shift_c": -4.125000000000001}, "5-7": {"eta_c": 4.388418609035112, "max_diff_c": 29.592878328957752, "shift_c": -0.625}, "5-8": {"eta_c": 6.5866991106495485, "max_diff_c": 22.12662349976094, "shift_c": 0.25}, "5-9": {"eta_c": 10.173458801223177, "max_diff_c": 12.94163625403962, "shift_c": 7.875000000000002}, "5-10": {"eta_c": 4.826665368114871, "max_diff_c": 21.67934289266257, "shift_c": -2.2500000000000004}, "5-11": {"eta_c": 9.989380028705185, "max_diff_c": 34.47870319272261, "shift_c": 12.812500000000004}, "6-7": {"eta_c": 6.20369556278441, "max_diff_c": 29.37190977956911, "shift_c": -3.5000000000000004}, "6-8": {"eta_c": 3.6790340524294587, "max_diff_c": 14.579513417698458, "shift_c": -4.375000000000001}, "6-9": {"eta_c": 2.7459100965611327, "max_diff_c": 11.921593259946604, "shift_c": -4.750000000000001}, "6-10": {"eta_c": 1.7071970264340937, "max_diff_c": 4.03288860568189, "shift_c": -1.875}, "6-11": {"eta_c": 5.2530164517072055, "max_diff_c": 22.819308418707404, "shift_c": 2.5625000000000004}, "7-8": {"eta_c": 7.110523653019824, "max_diff_c": 20.092861640257482, "shift_c": -0.8125000000000001}, "7-9": {"eta_c": 5.654757219330847, "max_diff_c": 35.774425147126024, "shift_c": -1.1875000000000002}, "7-10": {"eta_c": 7.40622546726772, "max_diff_c": 33.20435789821647, "shift_c": 1.6875000000000002}, "7-11": {"eta_c": 11.11147432430739, "max_diff_c": 52.191218198276516, "shift_c": 6.062500000000002}, "8-9": {"eta_c": 5.206815844121991, "max_diff_c": 20.533673834934888, "shift_c": -0.375}, "8-10": {"eta_c": 3.6054721557071585, "max_diff_c": 13.283810572455366, "shift_c": 2.5000000000000004}, "8-11": {"eta_c": 5.479658784875104, "max_diff_c": 32.09835655801903, "shift_c": 6.875000000000003}, "9-10": {"eta_c": 2.9728406338516677, "max_diff_c": 15.81654137859397, "shift_c": -2.875}, "9-11": {"eta_c": 6.200894235884106, "max_diff_c": 37.178401678654005, "shift_c": 4.875000000000001}, "10-11": {"eta_c": 4.389919240909384, "max_diff_c": 18.986860300060044, "shift_c": 4.375000000000001}}, "v10_distance": {"0-1": {"eta_c": 7.428920781765027, "max_diff_c": 19.28570935923085, "shift_c": -1.5}, "0-2": {"eta_c": 15.007156307666179, "max_diff_c": 40.52727796897947, "shift_c": 13.187500000000005}, "0-3": {"eta_c": 38.350544676511184, "max_diff_c": 121.35891020955569, "shift_c": -5.000000000000001}, "0-4": {"eta_c": 41.734395453690816, "max_diff_c": 61.164841543791205, "shift_c": 22.625000000000007}, "0-5": {"eta_c": 20.13759710416586, "max_diff_c": 67.86101636858268, "shift_c": -7.250000000000003}, "0-6": {"eta_c": 26.009523022650765, "max_diff_c": 79.13151571286299, "shift_c": 5.937500000000002}, "0-7": {"eta_c": 30.26397983410799, "max_diff_c": 72.37226230348949, "shift_c": 5.437500000000002}, "0-8": {"eta_c": 35.500563345952074, "max_diff_c": 82.05916098855455, "shift_c": 4.937500000000001},