{"pseudos": {"Dy.us.pbe.z_30.ld1.psl.v1.0.0-high.upf": 0, "Dy.us.pbe.z_11.ld1.psl.v1.0.0-low.upf": 1, "Dy.paw.pbe.z_30.ld1.psl.v1.0.0-high.upf": 2, "Dy.paw.pbe.z_11.ld1.psl.v1.0.0-low.upf": 3, "Dy.paw.pbe.z_20.atompaw.jth.v1.1-std.upf": 4, "Dy.paw.pbe.z_20.atompaw.wentzcovitch.v1.0.legacy.upf": 5}, "v_distance": {"0-1": {"eta_c": 15647.66837683881, "max_diff_c": 25755.92112190072, "shift_c": 21350.562500000022}, "0-2": {"eta_c": 29.241179039940548, "max_diff_c": 41.448271986249885, "shift_c": 19.437500000000007}, "0-3": {"eta_c": 15647.254579708855, "max_diff_c": 25754.890735680747, "shift_c": 21350.187500000025}, "0-4": {"eta_c": 99.50828421428592, "max_diff_c": 132.73674281713005, "shift_c": 88.93750000000006}, "0-5": {"eta_c": 67.30546607195764, "max_diff_c": 99.31926326396226, "shift_c": 59.00000000000002}, "1-2": {"eta_c": 15651.206459481544, "max_diff_c": 25757.797930720713, "shift_c": 21352.312500000025}, "1-3": {"eta_c": 0.5117619998261443, "max_diff_c": 1.0933747486274115, "shift_c": 0.3125}, "1-4": {"eta_c": 15636.632637688834, "max_diff_c": 25734.080811362503, "shift_c": 21359.562500000025}, "1-5": {"eta_c": 15644.156662842508, "max_diff_c": 25748.225520305994, "shift_c": 21354.31250000003}, "2-3": {"eta_c": 15650.79263885664, "max_diff_c": 25756.76754450074, "shift_c": 21351.937500000025}, "2-4": {"eta_c": 96.38793639995468, "max_diff_c": 133.93143880150404, "shift_c": 87.43750000000006}, "2-5": {"eta_c": 64.19405246444288, "max_diff_c": 100.57645924833625, "shift_c": 57.43750000000002}, "3-4": {"eta_c": 15636.218925114923, "max_diff_c": 25733.05042514253, "shift_c": 21359.187500000025}, "3-5": {"eta_c": 15643.742909296481, "max_diff_c": 25747.19513408602, "shift_c": 21353.93750000003}, "4-5": {"eta_c": 32.77581793702328, "max_diff_c": 39.9557747472033, "shift_c": 29.937500000000007}}, "v10_distance": {"0-1": {"eta_c": 16037.941963169476, "max_diff_c": 38332.608621900734, "shift_c": 8773.875000000011}, "0-2": {"eta_c": 24.539327747395273, "max_diff_c": 46.573271986249885, "shift_c": 14.312500000000002}, "0-3": {"eta_c": 16037.607634855352, "max_diff_c": 38331.26573568076, "shift_c": 8773.812500000011}, "0-4": {"eta_c": 82.54913755349462, "max_diff_c": 240.53528232832304, "shift_c": 59.68750000000003}, "0-5": {"eta_c": 54.85815497431477, "max_diff_c": 160.77911540358753, "shift_c": 38.562500000000014}, "1-2": {"eta_c": 16036.871526513662, "max_diff_c": 38333.48543072073, "shift_c": 8776.62500000001}, "1-3": {"eta_c": 0.4241285692339644, "max_diff_c": 1.2808747486274115, "shift_c": 0.125}, "1-4": {"eta_c": 16040.60487837922, "max_diff_c": 38330.14331136252, "shift_c": 8763.500000000011}, "1-5": {"eta_c": 16040.01482313539, "max_diff_c": 38334.53802030601, "shift_c": 8768.00000000001}, "2-3": {"eta_c": 16036.537207501688, "max_diff_c": 38332.142544500755, "shift_c": 8776.56250000001}, "2-4": {"eta_c": 80.32484482844295, "max_diff_c": 239.2621717608593, "shift_c": 61.50000000000003}, "2-5": {"eta_c": 52.26302208101903, "max_diff_c": 159.50600483612382, "shift_c": 40.37500000000001}, "3-4": {"eta_c": 16040.27057926049, "max_diff_c": 38328.862925142545, "shift_c": 8763.375000000011}, "3-5": {"eta_c": 16039.680526268545, "max_diff_c": 38333.19513408604, "shift_c": 8767.93750000001}, "4-5": {"eta_c": 29.452482407117767, "max_diff_c": 106.48620297788763, "shift_c": 21.125000000000004}}}