{"pseudos": ["PSL-US-v1-high-30", "PSL-US-v1-low-11", "PSL-PAW-v1-high-30", "PSL-PAW-v1-low-11", "JTH-1.1-std-20", "Wentzcovitch-20"], "v_distance": {"eta_c": [[0.0, 15647.66837683881, 29.241179039940548, 15647.254579708855, 99.50828421428592, 67.30546607195764], [15647.66837683881, 0.0, 15651.206459481544, 0.5117619998261443, 15636.632637688834, 15644.156662842508], [29.241179039940548, 15651.206459481544, 0.0, 15650.79263885664, 96.38793639995468, 64.19405246444288], [15647.254579708855, 0.5117619998261443, 15650.79263885664, 0.0, 15636.218925114923, 15643.742909296481], [99.50828421428592, 15636.632637688834, 96.38793639995468, 15636.218925114923, 0.0, 32.77581793702328], [67.30546607195764, 15644.156662842508, 64.19405246444288, 15643.742909296481, 32.77581793702328, 0.0]], "max_diff_c": [[0.0, 25755.92112190072, 41.448271986249885, 25754.890735680747, 132.73674281713005, 99.31926326396226], [25755.92112190072, 0.0, 25757.797930720713, 1.0933747486274115, 25734.080811362503, 25748.225520305994], [41.448271986249885, 25757.797930720713, 0.0, 25756.76754450074, 133.93143880150404, 100.57645924833625], [25754.890735680747, 1.0933747486274115, 25756.76754450074, 0.0, 25733.05042514253, 25747.19513408602], [132.73674281713005, 25734.080811362503, 133.93143880150404, 25733.05042514253, 0.0, 39.9557747472033], [99.31926326396226, 25748.225520305994, 100.57645924833625, 25747.19513408602, 39.9557747472033, 0.0]], "shift_c": [[0.0, 21.350562500000024, 0.019437500000000007, 21.350187500000025, 0.08893750000000006, 0.059000000000000025], [-21.350562500000024, 0.0, 21.352312500000025, 0.0003125, 21.359562500000028, 21.35431250000003], [-0.019437500000000007, -21.352312500000025, 0.0, 21.351937500000027, 0.08743750000000006, 0.05743750000000002], [-21.350187500000025, -0.0003125, -21.351937500000027, 0.0, 21.359187500000026, 21.35393750000003], [-0.08893750000000006, -21.359562500000028, -0.08743750000000006, -21.359187500000026, 0.0, 0.02993750000000001], [-0.059000000000000025, -21.35431250000003, -0.05743750000000002, -21.35393750000003, -0.02993750000000001, 0.0]]}, "v10_distance": {"eta_c": [[0.0, 16037.941963169476, 24.539327747395273, 16037.607634855352, 82.54913755349462, 54.85815497431477], [16037.941963169476, 0.0, 16036.871526513662, 0.4241285692339644, 16040.60487837922, 16040.01482313539], [24.539327747395273, 16036.871526513662, 0.0, 16036.537207501688, 80.32484482844295, 52.26302208101903], [16037.607634855352, 0.4241285692339644, 16036.537207501688, 0.0, 16040.27057926049, 16039.680526268545], [82.54913755349462, 16040.60487837922, 80.32484482844295, 16040.27057926049, 0.0, 29.452482407117767], [54.85815497431477, 16040.01482313539, 52.26302208101903, 16039.680526268545, 29.452482407117767, 0.0]], "max_diff_c": [[0.0, 38332.608621900734, 46.573271986249885, 38331.26573568076, 240.53528232832304, 160.77911540358753], [38332.608621900734, 0.0, 38333.48543072073, 1.2808747486274115, 38330.14331136252, 38334.53802030601], [46.573271986249885, 38333.48543072073, 0.0, 38332.142544500755, 239.2621717608593, 159.50600483612382], [38331.26573568076, 1.2808747486274115, 38332.142544500755, 0.0, 38328.862925142545, 38333.19513408604], [240.53528232832304, 38330.14331136252, 239.2621717608593, 38328.862925142545, 0.0, 106.48620297788763], [160.77911540358753, 38334.53802030601, 159.50600483612382, 38333.19513408604, 106.48620297788763, 0.0]], "shift_c": [[0.0, 8.773875000000011, 0.014312500000000002, 8.77381250000001, 0.05968750000000003, 0.03856250000000001], [-8.773875000000011, 0.0, 8.77662500000001, 0.000125, 8.763500000000011, 8.76800000000001], [-0.014312500000000002, -8.77662500000001, 0.0, 8.77656250000001, 0.06150000000000003, 0.04037500000000001], [-8.77381250000001, -0.000125, -8.77656250000001, 0.0, 8.76337500000001, 8.76793750000001], [-0.05968750000000003, -8.763500000000011, -0.06150000000000003, -8.76337500000001, 0.0, 0.021125000000000005], [-0.03856250000000001, -8.76800000000001, -0.04037500000000001, -8.76793750000001, -0.021125000000000005, 0.0]]}}