{"pseudos": ["PSL-US-v1-high-30", "PSL-US-v1-low-11", "PSL-PAW-v1-high-30", "PSL-PAW-v1-low-11", "JTH-1.1-std-20", "Wentzcovitch-20"], "v_distance": {"eta": [[0.0, 15647.66837683881, 29.241179039940548, 15647.254579708855, 99.50828421428592, 67.30546607195764], [25755.92112190072, 0.0, 15651.206459481544, 0.5117619998261443, 15636.632637688834, 15644.156662842508], [41.448271986249885, 25757.797930720713, 0.0, 15650.79263885664, 96.38793639995468, 64.19405246444288], [25754.890735680747, 1.0933747486274115, 25756.76754450074, 0.0, 15636.218925114923, 15643.742909296481], [132.73674281713005, 25734.080811362503, 133.93143880150404, 25733.05042514253, 0.0, 32.77581793702328], [99.31926326396226, 25748.225520305994, 100.57645924833625, 25747.19513408602, 39.9557747472033, 0.0]], "shift": [[0.0, 21350.562500000022, 19.437500000000007, 21350.187500000025, 88.93750000000006, 59.00000000000002], [-21350.562500000022, 0.0, 21352.312500000025, 0.3125, 21359.562500000025, 21354.31250000003], [-19.437500000000007, -21352.312500000025, 0.0, 21351.937500000025, 87.43750000000006, 57.43750000000002], [-21350.187500000025, -0.3125, -21351.937500000025, 0.0, 21359.187500000025, 21353.93750000003], [-88.93750000000006, -21359.562500000025, -87.43750000000006, -21359.187500000025, 0.0, 29.937500000000007], [-59.00000000000002, -21354.31250000003, -57.43750000000002, -21353.93750000003, -29.937500000000007, 0.0]]}, "v10_distance": {"eta": [[0.0, 16037.941963169476, 24.539327747395273, 16037.607634855352, 82.54913755349462, 54.85815497431477], [38332.608621900734, 0.0, 16036.871526513662, 0.4241285692339644, 16040.60487837922, 16040.01482313539], [46.573271986249885, 38333.48543072073, 0.0, 16036.537207501688, 80.32484482844295, 52.26302208101903], [38331.26573568076, 1.2808747486274115, 38332.142544500755, 0.0, 16040.27057926049, 16039.680526268545], [240.53528232832304, 38330.14331136252, 239.2621717608593, 38328.862925142545, 0.0, 29.452482407117767], [160.77911540358753, 38334.53802030601, 159.50600483612382, 38333.19513408604, 106.48620297788763, 0.0]], "shift": [[0.0, 8773.875000000011, 14.312500000000002, 8773.812500000011, 59.68750000000003, 38.562500000000014], [-8773.875000000011, 0.0, 8776.62500000001, 0.125, 8763.500000000011, 8768.00000000001], [-14.312500000000002, -8776.62500000001, 0.0, 8776.56250000001, 61.50000000000003, 40.37500000000001], [-8773.812500000011, -0.125, -8776.56250000001, 0.0, 8763.375000000011, 8767.93750000001], [-59.68750000000003, -8763.500000000011, -61.50000000000003, -8763.375000000011, 0.0, 21.125000000000004], [-38.562500000000014, -8768.00000000001, -40.37500000000001, -8767.93750000001, -21.125000000000004, 0.0]]}}