{"pseudos": ["PSL-US-v1-high-32", "PSL-US-v1-low-11", "PSL-PAW-v1-high-32", "PSL-PAW-v1-low-11", "JTH-1.1-std-22", "Wentzcovitch-22"], "v_distance": {"eta_c": [[0.0, 16967.17850577913, 14.478083200384239, 16966.991457368706, 119.13665182902365, 97.72155596350166], [16967.17850577913, 0.0, 16967.683581648726, 0.19311006339809642, 16966.024553938092, 16966.667456984185], [14.478083200384239, 16967.683581648726, 0.0, 16967.49653117761, 114.30639602396876, 93.14129395384565], [16966.991457368706, 0.19311006339809642, 16967.49653117761, 0.0, 16965.837403617323, 16966.480363504867], [119.13665182902365, 16966.024553938092, 114.30639602396876, 16965.837403617323, 0.0, 22.667197124817132], [97.72155596350166, 16966.667456984185, 93.14129395384565, 16966.480363504867, 22.667197124817132, 0.0]], "max_diff_c": [[0.0, 28656.729109523654, 20.942945706867476, 28656.31173058684, 156.6077195002116, 143.56573267548316], [28656.729109523654, 0.0, 28656.584138048365, 0.3548810804983873, 28631.319373148526, 28643.335778990873], [20.942945706867476, 28656.584138048365, 0.0, 28656.229259111555, 160.367163023047, 147.32516091640596], [28656.31173058684, 0.3548810804983873, 28656.229259111555, 0.0, 28630.964494597807, 28642.980900054063], [156.6077195002116, 28631.319373148526, 160.367163023047, 28630.964494597807, 0.0, 33.63129472173286], [143.56573267548316, 28643.335778990873, 147.32516091640596, 28642.980900054063, 33.63129472173286, 0.0]], "shift_c": [[0.0, 22.312312500000026, 0.005250000000000001, 22.312125000000027, 0.10381250000000006, 0.08475000000000005], [-22.312312500000026, 0.0, 22.31193750000003, 0.00025, 22.336875000000028, 22.323375000000027], [-0.005250000000000001, -22.31193750000003, 0.0, 22.311687500000026, 0.09943750000000007, 0.08037500000000004], [-22.312125000000027, -0.00025, -22.311687500000026, 0.0, 22.336625000000023, 22.323125000000026], [-0.10381250000000006, -22.336875000000028, -0.09943750000000007, -22.336625000000023, 0.0, 0.019000000000000006], [-0.08475000000000005, -22.323375000000027, -0.08037500000000004, -22.323125000000026, -0.019000000000000006, 0.0]]}, "v10_distance": {"eta_c": [[0.0, 16814.397514283886, 11.774189344495557, 16814.228768987672, 100.48779645392057, 78.76582183207599], [16814.397514283886, 0.0, 16813.556181847696, 0.18084917085132932, 16825.804123884507, 16825.747241471927], [11.774189344495557, 16813.556181847696, 0.0, 16813.38743861997, 96.90460586010596, 75.15209855559533], [16814.228768987672, 0.18084917085132932, 16813.38743861997, 0.0, 16825.6353340288, 16825.57848333695], [100.48779645392057, 16825.804123884507, 96.90460586010596, 16825.6353340288, 0.0, 27.76818405978603], [78.76582183207599, 16825.747241471927, 75.15209855559533, 16825.57848333695, 27.76818405978603, 0.0]], "max_diff_c": [[0.0, 41139.604109523665, 21.880445706867476, 41139.06173058686, 392.4331238380656, 167.6282326754832], [41139.604109523665, 0.0, 41137.45913804838, 0.4798810804983873, 41157.56937314853, 41155.52327899089], [21.880445706867476, 41137.45913804838, 0.0, 41136.91675911157, 392.6051989622562, 168.07516091640596], [41139.06173058686, 0.4798810804983873, 41136.91675911157, 0.0, 41157.02699459782, 41155.04340005408], [392.4331238380656, 41157.56937314853, 392.6051989622562, 41157.02699459782, 0.0, 227.2330547095068], [167.6282326754832, 41155.52327899089, 168.07516091640596, 41155.04340005408, 227.2330547095068, 0.0]], "shift_c": [[0.0, 9.82943750000001, 0.004312500000000001, 9.82937500000001, 0.07031250000000003, 0.06068750000000003], [-9.82943750000001, 0.0, 9.83106250000001, 0.000125, 9.810625000000012, 9.811187500000011], [-0.004312500000000001, -9.83106250000001, 0.0, 9.831000000000012, 0.06918750000000004, 0.05962500000000003], [-9.82937500000001, -0.000125, -9.831000000000012, 0.0, 9.810562500000012, 9.811062500000011], [-0.07031250000000003, -9.810625000000012, -0.06918750000000004, -9.810562500000012, 0.0, 0.009562500000000003], [-0.06068750000000003, -9.811187500000011, -0.05962500000000003, -9.811062500000011, -0.009562500000000003, 0.0]]}}