{"pseudos": {"Er.us.pbe.z_32.ld1.psl.v1.0.0-high.upf": 0, "Er.us.pbe.z_11.ld1.psl.v1.0.0-low.upf": 1, "Er.paw.pbe.z_32.ld1.psl.v1.0.0-high.upf": 2, "Er.paw.pbe.z_11.ld1.psl.v1.0.0-low.upf": 3, "Er.paw.pbe.z_22.atompaw.jth.v1.1-std.upf": 4, "Er.paw.pbe.z_22.atompaw.wentzcovitch.v1.0.legacy.upf": 5}, "v_distance": {"0-1": {"eta_c": 16967.17850577913, "max_diff_c": 28656.729109523654, "shift_c": 22312.312500000025}, "0-2": {"eta_c": 14.478083200384239, "max_diff_c": 20.942945706867476, "shift_c": 5.250000000000001}, "0-3": {"eta_c": 16966.991457368706, "max_diff_c": 28656.31173058684, "shift_c": 22312.125000000025}, "0-4": {"eta_c": 119.13665182902365, "max_diff_c": 156.6077195002116, "shift_c": 103.81250000000006}, "0-5": {"eta_c": 97.72155596350166, "max_diff_c": 143.56573267548316, "shift_c": 84.75000000000004}, "1-2": {"eta_c": 16967.683581648726, "max_diff_c": 28656.584138048365, "shift_c": 22311.93750000003}, "1-3": {"eta_c": 0.19311006339809642, "max_diff_c": 0.3548810804983873, "shift_c": 0.25}, "1-4": {"eta_c": 16966.024553938092, "max_diff_c": 28631.319373148526, "shift_c": 22336.875000000025}, "1-5": {"eta_c": 16966.667456984185, "max_diff_c": 28643.335778990873, "shift_c": 22323.375000000025}, "2-3": {"eta_c": 16967.49653117761, "max_diff_c": 28656.229259111555, "shift_c": 22311.687500000025}, "2-4": {"eta_c": 114.30639602396876, "max_diff_c": 160.367163023047, "shift_c": 99.43750000000007}, "2-5": {"eta_c": 93.14129395384565, "max_diff_c": 147.32516091640596, "shift_c": 80.37500000000004}, "3-4": {"eta_c": 16965.837403617323, "max_diff_c": 28630.964494597807, "shift_c": 22336.625000000022}, "3-5": {"eta_c": 16966.480363504867, "max_diff_c": 28642.980900054063, "shift_c": 22323.125000000025}, "4-5": {"eta_c": 22.667197124817132, "max_diff_c": 33.63129472173286, "shift_c": 19.000000000000007}}, "v10_distance": {"0-1": {"eta_c": 16814.397514283886, "max_diff_c": 41139.604109523665, "shift_c": 9829.43750000001}, "0-2": {"eta_c": 11.774189344495557, "max_diff_c": 21.880445706867476, "shift_c": 4.312500000000001}, "0-3": {"eta_c": 16814.228768987672, "max_diff_c": 41139.06173058686, "shift_c": 9829.37500000001}, "0-4": {"eta_c": 100.48779645392057, "max_diff_c": 392.4331238380656, "shift_c": 70.31250000000003}, "0-5": {"eta_c": 78.76582183207599, "max_diff_c": 167.6282326754832, "shift_c": 60.68750000000003}, "1-2": {"eta_c": 16813.556181847696, "max_diff_c": 41137.45913804838, "shift_c": 9831.062500000011}, "1-3": {"eta_c": 0.18084917085132932, "max_diff_c": 0.4798810804983873, "shift_c": 0.125}, "1-4": {"eta_c": 16825.804123884507, "max_diff_c": 41157.56937314853, "shift_c": 9810.625000000013}, "1-5": {"eta_c": 16825.747241471927, "max_diff_c": 41155.52327899089, "shift_c": 9811.187500000011}, "2-3": {"eta_c": 16813.38743861997, "max_diff_c": 41136.91675911157, "shift_c": 9831.000000000011}, "2-4": {"eta_c": 96.90460586010596, "max_diff_c": 392.6051989622562, "shift_c": 69.18750000000004}, "2-5": {"eta_c": 75.15209855559533, "max_diff_c": 168.07516091640596, "shift_c": 59.62500000000003}, "3-4": {"eta_c": 16825.6353340288, "max_diff_c": 41157.02699459782, "shift_c": 9810.562500000013}, "3-5": {"eta_c": 16825.57848333695, "max_diff_c": 41155.04340005408, "shift_c": 9811.062500000011}, "4-5": {"eta_c": 27.76818405978603, "max_diff_c": 227.2330547095068, "shift_c": 9.562500000000004}}}