{"pseudos": ["PSL-US-v1-high-32", "PSL-US-v1-low-11", "PSL-PAW-v1-high-32", "PSL-PAW-v1-low-11", "JTH-1.1-std-22", "Wentzcovitch-22"], "v_distance": {"eta_c": [[0.0, 16967.17850577913, 14.478083200384239, 16966.991457368706, 119.13665182902365, 97.72155596350166], [16967.17850577913, 0.0, 16967.683581648726, 0.19311006339809642, 16966.024553938092, 16966.667456984185], [14.478083200384239, 16967.683581648726, 0.0, 16967.49653117761, 114.30639602396876, 93.14129395384565], [16966.991457368706, 0.19311006339809642, 16967.49653117761, 0.0, 16965.837403617323, 16966.480363504867], [119.13665182902365, 16966.024553938092, 114.30639602396876, 16965.837403617323, 0.0, 22.667197124817132], [97.72155596350166, 16966.667456984185, 93.14129395384565, 16966.480363504867, 22.667197124817132, 0.0]], "max_diff_c": [[0.0, 28656.729109523654, 20.942945706867476, 28656.31173058684, 156.6077195002116, 143.56573267548316], [28656.729109523654, 0.0, 28656.584138048365, 0.3548810804983873, 28631.319373148526, 28643.335778990873], [20.942945706867476, 28656.584138048365, 0.0, 28656.229259111555, 160.367163023047, 147.32516091640596], [28656.31173058684, 0.3548810804983873, 28656.229259111555, 0.0, 28630.964494597807, 28642.980900054063], [156.6077195002116, 28631.319373148526, 160.367163023047, 28630.964494597807, 0.0, 33.63129472173286], [143.56573267548316, 28643.335778990873, 147.32516091640596, 28642.980900054063, 33.63129472173286, 0.0]], "shift_c": [[0.0, 22312.312500000025, 5.250000000000001, 22312.125000000025, 103.81250000000006, 84.75000000000004], [-22312.312500000025, 0.0, 22311.93750000003, 0.25, 22336.875000000025, 22323.375000000025], [-5.250000000000001, -22311.93750000003, 0.0, 22311.687500000025, 99.43750000000007, 80.37500000000004], [-22312.125000000025, -0.25, -22311.687500000025, 0.0, 22336.625000000022, 22323.125000000025], [-103.81250000000006, -22336.875000000025, -99.43750000000007, -22336.625000000022, 0.0, 19.000000000000007], [-84.75000000000004, -22323.375000000025, -80.37500000000004, -22323.125000000025, -19.000000000000007, 0.0]]}, "v10_distance": {"eta_c": [[0.0, 16814.397514283886, 11.774189344495557, 16814.228768987672, 100.48779645392057, 78.76582183207599], [16814.397514283886, 0.0, 16813.556181847696, 0.18084917085132932, 16825.804123884507, 16825.747241471927], [11.774189344495557, 16813.556181847696, 0.0, 16813.38743861997, 96.90460586010596, 75.15209855559533], [16814.228768987672, 0.18084917085132932, 16813.38743861997, 0.0, 16825.6353340288, 16825.57848333695], [100.48779645392057, 16825.804123884507, 96.90460586010596, 16825.6353340288, 0.0, 27.76818405978603], [78.76582183207599, 16825.747241471927, 75.15209855559533, 16825.57848333695, 27.76818405978603, 0.0]], "max_diff_c": [[0.0, 41139.604109523665, 21.880445706867476, 41139.06173058686, 392.4331238380656, 167.6282326754832], [41139.604109523665, 0.0, 41137.45913804838, 0.4798810804983873, 41157.56937314853, 41155.52327899089], [21.880445706867476, 41137.45913804838, 0.0, 41136.91675911157, 392.6051989622562, 168.07516091640596], [41139.06173058686, 0.4798810804983873, 41136.91675911157, 0.0, 41157.02699459782, 41155.04340005408], [392.4331238380656, 41157.56937314853, 392.6051989622562, 41157.02699459782, 0.0, 227.2330547095068], [167.6282326754832, 41155.52327899089, 168.07516091640596, 41155.04340005408, 227.2330547095068, 0.0]], "shift_c": [[0.0, 9829.43750000001, 4.312500000000001, 9829.37500000001, 70.31250000000003, 60.68750000000003], [-9829.43750000001, 0.0, 9831.062500000011, 0.125, 9810.625000000013, 9811.187500000011], [-4.312500000000001, -9831.062500000011, 0.0, 9831.000000000011, 69.18750000000004, 59.62500000000003], [-9829.37500000001, -0.125, -9831.000000000011, 0.0, 9810.562500000013, 9811.062500000011], [-70.31250000000003, -9810.625000000013, -69.18750000000004, -9810.562500000013, 0.0, 9.562500000000004], [-60.68750000000003, -9811.187500000011, -59.62500000000003, -9811.062500000011, -9.562500000000004, 0.0]]}}