{"pseudos": {"Eu.us.pbe.z_27.ld1.psl.v1.0.0-high.upf": 0, "Eu.us.pbe.z_11.ld1.psl.v1.0.0-low.spdn.upf": 1, "Eu.us.pbe.z_10.ld1.psl.v1.0.0-low.spn.upf": 2, "Eu.paw.pbe.z_27.ld1.psl.v1.0.0-high.upf": 3, "Eu.paw.pbe.z_11.ld1.psl.v1.0.0-low.spdn.upf": 4, "Eu.paw.pbe.z_10.ld1.psl.v1.0.0-low.spn.upf": 5, "Eu.paw.pbe.z_17.atompaw.jth.v1.1-std.upf": 6, "Eu.paw.pbe.z_17.atompaw.wentzcovitch.v1.0.legacy.upf": 7}, "v_distance": {"0-1": {"eta_c": 8863.514862325259, "max_diff_c": 16230.637106558226, "shift_c": 15617.812500000018}, "0-2": {"eta_c": 6961.858653276105, "max_diff_c": 15379.705747634815, "shift_c": 14697.750000000018}, "0-3": {"eta_c": 6.585248680137232, "max_diff_c": 9.210904018615793, "shift_c": 4.812500000000001}, "0-4": {"eta_c": 8863.498350630261, "max_diff_c": 16230.256030897028, "shift_c": 15617.56250000002}, "0-5": {"eta_c": 6962.167790351412, "max_diff_c": 15379.653514215048, "shift_c": 14697.875000000018}, "0-6": {"eta_c": 26.63594398267994, "max_diff_c": 37.383583594717464, "shift_c": 27.187500000000004}, "0-7": {"eta_c": 14.229674303767228, "max_diff_c": 21.83931137824378, "shift_c": 14.187500000000002}, "1-2": {"eta_c": 840.4861292859515, "max_diff_c": 1634.8749295105476, "shift_c": -2398.0625000000027}, "1-3": {"eta_c": 8863.146872074505, "max_diff_c": 16232.117012773038, "shift_c": 15618.25000000002}, "1-4": {"eta_c": 0.3893687035101577, "max_diff_c": 0.9165416705888276, "shift_c": 0.25}, "1-5": {"eta_c": 840.3628831636717, "max_diff_c": 1634.5070216246663, "shift_c": -2397.7500000000023}, "1-6": {"eta_c": 8851.820278222578, "max_diff_c": 16218.639136623593, "shift_c": 15603.687500000018}, "1-7": {"eta_c": 8857.302053668109, "max_diff_c": 16224.845138408347, "shift_c": 15611.00000000002}, "2-3": {"eta_c": 6961.072439081616, "max_diff_c": 15381.143524092728, "shift_c": 14698.437500000018}, "2-4": {"eta_c": 840.4591174591085, "max_diff_c": 1634.8724905277993, "shift_c": -2397.8125000000023}, "2-5": {"eta_c": 0.47800901173941196, "max_diff_c": 1.285919011932819, "shift_c": -0.3125}, "2-6": {"eta_c": 6951.795893181424, "max_diff_c": 15365.844897137047, "shift_c": 14681.18750000002}, "2-7": {"eta_c": 6956.059857614768, "max_diff_c": 15372.716479209053, "shift_c": 14690.000000000018}, "3-4": {"eta_c": 8863.130313105059, "max_diff_c": 16231.73593711184, "shift_c": 15618.00000000002}, "3-5": {"eta_c": 6961.381594163361, "max_diff_c": 15381.091290672965, "shift_c": 14698.562500000018}, "3-6": {"eta_c": 26.41811629730085, "max_diff_c": 34.82354832057751, "shift_c": 27.500000000000004}, "3-7": {"eta_c": 14.304142813115327, "max_diff_c": 24.59949047110069, "shift_c": 14.562500000000002}, "4-5": {"eta_c": 840.3356514209667, "max_diff_c": 1634.504581729363, "shift_c": -2397.5000000000027}, "4-6": {"eta_c": 8851.804583061636, "max_diff_c": 16218.258060962398, "shift_c": 15603.43750000002}, "4-7": {"eta_c": 8857.285876971631, "max_diff_c": 16224.464062747153, "shift_c": 15610.75000000002}, "5-6": {"eta_c": 6952.105984585592, "max_diff_c": 15365.792663717282, "shift_c": 14681.31250000002}, "5-7": {"eta_c": 6956.3694628224, "max_diff_c": 15372.66424578929, "shift_c": 14690.12500000002}, "6-7": {"eta_c": 12.798744489204129, "max_diff_c": 26.71153432148731, "shift_c": 13.000000000000005}}, "v10_distance": {"0-1": {"eta_c": 11797.80352680708, "max_diff_c": 17077.7305390671, "shift_c": 6420.812500000007}, "0-2": {"eta_c": 10892.237996560416, "max_diff_c": 15406.319015465526, "shift_c": 5232.812500000006}, "0-3": {"eta_c": 5.7005713739734025, "max_diff_c": 9.773404018615793, "shift_c": 4.250000000000001}, "0-4": {"eta_c": 11797.563360595954, "max_diff_c": 17076.832007241734, "shift_c": 6420.812500000007}, "0-5": {"eta_c": 10892.216243254092, "max_diff_c": 15405.298256781041, "shift_c": 5233.000000000006}, "0-6": {"eta_c": 24.757440724535787, "max_diff_c": 96.43108113105208, "shift_c": 14.312500000000002}, "0-7": {"eta_c": 15.24811500564344, "max_diff_c": 69.36940992654793, "shift_c": 5.187500000000001}, "1-2": {"eta_c": 840.6691546128645, "max_diff_c": 1562.937774789284, "shift_c": -1856.250000000002}, "1-3": {"eta_c": 11797.153299911699, "max_diff_c": 17074.050072629318, "shift_c": 6421.312500000008}, "1-4": {"eta_c": 0.49932042853436115, "max_diff_c": 1.6062124723976723, "shift_c": 0.0}, "1-5": {"eta_c": 840.6625956924884, "max_diff_c": 1563.6347548071158, "shift_c": -1855.8125000000018}, "1-6": {"eta_c": 11786.941676243652, "max_diff_c": 17026.432836602322, "shift_c": 6414.500000000008}, "1-7": {"eta_c": 11792.046565491957, "max_diff_c": 17050.395262908776, "shift_c": 6417.750000000008}, "2-3": {"eta_c": 10891.671961785201, "max_diff_c": 15403.125987617232, "shift_c": 5233.250000000007}, "2-4": {"eta_c": 840.505566470388, "max_diff_c": 1562.0362474234435, "shift_c": -1856.250000000002}, "2-5": {"eta_c": 0.4877523183133339, "max_diff_c": 1.8149491201505867, "shift_c": -0.4375}, "2-6": {"eta_c": 10881.680333705213, "max_diff_c": 15389.613598299908, "shift_c": 5225.875000000007}, "2-7": {"eta_c": 10886.488618654033, "max_diff_c": 15395.09217479831, "shift_c": 5229.562500000007}, "3-4": {"eta_c": 11796.913170200687, "max_diff_c": 17073.089040803952, "shift_c": 6421.375000000008}, "3-5": {"eta_c": 10891.650196539347, "max_diff_c": 15402.042728932749, "shift_c": 5233.375000000006}, "3-6": {"eta_c": 24.457876377863922, "max_diff_c": 103.55971198449835, "shift_c": 16.062500000000004}, "3-7": {"eta_c": 14.440950748424719, "max_diff_c": 73.98666995631827, "shift_c": 6.937500000000003}, "4-5": {"eta_c": 840.4987585267321, "max_diff_c": 1562.7332274412752, "shift_c": -1855.8125000000018}, "4-6": {"eta_c": 11786.70169054984, "max_diff_c": 17025.534304776957, "shift_c": 6414.500000000008}, "4-7": {"eta_c": 11791.806560356514, "max_diff_c": 17049.434231083414, "shift_c": 6417.812500000007}, "5-6": {"eta_c": 10881.658748433872, "max_diff_c": 15388.592839615423, "shift_c": 5226.062500000006}, "5-7": {"eta_c": 10886.467012269584, "max_diff_c": 15394.071416113828, "shift_c": 5229.750000000007}, "6-7": {"eta_c": 12.51656395973021, "max_diff_c": 60.12072615097081, "shift_c": 9.125000000000004}}}