{"pseudos": ["PSL-US-v1-high-27", "PSL-US-v1-low-11", "PSL-US-v1-low-10", "PSL-PAW-v1-high-27", "PSL-PAW-v1-low-11", "PSL-PAW-v1-low-10", "JTH-1.1-std-17", "Wentzcovitch-17"], "v_distance": {"eta_c": [[0.0, 8863.514862325259, 6961.858653276105, 6.585248680137232, 8863.498350630261, 6962.167790351412, 26.63594398267994, 14.229674303767228], [8863.514862325259, 0.0, 840.4861292859515, 8863.146872074505, 0.3893687035101577, 840.3628831636717, 8851.820278222578, 8857.302053668109], [6961.858653276105, 840.4861292859515, 0.0, 6961.072439081616, 840.4591174591085, 0.47800901173941196, 6951.795893181424, 6956.059857614768], [6.585248680137232, 8863.146872074505, 6961.072439081616, 0.0, 8863.130313105059, 6961.381594163361, 26.41811629730085, 14.304142813115327], [8863.498350630261, 0.3893687035101577, 840.4591174591085, 8863.130313105059, 0.0, 840.3356514209667, 8851.804583061636, 8857.285876971631], [6962.167790351412, 840.3628831636717, 0.47800901173941196, 6961.381594163361, 840.3356514209667, 0.0, 6952.105984585592, 6956.3694628224], [26.63594398267994, 8851.820278222578, 6951.795893181424, 26.41811629730085, 8851.804583061636, 6952.105984585592, 0.0, 12.798744489204129], [14.229674303767228, 8857.302053668109, 6956.059857614768, 14.304142813115327, 8857.285876971631, 6956.3694628224, 12.798744489204129, 0.0]], "max_diff_c": [[0.0, 16230.637106558226, 15379.705747634815, 9.210904018615793, 16230.256030897028, 15379.653514215048, 37.383583594717464, 21.83931137824378], [16230.637106558226, 0.0, 1634.8749295105476, 16232.117012773038, 0.9165416705888276, 1634.5070216246663, 16218.639136623593, 16224.845138408347], [15379.705747634815, 1634.8749295105476, 0.0, 15381.143524092728, 1634.8724905277993, 1.285919011932819, 15365.844897137047, 15372.716479209053], [9.210904018615793, 16232.117012773038, 15381.143524092728, 0.0, 16231.73593711184, 15381.091290672965, 34.82354832057751, 24.59949047110069], [16230.256030897028, 0.9165416705888276, 1634.8724905277993, 16231.73593711184, 0.0, 1634.504581729363, 16218.258060962398, 16224.464062747153], [15379.653514215048, 1634.5070216246663, 1.285919011932819, 15381.091290672965, 1634.504581729363, 0.0, 15365.792663717282, 15372.66424578929], [37.383583594717464, 16218.639136623593, 15365.844897137047, 34.82354832057751, 16218.258060962398, 15365.792663717282, 0.0, 26.71153432148731], [21.83931137824378, 16224.845138408347, 15372.716479209053, 24.59949047110069, 16224.464062747153, 15372.66424578929, 26.71153432148731, 0.0]], "shift_c": [[0.0, 15.617812500000019, 14.697750000000019, 0.004812500000000001, 15.61756250000002, 14.69787500000002, 0.027187500000000003, 0.014187500000000002], [-15.617812500000019, 0.0, -2.3980625000000027, 15.618250000000021, 0.00025, -2.3977500000000025, 15.603687500000019, 15.61100000000002], [-14.697750000000019, 2.3980625000000027, 0.0, 14.698437500000018, -2.3978125000000023, -0.0003125, 14.68118750000002, 14.690000000000019], [-0.004812500000000001, -15.618250000000021, -14.698437500000018, 0.0, 15.61800000000002, 14.698562500000019, 0.027500000000000004, 0.014562500000000003], [-15.61756250000002, -0.00025, 2.3978125000000023, -15.61800000000002, 0.0, -2.3975000000000026, 15.60343750000002, 15.61075000000002], [-14.69787500000002, 2.3977500000000025, 0.0003125, -14.698562500000019, 2.3975000000000026, 0.0, 14.68131250000002, 14.69012500000002], [-0.027187500000000003, -15.603687500000019, -14.68118750000002, -0.027500000000000004, -15.60343750000002, -14.68131250000002, 0.0, 0.013000000000000006], [-0.014187500000000002, -15.61100000000002, -14.690000000000019, -0.014562500000000003, -15.61075000000002, -14.69012500000002, -0.013000000000000006, 0.0]]}, "v10_distance": {"eta_c": [[0.0, 11797.80352680708, 10892.237996560416, 5.7005713739734025, 11797.563360595954, 10892.216243254092, 24.757440724535787, 15.24811500564344], [11797.80352680708, 0.0, 840.6691546128645, 11797.153299911699, 0.49932042853436115, 840.6625956924884, 11786.941676243652, 11792.046565491957], [10892.237996560416, 840.6691546128645, 0.0, 10891.671961785201, 840.505566470388, 0.4877523183133339, 10881.680333705213, 10886.488618654033], [5.7005713739734025, 11797.153299911699, 10891.671961785201, 0.0, 11796.913170200687, 10891.650196539347, 24.457876377863922, 14.440950748424719], [11797.563360595954, 0.49932042853436115, 840.505566470388, 11796.913170200687, 0.0, 840.4987585267321, 11786.70169054984, 11791.806560356514], [10892.216243254092, 840.6625956924884, 0.4877523183133339, 10891.650196539347, 840.4987585267321, 0.0, 10881.658748433872, 10886.467012269584], [24.757440724535787, 11786.941676243652, 10881.680333705213, 24.457876377863922, 11786.70169054984, 10881.658748433872, 0.0, 12.51656395973021], [15.24811500564344, 11792.046565491957, 10886.488618654033, 14.440950748424719, 11791.806560356514, 10886.467012269584, 12.51656395973021, 0.0]], "max_diff_c": [[0.0, 17077.7305390671, 15406.319015465526, 9.773404018615793, 17076.832007241734, 15405.298256781041, 96.43108113105208, 69.36940992654793], [17077.7305390671, 0.0, 1562.937774789284, 17074.050072629318, 1.6062124723976723, 1563.6347548071158, 17026.432836602322, 17050.395262908776], [15406.319015465526, 1562.937774789284, 0.0, 15403.125987617232, 1562.0362474234435, 1.8149491201505867, 15389.613598299908, 15395.09217479831], [9.773404018615793, 17074.050072629318, 15403.125987617232, 0.0, 17073.089040803952, 15402.042728932749, 103.55971198449835, 73.98666995631827], [17076.832007241734, 1.6062124723976723, 1562.0362474234435, 17073.089040803952, 0.0, 1562.7332274412752, 17025.534304776957, 17049.434231083414], [15405.298256781041, 1563.6347548071158, 1.8149491201505867, 15402.042728932749, 1562.7332274412752, 0.0, 15388.592839615423, 15394.071416113828], [96.43108113105208, 17026.432836602322, 15389.613598299908, 103.55971198449835, 17025.534304776957, 15388.592839615423, 0.0, 60.12072615097081], [69.36940992654793, 17050.395262908776, 15395.09217479831, 73.98666995631827, 17049.434231083414, 15394.071416113828, 60.12072615097081, 0.0]], "shift_c": [[0.0, 6.420812500000007, 5.232812500000007, 0.004250000000000001, 6.420812500000007, 5.233000000000007, 0.014312500000000002, 0.005187500000000001], [-6.420812500000007, 0.0, -1.8562500000000022, 6.421312500000008, 0.0, -1.8558125000000019, 6.414500000000008, 6.417750000000009], [-5.232812500000007, 1.8562500000000022, 0.0, 5.233250000000007, -1.8562500000000022, -0.0004375, 5.225875000000007, 5.229562500000007], [-0.004250000000000001, -6.421312500000008, -5.233250000000007, 0.0, 6.421375000000008, 5.233375000000007, 0.016062500000000004, 0.006937500000000003], [-6.420812500000007, -0.0, 1.8562500000000022, -6.421375000000008, 0.0, -1.8558125000000019, 6.414500000000008, 6.417812500000007], [-5.233000000000007, 1.8558125000000019, 0.0004375, -5.233375000000007, 1.8558125000000019, 0.0, 5.2260625000000065, 5.229750000000007], [-0.014312500000000002, -6.414500000000008, -5.225875000000007, -0.016062500000000004, -6.414500000000008, -5.2260625000000065, 0.0, 0.009125000000000003], [-0.005187500000000001, -6.417750000000009, -5.229562500000007, -0.006937500000000003, -6.417812500000007, -5.229750000000007, -0.009125000000000003, 0.0]]}}