{"pseudos": {"Fe.nc.pbe.z_16.oncvpsp3.dojo.v0.4.1-std.upf": 0, "Fe.nc.pbe.z_16.oncvpsp3.dojo.v0.4.1-str.upf": 1, "Fe.nc.pbe.z_16.oncvpsp4.spms.v1.upf": 2, "Fe.nc.pbe.z_16.oncvpsp4.sg15.v0.upf": 3, "Fe.us.pbe.z_16.uspp.gbrv.v1.5.upf": 4, "Fe.us.pbe.z_16.ld1.psl.v1.0.0-high.upf": 5, "Fe.us.pbe.z_8.ld1.psl.v1.0.0-low.upf": 6, "Fe.us.pbe.z_16.ld1.psl.v0.2.1.upf": 7, "Fe.paw.pbe.z_16.ld1.psl.v0.2.1.upf": 8, "Fe.paw.pbe.z_16.ld1.psl.v1.0.0-high.upf": 9, "Fe.paw.pbe.z_8.ld1.psl.v1.0.0-low.upf": 10, "Fe.paw.pbe.z_16.atompaw.jth.v1.1-std.upf": 11}, "v_distance": {"0-1": {"eta_c": 3.588854222485624, "max_diff_c": 7.414242982340283, "shift_c": 4.000000000000001}, "0-2": {"eta_c": 17.69923052696956, "max_diff_c": 72.36992717075067, "shift_c": 8.125000000000002}, "0-3": {"eta_c": 11.9891482064296, "max_diff_c": 28.969341306279826, "shift_c": -7.187500000000003}, "0-4": {"eta_c": 19.47943118498526, "max_diff_c": 25.34438956411274, "shift_c": 22.750000000000007}, "0-5": {"eta_c": 12.423150852775587, "max_diff_c": 24.68129256647285, "shift_c": 15.750000000000004}, "0-6": {"eta_c": 5.485713861213, "max_diff_c": 14.7542118584001, "shift_c": -7.625000000000002}, "0-7": {"eta_c": 10.402438929488607, "max_diff_c": 19.647986494693672, "shift_c": 14.000000000000002}, "0-8": {"eta_c": 10.466576947505411, "max_diff_c": 19.960444861810462, "shift_c": 14.187500000000002}, "0-9": {"eta_c": 12.692816837012453, "max_diff_c": 23.034425562711537, "shift_c": 17.062500000000004}, "0-10": {"eta_c": 5.242257014098972, "max_diff_c": 16.679640442186226, "shift_c": -9.312500000000004}, "0-11": {"eta_c": 9.83717455597806, "max_diff_c": 36.22316053592191, "shift_c": 21.187500000000004}, "1-2": {"eta_c": 19.996397497868692, "max_diff_c": 75.17334113378723, "shift_c": 4.062500000000001}, "1-3": {"eta_c": 15.416287611906503, "max_diff_c": 36.320383102595315, "shift_c": -11.250000000000004}, "1-4": {"eta_c": 16.26879409640206, "max_diff_c": 21.272256917949058, "shift_c": 18.750000000000007}, "1-5": {"eta_c": 9.221870990491459, "max_diff_c": 22.301282745437565, "shift_c": 11.687500000000004}, "1-6": {"eta_c": 5.258194817267208, "max_diff_c": 13.607917518392343, "shift_c": -6.687500000000003}, "1-7": {"eta_c": 7.289487991869045, "max_diff_c": 15.555736269034385, "shift_c": 10.000000000000002}, "1-8": {"eta_c": 7.353385242653874, "max_diff_c": 15.868194636151175, "shift_c": 10.187500000000002}, "1-9": {"eta_c": 9.558385668632198, "max_diff_c": 20.65441574167625, "shift_c": 13.000000000000005}, "1-10": {"eta_c": 4.802932965393057, "max_diff_c": 15.595846102178472, "shift_c": -8.437500000000002}, "1-11": {"eta_c": 9.663034303716762, "max_diff_c": 38.60317035695721, "shift_c": 17.125000000000004}, "2-3": {"eta_c": 14.155539336470914, "max_diff_c": 88.07181787958768, "shift_c": -15.312500000000007}, "2-4": {"eta_c": 32.09498776122186, "max_diff_c": 91.46918544415017, "shift_c": 14.625000000000002}, "2-5": {"eta_c": 26.35302521070491, "max_diff_c": 94.88991999574648, "shift_c": 7.6250000000000036}, "2-6": {"eta_c": 20.569779762866144, "max_diff_c": 72.32496170465407, "shift_c": 9.000000000000004}, "2-7": {"eta_c": 24.382270993419716, "max_diff_c": 79.34045069623112, "shift_c": 5.875000000000002}, "2-8": {"eta_c": 24.378724326454286, "max_diff_c": 79.14788939450848, "shift_c": 6.062500000000002}, "2-9": {"eta_c": 26.222892978227485, "max_diff_c": 93.24305299198517, "shift_c": 8.937500000000004}, "2-10": {"eta_c": 16.93468349645455, "max_diff_c": 59.406296040091455, "shift_c": 7.312500000000003}, "2-11": {"eta_c": 16.163006542228263, "max_diff_c": 102.33084910310077, "shift_c": 13.062500000000005}, "3-4": {"eta_c": 29.58503693247371, "max_diff_c": 52.64037323088757, "shift_c": 30.000000000000007}, "3-5": {"eta_c": 22.84553340102577, "max_diff_c": 45.175416312955456, "shift_c": 22.937500000000007}, "3-6": {"eta_c": 4.835702274677857, "max_diff_c": 22.60401123827425, "shift_c": -6.437500000000003}, "3-7": {"eta_c": 20.921557628274407, "max_diff_c": 41.672182424729606, "shift_c": 21.187500000000004}, "3-8": {"eta_c": 20.978471357847578, "max_diff_c": 41.7416141141648, "shift_c": 21.375000000000004}, "3-9": {"eta_c": 22.95439851805973, "max_diff_c": 44.47913527588764, "shift_c": 24.25}, "3-10": {"eta_c": 5.509292312927705, "max_diff_c": 35.30910263527255, "shift_c": -8.187500000000002}, "3-11": {"eta_c": 16.835972016702232, "max_diff_c": 54.08635098623596, "shift_c": 28.375000000000004}, "4-5": {"eta_c": 7.338593023284403, "max_diff_c": 19.332239806541228, "shift_c": -7.062500000000003}, "4-6": {"eta_c": 4.749338884809008, "max_diff_c": 14.161118538325013, "shift_c": -4.187500000000001}, "4-7": {"eta_c": 9.215354114923061, "max_diff_c": 13.353054439641598, "shift_c": -8.750000000000002}, "4-8": {"eta_c": 9.16273991489512, "max_diff_c": 13.524677382424217, "shift_c": -8.562500000000002}, "4-9": {"eta_c": 7.107686462653644, "max_diff_c": 22.216743686552064, "shift_c": -5.687500000000002}, "4-10": {"eta_c": 3.702997117808332, "max_diff_c": 11.018970199835037, "shift_c": -5.937500000000002}, "4-11": {"eta_c": 20.311745826145348, "max_diff_c": 57.54621855079846, "shift_c": -1.6250000000000002}, "5-6": {"eta_c": 4.015393518792485, "max_diff_c": 15.049306630376066, "shift_c": -4.000000000000001}, "5-7": {"eta_c": 2.525721030158983, "max_diff_c": 15.486969299515366, "shift_c": -1.6875000000000002}, "5-8": {"eta_c": 2.494312439004467, "max_diff_c": 15.742030601238001, "shift_c": -1.5625}, "5-9": {"eta_c": 0.8141300217905304, "max_diff_c": 2.94700388001084, "shift_c": 1.3124999999999998}, "5-10": {"eta_c": 3.83766781650833, "max_diff_c": 21.62720475143135, "shift_c": -5.750000000000002}, "5-11": {"eta_c": 14.540919501035948, "max_diff_c": 60.90445310239477, "shift_c": 5.437500000000002}, "6-7": {"eta_c": 4.276621971963957, "max_diff_c": 13.537328094354265, "shift_c": -3.812500000000001}, "6-8": {"eta_c": 4.343575809126087, "max_diff_c": 13.922080809962424, "shift_c": -3.687500000000001}, "6-9": {"eta_c": 4.325373267954897, "max_diff_c": 18.246310510386905, "shift_c": -2.9375}, "6-10": {"eta_c": 3.7037481099206793, "max_diff_c": 13.047340961224904, "shift_c": 1.6875000000000002}, "6-11": {"eta_c": 12.519357543150052, "max_diff_c": 41.3730075981079, "shift_c": 12.437500000000004}, "7-8": {"eta_c": 0.12167350010516267, "max_diff_c": 0.8407745798910753, "shift_c": 0.1875}, "7-9": {"eta_c": 2.6503699057204884, "max_diff_c": 13.902602295754052, "shift_c": 3.062500000000001}, "7-10": {"eta_c": 3.348597232114752, "max_diff_c": 9.998191883265731, "shift_c": -5.500000000000002}, "7-11": {"eta_c": 12.765850647520192, "max_diff_c": 45.417483802879396, "shift_c": 7.125000000000003}, "8-9": {"eta_c": 2.5913054116440115, "max_diff_c": 14.095163597476684, "shift_c": 2.875000000000001}, "8-10": {"eta_c": 3.288144259838022, "max_diff_c": 9.957622405592742, "shift_c": -5.375000000000001}, "8-11": {"eta_c": 12.768894160823098, "max_diff_c": 45.16242250115676, "shift_c": 7.000000000000003}, "9-10": {"eta_c": 3.5621162799048527, "max_diff_c": 19.792837747670035, "shift_c": -4.625000000000001}, "9-11": {"eta_c": 14.560584059470383, "max_diff_c": 59.257586098633446, "shift_c": 4.125000000000001}, "10-11": {"eta_c": 10.056663460188444, "max_diff_c": 44.69203877214963, "shift_c": 10.750000000000002}}, "v10_distance": {"0-1": {"eta_c": 3.622112653957457, "max_diff_c": 8.351742982340282, "shift_c": 3.062500000000001}, "0-2": {"eta_c": 20.595840940502754, "max_diff_c": 82.18507754850839, "shift_c": 9.937500000000002}, "0-3": {"eta_c": 11.4190127412283, "max_diff_c": 31.119855916632815, "shift_c": -5.437500000000002}, "0-4": {"eta_c": 19.309850579293585, "max_diff_c": 28.422215965277694, "shift_c": 18.062500000000007}, "0-5": {"eta_c": 12.297684903548802, "max_diff_c": 22.43129256647285, "shift_c": 13.500000000000005}, "0-6": {"eta_c": 7.291054608687326, "max_diff_c": 27.31634563461401, "shift_c": -3.875000000000001}, "0-7": {"eta_c": 10.985640659900897, "max_diff_c": 19.447435498968762, "shift_c": 11.000000000000004},