{"pseudos": ["PSL-US-v1-high-19", "PSL-PAW-v1-high-19"], "v_distance": {"eta": [[0.0, 0.3598016468142618], [0.5291451222675931, 0.0]], "shift": [[0.0, -0.5], [0.5, 0.0]]}, "v10_distance": {"eta": [[0.0, 0.30272594637645406], [0.5659073685689577, 0.0]], "shift": [[0.0, -0.25], [0.25, 0.0]]}}