{"pseudos": {"Fr.us.pbe.z_19.ld1.psl.v1.0.0-high.upf": 0, "Fr.paw.pbe.z_19.ld1.psl.v1.0.0-high.upf": 1}, "v_distance": {"0-1": {"eta_c": 0.3598016468142618, "max_diff_c": 0.5291451222675931, "shift_c": -0.5}}, "v10_distance": {"0-1": {"eta_c": 0.30272594637645406, "max_diff_c": 0.5659073685689577, "shift_c": -0.25}}}