{"pseudos": ["Fr.us.pbe.z_19.ld1.psl.v1.0.0-high.upf", "Fr.paw.pbe.z_19.ld1.psl.v1.0.0-high.upf"], "v_distance": {"eta_c": [[0.0, 0.3598016468142618], [0.3598016468142618, 0.0]], "max_diff_c": [[0.0, 0.5291451222675931], [0.5291451222675931, 0.0]], "shift_c": [[0.0, -0.03674932217565499], [-0.03674932217565499, 0.0]]}, "v10_distance": {"eta_c": [[0.0, 0.30272594637645406], [0.30272594637645406, 0.0]], "max_diff_c": [[0.0, 0.5659073685689577], [0.5659073685689577, 0.0]], "shift_c": [[0.0, -0.018374661087827496], [-0.018374661087827496, 0.0]]}}