{"pseudos": ["PSL-US-v1-high-28", "PSL-US-v1-low-11", "PSL-PAW-v1-high-28", "PSL-PAW-v1-low-11", "JTH-1.1-std-18", "Wentzcovitch-18"], "v_distance": {"eta_c": [[0.0, 9470.220284602743, 20.867988812867555, 9469.556623905326, 69.03742530276512, 37.97230890027807], [9470.220284602743, 0.0, 9470.027367665896, 1.012216932270977, 9442.466580006329, 9457.3696742044], [20.867988812867555, 9470.027367665896, 0.0, 9469.364050048998, 63.392372308464296, 32.49666967570453], [9469.556623905326, 1.012216932270977, 9469.364050048998, 0.0, 9441.80785452081, 9456.708570643523], [69.03742530276512, 9442.466580006329, 63.392372308464296, 9441.80785452081, 0.0, 31.246430867875066], [37.97230890027807, 9457.3696742044, 32.49666967570453, 9456.708570643523, 31.246430867875066, 0.0]], "max_diff_c": [[0.0, 16687.95930964945, 27.307803406084076, 16686.91812096752, 82.94864837582783, 47.80997793387411], [16687.95930964945, 0.0, 16685.963344170334, 2.1469860978091333, 16657.356851073142, 16670.78487814545], [27.307803406084076, 16685.963344170334, 0.0, 16684.859655488402, 87.18806352046411, 52.23018895048943], [16686.91812096752, 2.1469860978091333, 16684.859655488402, 0.0, 16656.315662391207, 16669.743689463518], [82.94864837582783, 16657.356851073142, 87.18806352046411, 16656.315662391207, 0.0, 36.077300202422926], [47.80997793387411, 16670.78487814545, 52.23018895048943, 16669.743689463518, 36.077300202422926, 0.0]], "shift_c": [[0.0, 16092.93750000002, 9.812500000000002, 16091.937500000022, 68.06250000000003, 37.062500000000014], [-16092.93750000002, 0.0, 16087.062500000016, 1.0625, 16057.375000000022, 16070.93750000002], [-9.812500000000002, -16087.062500000016, 0.0, 16086.00000000002, 63.12500000000003, 32.12500000000001], [-16091.937500000022, -1.0625, -16086.00000000002, 0.0, 16056.37500000002, 16069.937500000024], [-68.06250000000003, -16057.375000000022, -63.12500000000003, -16056.37500000002, 0.0, 31.000000000000007], [-37.062500000000014, -16070.93750000002, -32.12500000000001, -16069.937500000024, -31.000000000000007, 0.0]]}, "v10_distance": {"eta_c": [[0.0, 12172.810010975201, 17.169423029608936, 12172.062558742935, 57.63214380786006, 32.10457293225627], [12172.810010975201, 0.0, 12170.25739026783, 0.9906631447273331, 12152.007611523482, 12161.576350514026], [17.169423029608936, 12170.25739026783, 0.0, 12169.510211959841, 53.528064725815916, 27.209914567265933], [12172.062558742935, 0.9906631447273331, 12169.510211959841, 0.0, 12151.261291406583, 12160.829666460073], [57.63214380786006, 12152.007611523482, 53.528064725815916, 12151.261291406583, 0.0, 27.34908944094248], [32.10457293225627, 12161.576350514026, 27.209914567265933, 12160.829666460073, 27.34908944094248, 0.0]], "max_diff_c": [[0.0, 18160.060932903478, 29.057803406084076, 18157.226037498844, 103.37026969283805, 109.29307839012623], [18160.060932903478, 0.0, 18143.439616930165, 2.7094860978091333, 18032.792355571426, 18088.697065313172], [29.057803406084076, 18143.439616930165, 0.0, 18140.604721525535, 110.7473301264062, 112.13526404785566], [18157.226037498844, 2.7094860978091333, 18140.604721525535, 0.0, 18029.957460166795, 18085.86216990854], [103.37026969283805, 18032.792355571426, 110.7473301264062, 18029.957460166795, 0.0, 76.66218295087675], [109.29307839012623, 18088.697065313172, 112.13526404785566, 18085.86216990854, 76.66218295087675, 0.0]], "shift_c": [[0.0, 6330.562500000008, 8.062500000000002, 6330.250000000008, 46.000000000000014, 22.187500000000007], [-6330.562500000008, 0.0, 6330.000000000008, 0.5, 6310.812500000008, 6320.312500000007], [-8.062500000000002, -6330.000000000008, 0.0, 6329.687500000007, 45.750000000000014, 22.000000000000007], [-6330.250000000008, -0.5, -6329.687500000007, 0.0, 6310.500000000008, 6320.000000000007], [-46.000000000000014, -6310.812500000008, -45.750000000000014, -6310.500000000008, 0.0, 23.750000000000004], [-22.187500000000007, -6320.312500000007, -22.000000000000007, -6320.000000000007, -23.750000000000004, 0.0]]}}