{"pseudos": {"Gd.us.pbe.z_28.ld1.psl.v1.0.0-high.upf": 0, "Gd.us.pbe.z_11.ld1.psl.v1.0.0-low.upf": 1, "Gd.paw.pbe.z_28.ld1.psl.v1.0.0-high.upf": 2, "Gd.paw.pbe.z_11.ld1.psl.v1.0.0-low.upf": 3, "Gd.paw.pbe.z_18.atompaw.jth.v1.1-std.upf": 4, "Gd.paw.pbe.z_18.atompaw.wentzcovitch.v1.0.legacy.upf": 5}, "v_distance": {"0-1": {"eta_c": 9470.220284602743, "max_diff_c": 16687.95930964945, "shift_c": 16092.93750000002}, "0-2": {"eta_c": 20.867988812867555, "max_diff_c": 27.307803406084076, "shift_c": 9.812500000000002}, "0-3": {"eta_c": 9469.556623905326, "max_diff_c": 16686.91812096752, "shift_c": 16091.937500000022}, "0-4": {"eta_c": 69.03742530276512, "max_diff_c": 82.94864837582783, "shift_c": 68.06250000000003}, "0-5": {"eta_c": 37.97230890027807, "max_diff_c": 47.80997793387411, "shift_c": 37.062500000000014}, "1-2": {"eta_c": 9470.027367665896, "max_diff_c": 16685.963344170334, "shift_c": 16087.062500000016}, "1-3": {"eta_c": 1.012216932270977, "max_diff_c": 2.1469860978091333, "shift_c": 1.0625}, "1-4": {"eta_c": 9442.466580006329, "max_diff_c": 16657.356851073142, "shift_c": 16057.375000000022}, "1-5": {"eta_c": 9457.3696742044, "max_diff_c": 16670.78487814545, "shift_c": 16070.93750000002}, "2-3": {"eta_c": 9469.364050048998, "max_diff_c": 16684.859655488402, "shift_c": 16086.00000000002}, "2-4": {"eta_c": 63.392372308464296, "max_diff_c": 87.18806352046411, "shift_c": 63.12500000000003}, "2-5": {"eta_c": 32.49666967570453, "max_diff_c": 52.23018895048943, "shift_c": 32.12500000000001}, "3-4": {"eta_c": 9441.80785452081, "max_diff_c": 16656.315662391207, "shift_c": 16056.37500000002}, "3-5": {"eta_c": 9456.708570643523, "max_diff_c": 16669.743689463518, "shift_c": 16069.937500000024}, "4-5": {"eta_c": 31.246430867875066, "max_diff_c": 36.077300202422926, "shift_c": 31.000000000000007}}, "v10_distance": {"0-1": {"eta_c": 12172.810010975201, "max_diff_c": 18160.060932903478, "shift_c": 6330.562500000008}, "0-2": {"eta_c": 17.169423029608936, "max_diff_c": 29.057803406084076, "shift_c": 8.062500000000002}, "0-3": {"eta_c": 12172.062558742935, "max_diff_c": 18157.226037498844, "shift_c": 6330.250000000008}, "0-4": {"eta_c": 57.63214380786006, "max_diff_c": 103.37026969283805, "shift_c": 46.000000000000014}, "0-5": {"eta_c": 32.10457293225627, "max_diff_c": 109.29307839012623, "shift_c": 22.187500000000007}, "1-2": {"eta_c": 12170.25739026783, "max_diff_c": 18143.439616930165, "shift_c": 6330.000000000008}, "1-3": {"eta_c": 0.9906631447273331, "max_diff_c": 2.7094860978091333, "shift_c": 0.5}, "1-4": {"eta_c": 12152.007611523482, "max_diff_c": 18032.792355571426, "shift_c": 6310.812500000008}, "1-5": {"eta_c": 12161.576350514026, "max_diff_c": 18088.697065313172, "shift_c": 6320.312500000007}, "2-3": {"eta_c": 12169.510211959841, "max_diff_c": 18140.604721525535, "shift_c": 6329.687500000007}, "2-4": {"eta_c": 53.528064725815916, "max_diff_c": 110.7473301264062, "shift_c": 45.750000000000014}, "2-5": {"eta_c": 27.209914567265933, "max_diff_c": 112.13526404785566, "shift_c": 22.000000000000007}, "3-4": {"eta_c": 12151.261291406583, "max_diff_c": 18029.957460166795, "shift_c": 6310.500000000008}, "3-5": {"eta_c": 12160.829666460073, "max_diff_c": 18085.86216990854, "shift_c": 6320.000000000007}, "4-5": {"eta_c": 27.34908944094248, "max_diff_c": 76.66218295087675, "shift_c": 23.750000000000004}}}