{"pseudos": {"Ge.nc.pbe.z_14.oncvpsp3.dojo.v0.4.1-std.upf": 0, "Ge.nc.pbe.z_22.oncvpsp3.dojo.v0.4.1-str.upf": 1, "Ge.nc.pbe.z_14.oncvpsp4.spms.v1.upf": 2, "Ge.nc.pbe.z_14.oncvpsp4.sg15.v0.upf": 3, "Ge.us.pbe.z_14.uspp.gbrv.v1.4.upf": 4, "Ge.us.pbe.z_14.ld1.psl.v1.0.0-high.upf": 5, "Ge.us.pbe.z_4.ld1.psl.v1.0.0-low.upf": 6, "Ge.us.pbe.z_14.ld1.psl.v0.3.1.upf": 7, "Ge.paw.pbe.z_14.ld1.psl.v0.3.1.upf": 8, "Ge.paw.pbe.z_14.ld1.psl.v1.0.0-high.upf": 9, "Ge.paw.pbe.z_4.ld1.psl.v1.0.0-low.upf": 10, "Ge.paw.pbe.z_14.atompaw.jth.v1.1-std.upf": 11}, "v_distance": {"0-1": {"eta_c": 17.721040755139068, "max_diff_c": 29.49095126696874, "shift_c": 28.187500000000004}, "0-2": {"eta_c": 15.526247733223304, "max_diff_c": 27.073180207374932, "shift_c": -23.437500000000007}, "0-3": {"eta_c": 6.160198315409792, "max_diff_c": 18.324471690561623, "shift_c": -8.625000000000002}, "0-4": {"eta_c": 23.864433065775334, "max_diff_c": 39.42175157785977, "shift_c": 38.250000000000014}, "0-5": {"eta_c": 28.463285252941965, "max_diff_c": 47.69432229639371, "shift_c": 45.062500000000014}, "0-6": {"eta_c": 5.568319592543365, "max_diff_c": 71.57116021757706, "shift_c": -4.750000000000001}, "0-7": {"eta_c": 13.366751803202385, "max_diff_c": 22.16886605117376, "shift_c": 20.062500000000004}, "0-8": {"eta_c": 16.621485741829275, "max_diff_c": 27.384954161154404, "shift_c": 24.875}, "0-9": {"eta_c": 15.055800944687816, "max_diff_c": 24.689724585104038, "shift_c": 23.312500000000007}, "0-10": {"eta_c": 5.52735863551585, "max_diff_c": 71.96646586112766, "shift_c": -4.375000000000001}, "0-11": {"eta_c": 24.231574507056468, "max_diff_c": 59.181133650834504, "shift_c": 28.750000000000004}, "1-2": {"eta_c": 33.22510918357593, "max_diff_c": 55.36102242535578, "shift_c": 51.62500000000002}, "1-3": {"eta_c": 23.556253568064886, "max_diff_c": 44.46704016635985, "shift_c": 36.875000000000014}, "1-4": {"eta_c": 6.152877445348727, "max_diff_c": 12.42163399063955, "shift_c": -10.000000000000002}, "1-5": {"eta_c": 10.757621378436703, "max_diff_c": 19.248443574758664, "shift_c": -16.875000000000004}, "1-6": {"eta_c": 5.786744713456767, "max_diff_c": 69.65122869337529, "shift_c": -4.562500000000001}, "1-7": {"eta_c": 4.38771047217361, "max_diff_c": 11.411876537591668, "shift_c": 8.187500000000002}, "1-8": {"eta_c": 1.2144925603394576, "max_diff_c": 6.1820451304396125, "shift_c": 3.3750000000000013}, "1-9": {"eta_c": 2.681961288654145, "max_diff_c": 6.511082387804252, "shift_c": 4.937500000000001}, "1-10": {"eta_c": 5.769025416269551, "max_diff_c": 70.04653433692589, "shift_c": -4.187500000000001}, "1-11": {"eta_c": 6.697938323311613, "max_diff_c": 33.10106517503628, "shift_c": -0.5625000000000001}, "2-3": {"eta_c": 9.887671327801785, "max_diff_c": 18.43366807529134, "shift_c": 14.812500000000004}, "2-4": {"eta_c": 39.355277716544215, "max_diff_c": 65.51032339340726, "shift_c": 61.68750000000003}, "2-5": {"eta_c": 43.958546029033414, "max_diff_c": 74.433460106383, "shift_c": 68.50000000000003}, "2-6": {"eta_c": 6.105146435211128, "max_diff_c": 82.5104944629896, "shift_c": -3.687500000000001}, "2-7": {"eta_c": 28.86082901120813, "max_diff_c": 49.2420462585487, "shift_c": 43.500000000000014}, "2-8": {"eta_c": 32.11619057697781, "max_diff_c": 54.45813436852934, "shift_c": 48.312500000000014}, "2-9": {"eta_c": 30.55424205846283, "max_diff_c": 51.55529958709487, "shift_c": 46.750000000000014}, "2-10": {"eta_c": 6.035017073215204, "max_diff_c": 82.9058001065402, "shift_c": -3.3125000000000004}, "2-11": {"eta_c": 39.683536968327864, "max_diff_c": 72.741799405422, "shift_c": 52.18750000000002}, "3-4": {"eta_c": 29.653199226989877, "max_diff_c": 56.8886741569994, "shift_c": 46.875000000000014}, "3-5": {"eta_c": 34.231715503033, "max_diff_c": 56.61503686094266, "shift_c": 53.75000000000002}, "3-6": {"eta_c": 5.619656662984188, "max_diff_c": 62.309188527015436, "shift_c": -4.312500000000001}, "3-7": {"eta_c": 19.19168797774915, "max_diff_c": 33.05516362876818, "shift_c": 28.687500000000004}, "3-8": {"eta_c": 22.442233183161903, "max_diff_c": 38.28499503592023, "shift_c": 33.50000000000001}, "3-9": {"eta_c": 20.881374257026902, "max_diff_c": 37.95595777855559, "shift_c": 31.937500000000007}, "3-10": {"eta_c": 5.591427247965208, "max_diff_c": 62.70449417056604, "shift_c": -3.937500000000001}, "3-11": {"eta_c": 30.0088146125779, "max_diff_c": 77.50560534139613, "shift_c": 37.375000000000014}, "4-5": {"eta_c": 4.639902374242882, "max_diff_c": 9.420947296549224, "shift_c": 6.875000000000003}, "4-6": {"eta_c": 5.935388921245062, "max_diff_c": 72.38536268401482, "shift_c": -4.250000000000001}, "4-7": {"eta_c": 10.50788389725158, "max_diff_c": 23.833510528231223, "shift_c": -18.187500000000007}, "4-8": {"eta_c": 7.259941199444983, "max_diff_c": 18.603679121079164, "shift_c": -13.375000000000005}, "4-9": {"eta_c": 8.811582582670578, "max_diff_c": 18.932716378443807, "shift_c": -14.937500000000007}, "4-10": {"eta_c": 5.919417850654541, "max_diff_c": 72.71816832756544, "shift_c": -3.937500000000001}, "4-11": {"eta_c": 1.6593075547260248, "max_diff_c": 20.616931184396734, "shift_c": -9.500000000000004}, "5-6": {"eta_c": 6.028405940564083, "max_diff_c": 60.47937068623264, "shift_c": -4.625000000000001}, "5-7": {"eta_c": 15.111025214370368, "max_diff_c": 26.476676364826332, "shift_c": -25.062500000000007}, "5-8": {"eta_c": 11.868858268173813, "max_diff_c": 21.565284836483247, "shift_c": -20.250000000000004}, "5-9": {"eta_c": 13.415822074096889, "max_diff_c": 23.13449227675312, "shift_c": -21.812500000000007}, "5-10": {"eta_c": 6.0418990180748935, "max_diff_c": 60.81217632978324, "shift_c": -4.312500000000001}, "5-11": {"eta_c": 4.7611182845627695, "max_diff_c": 25.33542318217891, "shift_c": -16.312500000000004}, "6-7": {"eta_c": 5.457364307498916, "max_diff_c": 65.17685215578362, "shift_c": -5.812500000000002}, "6-8": {"eta_c": 5.502970854151347, "max_diff_c": 65.21918356293567, "shift_c": -6.187500000000002}, "6-9": {"eta_c": 5.704877207476658, "max_diff_c": 67.39014630557102, "shift_c": -5.250000000000001}, "6-10": {"eta_c": 0.22920020849667797, "max_diff_c": 0.5080702638678504, "shift_c": -0.3125}, "6-11": {"eta_c": 6.843019655770149, "max_diff_c": 92.50229386841156, "shift_c": -14.250000000000005}, "7-8": {"eta_c": 3.259846093456854, "max_diff_c": 5.430185714638939, "shift_c": 4.812500000000001}, "7-9": {"eta_c": 1.711623067760025, "max_diff_c": 4.900794149787417, "shift_c": 3.2500000000000013}, "7-10": {"eta_c": 5.4197782857233205, "max_diff_c": 65.5096577993342, "shift_c": -5.500000000000002}, "7-11": {"eta_c": 10.914747415973515, "max_diff_c": 44.45044171262795, "shift_c": 8.687500000000002}, "8-9": {"eta_c": 1.5905910636443426, "max_diff_c": 3.5741655314295073, "shift_c": -1.5625}, "8-10": {"eta_c": 5.4602534513219165, "max_diff_c": 65.61448920648627, "shift_c": -5.812500000000002}, "8-11": {"eta_c": 7.691040184793083, "max_diff_c": 39.220610305475894, "shift_c": 3.875000000000001}, "9-10": {"eta_c": 5.675544333192502, "max_diff_c": 67.72295194912164, "shift_c": -4.937500000000001}, "9-11": {"eta_c": 9.263310676143469, "max_diff_c": 39.54964756284053, "shift_c": 5.437500000000002}, "10-11": {"eta_c": 6.754870658953296, "max_diff_c": 92.83509951196216, "shift_c": -13.937500000000005}}, "v10_distance": {"0-1": {"eta_c": 20.060846753429082, "max_diff_c": 30.38865550700705, "shift_c": 19.750000000000007}, "0-2": {"eta_c": 16.520313397336576, "max_diff_c": 21.434924946429792, "shift_c": -17.125000000000004}, "0-3": {"eta_c": 8.463431980351634, "max_diff_c": 19.60673341522839, "shift_c": -4.500000000000001}, "0-4": {"eta_c": 27.296042236880748, "max_diff_c": 39.15555931059096, "shift_c": 26.562500000000004}, "0-5": {"eta_c": 30.81057526702387, "max_diff_c": 35.4443222963937, "shift_c": 32.81250000000001}, "0-6": {"eta_c": 35.9050301808231, "max_diff_c": 126.38421029724545, "shift_c": -29.625000000000007}, "0-7": {"eta_c": 13.086274518167897, "max_diff_c": 18.23136605117376, "shift_c": 16.125000000000004},