{"pseudos": {"H.nc.pbe.z_1.oncvpsp3.dojo.v0.4.1-std.upf": 0, "H.nc.pbe.z_1.oncvpsp4.spms.v1.upf": 1, "H.nc.pbe.z_1.oncvpsp4.sg15.v0.upf": 2, "H.us.pbe.z_1.uspp.gbrv.v1.4.upf": 3, "H.us.pbe.z_1.ld1.psl.v1.0.0-high.upf": 4, "H.us.pbe.z_1.ld1.psl.v0.1.upf": 5, "H.paw.pbe.z_1.ld1.psl.v0.1.upf": 6, "H.paw.pbe.z_1.ld1.psl.v1.0.0-high.upf": 7, "H.paw.pbe.z_1.atompaw.jth.v1.1-std.upf": 8}, "v_distance": {"0-1": {"eta_c": 0.018869435111571194, "max_diff_c": 0.03743887923057798, "shift_c": 0.0}, "0-2": {"eta_c": 0.6067836277872423, "max_diff_c": 1.6941666841114367, "shift_c": -1.3124999999999998}, "0-3": {"eta_c": 0.23505132343506746, "max_diff_c": 0.9573562634625148, "shift_c": -0.4375}, "0-4": {"eta_c": 0.4631164262850368, "max_diff_c": 0.9488587290577826, "shift_c": -0.75}, "0-5": {"eta_c": 0.4631164262850368, "max_diff_c": 0.9488587290577826, "shift_c": -0.75}, "0-6": {"eta_c": 0.536236764208248, "max_diff_c": 1.1081396100174743, "shift_c": -0.875}, "0-7": {"eta_c": 0.536236764208248, "max_diff_c": 1.1081396100174743, "shift_c": -0.875}, "0-8": {"eta_c": 0.4743770952739176, "max_diff_c": 1.1541422269134927, "shift_c": -0.9375}, "1-2": {"eta_c": 0.6158220527391629, "max_diff_c": 1.6953915129462371, "shift_c": -1.3124999999999998}, "1-3": {"eta_c": 0.23376852227885875, "max_diff_c": 0.923225491135014, "shift_c": -0.4375}, "1-4": {"eta_c": 0.4743119922163981, "max_diff_c": 0.9498068952384635, "shift_c": -0.75}, "1-5": {"eta_c": 0.4743119922163981, "max_diff_c": 0.9498068952384635, "shift_c": -0.75}, "1-6": {"eta_c": 0.547833409427184, "max_diff_c": 1.1090877761981552, "shift_c": -0.875}, "1-7": {"eta_c": 0.547833409427184, "max_diff_c": 1.1090877761981552, "shift_c": -0.875}, "1-8": {"eta_c": 0.485663508992602, "max_diff_c": 1.1257729992409935, "shift_c": -1.0}, "2-3": {"eta_c": 0.711058499844083, "max_diff_c": 2.417184536572762, "shift_c": 0.875}, "2-4": {"eta_c": 0.3795197426476376, "max_diff_c": 1.2337480599767938, "shift_c": 0.625}, "2-5": {"eta_c": 0.3795197426476376, "max_diff_c": 1.2337480599767938, "shift_c": 0.625}, "2-6": {"eta_c": 0.38549110746924864, "max_diff_c": 1.0865136832679738, "shift_c": 0.4375}, "2-7": {"eta_c": 0.38549110746924864, "max_diff_c": 1.0865136832679738, "shift_c": 0.4375}, "2-8": {"eta_c": 0.25717576622426985, "max_diff_c": 0.8322602450152452, "shift_c": 0.375}, "3-4": {"eta_c": 0.528922155643834, "max_diff_c": 1.8725769213074273, "shift_c": -0.3125}, "3-5": {"eta_c": 0.528922155643834, "max_diff_c": 1.8725769213074273, "shift_c": -0.3125}, "3-6": {"eta_c": 0.5928095579982348, "max_diff_c": 2.0108306820552997, "shift_c": -0.4375}, "3-7": {"eta_c": 0.5928095579982348, "max_diff_c": 2.0108306820552997, "shift_c": -0.4375}, "3-8": {"eta_c": 0.5568351128867702, "max_diff_c": 2.1114984903760075, "shift_c": -0.5}, "4-5": {"eta_c": 0.0, "max_diff_c": 0.0, "shift_c": 0.0}, "4-6": {"eta_c": 0.07508918271135151, "max_diff_c": 0.15928088095969173, "shift_c": -0.125}, "4-7": {"eta_c": 0.07508918271135151, "max_diff_c": 0.15928088095969173, "shift_c": -0.125}, "4-8": {"eta_c": 0.130190880746076, "max_diff_c": 0.4014878149615484, "shift_c": -0.25}, "5-6": {"eta_c": 0.07508918271135151, "max_diff_c": 0.15928088095969173, "shift_c": -0.125}, "5-7": {"eta_c": 0.07508918271135151, "max_diff_c": 0.15928088095969173, "shift_c": -0.125}, "5-8": {"eta_c": 0.130190880746076, "max_diff_c": 0.4014878149615484, "shift_c": -0.25}, "6-7": {"eta_c": 0.0, "max_diff_c": 0.0, "shift_c": 0.0}, "6-8": {"eta_c": 0.15314409667588844, "max_diff_c": 0.46412789250135233, "shift_c": -0.0625}, "7-8": {"eta_c": 0.15314409667588844, "max_diff_c": 0.46412789250135233, "shift_c": -0.0625}}, "v10_distance": {"0-1": {"eta_c": 0.051328213279816376, "max_diff_c": 0.2657161003156716, "shift_c": 0.0}, "0-2": {"eta_c": 1.978585318914854, "max_diff_c": 5.7385779857022925, "shift_c": 0.25}, "0-3": {"eta_c": 0.7025558026995056, "max_diff_c": 2.659438104060399, "shift_c": -0.125}, "0-4": {"eta_c": 0.7498125970755185, "max_diff_c": 2.9943101670554886, "shift_c": -0.6875}, "0-5": {"eta_c": 0.7498125970755185, "max_diff_c": 2.9943101670554886, "shift_c": -0.6875}, "0-6": {"eta_c": 0.8870183006755499, "max_diff_c": 3.461172686164076, "shift_c": -0.8125000000000001}, "0-7": {"eta_c": 0.8870183006755499, "max_diff_c": 3.461172686164076, "shift_c": -0.8125000000000001}, "0-8": {"eta_c": 0.8619109851444655, "max_diff_c": 2.6526363523311716, "shift_c": -0.5625000000000001}, "1-2": {"eta_c": 2.021477592882013, "max_diff_c": 6.002265831644621, "shift_c": 0.25}, "1-3": {"eta_c": 0.7050473580255012, "max_diff_c": 2.677194072265479, "shift_c": -0.125}, "1-4": {"eta_c": 0.7268999639093533, "max_diff_c": 2.73062232111316, "shift_c": -0.6875}, "1-5": {"eta_c": 0.7268999639093533, "max_diff_c": 2.73062232111316, "shift_c": -0.6875}, "1-6": {"eta_c": 0.8659122706287617, "max_diff_c": 3.1974848402217475, "shift_c": -0.8125000000000001}, "1-7": {"eta_c": 0.8659122706287617, "max_diff_c": 3.1974848402217475, "shift_c": -0.8125000000000001}, "1-8": {"eta_c": 0.8585122449316558, "max_diff_c": 2.468242557568445, "shift_c": -0.5}, "2-3": {"eta_c": 1.9924209996815805, "max_diff_c": 7.154707116590956, "shift_c": -0.375}, "2-4": {"eta_c": 2.3076005246728073, "max_diff_c": 8.67038815275778, "shift_c": -1.0}, "2-5": {"eta_c": 2.3076005246728073, "max_diff_c": 8.67038815275778, "shift_c": -1.0}, "2-6": {"eta_c": 2.3611438562843636, "max_diff_c": 9.199750671866367, "shift_c": -1.0625}, "2-7": {"eta_c": 2.3611438562843636, "max_diff_c": 9.199750671866367, "shift_c": -1.0625}, "2-8": {"eta_c": 1.9581126496122092, "max_diff_c": 8.391214338033464, "shift_c": -0.8125000000000001}, "3-4": {"eta_c": 0.6441796810086292, "max_diff_c": 1.7595210193120039, "shift_c": -0.5625000000000001}, "3-5": {"eta_c": 0.6441796810086292, "max_diff_c": 1.7595210193120039, "shift_c": -0.5625000000000001}, "3-6": {"eta_c": 0.6872098391949969, "max_diff_c": 2.1139012219266253, "shift_c": -0.6875}, "3-7": {"eta_c": 0.6872098391949969, "max_diff_c": 2.1139012219266253, "shift_c": -0.6875}, "3-8": {"eta_c": 0.5477267038063117, "max_diff_c": 2.2364984903760075, "shift_c": -0.375}, "4-5": {"eta_c": 0.0, "max_diff_c": 0.0, "shift_c": 0.0}, "4-6": {"eta_c": 0.14675080818015518, "max_diff_c": 0.466862519108588, "shift_c": -0.125}, "4-7": {"eta_c": 0.14675080818015518, "max_diff_c": 0.466862519108588, "shift_c": -0.125}, "4-8": {"eta_c": 0.48002872937018637, "max_diff_c": 1.19101214750917, "shift_c": 0.1875}, "5-6": {"eta_c": 0.14675080818015518, "max_diff_c": 0.466862519108588, "shift_c": -0.125}, "5-7": {"eta_c": 0.14675080818015518, "max_diff_c": 0.466862519108588, "shift_c": -0.125}, "5-8": {"eta_c": 0.48002872937018637, "max_diff_c": 1.19101214750917, "shift_c": 0.1875}, "6-7": {"eta_c": 0.0, "max_diff_c": 0.0, "shift_c": 0.0}, "6-8": {"eta_c": 0.47150960031888683, "max_diff_c": 1.1917256417842417, "shift_c": 0.25}, "7-8": {"eta_c": 0.47150960031888683, "max_diff_c": 1.1917256417842417, "shift_c": 0.25}}}