{"pseudos": {"He.nc.pbe.z_2.oncvpsp3.dojo.v0.4.1-std.upf": 0, "He.nc.pbe.z_2.oncvpsp4.spms.v1.upf": 1, "He.nc.pbe.z_2.oncvpsp4.sg15.v0.upf": 2, "He.us.pbe.z_2.ld1.psl.v1.0.0-high.upf": 3, "He.paw.pbe.z_2.ld1.psl.v1.0.0-high.upf": 4, "He.paw.pbe.z_2.atompaw.jth.v1.1-std.upf": 5}, "v_distance": {"0-1": {"eta_c": 0.021084135614460008, "max_diff_c": 0.022446228919704936, "shift_c": -0.0625}, "0-2": {"eta_c": 0.016378718647447083, "max_diff_c": 0.041926431157593425, "shift_c": -45.125000000000014}, "0-3": {"eta_c": 0.025600727728768712, "max_diff_c": 0.035215802864536905, "shift_c": -10.125000000000002}, "0-4": {"eta_c": 0.03139492004710447, "max_diff_c": 0.08922665075217912, "shift_c": -10.000000000000002}, "0-5": {"eta_c": 0.03298809011694827, "max_diff_c": 0.06487815663386298, "shift_c": -43.750000000000014}, "1-2": {"eta_c": 0.033136715509806985, "max_diff_c": 0.057667058052698894, "shift_c": -45.125000000000014}, "1-3": {"eta_c": 0.011345204925573437, "max_diff_c": 0.04661371307709827, "shift_c": -10.062500000000002}, "1-4": {"eta_c": 0.02025409662019287, "max_diff_c": 0.04612682575078769, "shift_c": -10.000000000000002}, "1-5": {"eta_c": 0.0189353142312161, "max_diff_c": 0.08427833163247161, "shift_c": -43.687500000000014}, "2-3": {"eta_c": 0.03544326867299466, "max_diff_c": 0.06747649461626148, "shift_c": 35.06250000000001}, "2-4": {"eta_c": 0.02912322579448601, "max_diff_c": 0.06175453299411132, "shift_c": 35.12500000000001}, "2-5": {"eta_c": 0.035104352903793545, "max_diff_c": 0.08545172547626831, "shift_c": 1.4375}, "3-4": {"eta_c": 0.012703103905361694, "max_diff_c": 0.01632290939331682, "shift_c": 0.0625}, "3-5": {"eta_c": 0.008383303131644551, "max_diff_c": 0.03766461855537334, "shift_c": -33.62500000000001}, "4-5": {"eta_c": 0.008688756053569962, "max_diff_c": 0.03815150588168392, "shift_c": -33.68750000000001}}, "v10_distance": {"0-1": {"eta_c": 0.021073107733700396, "max_diff_c": 0.022446228919704936, "shift_c": -0.0625}, "0-2": {"eta_c": 1.5274622946440783, "max_diff_c": 0.16692643115759354, "shift_c": -45.000000000000014}, "0-3": {"eta_c": 0.3240940508965556, "max_diff_c": 0.0897135380784897, "shift_c": -10.062500000000002}, "0-4": {"eta_c": 0.3176622162435836, "max_diff_c": 0.08922665075217912, "shift_c": -10.000000000000002}, "0-5": {"eta_c": 0.13250249990523064, "max_diff_c": 0.12737815663386304, "shift_c": -43.687500000000014}, "1-2": {"eta_c": 1.5276591973642328, "max_diff_c": 0.12382660615620211, "shift_c": -45.000000000000014}, "1-3": {"eta_c": 0.32483593944300765, "max_diff_c": 0.04661371307709827, "shift_c": -10.062500000000002}, "1-4": {"eta_c": 0.31888215845377244, "max_diff_c": 0.10862682575078775, "shift_c": -9.937500000000002}, "1-5": {"eta_c": 0.12917762639393224, "max_diff_c": 0.08427833163247161, "shift_c": -43.687500000000014}, "2-3": {"eta_c": 1.2046031910634116, "max_diff_c": 0.12318017234919099, "shift_c": 34.93750000000001}, "2-4": {"eta_c": 1.2111808668378692, "max_diff_c": 0.13950308174250775, "shift_c": 35.00000000000001}, "2-5": {"eta_c": 1.4869564163624307, "max_diff_c": 0.1307299060596067, "shift_c": 1.3124999999999998}, "3-4": {"eta_c": 0.013848299117978, "max_diff_c": 0.01632290939331682, "shift_c": 0.0625}, "3-5": {"eta_c": 0.2482113255539646, "max_diff_c": 0.03766461855537334, "shift_c": -33.62500000000001}, "4-5": {"eta_c": 0.24244002592686054, "max_diff_c": 0.03815150588168392, "shift_c": -33.68750000000001}}}