{"pseudos": {"Hg.nc.pbe.z_20.oncvpsp3.dojo.v0.4.1-std.upf": 0, "Hg.nc.pbe.z_20.oncvpsp3.dojo.v0.4.1-str.upf": 1, "Hg.nc.pbe.z_20.oncvpsp4.spms.v1.upf": 2, "Hg.nc.pbe.z_20.oncvpsp4.sg15.v0.upf": 3, "Hg.us.pbe.z_12.uspp.gbrv.v1.upf": 4, "Hg.us.pbe.z_20.ld1.psl.v1.0.0-high.upf": 5, "Hg.us.pbe.z_12.ld1.psl.v1.0.0-low.upf": 6, "Hg.us.pbe.z_12.ld1.psl.v0.2.2.upf": 7, "Hg.paw.pbe.z_12.ld1.psl.v0.2.2.upf": 8, "Hg.paw.pbe.z_20.ld1.psl.v1.0.0-high.upf": 9, "Hg.paw.pbe.z_12.ld1.psl.v1.0.0-low.upf": 10, "Hg.paw.pbe.z_12.atompaw.jth.v1.1-std.upf": 11}, "v_distance": {"0-1": {"eta_c": 0.14160744460813995, "max_diff_c": 0.5121767617216051, "shift_c": -0.5}, "0-2": {"eta_c": 0.7838748175613686, "max_diff_c": 2.7671798814066766, "shift_c": 2.5000000000000004}, "0-3": {"eta_c": 30062.757871900947, "max_diff_c": 69873.10477199194, "shift_c": -35116.625000000044}, "0-4": {"eta_c": 0.7182390937178775, "max_diff_c": 4.648926910287017, "shift_c": 0.3125}, "0-5": {"eta_c": 1.1327183609678846, "max_diff_c": 3.2620962236680673, "shift_c": 2.6875000000000004}, "0-6": {"eta_c": 0.6922645670887776, "max_diff_c": 4.939308529354479, "shift_c": 3.5000000000000013}, "0-7": {"eta_c": 0.6200917079860853, "max_diff_c": 3.5296546780056848, "shift_c": 2.3750000000000004}, "0-8": {"eta_c": 1.0926921441475177, "max_diff_c": 5.040818680658092, "shift_c": 3.812500000000001}, "0-9": {"eta_c": 1.13586019746524, "max_diff_c": 3.1218494913152743, "shift_c": 2.5000000000000004}, "0-10": {"eta_c": 1.6894217715637798, "max_diff_c": 7.882555668833172, "shift_c": 6.312500000000002}, "0-11": {"eta_c": 1.0054003385348385, "max_diff_c": 5.456864741685785, "shift_c": 4.125000000000001}, "1-2": {"eta_c": 0.8841326852023762, "max_diff_c": 3.063061567940893, "shift_c": 3.000000000000001}, "1-3": {"eta_c": 30062.78426869873, "max_diff_c": 69873.07317515521, "shift_c": -35116.062500000044}, "1-4": {"eta_c": 0.6413398116483359, "max_diff_c": 4.295966451344974, "shift_c": -0.25}, "1-5": {"eta_c": 1.1257016422550241, "max_diff_c": 3.774272985389673, "shift_c": 3.187500000000001}, "1-6": {"eta_c": 0.5914694264904672, "max_diff_c": 4.427131767632873, "shift_c": 3.000000000000001}, "1-7": {"eta_c": 0.513197749377583, "max_diff_c": 3.028130901684563, "shift_c": 1.8750000000000004}, "1-8": {"eta_c": 0.9781258089364511, "max_diff_c": 4.519378853686832, "shift_c": 3.2500000000000013}, "1-9": {"eta_c": 1.126901478684828, "max_diff_c": 3.63402625303688, "shift_c": 3.000000000000001}, "1-10": {"eta_c": 1.5641728533468682, "max_diff_c": 7.307878907111567, "shift_c": 5.750000000000002}, "1-11": {"eta_c": 0.8811408355596027, "max_diff_c": 4.882187979964181, "shift_c": 3.5625000000000013}, "2-3": {"eta_c": 30062.984175872753, "max_diff_c": 69873.61119853273, "shift_c": -35119.12500000004}, "2-4": {"eta_c": 1.5460887191396344, "max_diff_c": 6.7263896342466944, "shift_c": 2.875000000000001}, "2-5": {"eta_c": 1.2859080313512827, "max_diff_c": 1.6628743600020925, "shift_c": 0.25}, "2-6": {"eta_c": 1.515922778962278, "max_diff_c": 7.615193335573766, "shift_c": 6.125000000000002}, "2-7": {"eta_c": 1.5857588772801332, "max_diff_c": 6.205539484224972, "shift_c": 5.000000000000001}, "2-8": {"eta_c": 2.071530548782302, "max_diff_c": 7.65420348687738, "shift_c": 6.375000000000002}, "2-9": {"eta_c": 1.3244434008891, "max_diff_c": 1.8485909675547418, "shift_c": 0.0}, "2-10": {"eta_c": 2.657793755363302, "max_diff_c": 10.49594047505246, "shift_c": 8.875000000000004}, "2-11": {"eta_c": 1.9574268358429097, "max_diff_c": 8.070249547905073, "shift_c": 6.687500000000003}, "3-4": {"eta_c": 34262.56362628543, "max_diff_c": 70248.73337454704, "shift_c": -34740.25000000004}, "3-5": {"eta_c": 30062.80825525176, "max_diff_c": 69872.27723182236, "shift_c": 35119.37500000005}, "3-6": {"eta_c": 34262.66116306598, "max_diff_c": 70250.38144518119, "shift_c": -34735.625000000044}, "3-7": {"eta_c": 34262.6449370187, "max_diff_c": 70249.96823673508, "shift_c": -34737.06250000004}, "3-8": {"eta_c": 34262.60731375338, "max_diff_c": 70250.07866944073, "shift_c": -34735.437500000044}, "3-9": {"eta_c": 30062.77526396223, "max_diff_c": 69872.21983753236, "shift_c": 35119.18750000005}, "3-10": {"eta_c": 34262.3660194295, "max_diff_c": 70249.85457376119, "shift_c": -34732.93750000005}, "3-11": {"eta_c": 34262.61056187869, "max_diff_c": 70250.00886307117, "shift_c": -34735.250000000044}, "4-5": {"eta_c": 1.033276384249906, "max_diff_c": 5.148791068129, "shift_c": 2.1250000000000004}, "4-6": {"eta_c": 0.7017009718665708, "max_diff_c": 6.075078790828606, "shift_c": -3.2500000000000004}, "4-7": {"eta_c": 0.7496674970565969, "max_diff_c": 4.869010796286254, "shift_c": -2.125}, "4-8": {"eta_c": 1.0199904086983818, "max_diff_c": 6.176588942132221, "shift_c": -3.5625000000000004}, "4-9": {"eta_c": 0.9758413832554312, "max_diff_c": 4.971129269152037, "shift_c": 1.8750000000000004}, "4-10": {"eta_c": 1.3716816529779363, "max_diff_c": 9.0183259303073, "shift_c": -6.062500000000002}, "4-11": {"eta_c": 0.8481632732353795, "max_diff_c": 6.530135003159914, "shift_c": -3.812500000000001}, "5-6": {"eta_c": 1.0929024057221897, "max_diff_c": 7.388904753022545, "shift_c": 5.375000000000001}, "5-7": {"eta_c": 1.0536672647385612, "max_diff_c": 5.979250901673752, "shift_c": 4.250000000000001}, "5-8": {"eta_c": 1.5318919831504771, "max_diff_c": 7.42791490432616, "shift_c": 5.625000000000002}, "5-9": {"eta_c": 0.07477322552997527, "max_diff_c": 0.20138873557850445, "shift_c": -0.1875}, "5-10": {"eta_c": 2.1385243211885476, "max_diff_c": 10.269651892501239, "shift_c": 8.125000000000002}, "5-11": {"eta_c": 1.4555826700792536, "max_diff_c": 7.843960965353853, "shift_c": 5.937500000000002}, "6-7": {"eta_c": 0.4980426718295078, "max_diff_c": 2.9539706544144266, "shift_c": 1.1250000000000002}, "6-8": {"eta_c": 0.810514665589798, "max_diff_c": 4.507718606416695, "shift_c": -0.3125}, "6-9": {"eta_c": 1.0409424555910476, "max_diff_c": 7.186158020669752, "shift_c": 5.125000000000001}, "6-10": {"eta_c": 1.2003922189553655, "max_diff_c": 3.7262133294450095, "shift_c": -2.8125}, "6-11": {"eta_c": 0.5415171765112156, "max_diff_c": 2.2530131265125064, "shift_c": -0.625}, "7-8": {"eta_c": 0.5077852929283692, "max_diff_c": 1.5537479520022686, "shift_c": -1.4375}, "7-9": {"eta_c": 0.9870614392269621, "max_diff_c": 5.776504169320959, "shift_c": 4.000000000000001}, "7-10": {"eta_c": 1.1326626520738237, "max_diff_c": 4.352900990827487, "shift_c": -3.937500000000001}, "7-11": {"eta_c": 0.49249529412749776, "max_diff_c": 1.9928842095909542, "shift_c": -1.75}, "8-9": {"eta_c": 1.4626726742104739, "max_diff_c": 7.287668171973367, "shift_c": 5.437500000000002}, "8-10": {"eta_c": 0.7122742359513523, "max_diff_c": 2.858665837161709, "shift_c": -2.5}, "8-11": {"eta_c": 0.3593999327424995, "max_diff_c": 2.5175572106010335, "shift_c": -0.3125}, "9-10": {"eta_c": 2.070874940259568, "max_diff_c": 10.129405160148446, "shift_c": 7.937500000000002}, "9-11": {"eta_c": 1.390701102426049, "max_diff_c": 7.70371423300106, "shift_c": 5.750000000000002}, "10-11": {"eta_c": 0.7061399070425747, "max_diff_c": 2.4256909271473863, "shift_c": 2.1875000000000004}}, "v10_distance": {"0-1": {"eta_c": 0.1326208466841631, "max_diff_c": 0.5121767617216051, "shift_c": -0.5}, "0-2": {"eta_c": 1.2906441936820825, "max_diff_c": 4.044475751544837, "shift_c": 1.9375000000000004}, "0-3": {"eta_c": 29723.10570086916, "max_diff_c": 76867.16727199196, "shift_c": -28122.56250000003}, "0-4": {"eta_c": 6.00633629403834, "max_diff_c": 38.120599412208435, "shift_c": -3.0625}, "0-5": {"eta_c": 3.526022462409317, "max_diff_c": 18.535587707400296, "shift_c": 1.25}, "0-6": {"eta_c": 5.550216330576562, "max_diff_c": 26.006227755109308, "shift_c": 0.8125000000000001}, "0-7": {"eta_c": 710.2047518137932, "max_diff_c": 4348.421652614319, "shift_c": 251.50000000000017}, "0-8": {"eta_c": 722.2636630436597, "max_diff_c": 4409.199896939473, "shift_c": 259.9375000000003}, "0-9": {"eta_c": 3.4651209863685026, "max_diff_c": 18.364142420111563, "shift_c": 1.0625},