{"pseudos": ["PSL-US-v1-high-31", "PSL-US-v1-low-11", "PSL-PAW-v1-high-31", "PSL-PAW-v1-low-11", "JTH-1.1-std-21", "Wentzcovitch-21"], "v_distance": {"eta_c": [[0.0, 16362.554398970484, 7.466152913389422, 16362.325919696921, 94.51600839358578, 75.88496473124623], [16362.554398970484, 0.0, 16361.121119345838, 0.2984948358132037, 16360.327014754692, 16360.615039280845], [7.466152913389422, 16361.121119345838, 0.0, 16360.892738007593, 95.38648496092328, 77.00506924044937], [16362.325919696921, 0.2984948358132037, 16360.892738007593, 0.0, 16360.098283364568, 16360.386496542169], [94.51600839358578, 16360.327014754692, 95.38648496092328, 16360.098283364568, 0.0, 19.61852047879168], [75.88496473124623, 16360.615039280845, 77.00506924044937, 16360.386496542169, 19.61852047879168, 0.0]], "max_diff_c": [[0.0, 27450.692453657823, 11.19347179627084, 27450.112127504737, 122.63938325202237, 110.74745247905487], [27450.692453657823, 0.0, 27459.691796046693, 0.6428658857542473, 27400.947020595217, 27427.17283427873], [11.19347179627084, 27459.691796046693, 0.0, 27459.04896989361, 134.0688579524486, 122.17692717948111], [27450.112127504737, 0.6428658857542473, 27459.04896989361, 0.0, 27400.304184618042, 27426.59250812565], [122.63938325202237, 27400.947020595217, 134.0688579524486, 27400.304184618042, 0.0, 30.90876288911112], [110.74745247905487, 27427.17283427873, 122.17692717948111, 27426.59250812565, 30.90876288911112, 0.0]], "shift_c": [[0.0, 21.70856250000002, 0.005000000000000001, 21.708312500000027, 0.08350000000000005, 0.06693750000000004], [-21.70856250000002, 0.0, 21.704812500000028, 0.0001875, 21.731750000000027, 21.717687500000025], [-0.005000000000000001, -21.704812500000028, 0.0, 21.704625000000025, 0.08387500000000005, 0.06731250000000003], [-21.708312500000027, -0.0001875, -21.704625000000025, 0.0, 21.731562500000027, 21.717437500000027], [-0.08350000000000005, -21.731750000000027, -0.08387500000000005, -21.731562500000027, 0.0, 0.016562500000000004], [-0.06693750000000004, -21.717687500000025, -0.06731250000000003, -21.717437500000027, -0.016562500000000004, 0.0]]}, "v10_distance": {"eta_c": [[0.0, 16338.036603359238, 6.56477381684825, 16337.832595858763, 80.64754451777242, 61.36493852207008], [16338.036603359238, 0.0, 16336.624081850676, 0.254669428363249, 16344.559070097244, 16345.902948150364], [6.56477381684825, 16336.624081850676, 0.0, 16336.42007401646, 81.32300545813858, 62.206800521853644], [16337.832595858763, 0.254669428363249, 16336.42007401646, 0.0, 16344.35502018863, 16345.698943666051], [80.64754451777242, 16344.559070097244, 81.32300545813858, 16344.35502018863, 0.0, 24.376953779749847], [61.36493852207008, 16345.902948150364, 62.206800521853644, 16345.698943666051, 24.376953779749847, 0.0]], "max_diff_c": [[0.0, 39537.62995365783, 11.380971796270842, 39536.862127504755, 379.5786561825198, 143.29696475749378], [39537.62995365783, 0.0, 39540.37929604671, 0.7678658857542473, 39522.38452059523, 39535.92283427875], [11.380971796270842, 39540.37929604671, 0.0, 39539.61146989363, 383.33847553048184, 147.05678410545588], [39536.862127504755, 0.7678658857542473, 39539.61146989363, 0.0, 39521.61668461805, 39535.155008125665], [379.5786561825198, 39522.38452059523, 383.33847553048184, 39521.61668461805, 0.0, 236.21919142502597], [143.29696475749378, 39535.92283427875, 147.05678410545588, 39535.155008125665, 236.21919142502597, 0.0]], "shift_c": [[0.0, 9.621625000000012, 0.004812500000000001, 9.621562500000014, 0.05331250000000002, 0.04631250000000001], [-9.621625000000012, 0.0, 9.624125000000012, 6.25e-05, 9.610312500000012, 9.60893750000001], [-0.004812500000000001, -9.624125000000012, 0.0, 9.624062500000012, 0.05562500000000002, 0.048625000000000015], [-9.621562500000014, -6.25e-05, -9.624062500000012, 0.0, 9.610250000000011, 9.608875000000012], [-0.05331250000000002, -9.610312500000012, -0.05562500000000002, -9.610250000000011, 0.0, 0.006937500000000003], [-0.04631250000000001, -9.60893750000001, -0.048625000000000015, -9.608875000000012, -0.006937500000000003, 0.0]]}}