{"pseudos": ["PSL-US-v1-high-31", "PSL-US-v1-low-11", "PSL-PAW-v1-high-31", "PSL-PAW-v1-low-11", "JTH-1.1-std-21", "Wentzcovitch-21"], "v_distance": {"eta": [[0.0, 16362.554398970484, 7.466152913389422, 16362.325919696921, 94.51600839358578, 75.88496473124623], [27450.692453657823, 0.0, 16361.121119345838, 0.2984948358132037, 16360.327014754692, 16360.615039280845], [11.19347179627084, 27459.691796046693, 0.0, 16360.892738007593, 95.38648496092328, 77.00506924044937], [27450.112127504737, 0.6428658857542473, 27459.04896989361, 0.0, 16360.098283364568, 16360.386496542169], [122.63938325202237, 27400.947020595217, 134.0688579524486, 27400.304184618042, 0.0, 19.61852047879168], [110.74745247905487, 27427.17283427873, 122.17692717948111, 27426.59250812565, 30.90876288911112, 0.0]], "shift": [[0.0, 21708.562500000022, 5.000000000000001, 21708.312500000025, 83.50000000000004, 66.93750000000004], [-21708.562500000022, 0.0, 21704.812500000025, 0.1875, 21731.750000000025, 21717.687500000025], [-5.000000000000001, -21704.812500000025, 0.0, 21704.625000000025, 83.87500000000004, 67.31250000000003], [-21708.312500000025, -0.1875, -21704.625000000025, 0.0, 21731.562500000025, 21717.437500000025], [-83.50000000000004, -21731.750000000025, -83.87500000000004, -21731.562500000025, 0.0, 16.562500000000004], [-66.93750000000004, -21717.687500000025, -67.31250000000003, -21717.437500000025, -16.562500000000004, 0.0]]}, "v10_distance": {"eta": [[0.0, 16338.036603359238, 6.56477381684825, 16337.832595858763, 80.64754451777242, 61.36493852207008], [39537.62995365783, 0.0, 16336.624081850676, 0.254669428363249, 16344.559070097244, 16345.902948150364], [11.380971796270842, 39540.37929604671, 0.0, 16336.42007401646, 81.32300545813858, 62.206800521853644], [39536.862127504755, 0.7678658857542473, 39539.61146989363, 0.0, 16344.35502018863, 16345.698943666051], [379.5786561825198, 39522.38452059523, 383.33847553048184, 39521.61668461805, 0.0, 24.376953779749847], [143.29696475749378, 39535.92283427875, 147.05678410545588, 39535.155008125665, 236.21919142502597, 0.0]], "shift": [[0.0, 9621.625000000013, 4.812500000000001, 9621.562500000013, 53.31250000000002, 46.312500000000014], [-9621.625000000013, 0.0, 9624.125000000011, 0.0625, 9610.312500000011, 9608.937500000011], [-4.812500000000001, -9624.125000000011, 0.0, 9624.062500000011, 55.62500000000002, 48.625000000000014], [-9621.562500000013, -0.0625, -9624.062500000011, 0.0, 9610.250000000011, 9608.875000000011], [-53.31250000000002, -9610.312500000011, -55.62500000000002, -9610.250000000011, 0.0, 6.937500000000003], [-46.312500000000014, -9608.937500000011, -48.625000000000014, -9608.875000000011, -6.937500000000003, 0.0]]}}