{"pseudos": {"I.nc.pbe.z_7.oncvpsp3.dojo.v0.4.1-std.upf": 0, "I.nc.pbe.z_17.oncvpsp3.dojo.v0.4.1-str.upf": 1, "I.nc.pbe.z_7.oncvpsp4.dojo.v0.5.0-std.upf": 2, "I.nc.pbe.z_7.oncvpsp4.spms.v1.upf": 3, "I.nc.pbe.z_17.oncvpsp4.sg15.v0.upf": 4, "I.us.pbe.z_7.uspp.gbrv.v1.upf": 5, "I.us.pbe.z_17.ld1.psl.v1.0.0-high.upf": 6, "I.us.pbe.z_7.ld1.psl.v1.0.0-low.upf": 7, "I.paw.pbe.z_17.ld1.psl.v1.0.0-high.upf": 8, "I.paw.pbe.z_7.ld1.psl.v1.0.0-low.upf": 9, "I.paw.pbe.z_7.atompaw.jth.v1.1-std.upf": 10}, "v_distance": {"0-1": {"eta_c": 1.0563468460919316, "max_diff_c": 2.028033655863439, "shift_c": 0.4375}, "0-2": {"eta_c": 0.8516209902795377, "max_diff_c": 3.6348404492886957, "shift_c": 1.3124999999999998}, "0-3": {"eta_c": 0.2170701741377368, "max_diff_c": 0.8630385646373818, "shift_c": 0.3125}, "0-4": {"eta_c": 1.072062792676392, "max_diff_c": 2.0993410791260843, "shift_c": 1.1250000000000002}, "0-5": {"eta_c": 1.247813569616188, "max_diff_c": 3.833577729241636, "shift_c": 1.1875000000000002}, "0-6": {"eta_c": 0.9246877235601081, "max_diff_c": 1.8417303278566237, "shift_c": 0.1875}, "0-7": {"eta_c": 0.721970087459962, "max_diff_c": 1.5812058796559683, "shift_c": -0.0625}, "0-8": {"eta_c": 0.9154788927562431, "max_diff_c": 1.8358370320674737, "shift_c": 0.1875}, "0-9": {"eta_c": 0.4810313265032257, "max_diff_c": 1.041215004224341, "shift_c": -0.125}, "0-10": {"eta_c": 1.8527152893859362, "max_diff_c": 6.918245480435068, "shift_c": -2.0}, "1-2": {"eta_c": 0.9658080028464658, "max_diff_c": 2.3330082474469833, "shift_c": -0.8125000000000001}, "1-3": {"eta_c": 0.9314484180244326, "max_diff_c": 1.7671120001191838, "shift_c": 0.125}, "1-4": {"eta_c": 2.8162094644705182, "max_diff_c": 3.922331057608097, "shift_c": -2.6249999999999996}, "1-5": {"eta_c": 0.649964476620674, "max_diff_c": 2.5942455273999236, "shift_c": -0.75}, "1-6": {"eta_c": 6.060257592773007, "max_diff_c": 7.671145037918488, "shift_c": -7.500000000000003}, "1-7": {"eta_c": 0.586069118691411, "max_diff_c": 1.3936629953248953, "shift_c": 0.5}, "1-8": {"eta_c": 5.5320534617431765, "max_diff_c": 7.040121966432483, "shift_c": -6.875000000000003}, "1-9": {"eta_c": 0.7542228381268876, "max_diff_c": 1.491923556579767, "shift_c": 0.5625000000000001}, "1-10": {"eta_c": 2.5439902457086756, "max_diff_c": 8.22007768227678, "shift_c": 2.5000000000000004}, "2-3": {"eta_c": 0.6428426323112444, "max_diff_c": 2.709301884651314, "shift_c": -0.9375}, "2-4": {"eta_c": 0.7434693041147457, "max_diff_c": 1.5354993701626114, "shift_c": -0.1875}, "2-5": {"eta_c": 0.6779697892080139, "max_diff_c": 1.32038594484888, "shift_c": -0.0625}, "2-6": {"eta_c": 0.9734008086112467, "max_diff_c": 2.765157518215446, "shift_c": -1.1250000000000002}, "2-7": {"eta_c": 0.9615644830581008, "max_diff_c": 3.7891712427718787, "shift_c": -1.375}, "2-8": {"eta_c": 0.9637007805891823, "max_diff_c": 2.759899968854242, "shift_c": -1.1250000000000002}, "2-9": {"eta_c": 0.8886223233485734, "max_diff_c": 3.8249318040267504, "shift_c": -1.375}, "2-10": {"eta_c": 2.51087034445447, "max_diff_c": 10.553085929723764, "shift_c": -3.3125000000000004}, "3-4": {"eta_c": 0.9044926821485038, "max_diff_c": 1.6504156785866968, "shift_c": 0.8125000000000001}, "3-5": {"eta_c": 1.0526038402295632, "max_diff_c": 2.9705391646042543, "shift_c": 0.875}, "3-6": {"eta_c": 0.8244421543044078, "max_diff_c": 1.6433086721123686, "shift_c": -0.1875}, "3-7": {"eta_c": 0.6751952363549251, "max_diff_c": 1.4124911396349447, "shift_c": -0.375}, "3-8": {"eta_c": 0.8141163409795639, "max_diff_c": 1.5992781738291413, "shift_c": -0.125}, "3-9": {"eta_c": 0.46744692199909005, "max_diff_c": 1.1609979705430113, "shift_c": -0.4375}, "3-10": {"eta_c": 2.022957827997474, "max_diff_c": 7.84378404507245, "shift_c": -2.3750000000000004}, "4-5": {"eta_c": 0.40345833015343213, "max_diff_c": 1.7342366501155517, "shift_c": -0.0625}, "4-6": {"eta_c": 3.342851345719941, "max_diff_c": 5.1671581480528355, "shift_c": -4.875000000000001}, "4-7": {"eta_c": 0.6986536278838954, "max_diff_c": 2.2536718726092673, "shift_c": 1.1875000000000002}, "4-8": {"eta_c": 2.827806928621298, "max_diff_c": 4.5369005986916315, "shift_c": -4.250000000000001}, "4-9": {"eta_c": 0.8214757158030965, "max_diff_c": 2.3519324338641394, "shift_c": 1.25}, "4-10": {"eta_c": 2.6081529795837772, "max_diff_c": 9.017586559561154, "shift_c": 3.125000000000001}, "5-6": {"eta_c": 0.7618972388125326, "max_diff_c": 3.0263947981683863, "shift_c": -1.0625}, "5-7": {"eta_c": 0.9168278690078578, "max_diff_c": 3.9879085227248194, "shift_c": -1.25}, "5-8": {"eta_c": 0.7574061963705037, "max_diff_c": 2.9586372488071824, "shift_c": -1.0}, "5-9": {"eta_c": 1.0204324416654464, "max_diff_c": 4.08616908397969, "shift_c": -1.3124999999999998}, "5-10": {"eta_c": 2.7898354729929156, "max_diff_c": 10.814323209676704, "shift_c": -3.2500000000000004}, "6-7": {"eta_c": 0.4768023676347528, "max_diff_c": 1.2277038048841007, "shift_c": 0.25}, "6-8": {"eta_c": 0.5296857794834927, "max_diff_c": 0.633014972348036, "shift_c": 0.625}, "6-9": {"eta_c": 0.6255198504637581, "max_diff_c": 1.350303130701974, "shift_c": 0.25}, "6-10": {"eta_c": 2.4141205465909406, "max_diff_c": 7.787928411508318, "shift_c": 2.1875000000000004}, "7-8": {"eta_c": 0.47221727943953506, "max_diff_c": 1.2452133317835958, "shift_c": 0.25}, "7-9": {"eta_c": 0.2562215725411628, "max_diff_c": 0.5399908754316272, "shift_c": -0.0625}, "7-10": {"eta_c": 1.9802813124941403, "max_diff_c": 6.763914686951885, "shift_c": -1.9375}, "8-9": {"eta_c": 0.6182430444945649, "max_diff_c": 1.3859035604311742, "shift_c": 0.3125}, "8-10": {"eta_c": 2.4102349372189544, "max_diff_c": 7.793185960869522, "shift_c": 2.1875000000000004}, "9-10": {"eta_c": 1.8491431476780265, "max_diff_c": 6.728154125697014, "shift_c": -1.9375}}, "v10_distance": {"0-1": {"eta_c": 2.915476369912721, "max_diff_c": 15.168712105136166, "shift_c": -1.375}, "0-2": {"eta_c": 19.446959408697392, "max_diff_c": 127.99736620479513, "shift_c": -9.312500000000004}, "0-3": {"eta_c": 3.4959063971530946, "max_diff_c": 22.668829784822307, "shift_c": -1.6250000000000002}, "0-4": {"eta_c": 3.9499430427930737, "max_diff_c": 25.322872481440385, "shift_c": -1.0}, "0-5": {"eta_c": 17.429535164632, "max_diff_c": 86.75271515073104, "shift_c": -10.187500000000002}, "0-6": {"eta_c": 6.499430844833765, "max_diff_c": 18.513326625427766, "shift_c": -4.500000000000001}, "0-7": {"eta_c": 1.9124171604643525, "max_diff_c": 5.065186496943668, "shift_c": -1.375}, "0-8": {"eta_c": 6.469779947656953, "max_diff_c": 18.42234786983549, "shift_c": -4.500000000000002}, "0-9": {"eta_c": 1.7876283524145904, "max_diff_c": 4.807256605896144, "shift_c": -1.3124999999999998}, "0-10": {"eta_c": 39.56167847222326, "max_diff_c": 155.70075100244344, "shift_c": 23.375000000000007}, "1-2": {"eta_c": 16.75227074323709, "max_diff_c": 112.89115409965896, "shift_c": 7.875000000000002}, "1-3": {"eta_c": 1.1505558139081584, "max_diff_c": 7.5001176796861415, "shift_c": 0.25}, "1-4": {"eta_c": 2.871638778199401, "max_diff_c": 7.964672984375419, "shift_c": -2.0}, "1-5": {"eta_c": 14.637749085396829, "max_diff_c": 71.58400304559487, "shift_c": 8.812500000000002}, "1-6": {"eta_c": 5.56257852751683, "max_diff_c": 10.12862959835675, "shift_c": -7.312500000000003}, "1-7": {"eta_c": 2.1109517654800953, "max_diff_c": 14.435496545621561, "shift_c": -0.0625}, "1-8": {"eta_c": 5.117693906245966, "max_diff_c": 10.643365587910678, "shift_c": -6.812500000000003}, "1-9": {"eta_c": 2.1643054623827633, "max_diff_c": 14.639721019472717, "shift_c": -0.0625}, "1-10": {"eta_c": 42.248248109802866, "max_diff_c": 164.91204069263526, "shift_c": -24.750000000000007}, "2-3": {"eta_c": 15.968717633865902, "max_diff_c": 105.32853641997282, "shift_c": 7.6875000000000036}, "2-4": {"eta_c": 15.645114154697943, "max_diff_c": 102.73699372335473, "shift_c": 8.250000000000002}, "2-5": {"eta_c": 5.775919924619797, "max_diff_c": 41.24465105406409, "shift_c": -0.875}, "2-6": {"eta_c": 14.464914951915627, "max_diff_c": 109.48403957936736,