{"pseudos": {"In.nc.pbe.z_13.oncvpsp3.dojo.v0.4.1-std.upf": 0, "In.nc.pbe.z_21.oncvpsp3.dojo.v0.4.1-str.upf": 1, "In.nc.pbe.z_13.oncvpsp4.spms.v1.upf": 2, "In.nc.pbe.z_13.oncvpsp4.sg15.v0.upf": 3, "In.us.pbe.z_13.uspp.gbrv.v1.4.upf": 4, "In.us.pbe.z_13.ld1.psl.v1.0.0-high.upf": 5, "In.us.pbe.z_13.ld1.psl.v0.2.2.upf": 6, "In.paw.pbe.z_13.ld1.psl.v0.2.2.upf": 7, "In.paw.pbe.z_13.ld1.psl.v1.0.0-high.upf": 8, "In.paw.pbe.z_13.atompaw.jth.v1.1-std.upf": 9, "In.paw.pbe.z_3.atompaw.jth.v1.1-str.upf": 10}, "v_distance": {"0-1": {"eta_c": 7.452274079961729, "max_diff_c": 15.069057123105837, "shift_c": 14.687500000000002}, "0-2": {"eta_c": 2.750205285758258, "max_diff_c": 6.947617873317585, "shift_c": -5.875000000000002}, "0-3": {"eta_c": 0.6922759441172909, "max_diff_c": 3.3002887887087695, "shift_c": -0.9375}, "0-4": {"eta_c": 8.004572243666871, "max_diff_c": 21.977609943848297, "shift_c": 15.937500000000004}, "0-5": {"eta_c": 5.389359732496366, "max_diff_c": 12.188776435575479, "shift_c": 7.812500000000002}, "0-6": {"eta_c": 2.3420500896280174, "max_diff_c": 4.7773902548867335, "shift_c": 3.937500000000001}, "0-7": {"eta_c": 5.452304105083388, "max_diff_c": 10.506663843322524, "shift_c": 9.562500000000004}, "0-8": {"eta_c": 4.898876187337946, "max_diff_c": 11.16107016017028, "shift_c": 6.937500000000003}, "0-9": {"eta_c": 8.072420687617228, "max_diff_c": 19.904513216001643, "shift_c": 15.062500000000004}, "0-10": {"eta_c": 13.417603544620487, "max_diff_c": 50.05411205381288, "shift_c": 19.312500000000007}, "1-2": {"eta_c": 10.187636677249552, "max_diff_c": 22.016674996423422, "shift_c": 20.562500000000004}, "1-3": {"eta_c": 8.02498989050358, "max_diff_c": 17.434917181549995, "shift_c": 15.625000000000004}, "1-4": {"eta_c": 1.067268590146158, "max_diff_c": 6.985640944902087, "shift_c": -1.25}, "1-5": {"eta_c": 2.270856304866606, "max_diff_c": 9.264127909864898, "shift_c": 6.875000000000003}, "1-6": {"eta_c": 5.128652982637617, "max_diff_c": 11.477422481496378, "shift_c": 10.750000000000002}, "1-7": {"eta_c": 2.03910722880092, "max_diff_c": 5.746389650516947, "shift_c": 5.125000000000001}, "1-8": {"eta_c": 2.724038597538518, "max_diff_c": 10.135575356949946, "shift_c": 7.750000000000003}, "1-9": {"eta_c": 0.9023922918488536, "max_diff_c": 5.8361805372605176, "shift_c": -0.4375}, "1-10": {"eta_c": 13.86755657458943, "max_diff_c": 50.71753659780155, "shift_c": 20.437500000000004}, "2-3": {"eta_c": 2.1807205827022362, "max_diff_c": 5.0869370487229455, "shift_c": 4.937500000000001}, "2-4": {"eta_c": 10.72729539458973, "max_diff_c": 27.974877947686856, "shift_c": 21.875000000000007}, "2-5": {"eta_c": 8.101460408359443, "max_diff_c": 18.66965667277613, "shift_c": 13.687500000000005}, "2-6": {"eta_c": 5.079397244526198, "max_diff_c": 11.45001477572808, "shift_c": 9.875000000000002}, "2-7": {"eta_c": 8.184755868594479, "max_diff_c": 16.93146287668502, "shift_c": 15.437500000000004}, "2-8": {"eta_c": 7.609206316914553, "max_diff_c": 17.652735951245834, "shift_c": 12.812500000000004}, "2-9": {"eta_c": 10.797190619566578, "max_diff_c": 26.750395141288504, "shift_c": 21.000000000000004}, "2-10": {"eta_c": 13.21496334799517, "max_diff_c": 51.697714161794664, "shift_c": 18.375000000000007}, "3-4": {"eta_c": 8.576785754607721, "max_diff_c": 24.3302089946384, "shift_c": 16.937500000000004}, "3-5": {"eta_c": 5.972425664839002, "max_diff_c": 15.489065224284248, "shift_c": 8.750000000000002}, "3-6": {"eta_c": 2.9381707407896083, "max_diff_c": 8.140179043595504, "shift_c": 4.937500000000001}, "3-7": {"eta_c": 6.033933985184594, "max_diff_c": 13.869452632031292, "shift_c": 10.562500000000002}, "3-8": {"eta_c": 5.482141193524581, "max_diff_c": 14.461358948879047, "shift_c": 7.875000000000002}, "3-9": {"eta_c": 8.644850864764082, "max_diff_c": 23.10572618824005, "shift_c": 16.062500000000004}, "3-10": {"eta_c": 13.563222732935122, "max_diff_c": 52.32424935702426, "shift_c": 19.375000000000007}, "4-5": {"eta_c": 2.769335630339393, "max_diff_c": 12.83929861768661, "shift_c": -8.187500000000002}, "4-6": {"eta_c": 5.703132630078732, "max_diff_c": 18.463063426398467, "shift_c": -12.000000000000004}, "4-7": {"eta_c": 2.6873283320760737, "max_diff_c": 12.732030595419035, "shift_c": -6.375000000000002}, "4-8": {"eta_c": 3.2323349125032124, "max_diff_c": 13.670637583647167, "shift_c": -9.000000000000004}, "4-9": {"eta_c": 0.44453556680481543, "max_diff_c": 3.011410652566312, "shift_c": -0.875}, "4-10": {"eta_c": 14.945103720199151, "max_diff_c": 56.15858329590258, "shift_c": 20.750000000000004}, "5-6": {"eta_c": 3.072563161169151, "max_diff_c": 7.546523976965873, "shift_c": -3.812500000000001}, "5-7": {"eta_c": 0.5320774282196101, "max_diff_c": 4.758584513262136, "shift_c": 1.7500000000000002}, "5-8": {"eta_c": 0.49315779646255437, "max_diff_c": 1.039414663409218, "shift_c": -0.875}, "5-9": {"eta_c": 2.7907552853183017, "max_diff_c": 10.509658836959705, "shift_c": 7.312500000000003}, "5-10": {"eta_c": 13.096993564327564, "max_diff_c": 49.66317728868036, "shift_c": 17.312500000000004}, "6-7": {"eta_c": 3.117872182732961, "max_diff_c": 5.915182795716911, "shift_c": 5.625000000000002}, "6-8": {"eta_c": 2.5878609286338965, "max_diff_c": 6.507109313556655, "shift_c": 2.937500000000001}, "6-9": {"eta_c": 5.758112979655237, "max_diff_c": 16.933316247733817, "shift_c": 11.125000000000004}, "6-10": {"eta_c": 13.244899927652156, "max_diff_c": 48.73951987790624, "shift_c": 19.000000000000007}, "7-8": {"eta_c": 0.7748354080834654, "max_diff_c": 5.630031960347182, "shift_c": -2.6249999999999996}, "7-9": {"eta_c": 2.687581755362983, "max_diff_c": 11.018133452016906, "shift_c": 5.500000000000002}, "7-10": {"eta_c": 13.253040209898112, "max_diff_c": 48.967202673623156, "shift_c": 18.937500000000007}, "8-9": {"eta_c": 3.2640368097094967, "max_diff_c": 11.279276087867261, "shift_c": 8.187500000000002}, "8-10": {"eta_c": 13.098509256921012, "max_diff_c": 49.831060037772794, "shift_c": 17.375000000000004}, "9-10": {"eta_c": 14.415739985591737, "max_diff_c": 55.29783612564006, "shift_c": 19.750000000000007}}, "v10_distance": {"0-1": {"eta_c": 9.604149932536057, "max_diff_c": 32.483248420064925, "shift_c": 9.875000000000002}, "0-2": {"eta_c": 4.764597241826233, "max_diff_c": 16.306726996535303, "shift_c": -3.125}, "0-3": {"eta_c": 2.7191088296225394, "max_diff_c": 19.047170569167875, "shift_c": 0.3125}, "0-4": {"eta_c": 19.444453664009426, "max_diff_c": 140.32539038645754, "shift_c": 6.062500000000002}, "0-5": {"eta_c": 6.818215397905274, "max_diff_c": 29.233947888726547, "shift_c": 8.062500000000002}, "0-6": {"eta_c": 2.5494924794691154, "max_diff_c": 14.075710617682217, "shift_c": 3.3750000000000013}, "0-7": {"eta_c": 5.861683263120488, "max_diff_c": 9.572451294495732, "shift_c": 7.125000000000003}, "0-8": {"eta_c": 6.580385348960017, "max_diff_c": 29.77749197260621, "shift_c": 7.5000000000000036}, "0-9": {"eta_c": 13.021529773392983, "max_diff_c": 78.03959031294056, "shift_c": 8.500000000000002}, "0-10": {"eta_c": 66.24862000508374, "max_diff_c": 328.87209130898555, "shift_c": 17.437500000000004}, "1-2": {"eta_c": 14.181225793681966, "max_diff_c": 48.5633926398579, "shift_c": 13.062500000000005}, "1-3": {"eta_c": 11.26581845935724, "max_diff_c": 36.672333115734006, "shift_c": 9.562500000000004}, "1-4": {"eta_c": 12.693345061014183, "max_diff_c": 107.77964196639263, "shift_c": 3.875000000000001}, "1-5": {"eta_c": 10.171282643318875, "max_diff_c": 60.08917200840173, "shift_c": 1.8750000000000004}, "1-6": {"eta_c": 8.224296040008076, "max_diff_c": 46.55895903774715, "shift_c": 6.500000000000003}, "1-7": {"eta_c": 5.174303842820091, "max_diff_c": 42.05569971456066, "shift_c": 2.750000000000001}, "1-8": {"eta_c": 10.538285365695941, "max_diff_c": 60.722153289666366, "shift_c": 2.4375000000000004}, "1-9": {"eta_c": 5.4654665885628235, "max_diff_c": 45.55634189287562, "shift_c": 1.375}, "1-10": {"eta_c": 65.05508526656972, "max_diff_c": 322.4829080910441, "shift_c": 17.687500000000004},