{"pseudos": ["DOJO-041-std-13", "DOJO-041-str-21", "SPMS-13", "SG15-13", "GBRV-1.X-13", "PSL-US-v1-high-13", "PSL-US-v0.x-13", "PSL-PAW-v0.x-13", "PSL-PAW-v1-high-13", "JTH-1.1-std-13", "JTH-1.1-str-3"], "v_distance": {"eta_c": [[0.0, 7.452274079961729, 2.750205285758258, 0.6922759441172909, 8.004572243666871, 5.389359732496366, 2.3420500896280174, 5.452304105083388, 4.898876187337946, 8.072420687617228, 13.417603544620487], [7.452274079961729, 0.0, 10.187636677249552, 8.02498989050358, 1.067268590146158, 2.270856304866606, 5.128652982637617, 2.03910722880092, 2.724038597538518, 0.9023922918488536, 13.86755657458943], [2.750205285758258, 10.187636677249552, 0.0, 2.1807205827022362, 10.72729539458973, 8.101460408359443, 5.079397244526198, 8.184755868594479, 7.609206316914553, 10.797190619566578, 13.21496334799517], [0.6922759441172909, 8.02498989050358, 2.1807205827022362, 0.0, 8.576785754607721, 5.972425664839002, 2.9381707407896083, 6.033933985184594, 5.482141193524581, 8.644850864764082, 13.563222732935122], [8.004572243666871, 1.067268590146158, 10.72729539458973, 8.576785754607721, 0.0, 2.769335630339393, 5.703132630078732, 2.6873283320760737, 3.2323349125032124, 0.44453556680481543, 14.945103720199151], [5.389359732496366, 2.270856304866606, 8.101460408359443, 5.972425664839002, 2.769335630339393, 0.0, 3.072563161169151, 0.5320774282196101, 0.49315779646255437, 2.7907552853183017, 13.096993564327564], [2.3420500896280174, 5.128652982637617, 5.079397244526198, 2.9381707407896083, 5.703132630078732, 3.072563161169151, 0.0, 3.117872182732961, 2.5878609286338965, 5.758112979655237, 13.244899927652156], [5.452304105083388, 2.03910722880092, 8.184755868594479, 6.033933985184594, 2.6873283320760737, 0.5320774282196101, 3.117872182732961, 0.0, 0.7748354080834654, 2.687581755362983, 13.253040209898112], [4.898876187337946, 2.724038597538518, 7.609206316914553, 5.482141193524581, 3.2323349125032124, 0.49315779646255437, 2.5878609286338965, 0.7748354080834654, 0.0, 3.2640368097094967, 13.098509256921012], [8.072420687617228, 0.9023922918488536, 10.797190619566578, 8.644850864764082, 0.44453556680481543, 2.7907552853183017, 5.758112979655237, 2.687581755362983, 3.2640368097094967, 0.0, 14.415739985591737], [13.417603544620487, 13.86755657458943, 13.21496334799517, 13.563222732935122, 14.945103720199151, 13.096993564327564, 13.244899927652156, 13.253040209898112, 13.098509256921012, 14.415739985591737, 0.0]], "max_diff_c": [[0.0, 15.069057123105837, 6.947617873317585, 3.3002887887087695, 21.977609943848297, 12.188776435575479, 4.7773902548867335, 10.506663843322524, 11.16107016017028, 19.904513216001643, 50.05411205381288], [15.069057123105837, 0.0, 22.016674996423422, 17.434917181549995, 6.985640944902087, 9.264127909864898, 11.477422481496378, 5.746389650516947, 10.135575356949946, 5.8361805372605176, 50.71753659780155], [6.947617873317585, 22.016674996423422, 0.0, 5.0869370487229455, 27.974877947686856, 18.66965667277613, 11.45001477572808, 16.93146287668502, 17.652735951245834, 26.750395141288504, 51.697714161794664], [3.3002887887087695, 17.434917181549995, 5.0869370487229455, 0.0, 24.3302089946384, 15.489065224284248, 8.140179043595504, 13.869452632031292, 14.461358948879047, 23.10572618824005, 52.32424935702426], [21.977609943848297, 6.985640944902087, 27.974877947686856, 24.3302089946384, 0.0, 12.83929861768661, 18.463063426398467, 12.732030595419035, 13.670637583647167, 3.011410652566312, 56.15858329590258], [12.188776435575479, 9.264127909864898, 18.66965667277613, 15.489065224284248, 12.83929861768661, 0.0, 7.546523976965873, 4.758584513262136, 1.039414663409218, 10.509658836959705, 49.66317728868036], [4.7773902548867335, 11.477422481496378, 11.45001477572808, 8.140179043595504, 18.463063426398467, 7.546523976965873, 0.0, 5.915182795716911, 6.507109313556655, 16.933316247733817, 48.73951987790624], [10.506663843322524, 5.746389650516947, 16.93146287668502, 13.869452632031292, 12.732030595419035, 4.758584513262136, 5.915182795716911, 0.0, 5.630031960347182, 11.018133452016906, 48.967202673623156], [11.16107016017028, 10.135575356949946, 17.652735951245834, 14.461358948879047, 13.670637583647167, 1.039414663409218, 6.507109313556655, 5.630031960347182, 0.0, 11.279276087867261, 49.831060037772794], [19.904513216001643, 5.8361805372605176, 26.750395141288504, 23.10572618824005, 3.011410652566312, 10.509658836959705, 16.933316247733817, 11.018133452016906, 11.279276087867261, 0.0, 55.29783612564006], [50.05411205381288, 50.71753659780155, 51.697714161794664, 52.32424935702426, 56.15858329590258, 49.66317728868036, 48.73951987790624, 48.967202673623156, 49.831060037772794, 55.29783612564006, 0.0]], "shift_c": [[0.0, 14.687500000000002, -5.875000000000002, -0.9375, 15.937500000000004, 7.812500000000002, 3.937500000000001, 9.562500000000004, 6.937500000000003, 15.062500000000004, 19.312500000000007], [-14.687500000000002, 0.0, 20.562500000000004, 15.625000000000004, -1.25, 6.875000000000003, 10.750000000000002, 5.125000000000001, 7.750000000000003, -0.4375, 20.437500000000004], [5.875000000000002, -20.562500000000004, 0.0, 4.937500000000001, 21.875000000000007, 13.687500000000005, 9.875000000000002, 15.437500000000004, 12.812500000000004, 21.000000000000004, 18.375000000000007], [0.9375, -15.625000000000004, -4.937500000000001, 0.0, 16.937500000000004, 8.750000000000002, 4.937500000000001, 10.562500000000002, 7.875000000000002, 16.062500000000004, 19.375000000000007], [-15.937500000000004, 1.25, -21.875000000000007, -16.937500000000004, 0.0, -8.187500000000002, -12.000000000000004, -6.375000000000002, -9.000000000000004, -0.875, 20.750000000000004], [-7.812500000000002, -6.875000000000003, -13.687500000000005, -8.750000000000002, 8.187500000000002, 0.0, -3.812500000000001, 1.7500000000000002, -0.875, 7.312500000000003, 17.312500000000004], [-3.937500000000001, -10.750000000000002, -9.875000000000002, -4.937500000000001, 12.000000000000004, 3.812500000000001, 0.0, 5.625000000000002, 2.937500000000001, 11.125000000000004, 19.000000000000007], [-9.562500000000004, -5.125000000000001, -15.437500000000004, -10.562500000000002, 6.375000000000002, -1.7500000000000002, -5.625000000000002, 0.0, -2.6249999999999996, 5.500000000000002, 18.937500000000007], [-6.937500000000003, -7.750000000000003, -12.812500000000004, -7.875000000000002, 9.000000000000004, 0.875, -2.937500000000001, 2.6249999999999996, 0.0, 8.187500000000002, 17.375000000000004], [-15.062500000000004, 0.4375, -21.000000000000004, -16.062500000000004, 0.875, -7.312500000000003, -11.125000000000004, -5.500000000000002, -8.187500000000002, 0.0, 19.750000000000007], [-19.312500000000007, -20.437500000000004, -18.375000000000007, -19.375000000000007, -20.750000000000004, -17.312500000000004, -19.000000000000007, -18.937500000000007, -17.375000000000004, -19.750000000000007, 0.0]]},