{"pseudos": {"Ir.nc.pbe.z_17.oncvpsp3.dojo.v0.4.1-std.upf": 0, "Ir.nc.pbe.z_17.oncvpsp4.spms.v1.upf": 1, "Ir.nc.pbe.z_17.oncvpsp4.sg15.v0.upf": 2, "Ir.us.pbe.z_15.uspp.gbrv.v1.2.upf": 3, "Ir.us.pbe.z_31.ld1.psl.v1.0.0-high.upf": 4, "Ir.us.pbe.z_9.ld1.psl.v1.0.0-low.n.upf": 5, "Ir.us.pbe.z_17.ld1.psl.v1.0.0-low.spn.upf": 6, "Ir.us.pbe.z_9.ld1.psl.v0.2.3.upf": 7, "Ir.paw.pbe.z_9.ld1.psl.v0.2.3.upf": 8, "Ir.paw.pbe.z_31.ld1.psl.v1.0.0-high.upf": 9, "Ir.paw.pbe.z_17.ld1.psl.v1.0.0-low.spn.upf": 10, "Ir.paw.pbe.z_9.ld1.psl.v1.0.0-low.n.upf": 11, "Ir.paw.pbe.z_15.atompaw.jth.v1.1-std.upf": 12}, "v_distance": {"0-1": {"eta_c": 7.672212532505441, "max_diff_c": 19.75719185861874, "shift_c": -0.5}, "0-2": {"eta_c": 962407.1139682509, "max_diff_c": 1207942.5258617566, "shift_c": -1203881.0625000016}, "0-3": {"eta_c": 42.59002176619801, "max_diff_c": 62.42947751445036, "shift_c": -54.43750000000001}, "0-4": {"eta_c": 11549.57945736869, "max_diff_c": 31737.95383317258, "shift_c": 4208.8125000000055}, "0-5": {"eta_c": 15.745127673406342, "max_diff_c": 41.53389093470421, "shift_c": 27.750000000000004}, "0-6": {"eta_c": 3.8496157392756287, "max_diff_c": 18.88202135751436, "shift_c": -4.437500000000002}, "0-7": {"eta_c": 14.971537740417858, "max_diff_c": 46.49493147707484, "shift_c": 17.625000000000004}, "0-8": {"eta_c": 15.07109008567771, "max_diff_c": 45.52094203078895, "shift_c": 18.187500000000007}, "0-9": {"eta_c": 11534.921807977618, "max_diff_c": 31697.772961025337, "shift_c": 4202.8125000000055}, "0-10": {"eta_c": 3.6051759943268116, "max_diff_c": 12.809658423283379, "shift_c": -6.062500000000002}, "0-11": {"eta_c": 9.154084783863299, "max_diff_c": 29.533620425882145, "shift_c": 10.812500000000004}, "0-12": {"eta_c": 13.370312196154833, "max_diff_c": 22.30007690854781, "shift_c": -7.937500000000002}, "1-2": {"eta_c": 962405.6608975396, "max_diff_c": 1207929.6560629008, "shift_c": -1203873.0000000014}, "1-3": {"eta_c": 44.24219153948893, "max_diff_c": 58.46243808230373, "shift_c": -52.37500000000001}, "1-4": {"eta_c": 11556.731419301394, "max_diff_c": 31757.431936476984, "shift_c": 4209.312500000005}, "1-5": {"eta_c": 17.712821957759072, "max_diff_c": 45.081411166359636, "shift_c": 31.687500000000007}, "1-6": {"eta_c": 10.292475106933926, "max_diff_c": 23.946310107285058, "shift_c": -3.937500000000001}, "1-7": {"eta_c": 16.880931222588384, "max_diff_c": 50.07366060449839, "shift_c": 21.562500000000004}, "1-8": {"eta_c": 16.996904664701503, "max_diff_c": 49.27665102812367, "shift_c": 22.125000000000007}, "1-9": {"eta_c": 11542.073613711602, "max_diff_c": 31717.251064329736, "shift_c": 4203.312500000005}, "1-10": {"eta_c": 7.344323476463836, "max_diff_c": 19.118464400244733, "shift_c": -5.500000000000002}, "1-11": {"eta_c": 11.082978921189175, "max_diff_c": 33.47937545202599, "shift_c": 14.750000000000004}, "1-12": {"eta_c": 15.788016058445871, "max_diff_c": 22.345072970417547, "shift_c": -5.812500000000002}, "2-3": {"eta_c": 985227.7406195602, "max_diff_c": 1106860.8836941882, "shift_c": -1102806.8750000012}, "2-4": {"eta_c": 965779.4796395504, "max_diff_c": 1212313.2864970844, "shift_c": 1208250.1250000019}, "2-5": {"eta_c": 856033.0192890714, "max_diff_c": 1538145.2085512632, "shift_c": -482497.43750000076}, "2-6": {"eta_c": 962415.7352750123, "max_diff_c": 1207901.1163670693, "shift_c": 1203834.8750000014}, "2-7": {"eta_c": 855922.1568710806, "max_diff_c": 1538331.5644404602, "shift_c": -482323.87500000064}, "2-8": {"eta_c": 855922.1976094982, "max_diff_c": 1538331.3870543665, "shift_c": -482323.1875000007}, "2-9": {"eta_c": 965771.4590582491, "max_diff_c": 1212320.6435409193, "shift_c": 1208257.5000000016}, "2-10": {"eta_c": 962407.8472547774, "max_diff_c": 1207923.3771485586, "shift_c": 1203858.0000000016}, "2-11": {"eta_c": 855969.2198533266, "max_diff_c": 1538267.6683882081, "shift_c": -482400.1875000007}, "2-12": {"eta_c": 985179.2631537082, "max_diff_c": 1107009.6291823566, "shift_c": -1102946.0000000012}, "3-4": {"eta_c": 42.72575345943638, "max_diff_c": 63.8479302497412, "shift_c": -55.81250000000001}, "3-5": {"eta_c": 36.36392692976216, "max_diff_c": 112.8161195978383, "shift_c": 50.312500000000014}, "3-6": {"eta_c": 43.55041975187162, "max_diff_c": 67.07716368165825, "shift_c": -59.437500000000014}, "3-7": {"eta_c": 35.78043574369879, "max_diff_c": 116.95571697912965, "shift_c": 40.25000000000001}, "3-8": {"eta_c": 35.838118089753294, "max_diff_c": 115.8708449878914, "shift_c": 40.75000000000001}, "3-9": {"eta_c": 43.51059588132282, "max_diff_c": 65.3518998398562, "shift_c": -56.43750000000001}, "3-10": {"eta_c": 45.55287923913382, "max_diff_c": 69.57648612217396, "shift_c": -60.125000000000014}, "3-11": {"eta_c": 30.129117167994234, "max_diff_c": 99.85379549411788, "shift_c": 33.43750000000001}, "3-12": {"eta_c": 31.53459451131807, "max_diff_c": 62.302137762748, "shift_c": -46.562500000000014}, "4-5": {"eta_c": 14.58549582051899, "max_diff_c": 38.50825978317543, "shift_c": 26.187500000000004}, "4-6": {"eta_c": 11547.973694022789, "max_diff_c": 31733.853769869926, "shift_c": 4213.1875000000055}, "4-7": {"eta_c": 13.743262127128215, "max_diff_c": 43.40680032554606, "shift_c": 16.125000000000004}, "4-8": {"eta_c": 13.844296389107457, "max_diff_c": 42.510792384577, "shift_c": 16.625000000000004}, "4-9": {"eta_c": 25.831519206074237, "max_diff_c": 39.372899535588424, "shift_c": -23.625000000000007}, "4-10": {"eta_c": 11550.60668048539, "max_diff_c": 31741.03626769501, "shift_c": 4214.812500000006}, "4-11": {"eta_c": 8.076425970448451, "max_diff_c": 26.63732470675312, "shift_c": 9.312500000000004}, "4-12": {"eta_c": 13.122935807990755, "max_diff_c": 19.15740319739203, "shift_c": -9.250000000000004}, "5-6": {"eta_c": 11.480624493797361, "max_diff_c": 29.651758468793027, "shift_c": 22.312500000000007}, "5-7": {"eta_c": 5.213855452602561, "max_diff_c": 15.760019353766724, "shift_c": 10.062500000000002}, "5-8": {"eta_c": 5.129998191854284, "max_diff_c": 16.05461012361556, "shift_c": 9.562500000000004}, "5-9": {"eta_c": 14.794665790765883, "max_diff_c": 38.87605536472579, "shift_c": 26.312500000000004}, "5-10": {"eta_c": 12.563921364985465, "max_diff_c": 31.114059044444545, "shift_c": 23.8125}, "5-11": {"eta_c": 8.601010795434219, "max_diff_c": 21.353219882603444, "shift_c": 16.875000000000004}, "5-12": {"eta_c": 14.251442918149325, "max_diff_c": 35.48337001972233, "shift_c": 24.875}, "6-7": {"eta_c": 10.590828358334376, "max_diff_c": 33.70889625922033, "shift_c": 12.250000000000004}, "6-8": {"eta_c": 10.704912591791638, "max_diff_c": 33.00097535286154, "shift_c": 12.750000000000004}, "6-9": {"eta_c": 11533.316187134285, "max_diff_c": 31693.672897722678, "shift_c": 4207.1875000000055}, "6-10": {"eta_c": 3.8469857763312834, "max_diff_c": 7.25819538621829, "shift_c": -1.6250000000000002}, "6-11": {"eta_c": 5.973328355403407, "max_diff_c": 17.66160134128934, "shift_c": 5.437500000000002}, "6-12": {"eta_c": 13.02469808747287, "max_diff_c": 23.11329035692359, "shift_c": -12.875000000000005}, "7-8": {"eta_c": 0.4584566226867242, "max_diff_c": 2.18303061745101, "shift_c": -0.5}, "7-9": {"eta_c": 13.977151992010787, "max_diff_c": 43.837095907096405, "shift_c": 16.187500000000004}, "7-10": {"eta_c": 11.668598846378922, "max_diff_c": 36.13881517542331, "shift_c": 13.750000000000004}, "7-11": {"eta_c": 6.794129554220527, "max_diff_c": 19.168174905034423, "shift_c": 6.812500000000003}, "7-12": {"eta_c": 13.7956822201846, "max_diff_c": 40.59522311340595, "shift_c": 14.750000000000004}, "8-9": {"eta_c": 14.083933647031815, "max_diff_c": 42.88060264280884, "shift_c": 16.750000000000004}, "8-10": {"eta_c": 11.80091824628301, "max_diff_c": 35.36945698001813, "shift_c": 14.250000000000002}, "8-11": {"eta_c": 6.864972009501887, "max_diff_c": 19.79781116197427, "shift_c": 7.312500000000003}, "8-12": {"eta_c": 13.930706263415638, "max_diff_c": 39.84569502837437, "shift_c": 15.312500000000004}, "9-10": {"eta_c": 11535.948812724271, "max_diff_c": 31700.855395547762,