{"pseudos": ["DOJO-041-std-9", "SPMS-9", "SG15-9", "GBRV-1.X-9", "PSL-US-v1-high-9", "PSL-PAW-v1-high-9", "JTH-1.1-std-9"], "v_distance": {"eta_c": [[0.0, 1.0599654935996314, 0.5670496401824138, 0.08208219907962454, 0.5353395964202428, 0.4905321730945179, 0.4750287793675562], [1.0599654935996314, 0.0, 0.556647525283413, 1.135477741417635, 0.995456424599506, 1.0192177448267292, 1.0733982245651859], [0.5670496401824138, 0.556647525283413, 0.0, 0.6315674524109144, 0.45998596985944545, 0.4740515460106406, 0.5246291579906271], [0.08208219907962454, 1.135477741417635, 0.6315674524109144, 0.0, 0.5466476614993179, 0.49833641565039155, 0.47119464140094675], [0.5353395964202428, 0.995456424599506, 0.45998596985944545, 0.5466476614993179, 0.0, 0.0621989454446195, 0.14285183658188422], [0.4905321730945179, 1.0192177448267292, 0.4740515460106406, 0.49833641565039155, 0.0621989454446195, 0.0, 0.10394486984021811], [0.4750287793675562, 1.0733982245651859, 0.5246291579906271, 0.47119464140094675, 0.14285183658188422, 0.10394486984021811, 0.0]], "max_diff_c": [[0.0, 1.586239768036137, 0.9905457137223267, 0.20051910061387446, 1.0398876970888473, 0.9815957422864763, 1.4171629481815877], [1.586239768036137, 0.0, 1.2288927043303524, 1.6831539987916244, 2.41498470332331, 2.4161020970652882, 2.8549114695711393], [0.9905457137223267, 1.2288927043303524, 0.0, 1.087451512751386, 1.1991379100277497, 1.2033459552253787, 1.6260187652407865], [0.20051910061387446, 1.6831539987916244, 1.087451512751386, 0.0, 0.9667918516996075, 0.909282957075714, 1.2166438475677135], [1.0398876970888473, 2.41498470332331, 1.1991379100277497, 0.9667918516996075, 0.0, 0.13226674816024797, 0.4905070576494417], [0.9815957422864763, 2.4161020970652882, 1.2033459552253787, 0.909282957075714, 0.13226674816024797, 0.0, 0.43880937250585106], [1.4171629481815877, 2.8549114695711393, 1.6260187652407865, 1.2166438475677135, 0.4905070576494417, 0.43880937250585106, 0.0]], "shift_c": [[0.0, -0.0011250000000000003, -0.000125, 0.000125, 0.001, 0.0009375, 0.00075], [0.0011250000000000003, 0.0, 0.001, 0.00125, 0.0021250000000000006, 0.0021250000000000006, 0.0019375000000000004], [0.000125, -0.001, 0.0, 0.00025, 0.0011250000000000003, 0.0011250000000000003, 0.0009375], [-0.000125, -0.00125, -0.00025, 0.0, 0.000875, 0.0008125000000000002, 0.000625], [-0.001, -0.0021250000000000006, -0.0011250000000000003, -0.000875, 0.0, 0.0, -0.00025], [-0.0009375, -0.0021250000000000006, -0.0011250000000000003, -0.0008125000000000002, -0.0, 0.0, -0.0001875], [-0.00075, -0.0019375000000000004, -0.0009375, -0.000625, 0.00025, 0.0001875, 0.0]]}, "v10_distance": {"eta_c": [[0.0, 1.106971101030966, 1.0929577356472049, 3.318940793847749, 0.4863964760222204, 0.48512059374278416, 19.78488719704957], [1.106971101030966, 0.0, 0.4964331566927453, 3.640046276147992, 1.2614439744442287, 1.2600529306289059, 19.70401383941111], [1.0929577356472049, 0.4964331566927453, 0.0, 3.583679251854934, 1.1728132981111457, 1.1703474080968768, 19.59940145628479], [3.318940793847749, 3.640046276147992, 3.583679251854934, 0.0, 3.4587463195157317, 3.5124137099627846, 17.439254041105844], [0.4863964760222204, 1.2614439744442287, 1.1728132981111457, 3.4587463195157317, 0.0, 0.06723033913862299, 19.80351511283621], [0.48512059374278416, 1.2600529306289059, 1.1703474080968768, 3.5124137099627846, 0.06723033913862299, 0.0, 19.839318507339218], [19.78488719704957, 19.70401383941111, 19.59940145628479, 17.439254041105844, 19.80351511283621, 19.839318507339218, 0.0]], "max_diff_c": [[0.0, 4.96762881815991, 6.660456134546848, 10.47886143329073, 1.3331919747325287, 1.2634252338979763, 156.1534508532042], [4.96762881815991, 0.0, 2.030113921720151, 11.373309012344889, 4.628083285703632, 4.573742157885938, 156.59018744317868], [6.660456134546848, 2.030113921720151, 0.0, 10.659554033195846, 6.289615399297503, 6.23527427147981, 155.83572220565605], [10.47886143329073, 11.373309012344889, 10.659554033195846, 0.0, 10.12835106134179, 10.268281206050789, 146.42489268250364], [1.3331919747325287, 4.628083285703632, 6.289615399297503, 10.12835106134179, 0.0, 0.16370336005907404, 155.7796971889191], [1.2634252338979763, 4.573742157885938, 6.23527427147981, 10.268281206050789, 0.16370336005907404, 0.0, 155.91196881278128], [156.1534508532042, 156.59018744317868, 155.83572220565605, 146.42489268250364, 155.7796971889191, 155.91196881278128, 0.0]], "shift_c": [[0.0, -0.0005625000000000002, 0.0003125, 0.003125000000000001, 0.0005, 0.0004375, 0.012812500000000004], [0.0005625000000000002, 0.0, 0.0008125000000000002, 0.0036250000000000015, 0.001, 0.0009375, 0.013375000000000005], [-0.0003125, -0.0008125000000000002, 0.0, 0.0028125000000000008, 0.0001875, 0.000125, 0.012500000000000004], [-0.003125000000000001, -0.0036250000000000015, -0.0028125000000000008, 0.0, -0.0026249999999999997, -0.0026875000000000002, 0.009687500000000003], [-0.0005, -0.001, -0.0001875, 0.0026249999999999997, 0.0, -6.25e-05, 0.012312500000000004], [-0.0004375, -0.0009375, -0.000125, 0.0026875000000000002, 6.25e-05, 0.0, 0.012375000000000004], [-0.012812500000000004, -0.013375000000000005, -0.012500000000000004, -0.009687500000000003, -0.012312500000000004, -0.012375000000000004, 0.0]]}}