{"pseudos": {"Kr.nc.pbe.z_8.oncvpsp3.dojo.v0.4.1-std.upf": 0, "Kr.nc.pbe.z_8.oncvpsp4.spms.v1.upf": 1, "Kr.nc.pbe.z_8.oncvpsp4.sg15.v0.upf": 2, "Kr.us.pbe.z_18.ld1.psl.v1.0.0-high.upf": 3, "Kr.paw.pbe.z_18.ld1.psl.v1.0.0-high.upf": 4, "Kr.paw.pbe.z_8.atompaw.jth.v1.1-std.upf": 5}, "v_distance": {"0-1": {"eta_c": 0.03957036833669677, "max_diff_c": 0.0580334257428774, "shift_c": -0.0625}, "0-2": {"eta_c": 0.01723428222760458, "max_diff_c": 0.03148078547144176, "shift_c": -7.000000000000003}, "0-3": {"eta_c": 0.14454198027453574, "max_diff_c": 0.2579450410380435, "shift_c": 1467.0625000000016}, "0-4": {"eta_c": 0.13825726371871663, "max_diff_c": 0.22764498013216894, "shift_c": 1473.5000000000014}, "0-5": {"eta_c": 0.25229849088376727, "max_diff_c": 0.4245259953294736, "shift_c": 24.875}, "1-2": {"eta_c": 0.03236113230814619, "max_diff_c": 0.06174347888724882, "shift_c": -6.937500000000003}, "1-3": {"eta_c": 0.10809436505553152, "max_diff_c": 0.19993779141591617, "shift_c": 1467.1250000000016}, "1-4": {"eta_c": 0.10011847925475362, "max_diff_c": 0.1696377305100416, "shift_c": 1473.5625000000014}, "1-5": {"eta_c": 0.21480410425933652, "max_diff_c": 0.36649256958659615, "shift_c": 24.9375}, "2-3": {"eta_c": 0.1391096227562967, "max_diff_c": 0.26168127030334887, "shift_c": 1474.0625000000014}, "2-4": {"eta_c": 0.13064774042083124, "max_diff_c": 0.23138120939725226, "shift_c": 1480.5000000000016}, "2-5": {"eta_c": 0.2449240229395414, "max_diff_c": 0.42812173171511564, "shift_c": 31.875000000000007}, "3-4": {"eta_c": 0.1330845867678433, "max_diff_c": 0.17913656410692771, "shift_c": 6.250000000000002}, "3-5": {"eta_c": 0.11090901798353854, "max_diff_c": 0.208937252967889, "shift_c": 1442.1875000000016}, "4-5": {"eta_c": 0.11559045769667582, "max_diff_c": 0.19694114043544708, "shift_c": 1448.6250000000014}}, "v10_distance": {"0-1": {"eta_c": 0.11957662520996798, "max_diff_c": 0.5495870754869543, "shift_c": -0.125}, "0-2": {"eta_c": 1.714494390399936, "max_diff_c": 7.908585863303886, "shift_c": -6.187500000000002}, "0-3": {"eta_c": 0.3310965976230127, "max_diff_c": 1.4197821605050898, "shift_c": 1467.1250000000016}, "0-4": {"eta_c": 1.234043074004939, "max_diff_c": 5.882952207549641, "shift_c": 1472.6250000000014}, "0-5": {"eta_c": 8.558920028474374, "max_diff_c": 42.729759367156156, "shift_c": 19.000000000000007}, "1-2": {"eta_c": 1.7241438888163507, "max_diff_c": 8.02622756352048, "shift_c": -6.062500000000002}, "1-3": {"eta_c": 0.3429398090091245, "max_diff_c": 1.6552961840690106, "shift_c": 1467.2500000000016}, "1-4": {"eta_c": 1.19103730225824, "max_diff_c": 6.066484758491697, "shift_c": 1472.7500000000014}, "1-5": {"eta_c": 8.520944194174566, "max_diff_c": 42.91329191809828, "shift_c": 19.125000000000007}, "2-3": {"eta_c": 0.7828204960649878, "max_diff_c": 3.398102508888279, "shift_c": 1473.6875000000014}, "2-4": {"eta_c": 1.6435853146501298, "max_diff_c": 6.240303610411058, "shift_c": 1479.1875000000014}, "2-5": {"eta_c": 8.94167415163842, "max_diff_c": 42.684121968606796, "shift_c": 25.1875}, "3-4": {"eta_c": 1.0067853530324404, "max_diff_c": 6.3985791149334705, "shift_c": 5.812500000000002}, "3-5": {"eta_c": 8.537601587799841, "max_diff_c": 42.995386274540024, "shift_c": 1448.0625000000014}, "4-5": {"eta_c": 7.314776140742334, "max_diff_c": 36.9093071596065, "shift_c": 1453.5625000000014}}}