{"pseudos": ["DOJO-041-std-8", "SPMS-8", "SG15-8", "PSL-US-v1-high-18", "PSL-PAW-v1-high-18", "JTH-1.1-std-8"], "v_distance": {"eta_c": [[0.0, 0.03957036833669677, 0.01723428222760458, 0.14454198027453574, 0.13825726371871663, 0.25229849088376727], [0.03957036833669677, 0.0, 0.03236113230814619, 0.10809436505553152, 0.10011847925475362, 0.21480410425933652], [0.01723428222760458, 0.03236113230814619, 0.0, 0.1391096227562967, 0.13064774042083124, 0.2449240229395414], [0.14454198027453574, 0.10809436505553152, 0.1391096227562967, 0.0, 0.1330845867678433, 0.11090901798353854], [0.13825726371871663, 0.10011847925475362, 0.13064774042083124, 0.1330845867678433, 0.0, 0.11559045769667582], [0.25229849088376727, 0.21480410425933652, 0.2449240229395414, 0.11090901798353854, 0.11559045769667582, 0.0]], "max_diff_c": [[0.0, 0.0580334257428774, 0.03148078547144176, 0.2579450410380435, 0.22764498013216894, 0.4245259953294736], [0.0580334257428774, 0.0, 0.06174347888724882, 0.19993779141591617, 0.1696377305100416, 0.36649256958659615], [0.03148078547144176, 0.06174347888724882, 0.0, 0.26168127030334887, 0.23138120939725226, 0.42812173171511564], [0.2579450410380435, 0.19993779141591617, 0.26168127030334887, 0.0, 0.17913656410692771, 0.208937252967889], [0.22764498013216894, 0.1696377305100416, 0.23138120939725226, 0.17913656410692771, 0.0, 0.19694114043544708], [0.4245259953294736, 0.36649256958659615, 0.42812173171511564, 0.208937252967889, 0.19694114043544708, 0.0]], "shift_c": [[0.0, -6.25e-05, -0.007000000000000003, 1.4670625000000017, 1.4735000000000014, 0.024875], [6.25e-05, 0.0, -0.006937500000000003, 1.4671250000000016, 1.4735625000000014, 0.0249375], [0.007000000000000003, 0.006937500000000003, 0.0, 1.4740625000000014, 1.4805000000000017, 0.03187500000000001], [-1.4670625000000017, -1.4671250000000016, -1.4740625000000014, 0.0, 0.006250000000000002, 1.4421875000000017], [-1.4735000000000014, -1.4735625000000014, -1.4805000000000017, -0.006250000000000002, 0.0, 1.4486250000000014], [-0.024875, -0.0249375, -0.03187500000000001, -1.4421875000000017, -1.4486250000000014, 0.0]]}, "v10_distance": {"eta_c": [[0.0, 0.11957662520996798, 1.714494390399936, 0.3310965976230127, 1.234043074004939, 8.558920028474374], [0.11957662520996798, 0.0, 1.7241438888163507, 0.3429398090091245, 1.19103730225824, 8.520944194174566], [1.714494390399936, 1.7241438888163507, 0.0, 0.7828204960649878, 1.6435853146501298, 8.94167415163842], [0.3310965976230127, 0.3429398090091245, 0.7828204960649878, 0.0, 1.0067853530324404, 8.537601587799841], [1.234043074004939, 1.19103730225824, 1.6435853146501298, 1.0067853530324404, 0.0, 7.314776140742334], [8.558920028474374, 8.520944194174566, 8.94167415163842, 8.537601587799841, 7.314776140742334, 0.0]], "max_diff_c": [[0.0, 0.5495870754869543, 7.908585863303886, 1.4197821605050898, 5.882952207549641, 42.729759367156156], [0.5495870754869543, 0.0, 8.02622756352048, 1.6552961840690106, 6.066484758491697, 42.91329191809828], [7.908585863303886, 8.02622756352048, 0.0, 3.398102508888279, 6.240303610411058, 42.684121968606796], [1.4197821605050898, 1.6552961840690106, 3.398102508888279, 0.0, 6.3985791149334705, 42.995386274540024], [5.882952207549641, 6.066484758491697, 6.240303610411058, 6.3985791149334705, 0.0, 36.9093071596065], [42.729759367156156, 42.91329191809828, 42.684121968606796, 42.995386274540024, 36.9093071596065, 0.0]], "shift_c": [[0.0, -0.000125, -0.006187500000000002, 1.4671250000000016, 1.4726250000000014, 0.019000000000000006], [0.000125, 0.0, -0.006062500000000002, 1.4672500000000017, 1.4727500000000013, 0.019125000000000007], [0.006187500000000002, 0.006062500000000002, 0.0, 1.4736875000000014, 1.4791875000000014, 0.0251875], [-1.4671250000000016, -1.4672500000000017, -1.4736875000000014, 0.0, 0.005812500000000002, 1.4480625000000014], [-1.4726250000000014, -1.4727500000000013, -1.4791875000000014, -0.005812500000000002, 0.0, 1.4535625000000014], [-0.019000000000000006, -0.019125000000000007, -0.0251875, -1.4480625000000014, -1.4535625000000014, 0.0]]}}