{"pseudos": ["DOJO-041-std-25", "PSL-US-v1-high-35", "PSL-US-v1-low-11", "PSL-PAW-v1-high-35", "PSL-PAW-v1-low-11", "JTH-1.1-std-25", "Wentzcovitch-25"], "v_distance": {"eta_c": [[0.0, 28.246180394743458, 16931.423694204583, 31.14078856672646, 16931.110981062273, 883182.1063500606, 47.61675592722721], [28.246180394743458, 0.0, 16914.977882965883, 2.466860377407009, 16914.66503397471, 883196.0462587709, 19.398538713934055], [16931.423694204583, 16914.977882965883, 0.0, 16913.44634951889, 0.35067350752058557, 13987.976035028485, 16904.756300458925], [31.14078856672646, 2.466860377407009, 16913.44634951889, 0.0, 16913.13348779323, 883197.4458155647, 16.501217356402663], [16931.110981062273, 16914.66503397471, 0.35067350752058557, 16913.13348779323, 0.0, 13987.7908463269, 16904.443362207385], [883182.1063500606, 883196.0462587709, 13987.976035028485, 883197.4458155647, 13987.7908463269, 0.0, 883211.403039543], [47.61675592722721, 19.398538713934055, 16904.756300458925, 16.501217356402663, 16904.443362207385, 883211.403039543, 0.0]], "max_diff_c": [[0.0, 36.49082805097232, 29988.7744041437, 40.36752641308585, 29988.105786679578, 2963147.1861630487, 61.82365588574283], [36.49082805097232, 0.0, 29974.91395832486, 3.8142065781120778, 29974.182840860747, 2963181.9436421203, 25.395786453954035], [29988.7744041437, 29974.91395832486, 0.0, 29973.509910349003, 0.7332883915222509, 20751.97145316006, 29966.387267801856], [40.36752641308585, 3.8142065781120778, 29973.509910349003, 0.0, 29972.77879288488, 2963185.6892885654, 21.456597721826203], [29988.105786679578, 29974.182840860747, 0.7332883915222509, 29972.77879288488, 0.0, 20752.086938712055, 29965.65615033775], [2963147.1861630487, 2963181.9436421203, 20751.97145316006, 2963185.6892885654, 20752.086938712055, 0.0, 2963200.825811237], [61.82365588574283, 25.395786453954035, 29966.387267801856, 21.456597721826203, 29965.65615033775, 2963200.825811237, 0.0]], "shift_c": [[0.0, -0.02493750000000001, 21.230750000000025, -0.02706250000000001, 21.230375000000027, -348.19587500000034, -0.04012500000000001], [0.02493750000000001, 0.0, 21.194000000000027, -0.0020625, 21.193687500000024, 348.17262500000044, 0.015250000000000003], [-21.230750000000025, -21.194000000000027, 0.0, 21.19050000000002, 0.0003125, 5.275625000000008, 21.170000000000023], [0.02706250000000001, 0.0020625, -21.19050000000002, 0.0, 21.19018750000002, 348.1706250000004, 0.013062500000000006], [-21.230375000000027, -21.193687500000024, -0.0003125, -21.19018750000002, 0.0, 5.275312500000007, 21.169687500000023], [348.19587500000034, -348.17262500000044, -5.275625000000008, -348.1706250000004, -5.275312500000007, 0.0, 348.16387500000053], [0.04012500000000001, -0.015250000000000003, -21.170000000000023, -0.013062500000000006, -21.169687500000023, -348.16387500000053, 0.0]]}, "v10_distance": {"eta_c": [[0.0, 26.74095406549823, 16039.029844614035, 29.372945154451326, 16038.748070434622, 784957.6895774355, 45.04663959140677], [26.74095406549823, 0.0, 16017.46744084706, 2.3481821637796374, 16017.18558558673, 784965.7061263628, 18.366146196114375], [16039.029844614035, 16017.46744084706, 0.0, 16015.448109126752, 0.31049631226645275, 11222.350172019325, 16003.579928201745], [29.372945154451326, 2.3481821637796374, 16015.448109126752, 0.0, 16015.166247659576, 784966.6093061155, 15.742880501324038], [16038.748070434622, 16017.18558558673, 0.31049631226645275, 16015.166247659576, 0.0, 11222.165128177727, 16003.297985395036], [784957.6895774355, 784965.7061263628, 11222.350172019325, 784966.6093061155, 11222.165128177727, 0.0, 784971.3358646628], [45.04663959140677, 18.366146196114375, 16003.579928201745, 15.742880501324038, 16003.297985395036, 784971.3358646628, 0.0]], "max_diff_c": [[0.0, 34.35355411722592, 40519.52440414372, 37.90165066742318, 40518.605786679596, 3045710.8111630487, 62.58753336587347], [34.35355411722592, 0.0, 40485.97645832487, 3.4901745448384105, 40485.05784086076, 3045741.19364212, 50.30208084415855], [40519.52440414372, 40485.97645832487, 0.0, 40482.75991034901, 0.920788391522251, 23516.533953160062, 40462.51226780187], [37.90165066742318, 3.4901745448384105, 40482.75991034901, 0.0, 40481.84129288489, 3045744.5642885654, 49.29387741096923], [40518.605786679596, 40485.05784086076, 0.920788391522251, 40481.84129288489, 0.0, 23516.461938712055, 40461.59365033776], [3045710.8111630487, 3045741.19364212, 23516.533953160062, 3045744.5642885654, 23516.461938712055, 0.0, 3045762.3883112376], [62.58753336587347, 50.30208084415855, 40462.51226780187, 49.29387741096923, 40461.59365033776, 3045762.3883112376, 0.0]], "shift_c": [[0.0, -0.016687500000000004, 10.700000000000012, -0.01812500000000001, 10.699875000000013, -265.6322500000004, -0.02631250000000001], [0.016687500000000004, 0.0, 10.682937500000014, -0.0015, 10.682812500000013, 265.61337500000036, 0.009625000000000003], [-10.700000000000012, -10.682937500000014, 0.0, 10.681250000000013, 0.000125, 2.511062500000003, 10.673875000000013], [0.01812500000000001, 0.0015, -10.681250000000013, 0.0, 10.681125000000012, 265.61175000000037, 0.008187500000000002], [-10.699875000000013, -10.682812500000013, -0.000125, -10.681125000000012, 0.0, 2.510937500000003, 10.673750000000013], [265.6322500000004, -265.61337500000036, -2.511062500000003, -265.61175000000037, -2.510937500000003, 0.0, 265.60231250000044], [0.02631250000000001, -0.009625000000000003, -10.673875000000013, -0.008187500000000002, -10.673750000000013, -265.60231250000044, 0.0]]}}