{"pseudos": ["DOJO-041-std-25", "PSL-US-v1-high-35", "PSL-US-v1-low-11", "PSL-PAW-v1-high-35", "PSL-PAW-v1-low-11", "JTH-1.1-std-25", "Wentzcovitch-25"], "v_distance": {"eta_c": [[0.0, 28.246180394743458, 16931.423694204583, 31.14078856672646, 16931.110981062273, 883182.1063500606, 47.61675592722721], [28.246180394743458, 0.0, 16914.977882965883, 2.466860377407009, 16914.66503397471, 883196.0462587709, 19.398538713934055], [16931.423694204583, 16914.977882965883, 0.0, 16913.44634951889, 0.35067350752058557, 13987.976035028485, 16904.756300458925], [31.14078856672646, 2.466860377407009, 16913.44634951889, 0.0, 16913.13348779323, 883197.4458155647, 16.501217356402663], [16931.110981062273, 16914.66503397471, 0.35067350752058557, 16913.13348779323, 0.0, 13987.7908463269, 16904.443362207385], [883182.1063500606, 883196.0462587709, 13987.976035028485, 883197.4458155647, 13987.7908463269, 0.0, 883211.403039543], [47.61675592722721, 19.398538713934055, 16904.756300458925, 16.501217356402663, 16904.443362207385, 883211.403039543, 0.0]], "max_diff_c": [[0.0, 36.49082805097232, 29988.7744041437, 40.36752641308585, 29988.105786679578, 2963147.1861630487, 61.82365588574283], [36.49082805097232, 0.0, 29974.91395832486, 3.8142065781120778, 29974.182840860747, 2963181.9436421203, 25.395786453954035], [29988.7744041437, 29974.91395832486, 0.0, 29973.509910349003, 0.7332883915222509, 20751.97145316006, 29966.387267801856], [40.36752641308585, 3.8142065781120778, 29973.509910349003, 0.0, 29972.77879288488, 2963185.6892885654, 21.456597721826203], [29988.105786679578, 29974.182840860747, 0.7332883915222509, 29972.77879288488, 0.0, 20752.086938712055, 29965.65615033775], [2963147.1861630487, 2963181.9436421203, 20751.97145316006, 2963185.6892885654, 20752.086938712055, 0.0, 2963200.825811237], [61.82365588574283, 25.395786453954035, 29966.387267801856, 21.456597721826203, 29965.65615033775, 2963200.825811237, 0.0]], "shift_c": [[0.0, -1.8328724435107933, 1560.4313435615763, -1.9890570627573272, 1560.4037815699446, -25591.92478121821, -2.9491331045963136], [-1.8328724435107933, 0.0, 1557.7302683816656, -0.15159095397457684, 1557.707300055306, 25590.215937737048, 1.1208543263574775], [1560.4313435615763, 1557.7302683816656, 0.0, 1557.4730231264357, 0.02296832635978437, 387.75128560588024, 1555.9663009172339], [-1.9890570627573272, -0.15159095397457684, 1557.4730231264357, 0.0, 1557.450054800076, 25590.068940448346, 0.9600760418389871], [1560.4037815699446, 1557.707300055306, 0.02296832635978437, 1557.450054800076, 0.0, 387.72831727952047, 1555.9433325908742], [-25591.92478121821, 25590.215937737048, 387.75128560588024, 25590.068940448346, 387.72831727952047, 0.0, 25589.572824598985], [-2.9491331045963136, 1.1208543263574775, 1555.9663009172339, 0.9600760418389871, 1555.9433325908742, 25589.572824598985, 0.0]]}, "v10_distance": {"eta_c": [[0.0, 26.74095406549823, 16039.029844614035, 29.372945154451326, 16038.748070434622, 784957.6895774355, 45.04663959140677], [26.74095406549823, 0.0, 16017.46744084706, 2.3481821637796374, 16017.18558558673, 784965.7061263628, 18.366146196114375], [16039.029844614035, 16017.46744084706, 0.0, 16015.448109126752, 0.31049631226645275, 11222.350172019325, 16003.579928201745], [29.372945154451326, 2.3481821637796374, 16015.448109126752, 0.0, 16015.166247659576, 784966.6093061155, 15.742880501324038], [16038.748070434622, 16017.18558558673, 0.31049631226645275, 16015.166247659576, 0.0, 11222.165128177727, 16003.297985395036], [784957.6895774355, 784965.7061263628, 11222.350172019325, 784966.6093061155, 11222.165128177727, 0.0, 784971.3358646628], [45.04663959140677, 18.366146196114375, 16003.579928201745, 15.742880501324038, 16003.297985395036, 784971.3358646628, 0.0]], "max_diff_c": [[0.0, 34.35355411722592, 40519.52440414372, 37.90165066742318, 40518.605786679596, 3045710.8111630487, 62.58753336587347], [34.35355411722592, 0.0, 40485.97645832487, 3.4901745448384105, 40485.05784086076, 3045741.19364212, 50.30208084415855], [40519.52440414372, 40485.97645832487, 0.0, 40482.75991034901, 0.920788391522251, 23516.533953160062, 40462.51226780187], [37.90165066742318, 3.4901745448384105, 40482.75991034901, 0.0, 40481.84129288489, 3045744.5642885654, 49.29387741096923], [40518.605786679596, 40485.05784086076, 0.920788391522251, 40481.84129288489, 0.0, 23516.461938712055, 40461.59365033776], [3045710.8111630487, 3045741.19364212, 23516.533953160062, 3045744.5642885654, 23516.461938712055, 0.0, 3045762.3883112376], [62.58753336587347, 50.30208084415855, 40462.51226780187, 49.29387741096923, 40461.59365033776, 3045762.3883112376, 0.0]], "shift_c": [[0.0, -1.2265086276124857, 786.4354945590176, -1.3321629288674939, 786.4263072284739, -19523.61027098829, -1.9339330794938447], [-1.2265086276124857, 0.0, 785.1814239397735, -0.11024796652696497, 785.1722366092296, 19522.222984076157, 0.7074244518813588], [786.4354945590176, 785.1814239397735, 0.0, 785.0573949774307, 0.009187330543913748, 184.55968963141154, 784.5153424753398], [-1.3321629288674939, -0.11024796652696497, 785.0573949774307, 0.0, 785.0482076468868, 19522.103548779087, 0.6017701506263506], [786.4263072284739, 785.1722366092296, 0.009187330543913748, 785.0482076468868, 0.0, 184.5505023008676, 784.5061551447959], [-19523.61027098829, 19522.222984076157, 184.55968963141154, 19522.103548779087, 184.5505023008676, 0.0, 19521.409905323024], [-1.9339330794938447, 0.7074244518813588, 784.5153424753398, 0.6017701506263506, 784.5061551447959, 19521.409905323024, 0.0]]}}