{"pseudos": {"Lu.nc.pbe.z_25.oncvpsp3.dojo.v0.4.1-std.upf": 0, "Lu.us.pbe.z_35.ld1.psl.v1.0.0-high.upf": 1, "Lu.us.pbe.z_11.ld1.psl.v1.0.0-low.upf": 2, "Lu.paw.pbe.z_35.ld1.psl.v1.0.0-high.upf": 3, "Lu.paw.pbe.z_11.ld1.psl.v1.0.0-low.upf": 4, "Lu.paw.pbe.z_25.atompaw.jth.v1.1-std.upf": 5, "Lu.paw.pbe.z_25.atompaw.wentzcovitch.v1.0.legacy.upf": 6}, "v_distance": {"0-1": {"eta_c": 28.246180394743458, "max_diff_c": 36.49082805097232, "shift_c": -24.937500000000007}, "0-2": {"eta_c": 16931.423694204583, "max_diff_c": 29988.7744041437, "shift_c": 21230.750000000025}, "0-3": {"eta_c": 31.14078856672646, "max_diff_c": 40.36752641308585, "shift_c": -27.06250000000001}, "0-4": {"eta_c": 16931.110981062273, "max_diff_c": 29988.105786679578, "shift_c": 21230.375000000025}, "0-5": {"eta_c": 883182.1063500606, "max_diff_c": 2963147.1861630487, "shift_c": -348195.87500000035}, "0-6": {"eta_c": 47.61675592722721, "max_diff_c": 61.82365588574283, "shift_c": -40.12500000000001}, "1-2": {"eta_c": 16914.977882965883, "max_diff_c": 29974.91395832486, "shift_c": 21194.000000000025}, "1-3": {"eta_c": 2.466860377407009, "max_diff_c": 3.8142065781120778, "shift_c": -2.0625}, "1-4": {"eta_c": 16914.66503397471, "max_diff_c": 29974.182840860747, "shift_c": 21193.687500000025}, "1-5": {"eta_c": 883196.0462587709, "max_diff_c": 2963181.9436421203, "shift_c": 348172.6250000004}, "1-6": {"eta_c": 19.398538713934055, "max_diff_c": 25.395786453954035, "shift_c": 15.250000000000004}, "2-3": {"eta_c": 16913.44634951889, "max_diff_c": 29973.509910349003, "shift_c": 21190.500000000022}, "2-4": {"eta_c": 0.35067350752058557, "max_diff_c": 0.7332883915222509, "shift_c": 0.3125}, "2-5": {"eta_c": 13987.976035028485, "max_diff_c": 20751.97145316006, "shift_c": 5275.625000000007}, "2-6": {"eta_c": 16904.756300458925, "max_diff_c": 29966.387267801856, "shift_c": 21170.000000000022}, "3-4": {"eta_c": 16913.13348779323, "max_diff_c": 29972.77879288488, "shift_c": 21190.187500000022}, "3-5": {"eta_c": 883197.4458155647, "max_diff_c": 2963185.6892885654, "shift_c": 348170.6250000004}, "3-6": {"eta_c": 16.501217356402663, "max_diff_c": 21.456597721826203, "shift_c": 13.062500000000005}, "4-5": {"eta_c": 13987.7908463269, "max_diff_c": 20752.086938712055, "shift_c": 5275.312500000007}, "4-6": {"eta_c": 16904.443362207385, "max_diff_c": 29965.65615033775, "shift_c": 21169.687500000022}, "5-6": {"eta_c": 883211.403039543, "max_diff_c": 2963200.825811237, "shift_c": 348163.8750000005}}, "v10_distance": {"0-1": {"eta_c": 26.74095406549823, "max_diff_c": 34.35355411722592, "shift_c": -16.687500000000004}, "0-2": {"eta_c": 16039.029844614035, "max_diff_c": 40519.52440414372, "shift_c": 10700.000000000011}, "0-3": {"eta_c": 29.372945154451326, "max_diff_c": 37.90165066742318, "shift_c": -18.125000000000007}, "0-4": {"eta_c": 16038.748070434622, "max_diff_c": 40518.605786679596, "shift_c": 10699.875000000013}, "0-5": {"eta_c": 784957.6895774355, "max_diff_c": 3045710.8111630487, "shift_c": -265632.2500000004}, "0-6": {"eta_c": 45.04663959140677, "max_diff_c": 62.58753336587347, "shift_c": -26.31250000000001}, "1-2": {"eta_c": 16017.46744084706, "max_diff_c": 40485.97645832487, "shift_c": 10682.937500000013}, "1-3": {"eta_c": 2.3481821637796374, "max_diff_c": 3.4901745448384105, "shift_c": -1.5}, "1-4": {"eta_c": 16017.18558558673, "max_diff_c": 40485.05784086076, "shift_c": 10682.812500000013}, "1-5": {"eta_c": 784965.7061263628, "max_diff_c": 3045741.19364212, "shift_c": 265613.37500000035}, "1-6": {"eta_c": 18.366146196114375, "max_diff_c": 50.30208084415855, "shift_c": 9.625000000000004}, "2-3": {"eta_c": 16015.448109126752, "max_diff_c": 40482.75991034901, "shift_c": 10681.250000000013}, "2-4": {"eta_c": 0.31049631226645275, "max_diff_c": 0.920788391522251, "shift_c": 0.125}, "2-5": {"eta_c": 11222.350172019325, "max_diff_c": 23516.533953160062, "shift_c": 2511.062500000003}, "2-6": {"eta_c": 16003.579928201745, "max_diff_c": 40462.51226780187, "shift_c": 10673.875000000013}, "3-4": {"eta_c": 16015.166247659576, "max_diff_c": 40481.84129288489, "shift_c": 10681.125000000013}, "3-5": {"eta_c": 784966.6093061155, "max_diff_c": 3045744.5642885654, "shift_c": 265611.75000000035}, "3-6": {"eta_c": 15.742880501324038, "max_diff_c": 49.29387741096923, "shift_c": 8.187500000000002}, "4-5": {"eta_c": 11222.165128177727, "max_diff_c": 23516.461938712055, "shift_c": 2510.9375000000027}, "4-6": {"eta_c": 16003.297985395036, "max_diff_c": 40461.59365033776, "shift_c": 10673.750000000013}, "5-6": {"eta_c": 784971.3358646628, "max_diff_c": 3045762.3883112376, "shift_c": 265602.3125000004}}}