{"pseudos": {"Mg.nc.pbe.z_10.oncvpsp3.dojo.v0.4.1-std.upf": 0, "Mg.nc.pbe.z_10.oncvpsp4.spms.v1.upf": 1, "Mg.nc.pbe.z_10.oncvpsp4.sg15.v0.upf": 2, "Mg.us.pbe.z_10.uspp.gbrv.v1.4.upf": 3, "Mg.us.pbe.z_10.ld1.psl.v1.0.0-high.upf": 4, "Mg.us.pbe.z_10.ld1.psl.v1.0.0-low.upf": 5, "Mg.paw.pbe.z_10.ld1.psl.v1.0.0-high.upf": 6, "Mg.paw.pbe.z_10.ld1.psl.v1.0.0-low.upf": 7, "Mg.paw.pbe.z_10.atompaw.jth.v1.1-std.upf": 8}, "v_distance": {"0-1": {"eta_c": 5.007589772112081, "max_diff_c": 10.396919793236977, "shift_c": -6.000000000000002}, "0-2": {"eta_c": 1.0356982593901087, "max_diff_c": 3.206153501178982, "shift_c": 2.3125000000000004}, "0-3": {"eta_c": 9.894637030314003, "max_diff_c": 23.270323274065184, "shift_c": 22.000000000000007}, "0-4": {"eta_c": 29.495285817652608, "max_diff_c": 57.226363387885435, "shift_c": 54.62500000000002}, "0-5": {"eta_c": 13.865129126816512, "max_diff_c": 30.060155602246194, "shift_c": 28.875000000000004}, "0-6": {"eta_c": 17.144083731048884, "max_diff_c": 33.51150286943566, "shift_c": 32.93750000000001}, "0-7": {"eta_c": 18.062059415569806, "max_diff_c": 37.414234743948015, "shift_c": 36.250000000000014}, "0-8": {"eta_c": 29.484338309905482, "max_diff_c": 63.03699654806969, "shift_c": 60.18750000000003}, "1-2": {"eta_c": 4.854077793139298, "max_diff_c": 9.504332268508131, "shift_c": 8.250000000000002}, "1-3": {"eta_c": 14.0370090876105, "max_diff_c": 28.54018321145222, "shift_c": 28.000000000000004}, "1-4": {"eta_c": 32.54372836585173, "max_diff_c": 66.40293217549252, "shift_c": 60.62500000000003}, "1-5": {"eta_c": 17.25729654729437, "max_diff_c": 35.45948324392924, "shift_c": 34.87500000000001}, "1-6": {"eta_c": 20.38607736418633, "max_diff_c": 41.236950691542006, "shift_c": 38.875000000000014}, "1-7": {"eta_c": 21.229080737780198, "max_diff_c": 42.71142271143554, "shift_c": 42.18750000000001}, "1-8": {"eta_c": 32.85461781839652, "max_diff_c": 68.44377116743792, "shift_c": 66.18750000000004}, "2-3": {"eta_c": 9.480781948272021, "max_diff_c": 20.961970811673652, "shift_c": 19.687500000000007}, "2-4": {"eta_c": 28.86934435511951, "max_diff_c": 56.86699599292026, "shift_c": 52.31250000000002}, "2-5": {"eta_c": 13.254874929718836, "max_diff_c": 27.110220358405893, "shift_c": 26.562500000000004}, "2-6": {"eta_c": 16.526188345407583, "max_diff_c": 31.793372039874306, "shift_c": 30.625000000000007}, "2-7": {"eta_c": 17.423271369784075, "max_diff_c": 34.676589614104856, "shift_c": 33.93750000000001}, "2-8": {"eta_c": 28.910077717335874, "max_diff_c": 59.83084304689069, "shift_c": 57.87500000000002}, "3-4": {"eta_c": 20.18096127790866, "max_diff_c": 38.333086928234664, "shift_c": 32.62500000000001}, "3-5": {"eta_c": 4.824123904435951, "max_diff_c": 7.505745262435897, "shift_c": 6.875000000000003}, "3-6": {"eta_c": 8.03877783639444, "max_diff_c": 13.947591005666741, "shift_c": 10.937500000000004}, "3-7": {"eta_c": 8.954250664809962, "max_diff_c": 14.604142429655669, "shift_c": 14.187500000000002}, "3-8": {"eta_c": 19.832948148004537, "max_diff_c": 40.21574384475077, "shift_c": 38.187500000000014}, "4-5": {"eta_c": 15.696228429472123, "max_diff_c": 32.77003762873283, "shift_c": -25.75000000000001}, "4-6": {"eta_c": 12.363379596938856, "max_diff_c": 25.10348148395051, "shift_c": -21.687500000000007}, "4-7": {"eta_c": 11.479635697577713, "max_diff_c": 25.12413842689407, "shift_c": -18.375000000000007}, "4-8": {"eta_c": 3.0704940533588405, "max_diff_c": 8.535115341981568, "shift_c": 5.562500000000002}, "5-6": {"eta_c": 3.365600704771451, "max_diff_c": 7.66655614478232, "shift_c": 4.062500000000001}, "5-7": {"eta_c": 4.250884028722215, "max_diff_c": 7.583399201838762, "shift_c": 7.312500000000003}, "5-8": {"eta_c": 15.665953412448086, "max_diff_c": 32.984287923508646, "shift_c": 31.312500000000007}, "6-7": {"eta_c": 1.0467532269090511, "max_diff_c": 4.073128341094361, "shift_c": 3.3125000000000013}, "6-8": {"eta_c": 12.493254580338501, "max_diff_c": 29.525493678634003, "shift_c": 27.250000000000004}, "7-8": {"eta_c": 11.637455751410966, "max_diff_c": 25.73234845600234, "shift_c": 24.0}}, "v10_distance": {"0-1": {"eta_c": 6.376792700606672, "max_diff_c": 37.849494246879125, "shift_c": -7.375000000000003}, "0-2": {"eta_c": 5.446061434188586, "max_diff_c": 30.438248481881814, "shift_c": -1.0}, "0-3": {"eta_c": 18.38531316886759, "max_diff_c": 69.30667329401314, "shift_c": 10.125000000000002}, "0-4": {"eta_c": 37.03946192622113, "max_diff_c": 61.09106125278435, "shift_c": 32.93750000000001}, "0-5": {"eta_c": 23.120962705613277, "max_diff_c": 73.03197330796435, "shift_c": 14.125000000000002}, "0-6": {"eta_c": 22.90838098835161, "max_diff_c": 41.983201838012654, "shift_c": 19.062500000000007}, "0-7": {"eta_c": 27.772290857190434, "max_diff_c": 78.19261195260303, "shift_c": 18.750000000000007}, "0-8": {"eta_c": 41.829075152807555, "max_diff_c": 103.60887006280961, "shift_c": 34.43750000000001}, "1-2": {"eta_c": 4.801723620736355, "max_diff_c": 7.796125204923325, "shift_c": 6.437500000000003}, "1-3": {"eta_c": 17.775329955316796, "max_diff_c": 31.457179047134005, "shift_c": 17.500000000000004}, "1-4": {"eta_c": 37.21475323736396, "max_diff_c": 46.0904321754925, "shift_c": 40.31250000000001}, "1-5": {"eta_c": 22.359555330892675, "max_diff_c": 35.182479061085225, "shift_c": 21.500000000000004}, "1-6": {"eta_c": 23.152028663093873, "max_diff_c": 28.799450691541995, "shift_c": 26.437500000000004}, "1-7": {"eta_c": 27.10932903023109, "max_diff_c": 40.3431177057239, "shift_c": 26.125000000000004}, "1-8": {"eta_c": 41.520394802267404, "max_diff_c": 65.75937581593047, "shift_c": 41.81250000000001}, "2-3": {"eta_c": 13.819183965184914, "max_diff_c": 38.86842481213132, "shift_c": 11.125000000000004}, "2-4": {"eta_c": 33.371032360125746, "max_diff_c": 38.55931332636015, "shift_c": 33.93750000000001}, "2-5": {"eta_c": 18.636834169439535, "max_diff_c": 42.53122482608254, "shift_c": 15.062500000000004}, "2-6": {"eta_c": 19.162918232091783, "max_diff_c": 21.893375644120507, "shift_c": 20.062500000000004}, "2-7": {"eta_c": 23.432640239786828, "max_diff_c": 47.69186347072122, "shift_c": 19.687500000000007}, "2-8": {"eta_c": 37.72249939338252, "max_diff_c": 73.1081215809278, "shift_c": 35.37500000000001}, "3-4": {"eta_c": 20.801770049871475, "max_diff_c": 28.520586928234664, "shift_c": 22.812500000000007}, "3-5": {"eta_c": 5.500289941464239, "max_diff_c": 9.075232347858304, "shift_c": 3.937500000000001}, "3-6": {"eta_c": 7.693064424447114, "max_diff_c": 27.32347145600049, "shift_c": 8.937500000000004}, "3-7": {"eta_c": 10.312088852216185, "max_diff_c": 13.606813325662133, "shift_c": 8.562500000000002}, "3-8": {"eta_c": 24.309883885867194, "max_diff_c": 34.88063989641222, "shift_c": 24.25}, "4-5": {"eta_c": 15.751382739543615, "max_diff_c": 25.83253762873283, "shift_c": -18.812500000000007}, "4-6": {"eta_c": 14.258431810335663, "max_diff_c": 19.107859414771703, "shift_c": -13.875000000000005}, "4-7": {"eta_c": 11.131601889628143, "max_diff_c": 20.93663842689407, "shift_c": -14.187500000000005}, "4-8": {"eta_c": 7.438963056379586, "max_diff_c": 42.51780881002526, "shift_c": 1.5}, "5-6": {"eta_c": 4.5211821140276, "max_diff_c": 31.048771469951703, "shift_c": 4.937500000000001}, "5-7": {"eta_c": 4.91353052399995, "max_diff_c": 5.923931101219237, "shift_c": 4.625000000000002}, "5-8": {"eta_c": 19.2689682182797, "max_diff_c": 31.182123541865717, "shift_c": 20.312500000000004}, "6-7": {"eta_c": 5.971779094873387, "max_diff_c": 36.20941011459038, "shift_c": -0.3125}, "6-8": {"eta_c": 19.203202180110832, "max_diff_c": 61.625668224796954, "shift_c": 15.375000000000004}, "7-8": {"eta_c": 14.533479898679264, "max_diff_c": 26.057017996132952, "shift_c": 15.687500000000004}}}