{"pseudos": ["DOJO-041-std-15", "DOJO-041-str-15", "SPMS-15", "SG15-15", "GBRV-1.X-15", "PSL-US-v1-high-15", "PSL-PAW-v1-high-15", "JTH-1.1-std-15"], "v_distance": {"eta_c": [[0.0, 6.0374786690330895, 9.298186576409861, 8.829173317049722, 15.221287699993855, 15.232334025784638, 16.233786778578736, 9.744307844555706], [6.0374786690330895, 0.0, 14.196272792899421, 14.554067301777243, 9.643657259483167, 10.420935811279099, 11.336879353471373, 5.976876963409507], [9.298186576409861, 14.196272792899421, 0.0, 4.4401470328263395, 21.46044158981926, 20.08235506726061, 21.206224489700393, 16.126011471489985], [8.829173317049722, 14.554067301777243, 4.4401470328263395, 0.0, 23.02879248299392, 22.085059721443187, 23.216090958625873, 17.04566880083622], [15.221287699993855, 9.643657259483167, 21.46044158981926, 23.02879248299392, 0.0, 4.468203456072358, 4.391577065643842, 8.33738807662133], [15.232334025784638, 10.420935811279099, 20.08235506726061, 22.085059721443187, 4.468203456072358, 0.0, 1.4762429875665912, 9.590301924415744], [16.233786778578736, 11.336879353471373, 21.206224489700393, 23.216090958625873, 4.391577065643842, 1.4762429875665912, 0.0, 10.402274234330353], [9.744307844555706, 5.976876963409507, 16.126011471489985, 17.04566880083622, 8.33738807662133, 9.590301924415744, 10.402274234330353, 0.0]], "max_diff_c": [[0.0, 12.788974425775788, 22.96155525951383, 21.113919888860096, 29.406715593978394, 26.665613640770495, 29.534271359687214, 31.411213819830504], [12.788974425775788, 0.0, 35.75050253354743, 33.90248116683369, 21.943971223856696, 19.202869270648794, 22.071526989565513, 23.9484694497088], [22.96155525951383, 35.75050253354743, 0.0, 14.8303516102645, 48.25751619217498, 41.75059755213749, 43.96510503229706, 36.3614926996232], [21.113919888860096, 33.90248116683369, 14.8303516102645, 0.0, 46.34740120474703, 39.90212954326227, 42.05407383776957, 41.09903269421506], [29.406715593978394, 21.943971223856696, 48.25751619217498, 46.34740120474703, 0.0, 24.561690216340285, 24.066639419437053, 23.750136032318384], [26.665613640770495, 19.202869270648794, 41.75059755213749, 39.90212954326227, 24.561690216340285, 0.0, 3.698518926626349, 24.5797722014629], [29.534271359687214, 22.071526989565513, 43.96510503229706, 42.05407383776957, 24.066639419437053, 3.698518926626349, 0.0, 26.90796677988213], [31.411213819830504, 23.9484694497088, 36.3614926996232, 41.09903269421506, 23.750136032318384, 24.5797722014629, 26.90796677988213, 0.0]], "shift_c": [[0.0, 7.750000000000003, -1.1875000000000002, -4.875000000000001, 20.125000000000004, 18.062500000000007, 17.000000000000004, 18.062500000000007], [-7.750000000000003, 0.0, -8.937500000000004, -12.625000000000004, 12.375000000000004, 10.312500000000002, 9.250000000000004, 10.312500000000002], [1.1875000000000002, 8.937500000000004, 0.0, -3.750000000000001, 21.250000000000004, 19.250000000000007, 18.125000000000007, 19.250000000000007], [4.875000000000001, 12.625000000000004, 3.750000000000001, 0.0, 25.0, 22.937500000000007, 21.875000000000007, 22.937500000000007], [-20.125000000000004, -12.375000000000004, -21.250000000000004, -25.0, 0.0, -2.0625, -3.125, -2.0625], [-18.062500000000007, -10.312500000000002, -19.250000000000007, -22.937500000000007, 2.0625, 0.0, -1.0625, 0.0], [-17.000000000000004, -9.250000000000004, -18.125000000000007, -21.875000000000007, 3.125, 1.0625, 0.0, 1.0625], [-18.062500000000007, -10.312500000000002, -19.250000000000007, -22.937500000000007, 2.0625, -0.0, -1.0625, 0.0]]}, "v10_distance": {"eta_c": [[0.0, 6.263989430964945, 8.057483423442925, 8.464559901111327, 17.37800355131275, 16.119115459975127, 16.79785191168334, 14.488706036043517], [6.263989430964945, 0.0, 12.944812757642389, 14.166318348021425, 11.571355523748995, 11.027383358697202, 11.720272340218473, 10.260687042769996], [8.057483423442925, 12.944812757642389, 0.0, 4.866323926277012, 22.206584526893195, 20.06554098690543, 20.900815095260242, 18.777994770220257], [8.464559901111327, 14.166318348021425, 4.866323926277012, 0.0, 24.543013331255455, 22.18988341270657, 23.009664292270404, 20.09939830882635], [17.37800355131275, 11.571355523748995, 22.206584526893195, 24.543013331255455, 0.0, 6.579261931395961, 6.641880219984413, 9.119032789290273], [16.119115459975127, 11.027383358697202, 20.06554098690543, 22.18988341270657, 6.579261931395961, 0.0, 1.5604327281665016, 8.760938707260335], [16.79785191168334, 11.720272340218473, 20.900815095260242, 23.009664292270404, 6.641880219984413, 1.5604327281665016, 0.0, 9.396530186614912], [14.488706036043517, 10.260687042769996, 18.777994770220257, 20.09939830882635, 9.119032789290273, 8.760938707260335, 9.396530186614912, 0.0]], "max_diff_c": [[0.0, 14.85147442577579, 23.46155525951383, 27.09031732562579, 31.927666068805248, 34.719286682932356, 34.66338616534946, 42.97179155979915], [14.85147442577579, 0.0, 38.313002533547426, 37.714981166833695, 22.974143145879058, 35.03088362226532, 34.97498310468242, 43.283388499132116], [23.46155525951383, 38.313002533547426, 0.0, 23.495774920044088, 55.44501619217498, 46.938097552137485, 48.96510503229705, 42.8111511501397], [27.09031732562579, 37.714981166833695, 23.495774920044088, 0.0, 54.84740120474703, 46.33962954326228, 48.36657383776957, 42.91091821146213], [31.927666068805248, 22.974143145879058, 55.44501619217498, 54.84740120474703, 0.0, 36.09937649416898, 36.04347597658608, 44.35188137103577], [34.719286682932356, 35.03088362226532, 46.938097552137485, 46.33962954326228, 36.09937649416898, 0.0, 4.7310713948122896, 25.5797722014629], [34.66338616534946, 34.97498310468242, 48.96510503229705, 48.36657383776957, 36.04347597658608, 4.7310713948122896, 0.0, 28.03296677988213], [42.97179155979915, 43.283388499132116, 42.8111511501397, 42.91091821146213, 44.35188137103577, 25.5797722014629, 28.03296677988213, 0.0]], "shift_c": [[0.0, 5.687500000000002, -0.6875, -3.125, 13.437500000000005, 13.375000000000005, 12.437500000000004, 12.375000000000004], [-5.687500000000002, 0.0, -6.375000000000002, -8.812500000000002, 7.750000000000003, 7.6875000000000036, 6.750000000000002, 6.687500000000003], [0.6875, 6.375000000000002, 0.0, -2.4375000000000004, 14.062500000000002, 14.062500000000002, 13.125000000000005, 13.062500000000005], [3.125, 8.812500000000002, 2.4375000000000004, 0.0, 16.500000000000004, 16.500000000000004, 15.562500000000004, 15.500000000000004], [-13.437500000000005, -7.750000000000003, -14.062500000000002, -16.500000000000004, 0.0, -0.0625, -1.0, -1.0625], [-13.375000000000005, -7.6875000000000036, -14.062500000000002, -16.500000000000004, 0.0625, 0.0, -0.9375, -1.0], [-12.437500000000004, -6.750000000000002, -13.125000000000005, -15.562500000000004, 1.0, 0.9375, 0.0, -0.0625], [-12.375000000000004, -6.687500000000003, -13.062500000000005, -15.500000000000004, 1.0625, 1.0, 0.0625, 0.0]]}}