{"pseudos": {"Mn.nc.pbe.z_15.oncvpsp3.dojo.v0.4.1-std.upf": 0, "Mn.nc.pbe.z_15.oncvpsp3.dojo.v0.4.1-str.upf": 1, "Mn.nc.pbe.z_15.oncvpsp4.spms.v1.upf": 2, "Mn.nc.pbe.z_15.oncvpsp4.sg15.v0.upf": 3, "Mn.us.pbe.z_15.uspp.gbrv.v1.5.upf": 4, "Mn.us.pbe.z_15.ld1.psl.v1.0.0-high.upf": 5, "Mn.paw.pbe.z_15.ld1.psl.v1.0.0-high.upf": 6, "Mn.paw.pbe.z_15.atompaw.jth.v1.1-std.upf": 7}, "v_distance": {"0-1": {"eta_c": 6.0374786690330895, "max_diff_c": 12.788974425775788, "shift_c": 7.750000000000003}, "0-2": {"eta_c": 9.298186576409861, "max_diff_c": 22.96155525951383, "shift_c": -1.1875000000000002}, "0-3": {"eta_c": 8.829173317049722, "max_diff_c": 21.113919888860096, "shift_c": -4.875000000000001}, "0-4": {"eta_c": 15.221287699993855, "max_diff_c": 29.406715593978394, "shift_c": 20.125000000000004}, "0-5": {"eta_c": 15.232334025784638, "max_diff_c": 26.665613640770495, "shift_c": 18.062500000000007}, "0-6": {"eta_c": 16.233786778578736, "max_diff_c": 29.534271359687214, "shift_c": 17.000000000000004}, "0-7": {"eta_c": 9.744307844555706, "max_diff_c": 31.411213819830504, "shift_c": 18.062500000000007}, "1-2": {"eta_c": 14.196272792899421, "max_diff_c": 35.75050253354743, "shift_c": -8.937500000000004}, "1-3": {"eta_c": 14.554067301777243, "max_diff_c": 33.90248116683369, "shift_c": -12.625000000000004}, "1-4": {"eta_c": 9.643657259483167, "max_diff_c": 21.943971223856696, "shift_c": 12.375000000000004}, "1-5": {"eta_c": 10.420935811279099, "max_diff_c": 19.202869270648794, "shift_c": 10.312500000000002}, "1-6": {"eta_c": 11.336879353471373, "max_diff_c": 22.071526989565513, "shift_c": 9.250000000000004}, "1-7": {"eta_c": 5.976876963409507, "max_diff_c": 23.9484694497088, "shift_c": 10.312500000000002}, "2-3": {"eta_c": 4.4401470328263395, "max_diff_c": 14.8303516102645, "shift_c": -3.750000000000001}, "2-4": {"eta_c": 21.46044158981926, "max_diff_c": 48.25751619217498, "shift_c": 21.250000000000004}, "2-5": {"eta_c": 20.08235506726061, "max_diff_c": 41.75059755213749, "shift_c": 19.250000000000007}, "2-6": {"eta_c": 21.206224489700393, "max_diff_c": 43.96510503229706, "shift_c": 18.125000000000007}, "2-7": {"eta_c": 16.126011471489985, "max_diff_c": 36.3614926996232, "shift_c": 19.250000000000007}, "3-4": {"eta_c": 23.02879248299392, "max_diff_c": 46.34740120474703, "shift_c": 25.0}, "3-5": {"eta_c": 22.085059721443187, "max_diff_c": 39.90212954326227, "shift_c": 22.937500000000007}, "3-6": {"eta_c": 23.216090958625873, "max_diff_c": 42.05407383776957, "shift_c": 21.875000000000007}, "3-7": {"eta_c": 17.04566880083622, "max_diff_c": 41.09903269421506, "shift_c": 22.937500000000007}, "4-5": {"eta_c": 4.468203456072358, "max_diff_c": 24.561690216340285, "shift_c": -2.0625}, "4-6": {"eta_c": 4.391577065643842, "max_diff_c": 24.066639419437053, "shift_c": -3.125}, "4-7": {"eta_c": 8.33738807662133, "max_diff_c": 23.750136032318384, "shift_c": -2.0625}, "5-6": {"eta_c": 1.4762429875665912, "max_diff_c": 3.698518926626349, "shift_c": -1.0625}, "5-7": {"eta_c": 9.590301924415744, "max_diff_c": 24.5797722014629, "shift_c": 0.0}, "6-7": {"eta_c": 10.402274234330353, "max_diff_c": 26.90796677988213, "shift_c": 1.0625}}, "v10_distance": {"0-1": {"eta_c": 6.263989430964945, "max_diff_c": 14.85147442577579, "shift_c": 5.687500000000002}, "0-2": {"eta_c": 8.057483423442925, "max_diff_c": 23.46155525951383, "shift_c": -0.6875}, "0-3": {"eta_c": 8.464559901111327, "max_diff_c": 27.09031732562579, "shift_c": -3.125}, "0-4": {"eta_c": 17.37800355131275, "max_diff_c": 31.927666068805248, "shift_c": 13.437500000000005}, "0-5": {"eta_c": 16.119115459975127, "max_diff_c": 34.719286682932356, "shift_c": 13.375000000000005}, "0-6": {"eta_c": 16.79785191168334, "max_diff_c": 34.66338616534946, "shift_c": 12.437500000000004}, "0-7": {"eta_c": 14.488706036043517, "max_diff_c": 42.97179155979915, "shift_c": 12.375000000000004}, "1-2": {"eta_c": 12.944812757642389, "max_diff_c": 38.313002533547426, "shift_c": -6.375000000000002}, "1-3": {"eta_c": 14.166318348021425, "max_diff_c": 37.714981166833695, "shift_c": -8.812500000000002}, "1-4": {"eta_c": 11.571355523748995, "max_diff_c": 22.974143145879058, "shift_c": 7.750000000000003}, "1-5": {"eta_c": 11.027383358697202, "max_diff_c": 35.03088362226532, "shift_c": 7.6875000000000036}, "1-6": {"eta_c": 11.720272340218473, "max_diff_c": 34.97498310468242, "shift_c": 6.750000000000002}, "1-7": {"eta_c": 10.260687042769996, "max_diff_c": 43.283388499132116, "shift_c": 6.687500000000003}, "2-3": {"eta_c": 4.866323926277012, "max_diff_c": 23.495774920044088, "shift_c": -2.4375000000000004}, "2-4": {"eta_c": 22.206584526893195, "max_diff_c": 55.44501619217498, "shift_c": 14.062500000000002}, "2-5": {"eta_c": 20.06554098690543, "max_diff_c": 46.938097552137485, "shift_c": 14.062500000000002}, "2-6": {"eta_c": 20.900815095260242, "max_diff_c": 48.96510503229705, "shift_c": 13.125000000000005}, "2-7": {"eta_c": 18.777994770220257, "max_diff_c": 42.8111511501397, "shift_c": 13.062500000000005}, "3-4": {"eta_c": 24.543013331255455, "max_diff_c": 54.84740120474703, "shift_c": 16.500000000000004}, "3-5": {"eta_c": 22.18988341270657, "max_diff_c": 46.33962954326228, "shift_c": 16.500000000000004}, "3-6": {"eta_c": 23.009664292270404, "max_diff_c": 48.36657383776957, "shift_c": 15.562500000000004}, "3-7": {"eta_c": 20.09939830882635, "max_diff_c": 42.91091821146213, "shift_c": 15.500000000000004}, "4-5": {"eta_c": 6.579261931395961, "max_diff_c": 36.09937649416898, "shift_c": -0.0625}, "4-6": {"eta_c": 6.641880219984413, "max_diff_c": 36.04347597658608, "shift_c": -1.0}, "4-7": {"eta_c": 9.119032789290273, "max_diff_c": 44.35188137103577, "shift_c": -1.0625}, "5-6": {"eta_c": 1.5604327281665016, "max_diff_c": 4.7310713948122896, "shift_c": -0.9375}, "5-7": {"eta_c": 8.760938707260335, "max_diff_c": 25.5797722014629, "shift_c": -1.0}, "6-7": {"eta_c": 9.396530186614912, "max_diff_c": 28.03296677988213, "shift_c": -0.0625}}}