{"pseudos": {"Mo.nc.pbe.z_14.oncvpsp3.dojo.v0.4.1-std.upf": 0, "Mo.nc.pbe.z_14.oncvpsp4.spms.v1.upf": 1, "Mo.nc.pbe.z_14.oncvpsp4.sg15.v0.upf": 2, "Mo.us.pbe.z_14.uspp.gbrv.v1.upf": 3, "Mo.us.pbe.z_14.ld1.psl.v1.0.0-high.upf": 4, "Mo.us.pbe.z_14.ld1.psl.v0.3.0.upf": 5, "Mo.paw.pbe.z_14.ld1.psl.v0.3.0.upf": 6, "Mo.paw.pbe.z_14.ld1.psl.v1.0.0-high.upf": 7, "Mo.paw.pbe.z_14.atompaw.jth.v1.1-std.upf": 8}, "v_distance": {"0-1": {"eta_c": 21.080584971062077, "max_diff_c": 28.16383196141522, "shift_c": 22.562500000000007}, "0-2": {"eta_c": 7.416643514650047, "max_diff_c": 14.155858399154226, "shift_c": 2.812500000000001}, "0-3": {"eta_c": 4.964446516277442, "max_diff_c": 9.87533910250049, "shift_c": -1.0}, "0-4": {"eta_c": 2.009780203687198, "max_diff_c": 6.578060251560431, "shift_c": -1.3124999999999998}, "0-5": {"eta_c": 3.7263785647565486, "max_diff_c": 8.213488386191045, "shift_c": -4.562500000000001}, "0-6": {"eta_c": 4.064498412058746, "max_diff_c": 8.463020362662093, "shift_c": -4.375000000000001}, "0-7": {"eta_c": 2.930398727772907, "max_diff_c": 8.447462276739799, "shift_c": -1.875}, "0-8": {"eta_c": 2.6468888786552016, "max_diff_c": 9.865284012749397, "shift_c": 5.687500000000002}, "1-2": {"eta_c": 14.561430016511826, "max_diff_c": 27.256482128423645, "shift_c": -19.750000000000004}, "1-3": {"eta_c": 25.87612020218872, "max_diff_c": 38.00892032855726, "shift_c": -23.562500000000007}, "1-4": {"eta_c": 22.71503594339147, "max_diff_c": 32.81731778306824, "shift_c": -23.937500000000007}, "1-5": {"eta_c": 24.68626628654742, "max_diff_c": 34.99724210258231, "shift_c": -27.12500000000001}, "1-6": {"eta_c": 24.964871850921817, "max_diff_c": 35.55282984721692, "shift_c": -26.93750000000001}, "1-7": {"eta_c": 23.632238603497726, "max_diff_c": 35.56258708104591, "shift_c": -24.500000000000007}, "1-8": {"eta_c": 20.69559772772822, "max_diff_c": 38.02911597416461, "shift_c": -16.875000000000004}, "2-3": {"eta_c": 12.293187923224789, "max_diff_c": 21.884684557087326, "shift_c": -3.875000000000001}, "2-4": {"eta_c": 9.107120867717974, "max_diff_c": 16.782689792791416, "shift_c": -4.187500000000001}, "2-5": {"eta_c": 10.981256525548332, "max_diff_c": 20.379872792256375, "shift_c": -7.4375000000000036}, "2-6": {"eta_c": 11.342380297363526, "max_diff_c": 21.506228181870878, "shift_c": -7.187500000000003}, "2-7": {"eta_c": 10.114436704853883, "max_diff_c": 19.213198392472407, "shift_c": -4.750000000000001}, "2-8": {"eta_c": 8.056321212914684, "max_diff_c": 21.34821764767332, "shift_c": 2.875000000000001}, "3-4": {"eta_c": 3.624001658703105, "max_diff_c": 9.135420150829958, "shift_c": -0.3125}, "3-5": {"eta_c": 1.967324258193804, "max_diff_c": 7.717382718502507, "shift_c": -3.5625000000000004}, "3-6": {"eta_c": 1.7927263181548247, "max_diff_c": 7.9669146949735525, "shift_c": -3.3750000000000004}, "3-7": {"eta_c": 2.8128360695240286, "max_diff_c": 8.714228519313764, "shift_c": -0.875}, "3-8": {"eta_c": 5.572821463808026, "max_diff_c": 12.430185845662324, "shift_c": 6.750000000000002}, "4-5": {"eta_c": 2.313540247002199, "max_diff_c": 8.8761904395285, "shift_c": -3.2500000000000004}, "4-6": {"eta_c": 2.644855034230874, "max_diff_c": 8.965936975790955, "shift_c": -3.0000000000000004}, "4-7": {"eta_c": 1.1928019613171712, "max_diff_c": 2.882645194627088, "shift_c": -0.5625000000000001}, "4-8": {"eta_c": 3.048293785997355, "max_diff_c": 10.056964909356513, "shift_c": 7.062500000000003}, "5-6": {"eta_c": 0.4608611412958892, "max_diff_c": 1.0638553896145027, "shift_c": 0.1875}, "5-7": {"eta_c": 1.4743612786020948, "max_diff_c": 8.377010194336833, "shift_c": 2.6875000000000004}, "5-8": {"eta_c": 4.72629803438698, "max_diff_c": 11.826689617012109, "shift_c": 10.312500000000002}, "6-7": {"eta_c": 1.6755073989263467, "max_diff_c": 8.354435342348495, "shift_c": 2.4375000000000004}, "6-8": {"eta_c": 4.9008409459413755, "max_diff_c": 11.916436153274562, "shift_c": 10.062500000000002}, "7-8": {"eta_c": 3.531740761739951, "max_diff_c": 11.244686793186364, "shift_c": 7.6250000000000036}}, "v10_distance": {"0-1": {"eta_c": 20.00139012394599, "max_diff_c": 33.491661935978065, "shift_c": 16.437500000000004}, "0-2": {"eta_c": 6.970041776033031, "max_diff_c": 34.364352031138594, "shift_c": 1.8750000000000004}, "0-3": {"eta_c": 5.3090157463533725, "max_diff_c": 43.132297409697145, "shift_c": -0.8125000000000001}, "0-4": {"eta_c": 3.0454915263329707, "max_diff_c": 17.06767598828725, "shift_c": -0.875}, "0-5": {"eta_c": 4.0450759317987925, "max_diff_c": 7.849014393102151, "shift_c": -3.0000000000000004}, "0-6": {"eta_c": 4.150926625667006, "max_diff_c": 8.725369782716655, "shift_c": -3.0}, "0-7": {"eta_c": 3.8572092652355026, "max_diff_c": 17.04784099865961, "shift_c": -1.25}, "0-8": {"eta_c": 3.5099643764062285, "max_diff_c": 31.335729597682533, "shift_c": 5.875000000000002}, "1-2": {"eta_c": 14.928081851709228, "max_diff_c": 52.708254838904374, "shift_c": -14.562500000000005}, "1-3": {"eta_c": 23.947152473062868, "max_diff_c": 41.47048809391117, "shift_c": -17.250000000000004}, "1-4": {"eta_c": 21.70877550197081, "max_diff_c": 36.618493329615255, "shift_c": -17.312500000000004}, "1-5": {"eta_c": 23.839288651495437, "max_diff_c": 41.34067632908022, "shift_c": -19.437500000000007}, "1-6": {"eta_c": 23.914396345608495, "max_diff_c": 42.21703171869472, "shift_c": -19.437500000000007}, "1-7": {"eta_c": 22.600363283302492, "max_diff_c": 39.236501929296246, "shift_c": -17.687500000000004}, "1-8": {"eta_c": 19.949123836293104, "max_diff_c": 35.73564769505606, "shift_c": -10.500000000000002}, "2-3": {"eta_c": 11.854452527555123, "max_diff_c": 77.49664944083574, "shift_c": -2.6875}, "2-4": {"eta_c": 8.803339959022123, "max_diff_c": 47.144609197444595, "shift_c": -2.75}, "2-5": {"eta_c": 10.273206858795115, "max_diff_c": 28.178258341663394, "shift_c": -4.875000000000001}, "2-6": {"eta_c": 10.415970435443182, "max_diff_c": 27.43401312844381, "shift_c": -4.875000000000001}, "2-7": {"eta_c": 9.642846529453735, "max_diff_c": 46.69614014643605, "shift_c": -3.0625}, "2-8": {"eta_c": 8.531293575556196, "max_diff_c": 65.76258162882112, "shift_c": 4.062500000000001}, "3-4": {"eta_c": 4.403678587378942, "max_diff_c": 50.66563389430959, "shift_c": -0.0625}, "3-5": {"eta_c": 4.1980488625679815, "max_diff_c": 49.318391099172345, "shift_c": -2.1875}, "3-6": {"eta_c": 4.0639674354873785, "max_diff_c": 50.06263631239193, "shift_c": -2.1875}, "3-7": {"eta_c": 3.997472087129624, "max_diff_c": 51.382924483028745, "shift_c": -0.4375}, "3-8": {"eta_c": 5.58567289132088, "max_diff_c": 28.517005144349692, "shift_c": 6.687500000000003}, "4-5": {"eta_c": 3.3240144922685255, "max_diff_c": 22.327362933201105, "shift_c": -2.125}, "4-6": {"eta_c": 3.3907724052720463, "max_diff_c": 22.80989406250004, "shift_c": -2.0625}, "4-7": {"eta_c": 1.341326385548834, "max_diff_c": 2.9558679570700974, "shift_c": -0.3125}, "4-8": {"eta_c": 4.634267074204649, "max_diff_c": 38.93156608229498, "shift_c": 6.812500000000003}, "5-6": {"eta_c": 0.5271487899480096, "max_diff_c": 1.4779448726223166, "shift_c": 0.0}, "5-7": {"eta_c": 2.8564073749251095, "max_diff_c": 21.81639388197584, "shift_c": 1.7500000000000002}, "5-8": {"eta_c": 5.358675163948905, "max_diff_c": 37.52182328715773, "shift_c": 8.875000000000004}, "6-7": {"eta_c": 2.802575358325834, "max_diff_c": 22.361425011221485, "shift_c": 1.7500000000000002}, "6-8": {"eta_c": 5.448403699667489, "max_diff_c": 38.266068500377315, "shift_c": 8.875000000000004}, "7-8": {"eta_c": 5.038876587644016, "max_diff_c": 39.58635667101414, "shift_c": 7.125000000000003}}}