{"pseudos": ["DOJO-041-std-5", "SPMS-5", "SG15-5", "GBRV-1.X-5", "PSL-US-v1-high-5", "PSL-US-v0.x-5", "PSL-PAW-v0.x-5", "PSL-PAW-v1-high-5", "JTH-1.1-std-5"], "v_distance": {"eta_c": [[0.0, 0.050658382998457256, 0.8549784483158599, 11.074787829452609, 0.9412610208161278, 2.325923554068514, 1.998835315236661, 0.5727383375682799, 2.582782227470557], [0.050658382998457256, 0.0, 0.9000921307691285, 11.123048834764406, 0.9677737748261824, 2.359692238417016, 2.0271763197805637, 0.5748667687315115, 2.6098530290658077], [0.8549784483158599, 0.9000921307691285, 0.0, 10.315554953240218, 1.0086419300778342, 1.8763498755215864, 1.626235342214167, 1.0083737231716923, 2.2138312742301576], [11.074787829452609, 11.123048834764406, 10.315554953240218, 0.0, 10.902523715768673, 10.244423078247062, 10.559118801823695, 11.241816137692293, 10.5760716750877], [0.9412610208161278, 0.9677737748261824, 1.0086419300778342, 10.902523715768673, 0.0, 1.5174390772875277, 1.251372218253147, 0.5690350993089668, 1.776064518860703], [2.325923554068514, 2.359692238417016, 1.8763498755215864, 10.244423078247062, 1.5174390772875277, 0.0, 0.48394968738725563, 1.9446292077214706, 0.49075352374416037], [1.998835315236661, 2.0271763197805637, 1.626235342214167, 10.559118801823695, 1.251372218253147, 0.48394968738725563, 0.0, 1.581274350845662, 0.6029112616832022], [0.5727383375682799, 0.5748667687315115, 1.0083737231716923, 11.241816137692293, 0.5690350993089668, 1.9446292077214706, 1.581274350845662, 0.0, 2.1356798388891858], [2.582782227470557, 2.6098530290658077, 2.2138312742301576, 10.5760716750877, 1.776064518860703, 0.49075352374416037, 0.6029112616832022, 2.1356798388891858, 0.0]], "max_diff_c": [[0.0, 0.10765384299086378, 3.5416445577492937, 34.357118896562454, 2.8388851796885466, 10.062536312677794, 9.643008036833464, 2.1754441902246673, 11.980025698285681], [0.10765384299086378, 0.0, 3.631789999668094, 34.4595234897804, 2.9433713869514695, 10.090181754596594, 9.733153478752264, 2.2655896321434668, 12.070171140204481], [3.5416445577492937, 3.631789999668094, 0.0, 31.19182987702751, 4.539400453392183, 6.58202141866508, 6.0388634790841715, 4.15482514190272, 8.438381140536386], [34.357118896562454, 34.4595234897804, 31.19182987702751, 0.0, 35.73123033041969, 32.99032861382141, 32.90686291262111, 35.34665501893022, 33.498245919619926], [2.8388851796885466, 2.9433713869514695, 4.539400453392183, 35.73123033041969, 0.0, 7.293375386076257, 6.936347110231928, 1.1447255969505221, 9.273364771684145], [10.062536312677794, 10.090181754596594, 6.58202141866508, 32.99032861382141, 7.293375386076257, 0.0, 0.8720667575250262, 7.84576784190039, 1.9799893856078865], [9.643008036833464, 9.733153478752264, 6.0388634790841715, 32.90686291262111, 6.936347110231928, 0.8720667575250262, 0.0, 7.4675638466087975, 2.3995176614522156], [2.1754441902246673, 2.2655896321434668, 4.15482514190272, 35.34665501893022, 1.1447255969505221, 7.84576784190039, 7.4675638466087975, 0.0, 9.804581508061013], [11.980025698285681, 12.070171140204481, 8.438381140536386, 33.498245919619926, 9.273364771684145, 1.9799893856078865, 2.3995176614522156, 9.804581508061013, 0.0]], "shift_c": [[0.0, -0.004593665271956874, 0.08727964016718062, 0.51449051045917, 0.16077828451849063, 0.3766805523004637, 0.33533756485285193, 0.09187330543913748, 0.4226172050200325], [-0.004593665271956874, 0.0, 0.09187330543913748, 0.519084175731127, 0.1653719497904475, 0.3766805523004637, 0.3399312301248088, 0.09646697071109434, 0.4272108702919894], [0.08727964016718062, 0.09187330543913748, 0.0, 0.4272108702919894, 0.07349864435130998, 0.28480724686132625, 0.2434642594137144, 0.004593665271956874, 0.33533756485285193], [0.51449051045917, 0.519084175731127, 0.4272108702919894, 0.0, -0.35371222594067936, -0.13780995815870623, -0.17915294560631811, -0.4226172050200325, -0.08727964016718062], [0.16077828451849063, 0.1653719497904475, 0.07349864435130998, -0.35371222594067936, 0.0, 0.21130860251001626, 0.17455928033436124, -0.06890497907935311, 0.2618389205015419], [0.3766805523004637, 0.3766805523004637, 0.28480724686132625, -0.13780995815870623, 0.21130860251001626, 0.0, -0.041342987447611876, -0.2802135815893694, 0.05053031799152561], [0.33533756485285193, 0.3399312301248088, 0.2434642594137144, -0.17915294560631811, 0.17455928033436124, -0.041342987447611876, 0.0, -0.24346425941371436, 0.09187330543913748], [0.09187330543913748, 0.09646697071109434, 0.004593665271956874, -0.4226172050200325, -0.06890497907935311, -0.2802135815893694, -0.24346425941371436, 0.0, 0.33074389958089506], [0.4226172050200325, 0.4272108702919894, 0.33533756485285193, -0.08727964016718062, 0.2618389205015419, 0.05053031799152561, 0.09187330543913748, 0.33074389958089506, 0.0]]}, "v10_distance": {"eta_c": [[0.0, 0.068516692343421, 1.1338260746292474, 11.397101235738804, 1.772190663693787, 4.3582463810856105, 3.7642603636894734, 0.9633279461051417, 4.58505452529815], [0.068516692343421, 0.0, 1.188858099966863, 11.458389680659055, 1.8265274932668942, 4.414707599655303, 3.8179847534229787, 1.0088774862149679, 4.638078005737609], [1.1338260746292474, 1.188858099966863, 0.0, 10.430333332471136, 1.3435313852143604, 3.481801839092627, 2.8855861863103986, 0.9112582715858849, 3.700007630398182], [11.397101235738804, 11.458389680659055, 10.430333332471136, 0.0, 10.358436218075418, 8.769493277018357, 9.226329970295744, 10.980446125266152, 8.989065985594966], [1.772190663693787, 1.8265274932668942, 1.3435313852143604, 10.358436218075418, 0.0, 2.712860233073578, 2.2083138894767087, 0.9102728353785501, 3.0085601378267337], [4.3582463810856105, 4.414707599655303, 3.481801839092627, 8.769493277018357, 2.712860233073578, 0.0, 0.7195878225994631, 3.4636305858897214, 0.5840416146883289], [3.7642603636894734, 3.8179847534229787, 2.8855861863103986, 9.226329970295744, 2.2083138894767087, 0.7195878225994631, 0.0, 2.865548277085452, 0.845691831645145], [0.9633279461051417, 1.0088774862149679, 0.9112582715858849, 10.980446125266152, 0.9102728353785501, 3.4636305858897214, 2.865548277085452, 0.0, 3.680303380232833], [4.58505452529815, 4.638078005737609, 3.700007630398182, 8.989065985594966, 3.0085601378267337, 0.5840416146883289, 0.845691831645145, 3.680303380232833, 0.0]], "max_diff_c": [[0.0, 0.1649045932179405, 3.6652890195349532, 39.66961889656246, 2.8303731876073357, 8.444009750440564, 7.8545176191187736, 1.816718530712649, 9.46631568677207], [0.1649045932179405, 0.0, 3.8301936127528937, 39.8345234897804, 2.959206679600811, 8.508831624485005, 7.919339493163214, 1.88285728501171, 9.53113756081651], [3.6652890195349532, 3.8301936127528937, 0.0, 36.00432987702751, 3.860620268103659, 6.223318617704032, 5.464227283529929, 4.02982514190272, 6.964616259462311], [39.66961889656246, 39.8345234897804, 36.00432987702751, 0.0, 39.85623033041969, 35.36532861382141, 35.78186291262111, 40.03415501893023, 35.873245919619926], [2.8303731876073357, 2.959206679600811, 3.860620268103659, 39.85623033041969, 0.0, 5.977371038710793, 5.686347110231928, 1.6636821807803415, 7.585864771684143], [8.444009750440564, 8.508831624485005, 6.223318617704032, 35.36532861382141, 5.977371038710793, 0.0, 1.3118101717125228, 6.734096047220284, 2.157498652040687], [7.8545176191187736, 7.919339493163214, 5.464227283529929, 35.78186291262111, 5.686347110231928, 1.3118101717125228, 0.0, 6.144603915898493, 1.8995176614522151], [1.816718530712649, 1.88285728501171, 4.02982514190272, 40.03415501893023, 1.6636821807803415, 6.734096047220284, 6.144603915898493, 0.0, 7.75640198355179], [9.46631568677207, 9.53113756081651, 6.964616259462311, 35.873245919619926, 7.585864771684143, 2.157498652040687, 1.8995176614522151, 7.75640198355179, 0.0]],