{"pseudos": {"N.nc.pbe.z_5.oncvpsp3.dojo.v0.4.1-std.upf": 0, "N.nc.pbe.z_5.oncvpsp4.spms.v1.upf": 1, "N.nc.pbe.z_5.oncvpsp4.sg15.v0.upf": 2, "N.us.pbe.z_5.uspp.gbrv.v1.2.upf": 3, "N.us.pbe.z_5.ld1.psl.v1.0.0-high.upf": 4, "N.us.pbe.z_5.ld1.psl.v0.1.upf": 5, "N.paw.pbe.z_5.ld1.psl.v0.1.upf": 6, "N.paw.pbe.z_5.ld1.psl.v1.0.0-high.upf": 7, "N.paw.pbe.z_5.atompaw.jth.v1.1-std.upf": 8}, "v_distance": {"0-1": {"eta_c": 0.050658382998457256, "max_diff_c": 0.10765384299086378, "shift_c": -0.0625}, "0-2": {"eta_c": 0.8549784483158599, "max_diff_c": 3.5416445577492937, "shift_c": 1.1875000000000002}, "0-3": {"eta_c": 11.074787829452609, "max_diff_c": 34.357118896562454, "shift_c": 7.000000000000003}, "0-4": {"eta_c": 0.9412610208161278, "max_diff_c": 2.8388851796885466, "shift_c": 2.1875000000000004}, "0-5": {"eta_c": 2.325923554068514, "max_diff_c": 10.062536312677794, "shift_c": 5.125000000000001}, "0-6": {"eta_c": 1.998835315236661, "max_diff_c": 9.643008036833464, "shift_c": 4.562500000000002}, "0-7": {"eta_c": 0.5727383375682799, "max_diff_c": 2.1754441902246673, "shift_c": 1.25}, "0-8": {"eta_c": 2.582782227470557, "max_diff_c": 11.980025698285681, "shift_c": 5.750000000000002}, "1-2": {"eta_c": 0.9000921307691285, "max_diff_c": 3.631789999668094, "shift_c": 1.25}, "1-3": {"eta_c": 11.123048834764406, "max_diff_c": 34.4595234897804, "shift_c": 7.062500000000003}, "1-4": {"eta_c": 0.9677737748261824, "max_diff_c": 2.9433713869514695, "shift_c": 2.2500000000000004}, "1-5": {"eta_c": 2.359692238417016, "max_diff_c": 10.090181754596594, "shift_c": 5.125000000000001}, "1-6": {"eta_c": 2.0271763197805637, "max_diff_c": 9.733153478752264, "shift_c": 4.625000000000002}, "1-7": {"eta_c": 0.5748667687315115, "max_diff_c": 2.2655896321434668, "shift_c": 1.3124999999999998}, "1-8": {"eta_c": 2.6098530290658077, "max_diff_c": 12.070171140204481, "shift_c": 5.812500000000002}, "2-3": {"eta_c": 10.315554953240218, "max_diff_c": 31.19182987702751, "shift_c": 5.812500000000002}, "2-4": {"eta_c": 1.0086419300778342, "max_diff_c": 4.539400453392183, "shift_c": 1.0}, "2-5": {"eta_c": 1.8763498755215864, "max_diff_c": 6.58202141866508, "shift_c": 3.875000000000001}, "2-6": {"eta_c": 1.626235342214167, "max_diff_c": 6.0388634790841715, "shift_c": 3.3125000000000013}, "2-7": {"eta_c": 1.0083737231716923, "max_diff_c": 4.15482514190272, "shift_c": 0.0625}, "2-8": {"eta_c": 2.2138312742301576, "max_diff_c": 8.438381140536386, "shift_c": 4.562500000000002}, "3-4": {"eta_c": 10.902523715768673, "max_diff_c": 35.73123033041969, "shift_c": -4.812500000000001}, "3-5": {"eta_c": 10.244423078247062, "max_diff_c": 32.99032861382141, "shift_c": -1.875}, "3-6": {"eta_c": 10.559118801823695, "max_diff_c": 32.90686291262111, "shift_c": -2.4375000000000004}, "3-7": {"eta_c": 11.241816137692293, "max_diff_c": 35.34665501893022, "shift_c": -5.750000000000002}, "3-8": {"eta_c": 10.5760716750877, "max_diff_c": 33.498245919619926, "shift_c": -1.1875000000000002}, "4-5": {"eta_c": 1.5174390772875277, "max_diff_c": 7.293375386076257, "shift_c": 2.875000000000001}, "4-6": {"eta_c": 1.251372218253147, "max_diff_c": 6.936347110231928, "shift_c": 2.3750000000000004}, "4-7": {"eta_c": 0.5690350993089668, "max_diff_c": 1.1447255969505221, "shift_c": -0.9375}, "4-8": {"eta_c": 1.776064518860703, "max_diff_c": 9.273364771684145, "shift_c": 3.5625000000000013}, "5-6": {"eta_c": 0.48394968738725563, "max_diff_c": 0.8720667575250262, "shift_c": -0.5625000000000001}, "5-7": {"eta_c": 1.9446292077214706, "max_diff_c": 7.84576784190039, "shift_c": -3.812500000000001}, "5-8": {"eta_c": 0.49075352374416037, "max_diff_c": 1.9799893856078865, "shift_c": 0.6875}, "6-7": {"eta_c": 1.581274350845662, "max_diff_c": 7.4675638466087975, "shift_c": -3.3125000000000004}, "6-8": {"eta_c": 0.6029112616832022, "max_diff_c": 2.3995176614522156, "shift_c": 1.25}, "7-8": {"eta_c": 2.1356798388891858, "max_diff_c": 9.804581508061013, "shift_c": 4.500000000000002}}, "v10_distance": {"0-1": {"eta_c": 0.068516692343421, "max_diff_c": 0.1649045932179405, "shift_c": 0.0}, "0-2": {"eta_c": 1.1338260746292474, "max_diff_c": 3.6652890195349532, "shift_c": 0.6875}, "0-3": {"eta_c": 11.397101235738804, "max_diff_c": 39.66961889656246, "shift_c": 1.6875000000000002}, "0-4": {"eta_c": 1.772190663693787, "max_diff_c": 2.8303731876073357, "shift_c": 0.9375}, "0-5": {"eta_c": 4.3582463810856105, "max_diff_c": 8.444009750440564, "shift_c": 2.1875000000000004}, "0-6": {"eta_c": 3.7642603636894734, "max_diff_c": 7.8545176191187736, "shift_c": 2.1250000000000004}, "0-7": {"eta_c": 0.9633279461051417, "max_diff_c": 1.816718530712649, "shift_c": 0.625}, "0-8": {"eta_c": 4.58505452529815, "max_diff_c": 9.46631568677207, "shift_c": 2.875000000000001}, "1-2": {"eta_c": 1.188858099966863, "max_diff_c": 3.8301936127528937, "shift_c": 0.6875}, "1-3": {"eta_c": 11.458389680659055, "max_diff_c": 39.8345234897804, "shift_c": 1.6875000000000002}, "1-4": {"eta_c": 1.8265274932668942, "max_diff_c": 2.959206679600811, "shift_c": 1.0}, "1-5": {"eta_c": 4.414707599655303, "max_diff_c": 8.508831624485005, "shift_c": 2.1875000000000004}, "1-6": {"eta_c": 3.8179847534229787, "max_diff_c": 7.919339493163214, "shift_c": 2.1250000000000004}, "1-7": {"eta_c": 1.0088774862149679, "max_diff_c": 1.88285728501171, "shift_c": 0.625}, "1-8": {"eta_c": 4.638078005737609, "max_diff_c": 9.53113756081651, "shift_c": 2.875000000000001}, "2-3": {"eta_c": 10.430333332471136, "max_diff_c": 36.00432987702751, "shift_c": 1.0}, "2-4": {"eta_c": 1.3435313852143604, "max_diff_c": 3.860620268103659, "shift_c": 0.25}, "2-5": {"eta_c": 3.481801839092627, "max_diff_c": 6.223318617704032, "shift_c": 1.5000000000000002}, "2-6": {"eta_c": 2.8855861863103986, "max_diff_c": 5.464227283529929, "shift_c": 1.4375}, "2-7": {"eta_c": 0.9112582715858849, "max_diff_c": 4.02982514190272, "shift_c": -0.0625}, "2-8": {"eta_c": 3.700007630398182, "max_diff_c": 6.964616259462311, "shift_c": 2.1875000000000004}, "3-4": {"eta_c": 10.358436218075418, "max_diff_c": 39.85623033041969, "shift_c": -0.6875}, "3-5": {"eta_c": 8.769493277018357, "max_diff_c": 35.36532861382141, "shift_c": 0.5}, "3-6": {"eta_c": 9.226329970295744, "max_diff_c": 35.78186291262111, "shift_c": 0.4375}, "3-7": {"eta_c": 10.980446125266152, "max_diff_c": 40.03415501893023, "shift_c": -1.0625}, "3-8": {"eta_c": 8.989065985594966, "max_diff_c": 35.873245919619926, "shift_c": 1.1875000000000002}, "4-5": {"eta_c": 2.712860233073578, "max_diff_c": 5.977371038710793, "shift_c": 1.25}, "4-6": {"eta_c": 2.2083138894767087, "max_diff_c": 5.686347110231928, "shift_c": 1.1250000000000002}, "4-7": {"eta_c": 0.9102728353785501, "max_diff_c": 1.6636821807803415, "shift_c": -0.3125}, "4-8": {"eta_c": 3.0085601378267337, "max_diff_c": 7.585864771684143, "shift_c": 1.8750000000000004}, "5-6": {"eta_c": 0.7195878225994631, "max_diff_c": 1.3118101717125228, "shift_c": -0.0625}, "5-7": {"eta_c": 3.4636305858897214, "max_diff_c": 6.734096047220284, "shift_c": -1.5625}, "5-8": {"eta_c": 0.5840416146883289, "max_diff_c": 2.157498652040687, "shift_c": 0.6875}, "6-7": {"eta_c": 2.865548277085452, "max_diff_c": 6.144603915898493, "shift_c": -1.5}, "6-8": {"eta_c": 0.845691831645145, "max_diff_c": 1.8995176614522151, "shift_c": 0.75}, "7-8": {"eta_c": 3.680303380232833, "max_diff_c": 7.75640198355179, "shift_c": 2.250000000000001}}}