{"pseudos": ["DOJO-041-std-9", "SPMS-9", "SG15-9", "GBRV-1.X-9", "PSL-US-v1-high-9", "PSL-US-v1-low-9", "PSL-US-v0.x-9", "PSL-PAW-v0.x-9", "PSL-PAW-v1-high-9", "PSL-PAW-v1-low-9", "JTH-1.1-std-9"], "v_distance": {"eta": [[0.0, 8.230603158984513, 3.518037877013462, 3.9338878641549737, 1.661353201066675, 2.4826020898839176, 35.481013311546874, 5.041228063863437, 3.308256437823536, 3.8485431339142395, 4.782223037853515], [29.04733352884712, 0.0, 5.385505079480102, 11.893408322153777, 9.665286611114801, 10.682697788721004, 29.16664719678948, 12.935553832034188, 10.596836202955679, 11.57892146407396, 12.601388166775935], [6.445906015941253, 22.817128890960685, 0.0, 7.449473904854802, 5.134884578289031, 5.893594771409344, 33.82725911254003, 8.558538271120307, 6.676847736824949, 7.343628043598166, 8.295796442453586], [8.089772424630219, 36.21030912018956, 14.535678440571472, 0.0, 2.362427920411038, 1.7913182258919245, 37.78757641066936, 1.1236482604178726, 1.7682677749505546, 0.8138144384308738, 0.91431468973866], [6.143206933541435, 30.158486425886164, 12.651612949482688, 6.114322694303388, 0.0, 1.1612138155976086, 36.45881138241628, 3.481648280154566, 2.036425965025984, 2.39552799846419, 3.190796322124954], [6.722984504657002, 35.6747436698382, 13.082138575599958, 2.991891179032507, 5.578757243952032, 0.0, 37.47986947227343, 2.8607639562891993, 2.378365040192301, 2.13296569015456, 2.681343666327885], [102.5435289760056, 84.95963452786391, 96.25082433811917, 109.70650456734803, 103.59218187304465, 109.17093911699668, 0.0, 38.368746034113975, 36.056558989255706, 37.07904586168764, 38.101213638092034], [9.786904486554846, 38.578132037999964, 16.2085585574978, 2.379256943006397, 8.482145612113795, 4.427540601449153, 112.07432748515848, 0.0, 2.492942915311982, 1.417840012108818, 0.4942601339474374], [5.619974668684204, 29.59760037059893, 12.065880684625458, 6.612708749590624, 3.7865917983390887, 6.139643299239269, 103.03129581775744, 9.043031667401031, 0.0, 1.1660715027316138, 2.1620300505349697], [6.163411774595891, 35.10962405956927, 12.522565845538846, 3.005291585379272, 4.951137633683104, 3.9996784461715715, 108.5433195067278, 3.955331340992953, 5.5120236889703405, 0.0, 1.1977433760023928], [9.690055944968659, 36.56698402409131, 16.124428710568043, 1.8031778860797196, 6.470997598205141, 4.3071764502847145, 110.06317947124982, 3.215910749511537, 6.969383653492377, 4.5940418553758455, 0.0]], "shift": [[0.0, -27.18750000000001, -6.312500000000002, 7.312500000000003, 1.6250000000000002, 6.562500000000003, -101.50000000000003, 9.625000000000004, 1.1250000000000002, 6.000000000000002, 7.250000000000003], [27.18750000000001, 0.0, 20.875000000000004, 34.50000000000001, 28.875000000000004, 33.75000000000001, -74.25000000000003, 36.812500000000014, 28.312500000000004, 33.18750000000001, 34.43750000000001], [6.312500000000002, -20.875000000000004, 0.0, 13.625000000000005, 8.000000000000002, 12.875000000000005, -95.12500000000003, 16.000000000000004, 7.4375000000000036, 12.312500000000004, 13.562500000000005], [-7.312500000000003, -34.50000000000001, -13.625000000000005, 0.0, -5.687500000000002, -0.75, -108.81250000000003, 2.3125000000000004, -6.187500000000002, -1.3124999999999998, -0.0625], [-1.6250000000000002, -28.875000000000004, -8.000000000000002, 5.687500000000002, 0.0, 4.937500000000001, -103.12500000000004, 8.000000000000002, -0.5625000000000001, 4.312500000000001, 5.625000000000002], [-6.562500000000003, -33.75000000000001, -12.875000000000005, 0.75, -4.937500000000001, 0.0, -108.06250000000003, 3.062500000000001, -5.500000000000002, -0.5625000000000001, 0.6875], [101.50000000000003, 74.25000000000003, 95.12500000000003, 108.81250000000003, 103.12500000000004, 108.06250000000003, 0.0, 111.12500000000007, 102.56250000000006, 107.43750000000007, 108.75000000000007], [-9.625000000000004, -36.812500000000014, -16.000000000000004, -2.3125000000000004, -8.000000000000002, -3.062500000000001, -111.12500000000007, 0.0, -8.562500000000002, -3.687500000000001, -2.3750000000000004], [-1.1250000000000002, -28.312500000000004, -7.4375000000000036, 6.187500000000002, 0.5625000000000001, 5.500000000000002, -102.56250000000006, 8.562500000000002, 0.0, 4.875000000000001, 6.125000000000002], [-6.000000000000002, -33.18750000000001, -12.312500000000004, 1.3124999999999998, -4.312500000000001, 0.5625000000000001, -107.43750000000007, 3.687500000000001, -4.875000000000001, 0.0, 1.25], [-7.250000000000003, -34.43750000000001, -13.562500000000005, 0.0625, -5.625000000000002, -0.6875, -108.75000000000007, 2.3750000000000004, -6.125000000000002, -1.25, 0.0]]}, "v10_distance": {"eta": [[0.0, 19.48831377369021, 4.974127245334867, 5.769722991050403, 3.3561235963765057, 5.785078189413813, 56.97700176717463, 9.572534525984194, 3.867051955929475, 5.932285148868767, 13.958435165333658], [54.530644259367236, 0.0, 15.446275322530317, 24.32618946975217, 20.63643487669572, 24.780379757238563, 39.715304729981504, 27.992980976247438, 20.66787517503706, 24.73119437352796, 19.477456178531533], [12.442350949425927, 52.754625123935874, 0.0, 10.670900424264465, 7.677840106952041, 10.640512794973844, 52.85859894320702, 14.471069096081536, 8.128772037831904, 10.876063036457452, 12.390642438605614], [29.910657129968204, 49.658828404663694, 42.290508078960706, 0.0, 3.9529428825780992, 1.9790426182122742, 61.73433299737329, 4.262884367957383, 3.9794087256543, 1.4964156448764605, 17.676401764216596], [21.862904287308922, 42.712315646184756, 34.24275523673485, 10.003342033340116, 0.0, 4.366285375479934, 58.493711739905855, 7.4800033888651445, 1.5283503937282064, 4.395278963573112, 16.297625941417884], [17.911005367254802, 58.00519020118431, 30.2908563162473, 11.999651763621117, 15.355374609345418, 0.0, 62.22410853704199, 4.00336831614676, 4.818878305586265, 1.606169002830561, 18.26272602583291], [79.75741113584726, 56.699572734018076, 77.9813920004159, 74.82309528114372, 68.54086302652455, 83.23195707766435, 0.0, 65.09552563164661, 58.13510140864649, 61.826390162431096, 53.26512326089859], [34.46712768227084, 56.07240134769032, 46.84697863169678, 14.727469532394636, 16.390152434581083, 16.556122349759804, 81.29916821591563, 0.0, 7.482061988080369, 3.8027204942088675, 21.445098953437466], [21.395537615191827, 42.52282974932091, 33.837888564184325, 10.230034250283339, 4.036591798339089, 15.48236047377653, 67.74959662580096, 16.616844651524307, 0.0, 4.309160215717714, 16.06144662481331], [17.56827506966694, 57.62939898375644, 29.948126018659437, 12.342382061653069, 14.979583403939927, 4.249678446171572, 82.85616586023647, 16.898852647791756, 15.10656926837104, 0.0, 17.966459463611994], [92.07162763524543, 98.96367400111549, 79.62927668581949, 121.98228473137759, 113.93453192255436, 109.98263296775647, 95.7598965852643, 126.53875531751626, 113.46716521496164, 109.6399026697245, 0.0]],