{"pseudos": ["DOJO-041-std-9", "SPMS-9", "SG15-9", "GBRV-1.X-9", "PSL-US-v1-high-9", "PSL-US-v1-low-9", "PSL-US-v0.x-9", "PSL-PAW-v0.x-9", "PSL-PAW-v1-high-9", "PSL-PAW-v1-low-9", "JTH-1.1-std-9"], "v_distance": {"eta_c": [[0.0, 8.230603158984513, 3.518037877013462, 3.9338878641549737, 1.661353201066675, 2.4826020898839176, 35.481013311546874, 5.041228063863437, 3.308256437823536, 3.8485431339142395, 4.782223037853515], [8.230603158984513, 0.0, 5.385505079480102, 11.893408322153777, 9.665286611114801, 10.682697788721004, 29.16664719678948, 12.935553832034188, 10.596836202955679, 11.57892146407396, 12.601388166775935], [3.518037877013462, 5.385505079480102, 0.0, 7.449473904854802, 5.134884578289031, 5.893594771409344, 33.82725911254003, 8.558538271120307, 6.676847736824949, 7.343628043598166, 8.295796442453586], [3.9338878641549737, 11.893408322153777, 7.449473904854802, 0.0, 2.362427920411038, 1.7913182258919245, 37.78757641066936, 1.1236482604178726, 1.7682677749505546, 0.8138144384308738, 0.91431468973866], [1.661353201066675, 9.665286611114801, 5.134884578289031, 2.362427920411038, 0.0, 1.1612138155976086, 36.45881138241628, 3.481648280154566, 2.036425965025984, 2.39552799846419, 3.190796322124954], [2.4826020898839176, 10.682697788721004, 5.893594771409344, 1.7913182258919245, 1.1612138155976086, 0.0, 37.47986947227343, 2.8607639562891993, 2.378365040192301, 2.13296569015456, 2.681343666327885], [35.481013311546874, 29.16664719678948, 33.82725911254003, 37.78757641066936, 36.45881138241628, 37.47986947227343, 0.0, 38.368746034113975, 36.056558989255706, 37.07904586168764, 38.101213638092034], [5.041228063863437, 12.935553832034188, 8.558538271120307, 1.1236482604178726, 3.481648280154566, 2.8607639562891993, 38.368746034113975, 0.0, 2.492942915311982, 1.417840012108818, 0.4942601339474374], [3.308256437823536, 10.596836202955679, 6.676847736824949, 1.7682677749505546, 2.036425965025984, 2.378365040192301, 36.056558989255706, 2.492942915311982, 0.0, 1.1660715027316138, 2.1620300505349697], [3.8485431339142395, 11.57892146407396, 7.343628043598166, 0.8138144384308738, 2.39552799846419, 2.13296569015456, 37.07904586168764, 1.417840012108818, 1.1660715027316138, 0.0, 1.1977433760023928], [4.782223037853515, 12.601388166775935, 8.295796442453586, 0.91431468973866, 3.190796322124954, 2.681343666327885, 38.101213638092034, 0.4942601339474374, 2.1620300505349697, 1.1977433760023928, 0.0]], "max_diff_c": [[0.0, 29.04733352884712, 6.445906015941253, 8.089772424630219, 6.143206933541435, 6.722984504657002, 102.5435289760056, 9.786904486554846, 5.619974668684204, 6.163411774595891, 9.690055944968659], [29.04733352884712, 0.0, 22.817128890960685, 36.21030912018956, 30.158486425886164, 35.6747436698382, 84.95963452786391, 38.578132037999964, 29.59760037059893, 35.10962405956927, 36.56698402409131], [6.445906015941253, 22.817128890960685, 0.0, 14.535678440571472, 12.651612949482688, 13.082138575599958, 96.25082433811917, 16.2085585574978, 12.065880684625458, 12.522565845538846, 16.124428710568043], [8.089772424630219, 36.21030912018956, 14.535678440571472, 0.0, 6.114322694303388, 2.991891179032507, 109.70650456734803, 2.379256943006397, 6.612708749590624, 3.005291585379272, 1.8031778860797196], [6.143206933541435, 30.158486425886164, 12.651612949482688, 6.114322694303388, 0.0, 5.578757243952032, 103.59218187304465, 8.482145612113795, 3.7865917983390887, 4.951137633683104, 6.470997598205141], [6.722984504657002, 35.6747436698382, 13.082138575599958, 2.991891179032507, 5.578757243952032, 0.0, 109.17093911699668, 4.427540601449153, 6.139643299239269, 3.9996784461715715, 4.3071764502847145], [102.5435289760056, 84.95963452786391, 96.25082433811917, 109.70650456734803, 103.59218187304465, 109.17093911699668, 0.0, 112.07432748515848, 103.03129581775744, 108.5433195067278, 110.06317947124982], [9.786904486554846, 38.578132037999964, 16.2085585574978, 2.379256943006397, 8.482145612113795, 4.427540601449153, 112.07432748515848, 0.0, 9.043031667401031, 3.955331340992953, 3.215910749511537], [5.619974668684204, 29.59760037059893, 12.065880684625458, 6.612708749590624, 3.7865917983390887, 6.139643299239269, 103.03129581775744, 9.043031667401031, 0.0, 5.5120236889703405, 6.969383653492377], [6.163411774595891, 35.10962405956927, 12.522565845538846, 3.005291585379272, 4.951137633683104, 3.9996784461715715, 108.5433195067278, 3.955331340992953, 5.5120236889703405, 0.0, 4.5940418553758455], [9.690055944968659, 36.56698402409131, 16.124428710568043, 1.8031778860797196, 6.470997598205141, 4.3071764502847145, 110.06317947124982, 3.215910749511537, 6.969383653492377, 4.5940418553758455, 0.0]], "shift_c": [[0.0, -0.02718750000000001, -0.006312500000000002, 0.007312500000000003, 0.0016250000000000004, 0.006562500000000003, -0.10150000000000003, 0.009625000000000003, 0.0011250000000000003, 0.006000000000000002, 0.007250000000000003], [0.02718750000000001, 0.0, 0.020875000000000005, 0.03450000000000001, 0.028875000000000005, 0.03375000000000001, -0.07425000000000002, 0.03681250000000001, 0.028312500000000004, 0.03318750000000001, 0.03443750000000001], [0.006312500000000002, -0.020875000000000005, 0.0, 0.013625000000000005, 0.008000000000000002, 0.012875000000000006, -0.09512500000000003, 0.016000000000000004, 0.007437500000000004, 0.012312500000000004, 0.013562500000000005], [-0.007312500000000003, -0.03450000000000001, -0.013625000000000005, 0.0, -0.005687500000000002, -0.00075, -0.10881250000000003, 0.0023125000000000003, -0.006187500000000002, -0.0013124999999999999, -6.25e-05], [-0.0016250000000000004, -0.028875000000000005, -0.008000000000000002, 0.005687500000000002, 0.0, 0.004937500000000001, -0.10312500000000005, 0.008000000000000002, -0.0005625000000000002, 0.004312500000000001, 0.0056250000000000015], [-0.006562500000000003, -0.03375000000000001, -0.012875000000000006, 0.00075, -0.004937500000000001, 0.0, -0.10806250000000003, 0.003062500000000001, -0.005500000000000002, -0.0005625000000000002, 0.0006875], [0.10150000000000003, 0.07425000000000002, 0.09512500000000003, 0.10881250000000003, 0.10312500000000005, 0.10806250000000003, 0.0, 0.11112500000000007, 0.10256250000000006, 0.10743750000000007, 0.10875000000000007], [-0.009625000000000003, -0.03681250000000001, -0.016000000000000004, -0.0023125000000000003, -0.008000000000000002, -0.003062500000000001, -0.11112500000000007, 0.0, -0.008562500000000002, -0.003687500000000001, -0.0023750000000000004], [-0.0011250000000000003, -0.028312500000000004, -0.007437500000000004, 0.006187500000000002, 0.0005625000000000002, 0.005500000000000002, -0.10256250000000006, 0.008562500000000002, 0.0, 0.004875000000000001, 0.006125000000000002], [-0.006000000000000002, -0.03318750000000001, -0.012312500000000004, 0.0013124999999999999, -0.004312500000000001, 0.0005625000000000002, -0.10743750000000007, 0.003687500000000001, -0.004875000000000001, 0.0, 0.00125], [-0.007250000000000003, -0.03443750000000001, -0.013562500000000005, 6.25e-05, -0.0056250000000000015, -0.0006875, -0.10875000000000007, 0.0023750000000000004, -0.006125000000000002, -0.00125, 0.0]]},