{"pseudos": {"Nb.nc.pbe.z_13.oncvpsp3.dojo.v0.4.1-std.upf": 0, "Nb.nc.pbe.z_13.oncvpsp4.spms.v1.upf": 1, "Nb.nc.pbe.z_13.oncvpsp4.sg15.v0.upf": 2, "Nb.us.pbe.z_13.uspp.gbrv.v1.upf": 3, "Nb.us.pbe.z_13.ld1.psl.v1.0.0-high.upf": 4, "Nb.us.pbe.z_13.ld1.psl.v0.3.0.upf": 5, "Nb.paw.pbe.z_13.ld1.psl.v0.3.0.upf": 6, "Nb.paw.pbe.z_13.ld1.psl.v1.0.0-high.upf": 7, "Nb.paw.pbe.z_13.atompaw.jth.v1.1-std.upf": 8}, "v_distance": {"0-1": {"eta_c": 5.245601644390538, "max_diff_c": 8.619138282028187, "shift_c": 5.437500000000002}, "0-2": {"eta_c": 3.475144278495452, "max_diff_c": 7.454975656702914, "shift_c": -3.750000000000001}, "0-3": {"eta_c": 4.637997610644167, "max_diff_c": 9.02535226975958, "shift_c": -3.687500000000001}, "0-4": {"eta_c": 2.219992196368164, "max_diff_c": 6.031541873969132, "shift_c": -2.3750000000000004}, "0-5": {"eta_c": 3.1045232075913156, "max_diff_c": 8.045929178566041, "shift_c": -3.3750000000000004}, "0-6": {"eta_c": 3.3171445968419833, "max_diff_c": 8.048841667340639, "shift_c": -3.3750000000000004}, "0-7": {"eta_c": 2.688382743875417, "max_diff_c": 7.1838930552469265, "shift_c": -2.6249999999999996}, "0-8": {"eta_c": 2.7208648366414865, "max_diff_c": 6.14067386465797, "shift_c": -0.25}, "1-2": {"eta_c": 8.59357347302093, "max_diff_c": 15.627204778698625, "shift_c": -9.187500000000004}, "1-3": {"eta_c": 9.865718197913983, "max_diff_c": 16.608742291803708, "shift_c": -9.125000000000004}, "1-4": {"eta_c": 7.2970106649776705, "max_diff_c": 13.087919814934365, "shift_c": -7.875000000000002}, "1-5": {"eta_c": 8.226762317117242, "max_diff_c": 14.614003814640396, "shift_c": -8.812500000000002}, "1-6": {"eta_c": 8.411588061834797, "max_diff_c": 15.318026192934097, "shift_c": -8.812500000000002}, "1-7": {"eta_c": 7.75193835008011, "max_diff_c": 14.11740517346635, "shift_c": -8.062500000000002}, "1-8": {"eta_c": 7.598075073783927, "max_diff_c": 14.759812146686157, "shift_c": -5.687500000000002}, "2-3": {"eta_c": 1.8033257131685245, "max_diff_c": 4.604957780861639, "shift_c": 0.0625}, "2-4": {"eta_c": 1.3037380575405564, "max_diff_c": 2.53928496376426, "shift_c": 1.3124999999999998}, "2-5": {"eta_c": 0.4790163481080578, "max_diff_c": 1.0757009640582282, "shift_c": 0.3125}, "2-6": {"eta_c": 0.29993858925796785, "max_diff_c": 0.8046314677283419, "shift_c": 0.375}, "2-7": {"eta_c": 0.8805282671285426, "max_diff_c": 1.5722996052322742, "shift_c": 1.0625}, "2-8": {"eta_c": 1.5810681741619288, "max_diff_c": 8.123295938305462, "shift_c": 3.5000000000000013}, "3-4": {"eta_c": 2.8195836643165118, "max_diff_c": 6.096233745945838, "shift_c": 1.25}, "3-5": {"eta_c": 2.013779865973238, "max_diff_c": 4.946578522873807, "shift_c": 0.25}, "3-6": {"eta_c": 1.9429918863379632, "max_diff_c": 4.949491011648405, "shift_c": 0.25}, "3-7": {"eta_c": 2.461903739199486, "max_diff_c": 5.215780764335264, "shift_c": 1.0}, "3-8": {"eta_c": 2.763542461939665, "max_diff_c": 4.007195027092366, "shift_c": 3.4375000000000013}, "4-5": {"eta_c": 0.9447522138895353, "max_diff_c": 2.0143873045969087, "shift_c": -1.0}, "4-6": {"eta_c": 1.1304290248980293, "max_diff_c": 2.167606377999732, "shift_c": -1.0}, "4-7": {"eta_c": 0.4957886052564601, "max_diff_c": 1.152351181277794, "shift_c": -0.25}, "4-8": {"eta_c": 1.2355538863806306, "max_diff_c": 6.57578935939739, "shift_c": 2.1875000000000004}, "5-6": {"eta_c": 0.3028683613294574, "max_diff_c": 0.7040223782937005, "shift_c": 0.0}, "5-7": {"eta_c": 0.5303838121766824, "max_diff_c": 0.9906949676192482, "shift_c": 0.75}, "5-8": {"eta_c": 1.48413158115649, "max_diff_c": 8.47308639807031, "shift_c": 3.187500000000001}, "6-7": {"eta_c": 0.6609556372967389, "max_diff_c": 1.2006210194677465, "shift_c": 0.75}, "6-8": {"eta_c": 1.4394438343180467, "max_diff_c": 8.475998886844907, "shift_c": 3.187500000000001}, "7-8": {"eta_c": 1.1579896718174496, "max_diff_c": 7.611050274751193, "shift_c": 2.4375000000000004}}, "v10_distance": {"0-1": {"eta_c": 4.912904000011806, "max_diff_c": 14.934061879551336, "shift_c": 3.875000000000001}, "0-2": {"eta_c": 3.8004468588196056, "max_diff_c": 16.36554268994783, "shift_c": -2.0}, "0-3": {"eta_c": 4.656164648045744, "max_diff_c": 29.32642947434468, "shift_c": -2.875}, "0-4": {"eta_c": 2.763570745977349, "max_diff_c": 13.358472060387982, "shift_c": -1.0}, "0-5": {"eta_c": 3.724709439647936, "max_diff_c": 13.991917742133353, "shift_c": -1.5625}, "0-6": {"eta_c": 3.688512255808746, "max_diff_c": 14.34361583654902, "shift_c": -1.6875000000000002}, "0-7": {"eta_c": 3.1892114200359534, "max_diff_c": 13.597033667801698, "shift_c": -1.1250000000000002}, "0-8": {"eta_c": 3.5555131631248873, "max_diff_c": 32.84991059903203, "shift_c": -0.5}, "1-2": {"eta_c": 8.273515947572145, "max_diff_c": 18.939704778698626, "shift_c": -5.875000000000002}, "1-3": {"eta_c": 9.395824390925519, "max_diff_c": 44.26049135389601, "shift_c": -6.750000000000003}, "1-4": {"eta_c": 7.178868343931483, "max_diff_c": 16.087919814934367, "shift_c": -4.875000000000001}, "1-5": {"eta_c": 8.190019308064045, "max_diff_c": 17.989003814640398, "shift_c": -5.437500000000002}, "1-6": {"eta_c": 8.170039917432653, "max_diff_c": 18.5680261929341, "shift_c": -5.562500000000002}, "1-7": {"eta_c": 7.611135978557857, "max_diff_c": 17.179905173466352, "shift_c": -5.000000000000001}, "1-8": {"eta_c": 7.550214673608614, "max_diff_c": 47.78397247858336, "shift_c": -4.375000000000001}, "2-3": {"eta_c": 3.835490673084186, "max_diff_c": 45.20747308529556, "shift_c": -0.875}, "2-4": {"eta_c": 1.1694703730452556, "max_diff_c": 3.4381013830563347, "shift_c": 1.0}, "2-5": {"eta_c": 0.7037227241675401, "max_diff_c": 3.2414525107921293, "shift_c": 0.4375}, "2-6": {"eta_c": 0.5964401722539016, "max_diff_c": 3.155308834645126, "shift_c": 0.25}, "2-7": {"eta_c": 0.9062395058177258, "max_diff_c": 3.1884643273650113, "shift_c": 0.875}, "2-8": {"eta_c": 4.590264175021164, "max_diff_c": 48.73095420998291, "shift_c": 1.5}, "3-4": {"eta_c": 3.939485745347273, "max_diff_c": 41.769371702239226, "shift_c": 1.8750000000000004}, "3-5": {"eta_c": 3.6807920126594778, "max_diff_c": 41.96602057450343, "shift_c": 1.3124999999999998}, "3-6": {"eta_c": 3.598213492883347, "max_diff_c": 42.233903416397254, "shift_c": 1.1250000000000002}, "3-7": {"eta_c": 3.7498443640003214, "max_diff_c": 42.01900875793055, "shift_c": 1.7500000000000002}, "3-8": {"eta_c": 2.6645907836030864, "max_diff_c": 3.651317076170073, "shift_c": 2.3750000000000004}, "4-5": {"eta_c": 1.0643192888033708, "max_diff_c": 2.1475033698718846, "shift_c": -0.5625000000000001}, "4-6": {"eta_c": 1.0754219707642887, "max_diff_c": 2.4801063779997325, "shift_c": -0.6875}, "4-7": {"eta_c": 0.5547807437277112, "max_diff_c": 1.266390034931078, "shift_c": -0.125}, "4-8": {"eta_c": 4.097440625925371, "max_diff_c": 45.29285282692658, "shift_c": 0.5}, "5-6": {"eta_c": 0.3850385469742696, "max_diff_c": 0.9477848789627501, "shift_c": -0.1875}, "5-7": {"eta_c": 0.6331889870000837, "max_diff_c": 0.8811133349408067, "shift_c": 0.4375}, "5-8": {"eta_c": 4.395578864372971, "max_diff_c": 45.42700169919078, "shift_c": 1.0}, "6-7": {"eta_c": 0.5934194451312634, "max_diff_c": 1.3256210194677462, "shift_c": 0.625}, "6-8": {"eta_c": 4.25900389001513, "max_diff_c": 45.694884541084605, "shift_c": 1.1875000000000002}, "7-8": {"eta_c": 4.089434470367283, "max_diff_c": 45.5424898826179, "shift_c": 0.625}}}