{"pseudos": {"Nd.us.pbe.z_24.ld1.psl.v1.0.0-high.upf": 0, "Nd.us.pbe.z_11.ld1.psl.v1.0.0-low.upf": 1, "Nd.paw.pbe.z_24.ld1.psl.v1.0.0-high.upf": 2, "Nd.paw.pbe.z_11.ld1.psl.v1.0.0-low.upf": 3, "Nd.paw.pbe.z_14.atompaw.jth.v1.1-std.upf": 4, "Nd.paw.pbe.z_14.atompaw.wentzcovitch.v1.0.legacy.upf": 5}, "v_distance": {"0-1": {"eta_c": 7778.352266060485, "max_diff_c": 14167.682547581968, "shift_c": 7005.312500000009}, "0-2": {"eta_c": 10.457010231969317, "max_diff_c": 13.151623205492568, "shift_c": 8.812500000000002}, "0-3": {"eta_c": 7777.513775631448, "max_diff_c": 14164.629059964938, "shift_c": 7003.500000000009}, "0-4": {"eta_c": 19.018106652475595, "max_diff_c": 39.59930335731217, "shift_c": -21.687500000000007}, "0-5": {"eta_c": 14.446668070442586, "max_diff_c": 26.63651713746759, "shift_c": -16.875000000000004}, "1-2": {"eta_c": 7779.027639625609, "max_diff_c": 14163.708895051157, "shift_c": 7005.125000000008}, "1-3": {"eta_c": 1.8342974509882821, "max_diff_c": 7.017331453505577, "shift_c": 1.8125000000000002}, "1-4": {"eta_c": 7778.889600595639, "max_diff_c": 14176.161343027181, "shift_c": 7027.687500000008}, "1-5": {"eta_c": 7778.449709064457, "max_diff_c": 14174.987522990801, "shift_c": 7023.812500000009}, "2-3": {"eta_c": 7778.189304258969, "max_diff_c": 14160.717907434126, "shift_c": 7003.250000000008}, "2-4": {"eta_c": 17.44522206650342, "max_diff_c": 30.044343453928487, "shift_c": -20.812500000000004}, "2-5": {"eta_c": 13.491527985197262, "max_diff_c": 22.029432232245984, "shift_c": -16.062500000000004}, "3-4": {"eta_c": 7778.050347266318, "max_diff_c": 14173.17035541015, "shift_c": 7025.812500000008}, "3-5": {"eta_c": 7777.610449893851, "max_diff_c": 14171.99653537377, "shift_c": 7021.937500000009}, "4-5": {"eta_c": 5.24926257904987, "max_diff_c": 13.025286219844588, "shift_c": -4.750000000000001}}, "v10_distance": {"0-1": {"eta_c": 8366.185774593863, "max_diff_c": 19300.557547581975, "shift_c": 1872.4375000000023}, "0-2": {"eta_c": 9.031803073899367, "max_diff_c": 17.238274886333475, "shift_c": 6.250000000000002}, "0-3": {"eta_c": 8364.17581778669, "max_diff_c": 19295.691559964944, "shift_c": 1872.4375000000023}, "0-4": {"eta_c": 17.48300185382374, "max_diff_c": 45.41180335731218, "shift_c": -15.875000000000004}, "0-5": {"eta_c": 14.833356079865196, "max_diff_c": 31.07401713746759, "shift_c": -12.437500000000004}, "1-2": {"eta_c": 8366.422320368814, "max_diff_c": 19296.896395051164, "shift_c": 1871.9375000000023}, "1-3": {"eta_c": 3.284157285199326, "max_diff_c": 10.925173303162637, "shift_c": -0.0625}, "1-4": {"eta_c": 8373.842187968079, "max_diff_c": 19321.036343027186, "shift_c": 1882.8125000000023}, "1-5": {"eta_c": 8372.694349638123, "max_diff_c": 19318.11252299081, "shift_c": 1880.6875000000023}, "2-3": {"eta_c": 8364.412552363547, "max_diff_c": 19292.030407434133, "shift_c": 1871.9375000000023}, "2-4": {"eta_c": 15.684339542936993, "max_diff_c": 36.669343453928484, "shift_c": -14.187500000000005}, "2-5": {"eta_c": 12.951456238167646, "max_diff_c": 22.3315572340839, "shift_c": -10.750000000000002}, "3-4": {"eta_c": 8371.831042790347, "max_diff_c": 19316.170355410155, "shift_c": 1882.8125000000023}, "3-5": {"eta_c": 8370.683285191273, "max_diff_c": 19313.24653537378, "shift_c": 1880.6875000000023}, "4-5": {"eta_c": 4.952894993180432, "max_diff_c": 20.72831226214376, "shift_c": -3.4375000000000004}}}