{"pseudos": ["PSL-US-v1-high-24", "PSL-US-v1-low-11", "PSL-PAW-v1-high-24", "PSL-PAW-v1-low-11", "JTH-1.1-std-14", "Wentzcovitch-14"], "v_distance": {"eta_c": [[0.0, 7778.352266060485, 10.457010231969317, 7777.513775631448, 19.018106652475595, 14.446668070442586], [7778.352266060485, 0.0, 7779.027639625609, 1.8342974509882821, 7778.889600595639, 7778.449709064457], [10.457010231969317, 7779.027639625609, 0.0, 7778.189304258969, 17.44522206650342, 13.491527985197262], [7777.513775631448, 1.8342974509882821, 7778.189304258969, 0.0, 7778.050347266318, 7777.610449893851], [19.018106652475595, 7778.889600595639, 17.44522206650342, 7778.050347266318, 0.0, 5.24926257904987], [14.446668070442586, 7778.449709064457, 13.491527985197262, 7777.610449893851, 5.24926257904987, 0.0]], "max_diff_c": [[0.0, 14167.682547581968, 13.151623205492568, 14164.629059964938, 39.59930335731217, 26.63651713746759], [14167.682547581968, 0.0, 14163.708895051157, 7.017331453505577, 14176.161343027181, 14174.987522990801], [13.151623205492568, 14163.708895051157, 0.0, 14160.717907434126, 30.044343453928487, 22.029432232245984], [14164.629059964938, 7.017331453505577, 14160.717907434126, 0.0, 14173.17035541015, 14171.99653537377], [39.59930335731217, 14176.161343027181, 30.044343453928487, 14173.17035541015, 0.0, 13.025286219844588], [26.63651713746759, 14174.987522990801, 22.029432232245984, 14171.99653537377, 13.025286219844588, 0.0]], "shift_c": [[0.0, 7.005312500000009, 0.008812500000000003, 7.00350000000001, -0.02168750000000001, -0.016875000000000005], [-7.005312500000009, 0.0, 7.0051250000000085, 0.0018125000000000003, 7.027687500000009, 7.023812500000009], [-0.008812500000000003, -7.0051250000000085, 0.0, 7.003250000000008, -0.020812500000000005, -0.016062500000000004], [-7.00350000000001, -0.0018125000000000003, -7.003250000000008, 0.0, 7.025812500000009, 7.021937500000009], [0.02168750000000001, -7.027687500000009, 0.020812500000000005, -7.025812500000009, 0.0, -0.004750000000000001], [0.016875000000000005, -7.023812500000009, 0.016062500000000004, -7.021937500000009, 0.004750000000000001, 0.0]]}, "v10_distance": {"eta_c": [[0.0, 8366.185774593863, 9.031803073899367, 8364.17581778669, 17.48300185382374, 14.833356079865196], [8366.185774593863, 0.0, 8366.422320368814, 3.284157285199326, 8373.842187968079, 8372.694349638123], [9.031803073899367, 8366.422320368814, 0.0, 8364.412552363547, 15.684339542936993, 12.951456238167646], [8364.17581778669, 3.284157285199326, 8364.412552363547, 0.0, 8371.831042790347, 8370.683285191273], [17.48300185382374, 8373.842187968079, 15.684339542936993, 8371.831042790347, 0.0, 4.952894993180432], [14.833356079865196, 8372.694349638123, 12.951456238167646, 8370.683285191273, 4.952894993180432, 0.0]], "max_diff_c": [[0.0, 19300.557547581975, 17.238274886333475, 19295.691559964944, 45.41180335731218, 31.07401713746759], [19300.557547581975, 0.0, 19296.896395051164, 10.925173303162637, 19321.036343027186, 19318.11252299081], [17.238274886333475, 19296.896395051164, 0.0, 19292.030407434133, 36.669343453928484, 22.3315572340839], [19295.691559964944, 10.925173303162637, 19292.030407434133, 0.0, 19316.170355410155, 19313.24653537378], [45.41180335731218, 19321.036343027186, 36.669343453928484, 19316.170355410155, 0.0, 20.72831226214376], [31.07401713746759, 19318.11252299081, 22.3315572340839, 19313.24653537378, 20.72831226214376, 0.0]], "shift_c": [[0.0, 1.8724375000000024, 0.006250000000000002, 1.8724375000000024, -0.015875000000000004, -0.012437500000000004], [-1.8724375000000024, 0.0, 1.8719375000000023, -6.25e-05, 1.8828125000000022, 1.8806875000000023], [-0.006250000000000002, -1.8719375000000023, 0.0, 1.8719375000000023, -0.014187500000000006, -0.010750000000000003], [-1.8724375000000024, 6.25e-05, -1.8719375000000023, 0.0, 1.8828125000000022, 1.8806875000000023], [0.015875000000000004, -1.8828125000000022, 0.014187500000000006, -1.8828125000000022, 0.0, -0.0034375000000000005], [0.012437500000000004, -1.8806875000000023, 0.010750000000000003, -1.8806875000000023, 0.0034375000000000005, 0.0]]}}