{"pseudos": ["DOJO-041-std-8", "DOJO-041-str-8", "SPMS-8", "SG15-8", "PSL-US-v1-high-8", "PSL-PAW-v1-high-8", "JTH-1.1-std-8"], "v_distance": {"eta": [[0.0, 0.0721723290765537, 0.04402031346462006, 0.06618960812877091, 0.3447640078188283, 0.1348316137698827, 0.17882297702600602], [0.12532809303363024, 0.0, 0.11422610733041512, 0.12272144897698573, 0.2736668250916372, 0.06489376765856267, 0.1109802326523978], [0.08770955234978922, 0.2127073892836187, 0.0, 0.05010405364368768, 0.3853225506346245, 0.1749028878802277, 0.21734841520599202], [0.1412178682255738, 0.21539745487830775, 0.1318095409268416, 0.0, 0.3867799986889916, 0.18068676943086184, 0.22273518097779813], [0.5940863299656942, 0.46884277203453756, 0.6810197615513824, 0.6785268186347837, 0.0, 0.21057173671167187, 0.170083738647987], [0.22303182927477933, 0.09777516748606802, 0.3099521570029129, 0.30747231794381324, 0.37112098185460235, 0.0, 0.047026886550294654], [0.28234119676490144, 0.15707342910796507, 0.3692408919449136, 0.36678168543397005, 0.3118740890689954, 0.06811908530665947, 0.0]], "shift": [[0.0, -0.125, -11.875000000000004, -325.6250000000002, 35.875000000000014, 33.37500000000001, 49.750000000000014], [0.125, 0.0, -11.750000000000004, -325.5000000000002, 36.000000000000014, 33.50000000000001, 49.875000000000014], [11.875000000000004, 11.750000000000004, 0.0, -313.75000000000017, 47.750000000000014, 45.250000000000014, 61.62500000000003], [325.6250000000002, 325.5000000000002, 313.75000000000017, 0.0, 361.5000000000003, 359.00000000000034, 375.3750000000003], [-35.875000000000014, -36.000000000000014, -47.750000000000014, -361.5000000000003, 0.0, -2.5, 13.875000000000002], [-33.37500000000001, -33.50000000000001, -45.250000000000014, -359.00000000000034, 2.5, 0.0, 16.375000000000004], [-49.750000000000014, -49.875000000000014, -61.62500000000003, -375.3750000000003, -13.875000000000002, -16.375000000000004, 0.0]]}, "v10_distance": {"eta": [[0.0, 0.07224382530125213, 0.04660568650353178, 0.53012633392753, 0.6329756613180124, 0.1376620081857625, 0.31190412186800187], [0.12532809303363024, 0.0, 0.11477459159397427, 0.5347380539929047, 0.6078845463708431, 0.07590241403465521, 0.2723623713642327], [0.15525374086940852, 0.2660767103385489, 0.0, 0.5129723888555916, 0.6612349408179836, 0.17991188389008358, 0.3281115811877463], [5.607292484562265, 5.561303806539852, 5.409613716379158, 0.0, 1.0719034681215611, 0.582559800977385, 0.3391596319385398], [3.7207195204085193, 3.7718396762656536, 3.875468808658099, 9.346936842152653, 0.0, 0.5506071287200931, 0.7744768283583574], [0.3718705834151112, 0.4229907392722457, 0.5266198716646908, 6.068251403257008, 3.3534833222796014, 0.0, 0.28756488669166325], [2.6299747870441315, 2.5799364177069157, 2.475558067384101, 2.9338709726370316, 6.2492675024998885, 2.996443612582691, 0.0]], "shift": [[0.0, -0.125, -11.875000000000004, -325.5625000000002, 35.812500000000014, 33.37500000000001, 49.750000000000014], [0.125, 0.0, -11.750000000000004, -325.4375000000003, 35.937500000000014, 33.50000000000001, 49.875000000000014], [11.875000000000004, 11.750000000000004, 0.0, -313.6875000000002, 47.687500000000014, 45.250000000000014, 61.62500000000003], [325.5625000000002, 325.4375000000003, 313.6875000000002, 0.0, 361.3750000000003, 358.9375000000003, 375.3750000000003], [-35.812500000000014, -35.937500000000014, -47.687500000000014, -361.3750000000003, 0.0, -2.4375000000000004, 14.000000000000002], [-33.37500000000001, -33.50000000000001, -45.250000000000014, -358.9375000000003, 2.4375000000000004, 0.0, 16.375000000000004], [-49.750000000000014, -49.875000000000014, -61.62500000000003, -375.3750000000003, -14.000000000000002, -16.375000000000004, 0.0]]}}