{"pseudos": {"Ne.nc.pbe.z_8.oncvpsp3.dojo.v0.4.1-std.upf": 0, "Ne.nc.pbe.z_8.oncvpsp3.dojo.v0.4.1-str.upf": 1, "Ne.nc.pbe.z_8.oncvpsp4.spms.v1.upf": 2, "Ne.nc.pbe.z_8.oncvpsp4.sg15.v0.upf": 3, "Ne.us.pbe.z_8.ld1.psl.v1.0.0-high.upf": 4, "Ne.paw.pbe.z_8.ld1.psl.v1.0.0-high.upf": 5, "Ne.paw.pbe.z_8.atompaw.jth.v1.1-std.upf": 6}, "v_distance": {"0-1": {"eta_c": 0.0721723290765537, "max_diff_c": 0.12532809303363024, "shift_c": -0.125}, "0-2": {"eta_c": 0.04402031346462006, "max_diff_c": 0.08770955234978922, "shift_c": -11.875000000000004}, "0-3": {"eta_c": 0.06618960812877091, "max_diff_c": 0.1412178682255738, "shift_c": -325.6250000000002}, "0-4": {"eta_c": 0.3447640078188283, "max_diff_c": 0.5940863299656942, "shift_c": 35.875000000000014}, "0-5": {"eta_c": 0.1348316137698827, "max_diff_c": 0.22303182927477933, "shift_c": 33.37500000000001}, "0-6": {"eta_c": 0.17882297702600602, "max_diff_c": 0.28234119676490144, "shift_c": 49.750000000000014}, "1-2": {"eta_c": 0.11422610733041512, "max_diff_c": 0.2127073892836187, "shift_c": -11.750000000000004}, "1-3": {"eta_c": 0.12272144897698573, "max_diff_c": 0.21539745487830775, "shift_c": -325.5000000000002}, "1-4": {"eta_c": 0.2736668250916372, "max_diff_c": 0.46884277203453756, "shift_c": 36.000000000000014}, "1-5": {"eta_c": 0.06489376765856267, "max_diff_c": 0.09777516748606802, "shift_c": 33.50000000000001}, "1-6": {"eta_c": 0.1109802326523978, "max_diff_c": 0.15707342910796507, "shift_c": 49.875000000000014}, "2-3": {"eta_c": 0.05010405364368768, "max_diff_c": 0.1318095409268416, "shift_c": -313.75000000000017}, "2-4": {"eta_c": 0.3853225506346245, "max_diff_c": 0.6810197615513824, "shift_c": 47.750000000000014}, "2-5": {"eta_c": 0.1749028878802277, "max_diff_c": 0.3099521570029129, "shift_c": 45.250000000000014}, "2-6": {"eta_c": 0.21734841520599202, "max_diff_c": 0.3692408919449136, "shift_c": 61.62500000000003}, "3-4": {"eta_c": 0.3867799986889916, "max_diff_c": 0.6785268186347837, "shift_c": 361.5000000000003}, "3-5": {"eta_c": 0.18068676943086184, "max_diff_c": 0.30747231794381324, "shift_c": 359.00000000000034}, "3-6": {"eta_c": 0.22273518097779813, "max_diff_c": 0.36678168543397005, "shift_c": 375.3750000000003}, "4-5": {"eta_c": 0.21057173671167187, "max_diff_c": 0.37112098185460235, "shift_c": -2.5}, "4-6": {"eta_c": 0.170083738647987, "max_diff_c": 0.3118740890689954, "shift_c": 13.875000000000002}, "5-6": {"eta_c": 0.047026886550294654, "max_diff_c": 0.06811908530665947, "shift_c": 16.375000000000004}}, "v10_distance": {"0-1": {"eta_c": 0.07224382530125213, "max_diff_c": 0.12532809303363024, "shift_c": -0.125}, "0-2": {"eta_c": 0.04660568650353178, "max_diff_c": 0.15525374086940852, "shift_c": -11.875000000000004}, "0-3": {"eta_c": 0.53012633392753, "max_diff_c": 5.607292484562265, "shift_c": -325.5625000000002}, "0-4": {"eta_c": 0.6329756613180124, "max_diff_c": 3.7207195204085193, "shift_c": 35.812500000000014}, "0-5": {"eta_c": 0.1376620081857625, "max_diff_c": 0.3718705834151112, "shift_c": 33.37500000000001}, "0-6": {"eta_c": 0.31190412186800187, "max_diff_c": 2.6299747870441315, "shift_c": 49.750000000000014}, "1-2": {"eta_c": 0.11477459159397427, "max_diff_c": 0.2660767103385489, "shift_c": -11.750000000000004}, "1-3": {"eta_c": 0.5347380539929047, "max_diff_c": 5.561303806539852, "shift_c": -325.4375000000003}, "1-4": {"eta_c": 0.6078845463708431, "max_diff_c": 3.7718396762656536, "shift_c": 35.937500000000014}, "1-5": {"eta_c": 0.07590241403465521, "max_diff_c": 0.4229907392722457, "shift_c": 33.50000000000001}, "1-6": {"eta_c": 0.2723623713642327, "max_diff_c": 2.5799364177069157, "shift_c": 49.875000000000014}, "2-3": {"eta_c": 0.5129723888555916, "max_diff_c": 5.409613716379158, "shift_c": -313.6875000000002}, "2-4": {"eta_c": 0.6612349408179836, "max_diff_c": 3.875468808658099, "shift_c": 47.687500000000014}, "2-5": {"eta_c": 0.17991188389008358, "max_diff_c": 0.5266198716646908, "shift_c": 45.250000000000014}, "2-6": {"eta_c": 0.3281115811877463, "max_diff_c": 2.475558067384101, "shift_c": 61.62500000000003}, "3-4": {"eta_c": 1.0719034681215611, "max_diff_c": 9.346936842152653, "shift_c": 361.3750000000003}, "3-5": {"eta_c": 0.582559800977385, "max_diff_c": 6.068251403257008, "shift_c": 358.9375000000003}, "3-6": {"eta_c": 0.3391596319385398, "max_diff_c": 2.9338709726370316, "shift_c": 375.3750000000003}, "4-5": {"eta_c": 0.5506071287200931, "max_diff_c": 3.3534833222796014, "shift_c": -2.4375000000000004}, "4-6": {"eta_c": 0.7744768283583574, "max_diff_c": 6.2492675024998885, "shift_c": 14.000000000000002}, "5-6": {"eta_c": 0.28756488669166325, "max_diff_c": 2.996443612582691, "shift_c": 16.375000000000004}}}