{"pseudos": ["DOJO-041-std-8", "DOJO-041-str-8", "SPMS-8", "SG15-8", "PSL-US-v1-high-8", "PSL-PAW-v1-high-8", "JTH-1.1-std-8"], "v_distance": {"eta_c": [[0.0, 0.0721723290765537, 0.04402031346462006, 0.06618960812877091, 0.3447640078188283, 0.1348316137698827, 0.17882297702600602], [0.0721723290765537, 0.0, 0.11422610733041512, 0.12272144897698573, 0.2736668250916372, 0.06489376765856267, 0.1109802326523978], [0.04402031346462006, 0.11422610733041512, 0.0, 0.05010405364368768, 0.3853225506346245, 0.1749028878802277, 0.21734841520599202], [0.06618960812877091, 0.12272144897698573, 0.05010405364368768, 0.0, 0.3867799986889916, 0.18068676943086184, 0.22273518097779813], [0.3447640078188283, 0.2736668250916372, 0.3853225506346245, 0.3867799986889916, 0.0, 0.21057173671167187, 0.170083738647987], [0.1348316137698827, 0.06489376765856267, 0.1749028878802277, 0.18068676943086184, 0.21057173671167187, 0.0, 0.047026886550294654], [0.17882297702600602, 0.1109802326523978, 0.21734841520599202, 0.22273518097779813, 0.170083738647987, 0.047026886550294654, 0.0]], "max_diff_c": [[0.0, 0.12532809303363024, 0.08770955234978922, 0.1412178682255738, 0.5940863299656942, 0.22303182927477933, 0.28234119676490144], [0.12532809303363024, 0.0, 0.2127073892836187, 0.21539745487830775, 0.46884277203453756, 0.09777516748606802, 0.15707342910796507], [0.08770955234978922, 0.2127073892836187, 0.0, 0.1318095409268416, 0.6810197615513824, 0.3099521570029129, 0.3692408919449136], [0.1412178682255738, 0.21539745487830775, 0.1318095409268416, 0.0, 0.6785268186347837, 0.30747231794381324, 0.36678168543397005], [0.5940863299656942, 0.46884277203453756, 0.6810197615513824, 0.6785268186347837, 0.0, 0.37112098185460235, 0.3118740890689954], [0.22303182927477933, 0.09777516748606802, 0.3099521570029129, 0.30747231794381324, 0.37112098185460235, 0.0, 0.06811908530665947], [0.28234119676490144, 0.15707342910796507, 0.3692408919449136, 0.36678168543397005, 0.3118740890689954, 0.06811908530665947, 0.0]], "shift_c": [[0.0, -0.000125, -0.011875000000000004, -0.3256250000000002, 0.03587500000000002, 0.03337500000000001, 0.049750000000000016], [0.000125, 0.0, -0.011750000000000003, -0.32550000000000023, 0.03600000000000002, 0.03350000000000001, 0.04987500000000002], [0.011875000000000004, 0.011750000000000003, 0.0, -0.3137500000000002, 0.047750000000000015, 0.04525000000000001, 0.06162500000000003], [0.3256250000000002, 0.32550000000000023, 0.3137500000000002, 0.0, 0.36150000000000027, 0.3590000000000004, 0.3753750000000003], [-0.03587500000000002, -0.03600000000000002, -0.047750000000000015, -0.36150000000000027, 0.0, -0.0025, 0.013875000000000002], [-0.03337500000000001, -0.03350000000000001, -0.04525000000000001, -0.3590000000000004, 0.0025, 0.0, 0.016375000000000004], [-0.049750000000000016, -0.04987500000000002, -0.06162500000000003, -0.3753750000000003, -0.013875000000000002, -0.016375000000000004, 0.0]]}, "v10_distance": {"eta_c": [[0.0, 0.07224382530125213, 0.04660568650353178, 0.53012633392753, 0.6329756613180124, 0.1376620081857625, 0.31190412186800187], [0.07224382530125213, 0.0, 0.11477459159397427, 0.5347380539929047, 0.6078845463708431, 0.07590241403465521, 0.2723623713642327], [0.04660568650353178, 0.11477459159397427, 0.0, 0.5129723888555916, 0.6612349408179836, 0.17991188389008358, 0.3281115811877463], [0.53012633392753, 0.5347380539929047, 0.5129723888555916, 0.0, 1.0719034681215611, 0.582559800977385, 0.3391596319385398], [0.6329756613180124, 0.6078845463708431, 0.6612349408179836, 1.0719034681215611, 0.0, 0.5506071287200931, 0.7744768283583574], [0.1376620081857625, 0.07590241403465521, 0.17991188389008358, 0.582559800977385, 0.5506071287200931, 0.0, 0.28756488669166325], [0.31190412186800187, 0.2723623713642327, 0.3281115811877463, 0.3391596319385398, 0.7744768283583574, 0.28756488669166325, 0.0]], "max_diff_c": [[0.0, 0.12532809303363024, 0.15525374086940852, 5.607292484562265, 3.7207195204085193, 0.3718705834151112, 2.6299747870441315], [0.12532809303363024, 0.0, 0.2660767103385489, 5.561303806539852, 3.7718396762656536, 0.4229907392722457, 2.5799364177069157], [0.15525374086940852, 0.2660767103385489, 0.0, 5.409613716379158, 3.875468808658099, 0.5266198716646908, 2.475558067384101], [5.607292484562265, 5.561303806539852, 5.409613716379158, 0.0, 9.346936842152653, 6.068251403257008, 2.9338709726370316], [3.7207195204085193, 3.7718396762656536, 3.875468808658099, 9.346936842152653, 0.0, 3.3534833222796014, 6.2492675024998885], [0.3718705834151112, 0.4229907392722457, 0.5266198716646908, 6.068251403257008, 3.3534833222796014, 0.0, 2.996443612582691], [2.6299747870441315, 2.5799364177069157, 2.475558067384101, 2.9338709726370316, 6.2492675024998885, 2.996443612582691, 0.0]], "shift_c": [[0.0, -0.000125, -0.011875000000000004, -0.32556250000000025, 0.03581250000000002, 0.03337500000000001, 0.049750000000000016], [0.000125, 0.0, -0.011750000000000003, -0.32543750000000027, 0.03593750000000002, 0.03350000000000001, 0.04987500000000002], [0.011875000000000004, 0.011750000000000003, 0.0, -0.31368750000000023, 0.047687500000000015, 0.04525000000000001, 0.06162500000000003], [0.32556250000000025, 0.32543750000000027, 0.31368750000000023, 0.0, 0.3613750000000003, 0.3589375000000003, 0.3753750000000003], [-0.03581250000000002, -0.03593750000000002, -0.047687500000000015, -0.3613750000000003, 0.0, -0.0024375000000000004, 0.014000000000000002], [-0.03337500000000001, -0.03350000000000001, -0.04525000000000001, -0.3589375000000003, 0.0024375000000000004, 0.0, 0.016375000000000004], [-0.049750000000000016, -0.04987500000000002, -0.06162500000000003, -0.3753750000000003, -0.014000000000000002, -0.016375000000000004, 0.0]]}}