{"pseudos": {"Ni.nc.pbe.z_18.oncvpsp3.dojo.v0.4.1-std.upf": 0, "Ni.nc.pbe.z_18.oncvpsp3.dojo.v0.4.1-str.upf": 1, "Ni.nc.pbe.z_18.oncvpsp4.spms.v1.upf": 2, "Ni.nc.pbe.z_18.oncvpsp4.sg15.v0.upf": 3, "Ni.us.pbe.z_18.uspp.gbrv.v1.4.upf": 4, "Ni.us.pbe.z_18.ld1.psl.v1.0.0-high.upf": 5, "Ni.us.pbe.z_10.ld1.psl.v1.0.0-low.upf": 6, "Ni.us.pbe.z_10.ld1.psl.v0.1.upf": 7, "Ni.paw.pbe.z_10.ld1.psl.v0.1.upf": 8, "Ni.paw.pbe.z_18.ld1.psl.v1.0.0-high.upf": 9, "Ni.paw.pbe.z_10.ld1.psl.v1.0.0-low.upf": 10, "Ni.paw.pbe.z_18.atompaw.jth.v1.1-std.upf": 11}, "v_distance": {"0-1": {"eta_c": 2.3139162989468995, "max_diff_c": 6.714198242026725, "shift_c": -3.125}, "0-2": {"eta_c": 25.69080923578903, "max_diff_c": 90.07761585773905, "shift_c": 1.5}, "0-3": {"eta_c": 18.7662903313117, "max_diff_c": 84.99448731321488, "shift_c": 20.687500000000004}, "0-4": {"eta_c": 10.955546938408263, "max_diff_c": 29.63744050551187, "shift_c": -14.812500000000007}, "0-5": {"eta_c": 9.153496585106248, "max_diff_c": 33.25947443349149, "shift_c": -8.687500000000002}, "0-6": {"eta_c": 19.21786228500198, "max_diff_c": 58.74003888536856, "shift_c": 21.500000000000004}, "0-7": {"eta_c": 19.21786228500198, "max_diff_c": 58.74003888536856, "shift_c": 21.500000000000004}, "0-8": {"eta_c": 21.909748993295324, "max_diff_c": 68.3313150581657, "shift_c": 25.625000000000004}, "0-9": {"eta_c": 8.513159513998502, "max_diff_c": 30.475400690823502, "shift_c": -11.500000000000004}, "0-10": {"eta_c": 21.909748993295324, "max_diff_c": 68.3313150581657, "shift_c": 25.625000000000004}, "0-11": {"eta_c": 8.933981872853973, "max_diff_c": 38.761995294831046, "shift_c": -12.000000000000004}, "1-2": {"eta_c": 25.977402424726804, "max_diff_c": 96.79181409976577, "shift_c": 4.625000000000002}, "1-3": {"eta_c": 20.24178872691475, "max_diff_c": 91.6224554195629, "shift_c": 23.875}, "1-4": {"eta_c": 9.234024124637724, "max_diff_c": 22.985742263485147, "shift_c": -11.625000000000004}, "1-5": {"eta_c": 7.490509517002754, "max_diff_c": 26.607776191464765, "shift_c": -5.500000000000002}, "1-6": {"eta_c": 17.16015640204687, "max_diff_c": 51.65845882429074, "shift_c": 18.875000000000007}, "1-7": {"eta_c": 17.16015640204687, "max_diff_c": 51.65845882429074, "shift_c": 18.875000000000007}, "1-8": {"eta_c": 19.690637961525642, "max_diff_c": 61.24973499708787, "shift_c": 23.000000000000007}, "1-9": {"eta_c": 6.6888559433541, "max_diff_c": 23.76120244879678, "shift_c": -8.375000000000002}, "1-10": {"eta_c": 19.690637961525642, "max_diff_c": 61.24973499708787, "shift_c": 23.000000000000007}, "1-11": {"eta_c": 7.1734904721610855, "max_diff_c": 32.04779705280433, "shift_c": -8.875000000000004}, "2-3": {"eta_c": 16.883231060651028, "max_diff_c": 20.77317574692426, "shift_c": 19.250000000000007}, "2-4": {"eta_c": 25.350473361337837, "max_diff_c": 119.77755636325092, "shift_c": -16.250000000000004}, "2-5": {"eta_c": 30.86085331845915, "max_diff_c": 123.39959029123054, "shift_c": -10.125000000000002}, "2-6": {"eta_c": 37.68399868388768, "max_diff_c": 126.34637342333488, "shift_c": 42.06250000000001}, "2-7": {"eta_c": 37.68399868388768, "max_diff_c": 126.34637342333488, "shift_c": 42.06250000000001}, "2-8": {"eta_c": 40.81549771097233, "max_diff_c": 136.3120525233941, "shift_c": 46.187500000000014}, "2-9": {"eta_c": 29.020512759442997, "max_diff_c": 120.55301654856254, "shift_c": -13.000000000000005}, "2-10": {"eta_c": 40.81549771097233, "max_diff_c": 136.3120525233941, "shift_c": 46.187500000000014}, "2-11": {"eta_c": 28.88172083149086, "max_diff_c": 128.8396111525701, "shift_c": -13.500000000000005}, "3-4": {"eta_c": 23.915388062594765, "max_diff_c": 114.4096340544348, "shift_c": -35.500000000000014}, "3-5": {"eta_c": 25.50411987573417, "max_diff_c": 118.0316679824144, "shift_c": -29.375000000000004}, "3-6": {"eta_c": 42.79475581442088, "max_diff_c": 138.6132324452364, "shift_c": 46.812500000000014}, "3-7": {"eta_c": 42.79475581442088, "max_diff_c": 138.6132324452364, "shift_c": 46.812500000000014}, "3-8": {"eta_c": 46.05020426167924, "max_diff_c": 148.33090150325197, "shift_c": 50.937500000000014}, "3-9": {"eta_c": 24.7248094357656, "max_diff_c": 115.18509423974643, "shift_c": -32.25000000000001}, "3-10": {"eta_c": 46.05020426167924, "max_diff_c": 148.33090150325197, "shift_c": 50.937500000000014}, "3-11": {"eta_c": 24.835627990742243, "max_diff_c": 123.47168884375398, "shift_c": -32.75000000000001}, "4-5": {"eta_c": 7.856402149268792, "max_diff_c": 24.42588538900654, "shift_c": 6.125000000000002}, "4-6": {"eta_c": 12.027650155253621, "max_diff_c": 57.58857182576374, "shift_c": 11.375000000000004}, "4-7": {"eta_c": 12.027650155253621, "max_diff_c": 57.58857182576374, "shift_c": 11.375000000000004}, "4-8": {"eta_c": 15.954684528005595, "max_diff_c": 65.40550871071756, "shift_c": 15.500000000000004}, "4-9": {"eta_c": 5.534733157587745, "max_diff_c": 21.60961016232091, "shift_c": 3.2500000000000013}, "4-10": {"eta_c": 15.954684528005595, "max_diff_c": 65.40550871071756, "shift_c": 15.500000000000004}, "4-11": {"eta_c": 4.982600584695622, "max_diff_c": 9.062054789319177, "shift_c": 2.750000000000001}, "5-6": {"eta_c": 10.723493106148966, "max_diff_c": 39.9751864367572, "shift_c": 10.687500000000002}, "5-7": {"eta_c": 10.723493106148966, "max_diff_c": 39.9751864367572, "shift_c": 10.687500000000002}, "5-8": {"eta_c": 14.114708417999283, "max_diff_c": 47.79212332171101, "shift_c": 14.812500000000004}, "5-9": {"eta_c": 2.6687690175859617, "max_diff_c": 4.825804762521329, "shift_c": -2.875}, "5-10": {"eta_c": 14.114708417999283, "max_diff_c": 47.79212332171101, "shift_c": 14.812500000000004}, "5-11": {"eta_c": 3.575299478773578, "max_diff_c": 23.184447859799434, "shift_c": -3.3750000000000004}, "6-7": {"eta_c": 0.0, "max_diff_c": 0.0, "shift_c": 0.0}, "6-8": {"eta_c": 5.014020856773734, "max_diff_c": 11.709601816525094, "shift_c": -4.125000000000001}, "6-9": {"eta_c": 10.720833894527885, "max_diff_c": 40.54146166344283, "shift_c": 10.062500000000002}, "6-10": {"eta_c": 5.014020856773734, "max_diff_c": 11.709601816525094, "shift_c": -4.125000000000001}, "6-11": {"eta_c": 10.848710338118593, "max_diff_c": 60.40963429655663, "shift_c": 10.062500000000002}, "7-8": {"eta_c": 5.014020856773734, "max_diff_c": 11.709601816525094, "shift_c": -4.125000000000001}, "7-9": {"eta_c": 10.720833894527885, "max_diff_c": 40.54146166344283, "shift_c": 10.062500000000002}, "7-10": {"eta_c": 5.014020856773734, "max_diff_c": 11.709601816525094, "shift_c": -4.125000000000001}, "7-11": {"eta_c": 10.848710338118593, "max_diff_c": 60.40963429655663, "shift_c": 10.062500000000002}, "8-9": {"eta_c": 14.333439273954063, "max_diff_c": 48.35839854839664, "shift_c": 14.187500000000002}, "8-10": {"eta_c": 0.0, "max_diff_c": 0.0, "shift_c": 0.0}, "8-11": {"eta_c": 14.46023529127317, "max_diff_c": 68.22657118151045, "shift_c": 14.187500000000002}, "9-10": {"eta_c": 14.333439273954063, "max_diff_c": 48.35839854839664, "shift_c": 14.187500000000002}, "9-11": {"eta_c": 1.5397240592420778, "max_diff_c": 20.3681726331138, "shift_c": -0.5}, "10-11": {"eta_c": 14.46023529127317, "max_diff_c": 68.22657118151045, "shift_c": 14.187500000000002}}, "v10_distance": {"0-1": {"eta_c": 2.420482115574652, "max_diff_c": 6.526698242026725, "shift_c": -3.3125000000000004}, "0-2": {"eta_c": 29.370947330391612, "max_diff_c": 84.20261585773905, "shift_c": 7.375000000000003}, "0-3": {"eta_c": 25.016460862301358, "max_diff_c": 93.18531646125498, "shift_c": 25.562500000000004}, "0-4": {"eta_c": 10.92258751616139, "max_diff_c": 30.887440505511872, "shift_c": -13.562500000000005}, "0-5": {"eta_c": 8.683421063429826, "max_diff_c": 33.82197443349149, "shift_c": -8.125000000000002}, "0-6": {"eta_c": 18.179747589416465, "max_diff_c": 58.36503888536856, "shift_c": 21.875000000000007}, "0-7": {"eta_c": 18.179747589416465, "max_diff_c": 58.36503888536856, "shift_c": 21.875000000000007}, "0-8": {"eta_c": 20.746807347680175, "max_diff_c": 68.0188150581657, "shift_c": 25.937500000000004},