{"pseudos": ["PSL-US-v1-high-15", "PSL-PAW-v1-high-15", "MARBURG-15"], "v_distance": {"eta": [[0.0, 4.275361068660569, 19.054930958075147], [8.207355931716963, 0.0, 14.878951419927711], [38.69071036965901, 31.093712152779347, 0.0]], "shift": [[0.0, 6.625000000000003, 30.875000000000007], [-6.625000000000003, 0.0, 24.25], [-30.875000000000007, -24.25, 0.0]]}, "v10_distance": {"eta": [[0.0, 4.914355219193597, 21.90873634766687], [9.347707308567722, 0.0, 17.341607490373285], [65.21721338622058, 56.03609718941075, 0.0]], "shift": [[0.0, 3.6250000000000013, 22.187500000000007], [-3.6250000000000013, 0.0, 18.562500000000007], [-22.187500000000007, -18.562500000000007, 0.0]]}}