{"pseudos": {"Np.us.pbe.z_15.ld1.psl.v1.0.0-high.upf": 0, "Np.paw.pbe.z_15.ld1.psl.v1.0.0-high.upf": 1, "Np.paw.pbe.z_15.ld1.uni-marburg.v0.upf": 2}, "v_distance": {"0-1": {"eta_c": 4.275361068660569, "max_diff_c": 8.207355931716963, "shift_c": 6.625000000000003}, "0-2": {"eta_c": 19.054930958075147, "max_diff_c": 38.69071036965901, "shift_c": 30.875000000000007}, "1-2": {"eta_c": 14.878951419927711, "max_diff_c": 31.093712152779347, "shift_c": 24.25}}, "v10_distance": {"0-1": {"eta_c": 4.914355219193597, "max_diff_c": 9.347707308567722, "shift_c": 3.6250000000000013}, "0-2": {"eta_c": 21.90873634766687, "max_diff_c": 65.21721338622058, "shift_c": 22.187500000000007}, "1-2": {"eta_c": 17.341607490373285, "max_diff_c": 56.03609718941075, "shift_c": 18.562500000000007}}}