{"pseudos": {"O.nc.pbe.z_6.oncvpsp3.dojo.v0.4.1-std.upf": 0, "O.nc.pbe.z_6.oncvpsp3.dojo.v0.4.1-str.upf": 1, "O.nc.pbe.z_6.oncvpsp4.spms.v1.upf": 2, "O.nc.pbe.z_6.oncvpsp4.sg15.v0.upf": 3, "O.us.pbe.z_6.uspp.gbrv.v1.2.upf": 4, "O.us.pbe.z_6.ld1.psl.v1.0.0-high.upf": 5, "O.us.pbe.z_6.ld1.psl.v1.0.0-low.upf": 6, "O.us.pbe.z_6.ld1.psl.v0.1.upf": 7, "O.paw.pbe.z_6.ld1.psl.v0.1.upf": 8, "O.paw.pbe.z_6.ld1.psl.v1.0.0-high.upf": 9, "O.paw.pbe.z_6.ld1.psl.v1.0.0-low.upf": 10, "O.paw.pbe.z_6.atompaw.jth.v1.1-std.upf": 11}, "v_distance": {"0-1": {"eta_c": 0.3796605299177295, "max_diff_c": 1.0633753159569324, "shift_c": 0.25}, "0-2": {"eta_c": 0.020225807166068515, "max_diff_c": 0.0392906222703715, "shift_c": 0.0}, "0-3": {"eta_c": 0.9069495067721579, "max_diff_c": 2.5409435735503365, "shift_c": -0.5}, "0-4": {"eta_c": 24.476271592970587, "max_diff_c": 47.4583703294014, "shift_c": 18.562500000000007}, "0-5": {"eta_c": 1.3858195803824238, "max_diff_c": 3.8060402769283574, "shift_c": 2.0625000000000004}, "0-6": {"eta_c": 1.370372942229431, "max_diff_c": 3.69596664994446, "shift_c": 2.0625000000000004}, "0-7": {"eta_c": 2.4669717881106576, "max_diff_c": 4.745902329780135, "shift_c": 4.437500000000002}, "0-8": {"eta_c": 1.552893709538617, "max_diff_c": 3.2810447404519865, "shift_c": 3.000000000000001}, "0-9": {"eta_c": 1.3570759681336173, "max_diff_c": 3.755299061336022, "shift_c": 1.8750000000000004}, "0-10": {"eta_c": 1.3394794717487388, "max_diff_c": 3.665603610854515, "shift_c": 1.9375000000000004}, "0-11": {"eta_c": 2.541676448103621, "max_diff_c": 5.480811235179222, "shift_c": 4.875000000000001}, "1-2": {"eta_c": 0.3654246192441482, "max_diff_c": 1.0263008775452107, "shift_c": -0.25}, "1-3": {"eta_c": 0.608242283581588, "max_diff_c": 1.4775682575934042, "shift_c": -0.75}, "1-4": {"eta_c": 24.757577054191756, "max_diff_c": 48.45924564535834, "shift_c": 18.375000000000007}, "1-5": {"eta_c": 1.3916343599731449, "max_diff_c": 3.462143696752357, "shift_c": 1.8125000000000002}, "1-6": {"eta_c": 1.3932834342412166, "max_diff_c": 3.3520700697684593, "shift_c": 1.8125000000000002}, "1-7": {"eta_c": 2.5413358273134876, "max_diff_c": 4.4193035265656, "shift_c": 4.187500000000001}, "1-8": {"eta_c": 1.5600562513710383, "max_diff_c": 2.951096762882714, "shift_c": 2.750000000000001}, "1-9": {"eta_c": 1.356572169928393, "max_diff_c": 3.411402481160021, "shift_c": 1.6250000000000002}, "1-10": {"eta_c": 1.3497106366686458, "max_diff_c": 3.321707030678514, "shift_c": 1.6875000000000002}, "1-11": {"eta_c": 2.5266267022178557, "max_diff_c": 5.197415848914433, "shift_c": 4.625000000000002}, "2-3": {"eta_c": 0.8922810748796637, "max_diff_c": 2.503869135138615, "shift_c": -0.5}, "2-4": {"eta_c": 24.49295747889902, "max_diff_c": 47.432944767813126, "shift_c": 18.625000000000007}, "2-5": {"eta_c": 1.3936767258660363, "max_diff_c": 3.8073208737471664, "shift_c": 2.0625000000000004}, "2-6": {"eta_c": 1.3791531689624983, "max_diff_c": 3.759747246763269, "shift_c": 2.1250000000000004}, "2-7": {"eta_c": 2.477682049915228, "max_diff_c": 4.739558514257466, "shift_c": 4.437500000000002}, "2-8": {"eta_c": 1.5604720016234, "max_diff_c": 3.2747009249293173, "shift_c": 3.000000000000001}, "2-9": {"eta_c": 1.364668211439265, "max_diff_c": 3.756579658154831, "shift_c": 1.8750000000000004}, "2-10": {"eta_c": 1.3477485103779894, "max_diff_c": 3.729384207673324, "shift_c": 2.0000000000000004}, "2-11": {"eta_c": 2.5485308833839193, "max_diff_c": 5.469808575346218, "shift_c": 4.875000000000001}, "3-4": {"eta_c": 25.303607552267497, "max_diff_c": 49.999313902951734, "shift_c": 19.062500000000007}, "3-5": {"eta_c": 1.7800578172756067, "max_diff_c": 3.238620990789141, "shift_c": 2.5000000000000004}, "3-6": {"eta_c": 1.7933834156019142, "max_diff_c": 3.189747999491321, "shift_c": 2.5625000000000004}, "3-7": {"eta_c": 3.030686564823826, "max_diff_c": 5.397256581491743, "shift_c": 4.875000000000001}, "3-8": {"eta_c": 2.0280146373970576, "max_diff_c": 3.952536847165065, "shift_c": 3.5000000000000013}, "3-9": {"eta_c": 1.7399836939037034, "max_diff_c": 3.185423205730292, "shift_c": 2.3125000000000004}, "3-10": {"eta_c": 1.7405036445786746, "max_diff_c": 3.15786547418497, "shift_c": 2.4375000000000004}, "3-11": {"eta_c": 2.9724123812411976, "max_diff_c": 6.307932574748247, "shift_c": 5.375000000000001}, "4-5": {"eta_c": 23.753646356361795, "max_diff_c": 48.86225007127812, "shift_c": -16.562500000000004}, "4-6": {"eta_c": 23.712773951601253, "max_diff_c": 48.66362237344886, "shift_c": -16.500000000000004}, "4-7": {"eta_c": 22.658509311394308, "max_diff_c": 46.90475632122061, "shift_c": -14.187500000000005}, "4-8": {"eta_c": 23.584861020102366, "max_diff_c": 48.10909443656719, "shift_c": -15.625000000000004}, "4-9": {"eta_c": 23.79367732279815, "max_diff_c": 48.93729626016534, "shift_c": -16.750000000000004}, "4-10": {"eta_c": 23.773702835255936, "max_diff_c": 48.80499416285156, "shift_c": -16.625000000000004}, "4-11": {"eta_c": 23.10611397663299, "max_diff_c": 48.26209680966149, "shift_c": -13.687500000000005}, "5-6": {"eta_c": 0.06373405965446652, "max_diff_c": 0.19862769782926648, "shift_c": 0.0625}, "5-7": {"eta_c": 1.3468169794287717, "max_diff_c": 3.206155600914846, "shift_c": 2.3750000000000004}, "5-8": {"eta_c": 0.5435501312845084, "max_diff_c": 1.9595441956292348, "shift_c": 0.9375}, "5-9": {"eta_c": 0.04353593263965849, "max_diff_c": 0.07504618888721382, "shift_c": -0.1875}, "5-10": {"eta_c": 0.05366771050601061, "max_diff_c": 0.09177642681038733, "shift_c": -0.0625}, "5-11": {"eta_c": 1.482854836026649, "max_diff_c": 4.672568173317999, "shift_c": 2.875000000000001}, "6-7": {"eta_c": 1.334495129835757, "max_diff_c": 3.2260301287361846, "shift_c": 2.3125000000000004}, "6-8": {"eta_c": 0.5495856173464194, "max_diff_c": 1.9794187234505731, "shift_c": 0.875}, "6-9": {"eta_c": 0.09064426199661953, "max_diff_c": 0.2736738867164803, "shift_c": -0.25}, "6-10": {"eta_c": 0.061571871808034605, "max_diff_c": 0.14137178940269735, "shift_c": -0.125}, "6-11": {"eta_c": 1.496149426962704, "max_diff_c": 4.692442699640536, "shift_c": 2.812500000000001}, "7-8": {"eta_c": 1.0150347678822407, "max_diff_c": 1.5092690422269435, "shift_c": -1.4375}, "7-9": {"eta_c": 1.3855150457851755, "max_diff_c": 3.2690050520267397, "shift_c": -2.5624999999999996}, "7-10": {"eta_c": 1.3839097061892895, "max_diff_c": 3.2803833124294326, "shift_c": -2.4375000000000004}, "7-11": {"eta_c": 0.7113098547698744, "max_diff_c": 1.6372796290887521, "shift_c": 0.4375}, "8-9": {"eta_c": 0.5626526236677695, "max_diff_c": 2.022393646741129, "shift_c": -1.1250000000000002}, "8-10": {"eta_c": 0.5680742714209359, "max_diff_c": 2.033771907143821, "shift_c": -1.0}, "8-11": {"eta_c": 1.0397733822126345, "max_diff_c": 2.65052398180103, "shift_c": 1.8750000000000004}, "9-10": {"eta_c": 0.04451712660448304, "max_diff_c": 0.13230209731378295, "shift_c": 0.125}, "9-11": {"eta_c": 1.5102478799375454, "max_diff_c": 4.7354176229310925, "shift_c": 3.062500000000001}, "10-11": {"eta_c": 1.523347031905681, "max_diff_c": 4.746795883333784, "shift_c": 2.937500000000001}}, "v10_distance": {"0-1": {"eta_c": 0.37873531223681406, "max_diff_c": 0.9383753159569324, "shift_c": 0.125}, "0-2": {"eta_c": 0.017974937871153313, "max_diff_c": 0.0392906222703715, "shift_c": 0.0}, "0-3": {"eta_c": 0.8058573606255233, "max_diff_c": 2.6034435735503365, "shift_c": -0.4375}, "0-4": {"eta_c": 22.98342627451098, "max_diff_c": 52.5208703294014, "shift_c": 13.500000000000005}, "0-5": {"eta_c": 1.8486651065223452, "max_diff_c": 4.705272575283441, "shift_c": 1.25}, "0-6": {"eta_c": 1.8163268553542087, "max_diff_c": 4.628494235894681, "shift_c": 1.3124999999999998}, "0-7": {"eta_c": 3.2389747718933557, "max_diff_c": 5.4424752320145435, "shift_c": 3.062500000000001}, "0-8": {"eta_c": 2.1672130028352927, "max_diff_c": 3.914985525087957, "shift_c": 2.0000000000000004}, "0-9": {"eta_c": 1.8105682881298444, "max_diff_c": 4.7001585095678, "shift_c": 1.1250000000000002},