{"pseudos": {"P.nc.pbe.z_5.oncvpsp3.dojo.v0.4.1-std.upf": 0, "P.nc.pbe.z_5.oncvpsp3.dojo.v0.4.1-str.upf": 1, "P.nc.pbe.z_5.oncvpsp4.spms.v1.upf": 2, "P.nc.pbe.z_5.oncvpsp4.sg15.v0.upf": 3, "P.us.pbe.z_5.uspp.gbrv.v1.5.upf": 4, "P.us.pbe.z_5.ld1.psl.v1.0.0-high.upf": 5, "P.us.pbe.z_5.ld1.psl.v1.0.0-low.upf": 6, "P.us.pbe.z_5.ld1.psl.v0.1.upf": 7, "P.paw.pbe.z_5.ld1.psl.v0.1.upf": 8, "P.paw.pbe.z_5.ld1.psl.v1.0.0-high.upf": 9, "P.paw.pbe.z_5.ld1.psl.v1.0.0-low.upf": 10, "P.paw.pbe.z_5.atompaw.jth.v1.1-std.upf": 11}, "v_distance": {"0-1": {"eta_c": 9.54497060164419e-08, "max_diff_c": 1.9910295634417707e-07, "shift_c": 0.0}, "0-2": {"eta_c": 0.15862097290587227, "max_diff_c": 0.868896190978699, "shift_c": -0.125}, "0-3": {"eta_c": 0.8006182654502249, "max_diff_c": 2.485285632287308, "shift_c": -1.75}, "0-4": {"eta_c": 1.8225950870518592, "max_diff_c": 8.492291445531551, "shift_c": -2.6249999999999996}, "0-5": {"eta_c": 1.789451983120775, "max_diff_c": 10.093421586285281, "shift_c": -1.6875000000000002}, "0-6": {"eta_c": 2.269070178413675, "max_diff_c": 6.531913972281559, "shift_c": -3.750000000000001}, "0-7": {"eta_c": 1.747079581374184, "max_diff_c": 4.888850654226097, "shift_c": -0.0625}, "0-8": {"eta_c": 1.3838192048186984, "max_diff_c": 6.576763818240288, "shift_c": -0.3125}, "0-9": {"eta_c": 1.6613544893833825, "max_diff_c": 7.913486785560348, "shift_c": -2.3750000000000004}, "0-10": {"eta_c": 2.0922995630249464, "max_diff_c": 4.837920480587813, "shift_c": -3.750000000000001}, "0-11": {"eta_c": 2.9241928713691707, "max_diff_c": 13.539494968941852, "shift_c": -4.500000000000002}, "1-2": {"eta_c": 0.15862100170209323, "max_diff_c": 0.8688963900816553, "shift_c": -0.125}, "1-3": {"eta_c": 0.8006182619083422, "max_diff_c": 2.4852855828877125, "shift_c": -1.75}, "1-4": {"eta_c": 1.8225951198338577, "max_diff_c": 8.492291644634507, "shift_c": -2.6249999999999996}, "1-5": {"eta_c": 1.7894520315553342, "max_diff_c": 10.093421785388237, "shift_c": -1.6875000000000002}, "1-6": {"eta_c": 2.269070196432129, "max_diff_c": 6.531914171384515, "shift_c": -3.750000000000001}, "1-7": {"eta_c": 1.7470796319811603, "max_diff_c": 4.8888506048265015, "shift_c": -0.0625}, "1-8": {"eta_c": 1.3838192041811241, "max_diff_c": 6.576763807916102, "shift_c": -0.3125}, "1-9": {"eta_c": 1.6613545246936805, "max_diff_c": 7.9134869846633045, "shift_c": -2.3750000000000004}, "1-10": {"eta_c": 2.0922995681291567, "max_diff_c": 4.8379205301037596, "shift_c": -3.750000000000001}, "1-11": {"eta_c": 2.9241928816396405, "max_diff_c": 13.539495168044809, "shift_c": -4.500000000000002}, "2-3": {"eta_c": 0.7209946436034681, "max_diff_c": 2.830081147098497, "shift_c": -1.6250000000000002}, "2-4": {"eta_c": 1.6925254591628982, "max_diff_c": 7.560895254552854, "shift_c": -2.4375000000000004}, "2-5": {"eta_c": 1.6668944500075482, "max_diff_c": 9.224525395306582, "shift_c": -1.5625}, "2-6": {"eta_c": 2.1860574131752957, "max_diff_c": 5.66301778130286, "shift_c": -3.6250000000000004}, "2-7": {"eta_c": 1.7542633495835906, "max_diff_c": 5.23403319537271, "shift_c": 0.0625}, "2-8": {"eta_c": 1.4880897854546182, "max_diff_c": 7.168854340657845, "shift_c": -0.1875}, "2-9": {"eta_c": 1.5354318849761077, "max_diff_c": 7.044590594581649, "shift_c": -2.2500000000000004}, "2-10": {"eta_c": 2.0237721226174994, "max_diff_c": 4.83795629081697, "shift_c": -3.6250000000000004}, "2-11": {"eta_c": 2.817850250017776, "max_diff_c": 12.608098777963153, "shift_c": -4.312500000000001}, "3-4": {"eta_c": 1.2917274430475616, "max_diff_c": 7.802434021802181, "shift_c": -0.875}, "3-5": {"eta_c": 1.557582370932256, "max_diff_c": 9.40356416255591, "shift_c": 0.0625}, "3-6": {"eta_c": 1.7385562084908173, "max_diff_c": 5.842056548552186, "shift_c": -2.0}, "3-7": {"eta_c": 1.9288630565803497, "max_diff_c": 4.511723132139053, "shift_c": 1.6875000000000002}, "3-8": {"eta_c": 1.600490297710621, "max_diff_c": 6.741879207974107, "shift_c": 1.4375}, "3-9": {"eta_c": 1.2080662175675858, "max_diff_c": 7.223629361830977, "shift_c": -0.625}, "3-10": {"eta_c": 1.51430504155057, "max_diff_c": 3.5349163043292258, "shift_c": -2.0}, "3-11": {"eta_c": 2.333762145844621, "max_diff_c": 12.84963754521248, "shift_c": -2.75}, "4-5": {"eta_c": 0.7826394161987125, "max_diff_c": 2.24301572887061, "shift_c": 0.9375}, "4-6": {"eta_c": 1.1797558732039597, "max_diff_c": 4.100687290844853, "shift_c": -1.1250000000000002}, "4-7": {"eta_c": 2.0352090920982135, "max_diff_c": 6.886585580521776, "shift_c": 2.5625000000000004}, "4-8": {"eta_c": 2.4268589194473256, "max_diff_c": 14.318954840478575, "shift_c": 2.3125000000000004}, "4-9": {"eta_c": 0.2859855961969399, "max_diff_c": 0.8433339449478368, "shift_c": 0.1875}, "4-10": {"eta_c": 1.2627891322264169, "max_diff_c": 4.50382920792746, "shift_c": -1.1875000000000002}, "4-11": {"eta_c": 1.3442404831015593, "max_diff_c": 5.0472035234103, "shift_c": -1.875}, "5-6": {"eta_c": 1.3320044022272253, "max_diff_c": 4.174949943290073, "shift_c": -2.0625}, "5-7": {"eta_c": 1.6133161156887457, "max_diff_c": 8.33120562786306, "shift_c": 1.6250000000000002}, "5-8": {"eta_c": 2.393215837418121, "max_diff_c": 15.920084981232305, "shift_c": 1.375}, "5-9": {"eta_c": 0.5707753810398914, "max_diff_c": 2.1799348007249333, "shift_c": -0.6875}, "5-10": {"eta_c": 1.5360217709185857, "max_diff_c": 5.806147858226684, "shift_c": -2.125}, "5-11": {"eta_c": 1.769841680228835, "max_diff_c": 4.372737133634956, "shift_c": -2.8125}, "6-7": {"eta_c": 2.004801171349768, "max_diff_c": 5.823120755143288, "shift_c": 3.6875000000000013}, "6-8": {"eta_c": 2.388169270434698, "max_diff_c": 12.358577367228582, "shift_c": 3.4375000000000013}, "6-9": {"eta_c": 1.1358512280465278, "max_diff_c": 3.5814743074539095, "shift_c": 1.375}, "6-10": {"eta_c": 0.434013171900981, "max_diff_c": 2.3071402442229605, "shift_c": 0.0}, "6-11": {"eta_c": 1.3032865466993813, "max_diff_c": 7.007580996660295, "shift_c": -0.75}, "7-8": {"eta_c": 1.4081963141270595, "max_diff_c": 7.588879353369244, "shift_c": -0.25}, "7-9": {"eta_c": 1.7893372218276884, "max_diff_c": 6.583365243728217, "shift_c": -2.3125000000000004}, "7-10": {"eta_c": 2.057291854910634, "max_diff_c": 4.944596907406386, "shift_c": -3.687500000000001}, "7-11": {"eta_c": 2.857160027974733, "max_diff_c": 11.777279010519631, "shift_c": -4.437500000000002}, "8-9": {"eta_c": 2.2504397407256564, "max_diff_c": 13.74015018050737, "shift_c": -2.0625}, "8-10": {"eta_c": 2.168702229107827, "max_diff_c": 10.05143712300562, "shift_c": -3.4375000000000004}, "8-11": {"eta_c": 3.2228493585645923, "max_diff_c": 19.366158363888875, "shift_c": -4.187500000000001}, "9-10": {"eta_c": 1.2291834439272642, "max_diff_c": 3.922116224536516, "shift_c": -1.375}, "9-11": {"eta_c": 1.4826542522399757, "max_diff_c": 5.626008183381504, "shift_c": -2.125}, "10-11": {"eta_c": 1.439506205717025, "max_diff_c": 9.252221240883255, "shift_c": -0.6875}}, "v10_distance": {"0-1": {"eta_c": 8.015417434316834e-08, "max_diff_c": 1.9910295634417707e-07, "shift_c": 0.0}, "0-2": {"eta_c": 0.2804448490214601, "max_diff_c": 1.6732014490209792, "shift_c": -0.0625}, "0-3": {"eta_c": 3.991701486591416, "max_diff_c": 20.158075941047613, "shift_c": 1.1250000000000002}, "0-4": {"eta_c": 1.7492666158681827, "max_diff_c": 7.742291445531553, "shift_c": -1.875}, "0-5": {"eta_c": 2.071711156225844, "max_diff_c": 8.968421586285281, "shift_c": -0.5625000000000001}, "0-6": {"eta_c": 4.4656475924731005, "max_diff_c": 11.084542215965485, "shift_c": 0.125}, "0-7": {"eta_c": 3.4768191371367596, "max_diff_c": 21.540394411135082, "shift_c": -0.8125000000000001}, "0-8": {"eta_c": 4.0033634791952, "max_diff_c": 22.500943611905598, "shift_c": 0.4375}, "0-9": {"eta_c": 2.069124816841892, "max_diff_c": 6.5964712944798976, "shift_c": -0.9375}, "0-10": {"eta_c": 4.8880093183229425, "max_diff_c": 12.880227279996326, "shift_c": 0.5}, "0-11": {"eta_c": 2.5685489373120607, "max_diff_c": 12.101994968941852, "shift_c": -3.0625}, "1-2": {"eta_c": 0.28044484873736253,