{"pseudos": ["PSL-US-v1-high-13", "PSL-PAW-v1-high-13", "MARBURG-13"], "v_distance": {"eta": [[0.0, 5.550374491980563, 10.757467302647292], [11.579107033303785, 0.0, 5.444849564191638], [22.140626448604905, 12.08360835437725, 0.0]], "shift": [[0.0, 3.812500000000001, 9.375000000000004], [-3.812500000000001, 0.0, 5.562500000000002], [-9.375000000000004, -5.562500000000002, 0.0]]}, "v10_distance": {"eta": [[0.0, 6.226894369334004, 14.752690833927776], [15.60364377009546, 0.0, 9.41128185571439], [71.6698783566147, 77.12047881936238, 0.0]], "shift": [[0.0, 0.75, 0.5], [-0.75, 0.0, -0.25], [-0.5, 0.25, 0.0]]}}