{"pseudos": {"Pb.nc.pbe.z_14.oncvpsp3.dojo.v0.4.1-std.upf": 0, "Pb.nc.pbe.z_22.oncvpsp3.dojo.v0.4.1-str.upf": 1, "Pb.nc.pbe.z_14.oncvpsp4.dojo.v0.5.0-std.upf": 2, "Pb.nc.pbe.z_14.oncvpsp4.spms.v1.upf": 3, "Pb.nc.pbe.z_14.oncvpsp4.sg15.v0.upf": 4, "Pb.us.pbe.z_14.uspp.gbrv.v1.upf": 5, "Pb.us.pbe.z_14.ld1.psl.v1.0.0-high.upf": 6, "Pb.us.pbe.z_14.ld1.psl.v0.2.2.upf": 7, "Pb.paw.pbe.z_14.ld1.psl.v0.2.2.upf": 8, "Pb.paw.pbe.z_14.ld1.psl.v1.0.0-high.upf": 9, "Pb.paw.pbe.z_14.atompaw.jth.v1.1-std.upf": 10, "Pb.paw.pbe.z_4.atompaw.jth.v1.1-str.upf": 11}, "v_distance": {"0-1": {"eta_c": 4.203116876894096, "max_diff_c": 19.45476328522952, "shift_c": 10.562500000000002}, "0-2": {"eta_c": 1909.8045749936516, "max_diff_c": 5818.167841859817, "shift_c": 137.6875000000001}, "0-3": {"eta_c": 2.207773414488254, "max_diff_c": 5.395790731109116, "shift_c": -1.1250000000000002}, "0-4": {"eta_c": 0.9808223806071467, "max_diff_c": 10.049116828381345, "shift_c": 3.125000000000001}, "0-5": {"eta_c": 2.602456268082391, "max_diff_c": 14.221958329511228, "shift_c": 7.000000000000003}, "0-6": {"eta_c": 6.604106743514363, "max_diff_c": 12.53933090276286, "shift_c": 10.875000000000004}, "0-7": {"eta_c": 4.220332558199501, "max_diff_c": 8.056883101558329, "shift_c": 5.500000000000002}, "0-8": {"eta_c": 2.0725710669553714, "max_diff_c": 4.499161897847955, "shift_c": 2.4375000000000004}, "0-9": {"eta_c": 2.5324497429008335, "max_diff_c": 5.30717663210156, "shift_c": 4.000000000000001}, "0-10": {"eta_c": 4.5715068410731305, "max_diff_c": 20.54211157103052, "shift_c": 6.687500000000003}, "0-11": {"eta_c": 12.073922711751289, "max_diff_c": 43.12111799742448, "shift_c": 15.437500000000004}, "1-2": {"eta_c": 1907.121585719203, "max_diff_c": 5814.231053523119, "shift_c": -127.06250000000006}, "1-3": {"eta_c": 5.988625707186596, "max_diff_c": 21.887560400691473, "shift_c": 11.750000000000004}, "1-4": {"eta_c": 3.5731202152347503, "max_diff_c": 9.481721106906722, "shift_c": 7.4375000000000036}, "1-5": {"eta_c": 1.6338220530715946, "max_diff_c": 5.232804965990967, "shift_c": 3.5625000000000013}, "1-6": {"eta_c": 2.706490684585346, "max_diff_c": 6.915432382480873, "shift_c": -0.3125}, "1-7": {"eta_c": 1.3444349847228896, "max_diff_c": 14.38295175374441, "shift_c": 5.062500000000001}, "1-8": {"eta_c": 2.371405713985481, "max_diff_c": 17.524899332217444, "shift_c": 8.187500000000002}, "1-9": {"eta_c": 1.8573756546586935, "max_diff_c": 14.147586653170594, "shift_c": 6.562500000000003}, "1-10": {"eta_c": 1.3517299226968462, "max_diff_c": 10.105812864227588, "shift_c": 3.937500000000001}, "1-11": {"eta_c": 13.308913604218501, "max_diff_c": 56.20088128253853, "shift_c": 19.625000000000007}, "2-3": {"eta_c": 1911.3197016143902, "max_diff_c": 5817.997233974573, "shift_c": -138.81250000000006}, "2-4": {"eta_c": 1909.6419005150706, "max_diff_c": 5818.9534746879535, "shift_c": -134.56250000000006}, "2-5": {"eta_c": 1908.249386035081, "max_diff_c": 5815.886399325624, "shift_c": -130.68750000000006}, "2-6": {"eta_c": 1904.9781924905158, "max_diff_c": 5810.575158753355, "shift_c": -126.75000000000006}, "2-7": {"eta_c": 1906.4947664856954, "max_diff_c": 5811.784922255526, "shift_c": -132.12500000000006}, "2-8": {"eta_c": 1908.206819216857, "max_diff_c": 5815.716363441451, "shift_c": -135.25000000000006}, "2-9": {"eta_c": 1907.9219020019088, "max_diff_c": 5815.327088788893, "shift_c": -133.68750000000006}, "2-10": {"eta_c": 1906.4961103082633, "max_diff_c": 5812.0003053626115, "shift_c": -131.00000000000006}, "2-11": {"eta_c": 2233.287482018268, "max_diff_c": 3484.4888311759128, "shift_c": -2211.3750000000023}, "3-4": {"eta_c": 2.5463629053886474, "max_diff_c": 12.419413943843296, "shift_c": 4.250000000000001}, "3-5": {"eta_c": 4.4284261152329, "max_diff_c": 16.592255444973176, "shift_c": 8.125000000000002}, "3-6": {"eta_c": 8.452232365630335, "max_diff_c": 16.195861169711417, "shift_c": 12.062500000000004}, "3-7": {"eta_c": 6.1413709567133505, "max_diff_c": 12.047643016097519, "shift_c": 6.625000000000003}, "3-8": {"eta_c": 4.0843344250072215, "max_diff_c": 8.489921812387147, "shift_c": 3.5625000000000013}, "3-9": {"eta_c": 4.499769859641269, "max_diff_c": 8.79662851247649, "shift_c": 5.125000000000001}, "3-10": {"eta_c": 6.3453317610351805, "max_diff_c": 22.91240868649247, "shift_c": 7.812500000000002}, "3-11": {"eta_c": 13.224611393624537, "max_diff_c": 43.43832088197673, "shift_c": 17.000000000000004}, "4-5": {"eta_c": 2.011965747817663, "max_diff_c": 4.733239503950032, "shift_c": 3.875000000000001}, "4-6": {"eta_c": 6.0980356161149585, "max_diff_c": 11.125011498143014, "shift_c": 7.750000000000003}, "4-7": {"eta_c": 3.8116674139213913, "max_diff_c": 7.421763558359757, "shift_c": 2.3750000000000004}, "4-8": {"eta_c": 1.8035156380134085, "max_diff_c": 8.056752875459864, "shift_c": -0.6875}, "4-9": {"eta_c": 2.1433582970935796, "max_diff_c": 4.7419401963224175, "shift_c": 0.875}, "4-10": {"eta_c": 4.045478793539081, "max_diff_c": 10.492994742649175, "shift_c": 3.5625000000000013}, "4-11": {"eta_c": 12.827980483722552, "max_diff_c": 52.29523482578095, "shift_c": 17.687500000000004}, "5-6": {"eta_c": 4.200993514031626, "max_diff_c": 8.409988839503796, "shift_c": 3.937500000000001}, "5-7": {"eta_c": 2.064938895086927, "max_diff_c": 9.150146791984724, "shift_c": -1.5}, "5-8": {"eta_c": 1.1116880127614737, "max_diff_c": 12.229594374584238, "shift_c": -4.562500000000001}, "5-9": {"eta_c": 0.8176011415530697, "max_diff_c": 8.9147816974523, "shift_c": -3.0000000000000004}, "5-10": {"eta_c": 2.2335119056090043, "max_diff_c": 6.452206840658441, "shift_c": -0.3125}, "5-11": {"eta_c": 13.143057562652748, "max_diff_c": 53.468076326130124, "shift_c": 18.562500000000007}, "6-7": {"eta_c": 2.4393510550339244, "max_diff_c": 7.46751937139321, "shift_c": -5.375000000000001}, "6-8": {"eta_c": 4.554607283369766, "max_diff_c": 10.609466949866247, "shift_c": -8.500000000000002}, "6-9": {"eta_c": 4.0740157861552575, "max_diff_c": 7.422019063820524, "shift_c": -6.937500000000003}, "6-10": {"eta_c": 2.479017238765379, "max_diff_c": 11.233661494301074, "shift_c": -4.250000000000001}, "6-11": {"eta_c": 12.140523483604978, "max_diff_c": 45.28544890018733, "shift_c": 15.937500000000004}, "7-8": {"eta_c": 2.1560421872565283, "max_diff_c": 3.868941185925877, "shift_c": -3.0625}, "7-9": {"eta_c": 1.709462235780673, "max_diff_c": 3.4796665333675634, "shift_c": -1.5}, "7-10": {"eta_c": 1.2500373951975032, "max_diff_c": 15.470300036637513, "shift_c": 1.1875000000000002}, "7-11": {"eta_c": 11.82539107050988, "max_diff_c": 41.50542953414539, "shift_c": 14.250000000000002}, "8-9": {"eta_c": 0.5223859478092907, "max_diff_c": 3.314812679204948, "shift_c": 1.5625}, "8-10": {"eta_c": 2.665781800121518, "max_diff_c": 18.54974761610353, "shift_c": 4.250000000000001}, "8-11": {"eta_c": 11.80795263183551, "max_diff_c": 41.800981951545886, "shift_c": 14.562500000000002}, "9-10": {"eta_c": 2.2062989069336885, "max_diff_c": 15.234934938971591, "shift_c": 2.6875000000000004}, "9-11": {"eta_c": 12.06777739027883, "max_diff_c": 44.428294629526036, "shift_c": 15.437500000000004}, "10-11": {"eta_c": 13.449836557623893, "max_diff_c": 56.66322956764941, "shift_c": 15.125000000000004}}, "v10_distance": {"0-1": {"eta_c": 28.217911283994624, "max_diff_c": 255.06100522987302, "shift_c": -1.875}, "0-2": {"eta_c": 1589.7182891630919, "max_diff_c": 5791.105341859816, "shift_c": 110.62500000000007}, "0-3": {"eta_c": 8.180000051032494, "max_diff_c": 54.42425537337773, "shift_c": -3.937500000000001}, "0-4": {"eta_c": 19.036402744434827, "max_diff_c": 187.5691719166913, "shift_c": -4.250000000000001}, "0-5": {"eta_c": 379.0506944623318, "max_diff_c": 2547.760317949937, "shift_c": -105.62500000000004}, "0-6": {"eta_c": 7.519402499414384, "max_diff_c": 20.694427997156314, "shift_c": 7.5000000000000036}, "0-7": {"eta_c": 4.148094200180018, "max_diff_c": 14.274807168486333, "shift_c": 4.312500000000001}, "0-8": {"eta_c": 2.377022585970095, "max_diff_c": 17.632876733262233,