{"pseudos": ["DOJO-041-std-18", "SPMS-18", "SG15-18", "GBRV-1.X-16", "PSL-US-v1-high-18", "PSL-US-v1-low-10", "PSL-US-v0.x-10", "PSL-PAW-v0.x-10", "PSL-PAW-v1-high-18", "PSL-PAW-v1-low-10", "JTH-1.1-std-18"], "v_distance": {"eta_c": [[0.0, 29.828997884345178, 28.06776657126057, 12.624231329181645, 17.021165370593614, 2.894165506636255, 9.175426480103074, 7.466047911096064, 9.907624044650888, 2.1409162254961522, 14.739014072797744], [29.828997884345178, 0.0, 56.109304833830784, 25.344111009212256, 45.79638138709944, 8.048061924630813, 18.493222374425415, 16.820603736569513, 39.10487380459445, 10.727393310975476, 36.277669834981474], [28.06776657126057, 56.109304833830784, 0.0, 10.568220754953542, 11.744293784930852, 7.052688811708004, 5.554219474142422, 3.4697189608238466, 18.43506367569642, 3.8780041751335705, 29.769833647211026], [12.624231329181645, 25.344111009212256, 10.568220754953542, 0.0, 1.3837620325559996, 3.822558289224463, 8.271742875795022, 6.527167100751046, 5.678532685232831, 1.8711160832812528, 19.23819854695995], [17.021165370593614, 45.79638138709944, 11.744293784930852, 1.3837620325559996, 0.0, 2.820270090257228, 9.383775983946379, 7.667762809250891, 7.142457810660547, 2.110683034812367, 22.235047427740184], [2.894165506636255, 8.048061924630813, 7.052688811708004, 3.822558289224463, 2.820270090257228, 0.0, 10.679235382264459, 9.245717105235197, 2.832037475192607, 3.3490524030724145, 21.34073969651491], [9.175426480103074, 18.493222374425415, 5.554219474142422, 8.271742875795022, 9.383775983946379, 10.679235382264459, 0.0, 2.2388257279292265, 8.853140118924523, 7.951991060379846, 12.817149962620558], [7.466047911096064, 16.820603736569513, 3.4697189608238466, 6.527167100751046, 7.667762809250891, 9.245717105235197, 2.2388257279292265, 0.0, 7.217821729679507, 6.225404646357907, 14.202353312971486], [9.907624044650888, 39.10487380459445, 18.43506367569642, 5.678532685232831, 7.142457810660547, 2.832037475192607, 8.853140118924523, 7.217821729679507, 0.0, 1.9110185123765095, 17.334801280433023], [2.1409162254961522, 10.727393310975476, 3.8780041751335705, 1.8711160832812528, 2.110683034812367, 3.3490524030724145, 7.951991060379846, 6.225404646357907, 1.9110185123765095, 0.0, 19.090929262632695], [14.739014072797744, 36.277669834981474, 29.769833647211026, 19.23819854695995, 22.235047427740184, 21.34073969651491, 12.817149962620558, 14.202353312971486, 17.334801280433023, 19.090929262632695, 0.0]], "max_diff_c": [[0.0, 75.81677167726684, 50.55147563032755, 16.62397127708783, 35.08116513927779, 9.597443621225736, 29.328129217107, 24.181813266413055, 20.750666612157374, 7.784086448149197, 133.45257036045948], [75.81677167726684, 0.0, 126.36824730759439, 44.10644629390828, 110.89758143778533, 25.561816634687442, 61.536465841038385, 56.39014989034444, 96.56708291066491, 34.109404712718494, 175.98325389602715], [50.55147563032755, 126.36824730759439, 0.0, 27.996138076612525, 26.833291011407397, 20.71203494848619, 18.553954286871416, 13.40763833617747, 30.570739368751422, 12.871183743364597, 98.80326293290852], [16.62397127708783, 44.10644629390828, 27.996138076612525, 0.0, 5.6492600639506065, 10.434606027395573, 38.67509236348394, 33.528776412789995, 9.004081878523152, 11.248031235164044, 124.42479388036534], [35.08116513927779, 110.89758143778533, 26.833291011407397, 5.6492600639506065, 0.0, 8.473914377552674, 34.289794880549344, 30.090302745700466, 14.330561386946213, 12.254063682501666, 125.63655394431595], [9.597443621225736, 25.561816634687442, 20.71203494848619, 10.434606027395573, 8.473914377552674, 0.0, 36.08701896678888, 30.940703016094933, 8.142409385233051, 9.244469658317131, 131.2339372613397], [29.328129217107, 61.536465841038385, 18.553954286871416, 38.67509236348394, 34.289794880549344, 36.08701896678888, 0.0, 5.823056669002271, 31.691982005570733, 27.4270611283199, 105.05702029608923], [24.181813266413055, 56.39014989034444, 13.40763833617747, 33.528776412789995, 30.090302745700466, 30.940703016094933, 5.823056669002271, 0.0, 27.890251103044488, 22.28074517762595, 108.85875119861548], [20.750666612157374, 96.56708291066491, 30.570739368751422, 9.004081878523152, 14.330561386946213, 8.142409385233051, 31.691982005570733, 27.890251103044488, 0.0, 10.054012039845686, 129.37400230165997], [7.784086448149197, 34.109404712718494, 12.871183743364597, 11.248031235164044, 12.254063682501666, 9.244469658317131, 27.4270611283199, 22.28074517762595, 10.054012039845686, 0.0, 126.69499026181427], [133.45257036045948, 175.98325389602715, 98.80326293290852, 124.42479388036534, 125.63655394431595, 131.2339372613397, 105.05702029608923, 108.85875119861548, 129.37400230165997, 126.69499026181427, 0.0]], "shift_c": [[0.0, 5.437500000000002, -15.062500000000007, 7.375000000000003, -13.687500000000005, 1.375, -12.875000000000005, -12.312500000000004, -7.875000000000002, -5.187500000000001, 24.5625], [-5.437500000000002, 0.0, -20.500000000000004, 3.2500000000000013, -19.125000000000007, -11.687500000000004, -25.93750000000001, -25.375000000000007, -13.312500000000005, -18.250000000000007, 19.125000000000007], [15.062500000000007, 20.500000000000004, 0.0, -1.25, 1.375, 10.375000000000002, -3.875000000000001, -3.3125000000000004, 7.187500000000003, 3.812500000000001, 39.625000000000014], [-7.375000000000003, -3.2500000000000013, 1.25, 0.0, -1.8124999999999998, 3.7500000000000013, -10.500000000000002, -9.937500000000002, 2.1250000000000004, -2.8125, 32.00000000000001], [13.687500000000005, 19.125000000000007, -1.375, 1.8124999999999998, 0.0, 1.6875000000000002, -12.500000000000004, -12.000000000000004, 5.812500000000002, -4.875000000000001, 38.250000000000014], [-1.375, 11.687500000000004, -10.375000000000002, -3.7500000000000013, -1.6875000000000002, 0.0, 14.250000000000002, 13.687500000000005, 1.5625, 6.562500000000003, 26.625000000000004], [12.875000000000005, 25.93750000000001, 3.875000000000001, 10.500000000000002, 12.500000000000004, -14.250000000000002, 0.0, -0.5625000000000001, -12.687500000000004, -7.687500000000002, 12.375000000000004], [12.312500000000004, 25.375000000000007, 3.3125000000000004, 9.937500000000002, 12.000000000000004, -13.687500000000005, 0.5625000000000001, 0.0, -12.125000000000004, -7.125000000000003, 12.937500000000005], [7.875000000000002, 13.312500000000005, -7.187500000000003, -2.1250000000000004, -5.812500000000002, -1.5625, 12.687500000000004, 12.125000000000004, 0.0, -5.000000000000001, 32.43750000000001], [5.187500000000001, 18.250000000000007, -3.812500000000001, 2.8125, 4.875000000000001, -6.562500000000003, 7.687500000000002, 7.125000000000003, 5.000000000000001, 0.0, 20.062500000000004], [-24.5625, -19.125000000000007, -39.625000000000014, -32.00000000000001, -38.250000000000014, -26.625000000000004, -12.375000000000004, -12.937500000000005, -32.43750000000001, -20.062500000000004, 0.0]]},