{"pseudos": {"Pm.us.pbe.z_25.ld1.psl.v1.0.0-high.upf": 0, "Pm.us.pbe.z_11.ld1.psl.v1.0.0-low.upf": 1, "Pm.paw.pbe.z_25.ld1.psl.v1.0.0-high.upf": 2, "Pm.paw.pbe.z_11.ld1.psl.v1.0.0-low.upf": 3, "Pm.paw.pbe.z_15.atompaw.jth.v1.1-std.upf": 4, "Pm.paw.pbe.z_15.atompaw.wentzcovitch.v1.0.legacy.upf": 5}, "v_distance": {"0-1": {"eta_c": 8486.634178455057, "max_diff_c": 11919.772565731984, "shift_c": 11223.437500000011}, "0-2": {"eta_c": 11.303829904214622, "max_diff_c": 15.045758277740138, "shift_c": 9.625000000000004}, "0-3": {"eta_c": 8485.670763584187, "max_diff_c": 11917.400165346919, "shift_c": 11221.375000000013}, "0-4": {"eta_c": 15.666465235709081, "max_diff_c": 38.706691265633985, "shift_c": -12.187500000000004}, "0-5": {"eta_c": 12.969514112983326, "max_diff_c": 28.186297720019862, "shift_c": -11.687500000000004}, "1-2": {"eta_c": 8486.660818487402, "max_diff_c": 11919.185596327114, "shift_c": 11224.625000000015}, "1-3": {"eta_c": 1.7860952568298971, "max_diff_c": 4.103772693586862, "shift_c": 2.0000000000000004}, "1-4": {"eta_c": 8487.457298750594, "max_diff_c": 11925.325838957811, "shift_c": 11231.437500000013}, "1-5": {"eta_c": 8487.30229976426, "max_diff_c": 11926.089351031515, "shift_c": 11233.250000000013}, "2-3": {"eta_c": 8485.698088941312, "max_diff_c": 11916.813195942048, "shift_c": 11222.562500000013}, "2-4": {"eta_c": 10.445336098832836, "max_diff_c": 20.798343961012446, "shift_c": -10.187500000000002}, "2-5": {"eta_c": 9.077009442157358, "max_diff_c": 19.90166773125624, "shift_c": -9.625000000000002}, "3-4": {"eta_c": 8486.493477317897, "max_diff_c": 11922.953438572744, "shift_c": 11229.375000000011}, "3-5": {"eta_c": 8486.338348702764, "max_diff_c": 11923.716950646449, "shift_c": 11231.187500000013}, "4-5": {"eta_c": 4.165460546205778, "max_diff_c": 11.839391503049711, "shift_c": -0.5625000000000001}}, "v10_distance": {"0-1": {"eta_c": 10114.92187419358, "max_diff_c": 17977.260689301394, "shift_c": 4170.187500000005}, "0-2": {"eta_c": 10.174143035154342, "max_diff_c": 17.48485379194523, "shift_c": 7.062500000000003}, "0-3": {"eta_c": 10113.201414115518, "max_diff_c": 17972.71601779012, "shift_c": 4169.562500000005}, "0-4": {"eta_c": 14.517716366366054, "max_diff_c": 39.83169126563399, "shift_c": -11.062500000000004}, "0-5": {"eta_c": 13.708301737150881, "max_diff_c": 33.43544482251923, "shift_c": -10.062500000000002}, "1-2": {"eta_c": 10115.676358341647, "max_diff_c": 17975.349379412706, "shift_c": 4169.500000000005}, "1-3": {"eta_c": 2.4043733865389307, "max_diff_c": 6.209615695827466, "shift_c": 0.625}, "1-4": {"eta_c": 10118.969409407167, "max_diff_c": 17989.919292859893, "shift_c": 4173.3125000000055}, "1-5": {"eta_c": 10119.635492545664, "max_diff_c": 17991.38755139666, "shift_c": 4173.5000000000055}, "2-3": {"eta_c": 10113.956065112323, "max_diff_c": 17970.74220790143, "shift_c": 4168.9375000000055}, "2-4": {"eta_c": 9.866818789706354, "max_diff_c": 44.66348669544624, "shift_c": -8.500000000000002}, "2-5": {"eta_c": 9.108833393921271, "max_diff_c": 22.765020470027736, "shift_c": -7.562500000000002}, "3-4": {"eta_c": 10117.248782066841, "max_diff_c": 17985.374621348616, "shift_c": 4172.6875000000055}, "3-5": {"eta_c": 10117.914787944179, "max_diff_c": 17986.780379885382, "shift_c": 4172.9375000000055}, "4-5": {"eta_c": 5.447549470756497, "max_diff_c": 40.14444105392826, "shift_c": -0.9375}}}