{"pseudos": ["DOJO-041-std-16", "DOJO-041-str-24", "DOJO-050-std-16", "PSL-US-v1-high-16", "PSL-PAW-v1-high-16", "JTH-1.1-std-6"], "v_distance": {"eta_c": [[0.0, 7.730356331424579, 1250.6995071801298, 10.066261477687856, 9.176735555284123, 14.714788508764093], [7.730356331424579, 0.0, 1255.65236359486, 2.8393429955487313, 2.065928524933332, 15.696526649975679], [1250.6995071801298, 1255.65236359486, 0.0, 1256.2600541692934, 1255.9168126907473, 1593.7487299319505], [10.066261477687856, 2.8393429955487313, 1256.2600541692934, 0.0, 0.9131932408653215, 13.905920093272066], [9.176735555284123, 2.065928524933332, 1255.9168126907473, 0.9131932408653215, 0.0, 14.139833917915807], [14.714788508764093, 15.696526649975679, 1593.7487299319505, 13.905920093272066, 14.139833917915807, 0.0]], "max_diff_c": [[0.0, 12.21602560120164, 3738.4374034331618, 14.656539844551196, 13.418493400257352, 68.86563439044674], [12.21602560120164, 0.0, 3748.7907395816205, 13.692532849108975, 12.468627020602769, 78.93260087837555], [3738.4374034331618, 3748.7907395816205, 0.0, 3749.0973615628614, 3748.890336985457, 2719.6704209397312], [14.656539844551196, 13.692532849108975, 3749.0973615628614, 0.0, 1.6512682141389945, 68.30256802926658], [13.418493400257352, 12.468627020602769, 3748.890336985457, 1.6512682141389945, 0.0, 68.40147385777279], [68.86563439044674, 78.93260087837555, 2719.6704209397312, 68.30256802926658, 68.40147385777279, 0.0]], "shift_c": [[0.0, -0.007062500000000003, -0.20237500000000014, -0.014250000000000006, -0.013000000000000006, 0.019312500000000007], [0.007062500000000003, 0.0, 0.19531250000000014, 0.007187500000000003, 0.005937500000000002, 0.02212500000000001], [0.20237500000000014, -0.19531250000000014, 0.0, 0.18806250000000013, 0.18931250000000013, -1.1872500000000012], [0.014250000000000006, -0.007187500000000003, -0.18806250000000013, 0.0, 0.00125, 0.01800000000000001], [0.013000000000000006, -0.005937500000000002, -0.18931250000000013, -0.00125, 0.0, 0.01812500000000001], [-0.019312500000000007, -0.02212500000000001, 1.1872500000000012, -0.01800000000000001, -0.01812500000000001, 0.0]]}, "v10_distance": {"eta_c": [[0.0, 36.294696958494896, 1053.578070513023, 10.532778077947608, 9.580057988871093, 169.87894184547324], [36.294696958494896, 0.0, 1055.1573063105109, 38.08552179312251, 37.58725479774451, 210.91116523250378], [1053.578070513023, 1055.1573063105109, 0.0, 1058.0041623554057, 1057.7160057650933, 1203.8659504339255], [10.532778077947608, 38.08552179312251, 1058.0041623554057, 0.0, 1.0017294068348608, 170.79958603207663], [9.580057988871093, 37.58725479774451, 1057.7160057650933, 1.0017294068348608, 0.0, 170.97792373879966], [169.87894184547324, 210.91116523250378, 1203.8659504339255, 170.79958603207663, 170.97792373879966, 0.0]], "max_diff_c": [[0.0, 316.2744190316394, 3748.1874034331618, 15.246057800167835, 13.964687367502055, 743.5848560212037], [316.2744190316394, 0.0, 3770.9157395816205, 306.8711919186423, 305.3858197185171, 970.9258631384334], [3748.1874034331618, 3770.9157395816205, 0.0, 3754.8473615628614, 3755.015336985457, 3145.9204209397317], [15.246057800167835, 306.8711919186423, 3754.8473615628614, 0.0, 1.5478722001252407, 756.4189216382916], [13.964687367502055, 305.3858197185171, 3755.015336985457, 1.5478722001252407, 0.0, 757.0550240145947], [743.5848560212037, 970.9258631384334, 3145.9204209397317, 756.4189216382916, 757.0550240145947, 0.0]], "shift_c": [[0.0, -0.018937500000000006, -0.19262500000000013, -0.010375000000000002, -0.009500000000000003, -0.09250000000000003], [0.018937500000000006, 0.0, 0.17318750000000013, -0.008625000000000002, -0.009437500000000003, -0.11318750000000007], [0.19262500000000013, -0.17318750000000013, 0.0, 0.18231250000000013, 0.18318750000000014, -0.7610000000000006], [0.010375000000000002, 0.008625000000000002, -0.18231250000000013, 0.0, 0.000875, -0.09350000000000003], [0.009500000000000003, 0.009437500000000003, -0.18318750000000014, -0.000875, 0.0, -0.09350000000000003], [0.09250000000000003, 0.11318750000000007, 0.7610000000000006, 0.09350000000000003, 0.09350000000000003, 0.0]]}}