{"pseudos": {"Po.nc.pbe.z_16.oncvpsp3.dojo.v0.4.1-std.upf": 0, "Po.nc.pbe.z_24.oncvpsp3.dojo.v0.4.1-str.upf": 1, "Po.nc.pbe.z_16.oncvpsp4.dojo.v0.5.0-std.upf": 2, "Po.us.pbe.z_16.ld1.psl.v1.0.0-high.upf": 3, "Po.paw.pbe.z_16.ld1.psl.v1.0.0-high.upf": 4, "Po.paw.pbe.z_6.atompaw.jth.v1.1-std.upf": 5}, "v_distance": {"0-1": {"eta_c": 7.730356331424579, "max_diff_c": 12.21602560120164, "shift_c": -7.062500000000003}, "0-2": {"eta_c": 1250.6995071801298, "max_diff_c": 3738.4374034331618, "shift_c": -202.37500000000014}, "0-3": {"eta_c": 10.066261477687856, "max_diff_c": 14.656539844551196, "shift_c": -14.250000000000005}, "0-4": {"eta_c": 9.176735555284123, "max_diff_c": 13.418493400257352, "shift_c": -13.000000000000005}, "0-5": {"eta_c": 14.714788508764093, "max_diff_c": 68.86563439044674, "shift_c": 19.312500000000007}, "1-2": {"eta_c": 1255.65236359486, "max_diff_c": 3748.7907395816205, "shift_c": 195.31250000000014}, "1-3": {"eta_c": 2.8393429955487313, "max_diff_c": 13.692532849108975, "shift_c": 7.187500000000003}, "1-4": {"eta_c": 2.065928524933332, "max_diff_c": 12.468627020602769, "shift_c": 5.937500000000002}, "1-5": {"eta_c": 15.696526649975679, "max_diff_c": 78.93260087837555, "shift_c": 22.125000000000007}, "2-3": {"eta_c": 1256.2600541692934, "max_diff_c": 3749.0973615628614, "shift_c": 188.06250000000014}, "2-4": {"eta_c": 1255.9168126907473, "max_diff_c": 3748.890336985457, "shift_c": 189.31250000000014}, "2-5": {"eta_c": 1593.7487299319505, "max_diff_c": 2719.6704209397312, "shift_c": -1187.2500000000011}, "3-4": {"eta_c": 0.9131932408653215, "max_diff_c": 1.6512682141389945, "shift_c": 1.25}, "3-5": {"eta_c": 13.905920093272066, "max_diff_c": 68.30256802926658, "shift_c": 18.000000000000007}, "4-5": {"eta_c": 14.139833917915807, "max_diff_c": 68.40147385777279, "shift_c": 18.125000000000007}}, "v10_distance": {"0-1": {"eta_c": 36.294696958494896, "max_diff_c": 316.2744190316394, "shift_c": -18.937500000000007}, "0-2": {"eta_c": 1053.578070513023, "max_diff_c": 3748.1874034331618, "shift_c": -192.6250000000001}, "0-3": {"eta_c": 10.532778077947608, "max_diff_c": 15.246057800167835, "shift_c": -10.375000000000002}, "0-4": {"eta_c": 9.580057988871093, "max_diff_c": 13.964687367502055, "shift_c": -9.500000000000004}, "0-5": {"eta_c": 169.87894184547324, "max_diff_c": 743.5848560212037, "shift_c": -92.50000000000003}, "1-2": {"eta_c": 1055.1573063105109, "max_diff_c": 3770.9157395816205, "shift_c": 173.18750000000014}, "1-3": {"eta_c": 38.08552179312251, "max_diff_c": 306.8711919186423, "shift_c": -8.625000000000002}, "1-4": {"eta_c": 37.58725479774451, "max_diff_c": 305.3858197185171, "shift_c": -9.437500000000004}, "1-5": {"eta_c": 210.91116523250378, "max_diff_c": 970.9258631384334, "shift_c": -113.18750000000006}, "2-3": {"eta_c": 1058.0041623554057, "max_diff_c": 3754.8473615628614, "shift_c": 182.3125000000001}, "2-4": {"eta_c": 1057.7160057650933, "max_diff_c": 3755.015336985457, "shift_c": 183.18750000000014}, "2-5": {"eta_c": 1203.8659504339255, "max_diff_c": 3145.9204209397317, "shift_c": -761.0000000000006}, "3-4": {"eta_c": 1.0017294068348608, "max_diff_c": 1.5478722001252407, "shift_c": 0.875}, "3-5": {"eta_c": 170.79958603207663, "max_diff_c": 756.4189216382916, "shift_c": -93.50000000000003}, "4-5": {"eta_c": 170.97792373879966, "max_diff_c": 757.0550240145947, "shift_c": -93.50000000000003}}}