{"pseudos": ["Po.nc.pbe.z_16.oncvpsp3.dojo.v0.4.1-std.upf", "Po.nc.pbe.z_24.oncvpsp3.dojo.v0.4.1-str.upf", "Po.nc.pbe.z_16.oncvpsp4.dojo.v0.5.0-std.upf", "Po.us.pbe.z_16.ld1.psl.v1.0.0-high.upf", "Po.paw.pbe.z_16.ld1.psl.v1.0.0-high.upf", "Po.paw.pbe.z_6.atompaw.jth.v1.1-std.upf"], "v_distance": {"eta_c": [[0.0, 7.730356331424579, 1250.6995071801298, 10.066261477687856, 9.176735555284123, 14.714788508764093], [7.730356331424579, 0.0, 1255.65236359486, 2.8393429955487313, 2.065928524933332, 15.696526649975679], [1250.6995071801298, 1255.65236359486, 0.0, 1256.2600541692934, 1255.9168126907473, 1593.7487299319505], [10.066261477687856, 2.8393429955487313, 1256.2600541692934, 0.0, 0.9131932408653215, 13.905920093272066], [9.176735555284123, 2.065928524933332, 1255.9168126907473, 0.9131932408653215, 0.0, 14.139833917915807], [14.714788508764093, 15.696526649975679, 1593.7487299319505, 13.905920093272066, 14.139833917915807, 0.0]], "max_diff_c": [[0.0, 12.21602560120164, 3738.4374034331618, 14.656539844551196, 13.418493400257352, 68.86563439044674], [12.21602560120164, 0.0, 3748.7907395816205, 13.692532849108975, 12.468627020602769, 78.93260087837555], [3738.4374034331618, 3748.7907395816205, 0.0, 3749.0973615628614, 3748.890336985457, 2719.6704209397312], [14.656539844551196, 13.692532849108975, 3749.0973615628614, 0.0, 1.6512682141389945, 68.30256802926658], [13.418493400257352, 12.468627020602769, 3748.890336985457, 1.6512682141389945, 0.0, 68.40147385777279], [68.86563439044674, 78.93260087837555, 2719.6704209397312, 68.30256802926658, 68.40147385777279, 0.0]], "shift_c": [[0.0, -0.519084175731127, -14.874288150596369, -1.0473556820061676, -0.9554823765670302, 1.4194425690346746], [-0.519084175731127, 0.0, 14.355203974865242, 0.5282715062750407, 0.43639820083590314, 1.6261575062727338], [-14.874288150596369, 14.355203974865242, 0.0, 13.822338803318244, 13.914212108757381, -87.26126550609285], [-1.0473556820061676, 0.5282715062750407, 13.822338803318244, 0.0, 0.09187330543913748, 1.3229755983235802], [-0.9554823765670302, 0.43639820083590314, 13.914212108757381, 0.09187330543913748, 0.0, 1.3321629288674939], [1.4194425690346746, 1.6261575062727338, -87.26126550609285, 1.3229755983235802, 1.3321629288674939, 0.0]]}, "v10_distance": {"eta_c": [[0.0, 36.294696958494896, 1053.578070513023, 10.532778077947608, 9.580057988871093, 169.87894184547324], [36.294696958494896, 0.0, 1055.1573063105109, 38.08552179312251, 37.58725479774451, 210.91116523250378], [1053.578070513023, 1055.1573063105109, 0.0, 1058.0041623554057, 1057.7160057650933, 1203.8659504339255], [10.532778077947608, 38.08552179312251, 1058.0041623554057, 0.0, 1.0017294068348608, 170.79958603207663], [9.580057988871093, 37.58725479774451, 1057.7160057650933, 1.0017294068348608, 0.0, 170.97792373879966], [169.87894184547324, 210.91116523250378, 1203.8659504339255, 170.79958603207663, 170.97792373879966, 0.0]], "max_diff_c": [[0.0, 316.2744190316394, 3748.1874034331618, 15.246057800167835, 13.964687367502055, 743.5848560212037], [316.2744190316394, 0.0, 3770.9157395816205, 306.8711919186423, 305.3858197185171, 970.9258631384334], [3748.1874034331618, 3770.9157395816205, 0.0, 3754.8473615628614, 3755.015336985457, 3145.9204209397317], [15.246057800167835, 306.8711919186423, 3754.8473615628614, 0.0, 1.5478722001252407, 756.4189216382916], [13.964687367502055, 305.3858197185171, 3755.015336985457, 1.5478722001252407, 0.0, 757.0550240145947], [743.5848560212037, 970.9258631384334, 3145.9204209397317, 756.4189216382916, 757.0550240145947, 0.0]], "shift_c": [[0.0, -1.3918805774029333, -14.157676368171094, -0.7625484351448412, -0.6982371213374451, -6.798624602496176], [-1.3918805774029333, 0.0, 12.729046468592507, -0.6339258075300487, -0.6936434560654883, -8.319127807513903], [-14.157676368171094, 12.729046468592507, 0.0, 13.399721598298209, 13.464032912105608, -55.93246835134694], [-0.7625484351448412, -0.6339258075300487, 13.399721598298209, 0.0, 0.06431131380739623, -6.872123246847486], [-0.6982371213374451, -0.6936434560654883, 13.464032912105608, 0.06431131380739623, 0.0, -6.872123246847486], [-6.798624602496176, -8.319127807513903, -55.93246835134694, -6.872123246847486, -6.872123246847486, 0.0]]}}