{"pseudos": ["PSL-US-v1-high-23", "PSL-US-v1-low-11", "PSL-PAW-v1-high-23", "PSL-PAW-v1-low-11", "JTH-1.1-std-13", "Wentzcovitch-13"], "v_distance": {"eta_c": [[0.0, 7452.748013905793, 12.469382526427381, 7454.269668417416, 25.66252693379343, 19.826333993568404], [7452.748013905793, 0.0, 7454.251647826378, 2.1515467790013787, 7454.164940086799, 7453.748814998461], [12.469382526427381, 7454.251647826378, 0.0, 7455.773032988981, 19.28015063739326, 14.620262714614926], [7454.269668417416, 2.1515467790013787, 7455.773032988981, 0.0, 7455.68823786615, 7455.271803759174], [25.66252693379343, 7454.164940086799, 19.28015063739326, 7455.68823786615, 0.0, 6.061575763750705], [19.826333993568404, 7453.748814998461, 14.620262714614926, 7455.271803759174, 6.061575763750705, 0.0]], "max_diff_c": [[0.0, 13380.445082615539, 19.477465509036104, 13384.499217980107, 51.956828121169785, 38.37537246729965], [13380.445082615539, 0.0, 13375.058048195013, 4.6789462654993486, 13390.044636462193, 13387.960883712129], [19.477465509036104, 13375.058048195013, 0.0, 13379.112183559582, 30.5191582539701, 23.39163210198175], [13384.499217980107, 4.6789462654993486, 13379.112183559582, 0.0, 13394.161271826762, 13392.015019076698], [51.956828121169785, 13390.044636462193, 30.5191582539701, 13394.161271826762, 0.0, 13.581455653870135], [38.37537246729965, 13387.960883712129, 23.39163210198175, 13392.015019076698, 13.581455653870135, 0.0]], "shift_c": [[0.0, 6.640375000000008, 0.011937500000000004, 6.641000000000008, -0.030375000000000006, -0.023750000000000007], [-6.640375000000008, 0.0, 6.641250000000008, -0.000625, 6.6693750000000085, 6.663562500000008], [-0.011937500000000004, -6.641250000000008, 0.0, 6.641875000000009, -0.026000000000000013, -0.019312500000000007], [-6.641000000000008, 0.000625, -6.641875000000009, 0.0, 6.6699375000000085, 6.664187500000008], [0.030375000000000006, -6.6693750000000085, 0.026000000000000013, -6.6699375000000085, 0.0, -0.006625000000000002], [0.023750000000000007, -6.663562500000008, 0.019312500000000007, -6.664187500000008, 0.006625000000000002, 0.0]]}, "v10_distance": {"eta_c": [[0.0, 7988.052864373829, 11.654596983828187, 7988.407318548539, 23.28865078317664, 18.69060525596972], [7988.052864373829, 0.0, 7989.6424362500875, 2.179474853753412, 7999.986833214893, 7997.949871067703], [11.654596983828187, 7989.6424362500875, 0.0, 7989.996705637096, 18.4449137289665, 14.420394970332419], [7988.407318548539, 2.179474853753412, 7989.996705637096, 0.0, 8000.340545349344, 7998.3036562268835], [23.28865078317664, 7999.986833214893, 18.4449137289665, 8000.340545349344, 0.0, 5.502206814641065], [18.69060525596972, 7997.949871067703, 14.420394970332419, 7998.3036562268835, 5.502206814641065, 0.0]], "max_diff_c": [[0.0, 18415.820082615548, 25.289965509036104, 18419.436717980116, 66.64432812116979, 50.375372467299655], [18415.820082615548, 0.0, 18411.80804819502, 6.6808360823064845, 18442.4196364622, 18437.335883712138], [25.289965509036104, 18411.80804819502, 0.0, 18415.424683559588, 36.16686261213368, 25.077405865585856], [18419.436717980116, 6.6808360823064845, 18415.424683559588, 0.0, 18446.03627182677, 18440.9525190767], [66.64432812116979, 18442.4196364622, 36.16686261213368, 18446.03627182677, 0.0, 17.58122497370485], [50.375372467299655, 18437.335883712138, 25.077405865585856, 18440.9525190767, 17.58122497370485, 0.0]], "shift_c": [[0.0, 1.6050000000000015, 0.006125000000000002, 1.6060625000000017, -0.015687500000000004, -0.011750000000000003], [-1.6050000000000015, 0.0, 1.6045000000000016, -0.0010625, 1.6170000000000015, 1.6141875000000017], [-0.006125000000000002, -1.6045000000000016, 0.0, 1.6055625000000016, -0.014750000000000006, -0.010750000000000003], [-1.6060625000000017, 0.0010625, -1.6055625000000016, 0.0, 1.6180625000000017, 1.6152500000000016], [0.015687500000000004, -1.6170000000000015, 0.014750000000000006, -1.6180625000000017, 0.0, -0.004000000000000001], [0.011750000000000003, -1.6141875000000017, 0.010750000000000003, -1.6152500000000016, 0.004000000000000001, 0.0]]}}