{"pseudos": {"Pr.us.pbe.z_23.ld1.psl.v1.0.0-high.upf": 0, "Pr.us.pbe.z_11.ld1.psl.v1.0.0-low.upf": 1, "Pr.paw.pbe.z_23.ld1.psl.v1.0.0-high.upf": 2, "Pr.paw.pbe.z_11.ld1.psl.v1.0.0-low.upf": 3, "Pr.paw.pbe.z_13.atompaw.jth.v1.1-std.upf": 4, "Pr.paw.pbe.z_13.atompaw.wentzcovitch.v1.0.legacy.upf": 5}, "v_distance": {"0-1": {"eta_c": 7452.748013905793, "max_diff_c": 13380.445082615539, "shift_c": 6640.375000000007}, "0-2": {"eta_c": 12.469382526427381, "max_diff_c": 19.477465509036104, "shift_c": 11.937500000000004}, "0-3": {"eta_c": 7454.269668417416, "max_diff_c": 13384.499217980107, "shift_c": 6641.000000000008}, "0-4": {"eta_c": 25.66252693379343, "max_diff_c": 51.956828121169785, "shift_c": -30.375000000000007}, "0-5": {"eta_c": 19.826333993568404, "max_diff_c": 38.37537246729965, "shift_c": -23.750000000000007}, "1-2": {"eta_c": 7454.251647826378, "max_diff_c": 13375.058048195013, "shift_c": 6641.250000000008}, "1-3": {"eta_c": 2.1515467790013787, "max_diff_c": 4.6789462654993486, "shift_c": -0.625}, "1-4": {"eta_c": 7454.164940086799, "max_diff_c": 13390.044636462193, "shift_c": 6669.375000000008}, "1-5": {"eta_c": 7453.748814998461, "max_diff_c": 13387.960883712129, "shift_c": 6663.562500000008}, "2-3": {"eta_c": 7455.773032988981, "max_diff_c": 13379.112183559582, "shift_c": 6641.875000000008}, "2-4": {"eta_c": 19.28015063739326, "max_diff_c": 30.5191582539701, "shift_c": -26.00000000000001}, "2-5": {"eta_c": 14.620262714614926, "max_diff_c": 23.39163210198175, "shift_c": -19.312500000000007}, "3-4": {"eta_c": 7455.68823786615, "max_diff_c": 13394.161271826762, "shift_c": 6669.937500000008}, "3-5": {"eta_c": 7455.271803759174, "max_diff_c": 13392.015019076698, "shift_c": 6664.187500000007}, "4-5": {"eta_c": 6.061575763750705, "max_diff_c": 13.581455653870135, "shift_c": -6.625000000000003}}, "v10_distance": {"0-1": {"eta_c": 7988.052864373829, "max_diff_c": 18415.820082615548, "shift_c": 1605.0000000000016}, "0-2": {"eta_c": 11.654596983828187, "max_diff_c": 25.289965509036104, "shift_c": 6.125000000000002}, "0-3": {"eta_c": 7988.407318548539, "max_diff_c": 18419.436717980116, "shift_c": 1606.0625000000016}, "0-4": {"eta_c": 23.28865078317664, "max_diff_c": 66.64432812116979, "shift_c": -15.687500000000004}, "0-5": {"eta_c": 18.69060525596972, "max_diff_c": 50.375372467299655, "shift_c": -11.750000000000004}, "1-2": {"eta_c": 7989.6424362500875, "max_diff_c": 18411.80804819502, "shift_c": 1604.5000000000016}, "1-3": {"eta_c": 2.179474853753412, "max_diff_c": 6.6808360823064845, "shift_c": -1.0625}, "1-4": {"eta_c": 7999.986833214893, "max_diff_c": 18442.4196364622, "shift_c": 1617.0000000000016}, "1-5": {"eta_c": 7997.949871067703, "max_diff_c": 18437.335883712138, "shift_c": 1614.1875000000016}, "2-3": {"eta_c": 7989.996705637096, "max_diff_c": 18415.424683559588, "shift_c": 1605.5625000000016}, "2-4": {"eta_c": 18.4449137289665, "max_diff_c": 36.16686261213368, "shift_c": -14.750000000000005}, "2-5": {"eta_c": 14.420394970332419, "max_diff_c": 25.077405865585856, "shift_c": -10.750000000000002}, "3-4": {"eta_c": 8000.340545349344, "max_diff_c": 18446.03627182677, "shift_c": 1618.0625000000016}, "3-5": {"eta_c": 7998.3036562268835, "max_diff_c": 18440.9525190767, "shift_c": 1615.2500000000016}, "4-5": {"eta_c": 5.502206814641065, "max_diff_c": 17.58122497370485, "shift_c": -4.000000000000001}}}