{"pseudos": {"Pt.nc.pbe.z_18.oncvpsp3.dojo.v0.4.1-std.upf": 0, "Pt.nc.pbe.z_18.oncvpsp4.spms.v1.upf": 1, "Pt.nc.pbe.z_18.oncvpsp4.sg15.v0.upf": 2, "Pt.us.pbe.z_16.uspp.gbrv.v1.4.upf": 3, "Pt.us.pbe.z_32.ld1.psl.v1.0.0-high.upf": 4, "Pt.us.pbe.z_18.ld1.psl.v1.0.0-low.spn.upf": 5, "Pt.us.pbe.z_10.ld1.psl.v1.0.0-low.n.upf": 6, "Pt.us.pbe.z_10.ld1.psl.v0.1.upf": 7, "Pt.paw.pbe.z_10.ld1.psl.v0.1.upf": 8, "Pt.paw.pbe.z_32.ld1.psl.v1.0.0-high.upf": 9, "Pt.paw.pbe.z_18.ld1.psl.v1.0.0-low.spn.upf": 10, "Pt.paw.pbe.z_10.ld1.psl.v1.0.0-low.n.upf": 11, "Pt.paw.pbe.z_10.atompaw.jth.v1.1-std.upf": 12}, "v_distance": {"0-1": {"eta_c": 21.73084732861336, "max_diff_c": 53.92496651939757, "shift_c": 8.062500000000002}, "0-2": {"eta_c": 13.742440163564586, "max_diff_c": 35.46828747790596, "shift_c": -9.250000000000004}, "0-3": {"eta_c": 9.664286794454927, "max_diff_c": 18.590464159213482, "shift_c": 1.5625}, "0-4": {"eta_c": 9959.948327324717, "max_diff_c": 28115.263104778143, "shift_c": 3529.0000000000045}, "0-5": {"eta_c": 4.27350426184081, "max_diff_c": 10.68073292292945, "shift_c": -5.062500000000001}, "0-6": {"eta_c": 8.716271131063973, "max_diff_c": 22.47933521118838, "shift_c": 10.625000000000002}, "0-7": {"eta_c": 5.102856961857651, "max_diff_c": 20.553098854353603, "shift_c": -7.062500000000003}, "0-8": {"eta_c": 5.265195984908713, "max_diff_c": 19.063836876256897, "shift_c": -6.812500000000003}, "0-9": {"eta_c": 9988.195717356775, "max_diff_c": 28194.925080111254, "shift_c": 3537.3125000000045}, "0-10": {"eta_c": 4.3147596489406554, "max_diff_c": 11.1039761471186, "shift_c": -5.125000000000001}, "0-11": {"eta_c": 3.944424213945247, "max_diff_c": 17.593773392962532, "shift_c": -9.812500000000002}, "0-12": {"eta_c": 4.836078377357185, "max_diff_c": 19.740798367593182, "shift_c": -12.312500000000004}, "1-2": {"eta_c": 35.28007716176443, "max_diff_c": 89.33075399730353, "shift_c": -17.375000000000004}, "1-3": {"eta_c": 20.630154276222303, "max_diff_c": 40.52959780472469, "shift_c": 2.875000000000001}, "1-4": {"eta_c": 9940.762950446679, "max_diff_c": 28061.58639475372, "shift_c": 3520.8125000000045}, "1-5": {"eta_c": 25.526366880266952, "max_diff_c": 64.6055223213034, "shift_c": -13.125000000000005}, "1-6": {"eta_c": 4.956357295303116, "max_diff_c": 13.023193702337437, "shift_c": 3.875000000000001}, "1-7": {"eta_c": 5.760433078998256, "max_diff_c": 26.904652773790836, "shift_c": -13.812500000000005}, "1-8": {"eta_c": 5.498227115609908, "max_diff_c": 25.415390795694133, "shift_c": -13.562500000000005}, "1-9": {"eta_c": 9969.011812372946, "max_diff_c": 28141.248370086832, "shift_c": 3529.1250000000045}, "1-10": {"eta_c": 25.58806827665362, "max_diff_c": 65.02876436917484, "shift_c": -13.187500000000005}, "1-11": {"eta_c": 7.479380757831956, "max_diff_c": 28.549576263226438, "shift_c": -16.562500000000004}, "1-12": {"eta_c": 8.876982475907223, "max_diff_c": 33.46737012994658, "shift_c": -19.062500000000007}, "2-3": {"eta_c": 4.9608328151124335, "max_diff_c": 18.250082784539742, "shift_c": -3.2500000000000004}, "2-4": {"eta_c": 9972.489293805998, "max_diff_c": 28150.6238889955, "shift_c": 3538.2500000000045}, "2-5": {"eta_c": 9.793437016715053, "max_diff_c": 24.787948108411683, "shift_c": 4.187500000000001}, "2-6": {"eta_c": 8.358408744168338, "max_diff_c": 17.895170912944845, "shift_c": 10.312500000000002}, "2-7": {"eta_c": 4.8563260300575175, "max_diff_c": 24.63727812794016, "shift_c": -7.375000000000003}, "2-8": {"eta_c": 4.973291892367132, "max_diff_c": 23.148016149843453, "shift_c": -7.125000000000003}, "2-9": {"eta_c": 10000.735549306606, "max_diff_c": 28230.34836432861, "shift_c": 3546.5000000000045}, "2-10": {"eta_c": 9.724626659793515, "max_diff_c": 24.36471570014669, "shift_c": 4.125000000000001}, "2-11": {"eta_c": 3.986225997452199, "max_diff_c": 20.843298845076344, "shift_c": -10.125000000000002}, "2-12": {"eta_c": 5.058351891822137, "max_diff_c": 21.707778139148697, "shift_c": -12.625000000000004}, "3-4": {"eta_c": 9.361323855690488, "max_diff_c": 22.474386092598706, "shift_c": -1.1250000000000002}, "3-5": {"eta_c": 9.023950117904656, "max_diff_c": 22.773465773088258, "shift_c": -2.1875}, "3-6": {"eta_c": 12.398524183743579, "max_diff_c": 33.055936860102456, "shift_c": 16.187500000000004}, "3-7": {"eta_c": 7.239146698803558, "max_diff_c": 21.31942495736355, "shift_c": -1.5}, "3-8": {"eta_c": 7.641706045040005, "max_diff_c": 23.14249685372907, "shift_c": -1.25}, "3-9": {"eta_c": 7.686728786712314, "max_diff_c": 21.369454155455543, "shift_c": -2.8125}, "3-10": {"eta_c": 9.101536343492079, "max_diff_c": 22.718745094346243, "shift_c": -2.1875}, "3-11": {"eta_c": 3.707057093207152, "max_diff_c": 12.354683492506481, "shift_c": -4.250000000000001}, "3-12": {"eta_c": 2.98601616758278, "max_diff_c": 10.303178734446051, "shift_c": -6.750000000000003}, "4-5": {"eta_c": 9963.70829349782, "max_diff_c": 28125.9971174195, "shift_c": 3534.0000000000045}, "4-6": {"eta_c": 7.26002062509703, "max_diff_c": 17.361097307798772, "shift_c": 8.625000000000002}, "4-7": {"eta_c": 4.547207464960141, "max_diff_c": 24.09931984154909, "shift_c": -9.062500000000004}, "4-8": {"eta_c": 4.590524520725919, "max_diff_c": 22.610057863452383, "shift_c": -8.812500000000002}, "4-9": {"eta_c": 41.83714815883803, "max_diff_c": 53.17158731614415, "shift_c": 34.81250000000001}, "4-10": {"eta_c": 9963.84001297532, "max_diff_c": 28126.424183084935, "shift_c": 3534.0625000000045}, "4-11": {"eta_c": 4.651422771117852, "max_diff_c": 22.438500660976413, "shift_c": -11.812500000000004}, "4-12": {"eta_c": 5.899518388280802, "max_diff_c": 24.585525635607063, "shift_c": -14.312500000000005}, "5-6": {"eta_c": 6.948869477809128, "max_diff_c": 16.86490039508915, "shift_c": 8.000000000000002}, "5-7": {"eta_c": 4.792800913138445, "max_diff_c": 25.290289495906165, "shift_c": -9.625000000000002}, "5-8": {"eta_c": 4.770806759701708, "max_diff_c": 23.73852751780946, "shift_c": -9.437500000000004}, "5-9": {"eta_c": 9991.955322703032, "max_diff_c": 28205.659092752616, "shift_c": 3542.312500000005}, "5-10": {"eta_c": 0.7458474598591889, "max_diff_c": 2.6278573480296927, "shift_c": -0.0625}, "5-11": {"eta_c": 5.154984524703313, "max_diff_c": 24.56380414538449, "shift_c": -12.437500000000004}, "5-12": {"eta_c": 6.399067806294948, "max_diff_c": 26.77332912001514, "shift_c": -14.875000000000007}, "6-7": {"eta_c": 7.269615337835465, "max_diff_c": 22.50340944444577, "shift_c": 17.687500000000004}, "6-8": {"eta_c": 6.926234481108819, "max_diff_c": 22.31621854105038, "shift_c": 17.437500000000004}, "6-9": {"eta_c": 7.312149595923291, "max_diff_c": 17.802996237843004, "shift_c": 8.375000000000002}, "6-10": {"eta_c": 7.193148613143988, "max_diff_c": 17.86689096939753, "shift_c": 7.812500000000002}, "6-11": {"eta_c": 10.586964108848415, "max_diff_c": 24.203973336515478, "shift_c": 20.437500000000004}, "6-12": {"eta_c": 12.261584992934901, "max_diff_c": 28.142957049174292, "shift_c": 22.937500000000007}, "7-8": {"eta_c": 0.588160712158411, "max_diff_c": 2.0607989172892474, "shift_c": -0.25}, "7-9": {"eta_c": 4.594303474045201, "max_diff_c": 24.82347150860781, "shift_c": -9.312500000000004}, "7-10": {"eta_c": 4.747820155635431, "max_diff_c": 25.22556574900133, "shift_c": -9.875000000000002}, "7-11": {"eta_c": 4.188556860628156, "max_diff_c": 12.196287701452121, "shift_c": 2.750000000000001}, "7-12": {"eta_c": 5.861715606343586, "max_diff_c": 17.114081568172267, "shift_c": 5.250000000000001}, "8-9": {"eta_c": 4.663410164884, "max_diff_c": 23.334209530511103, "shift_c": -9.062500000000004}, "8-10": {"eta_c": 4.805262436160512, "max_diff_c": 23.736303770904627, "shift_c": -9.625000000000002}, "8-11": {"eta_c": 4.593244525965884, "max_diff_c": 14.229608998496458, "shift_c": 3.000000000000001}, "8-12": {"eta_c": 6.273564223972709, "max_diff_c": 19.147402865216606, "shift_c": 5.500000000000002}, "9-10": {"eta_c": 9992.086968480116, "max_diff_c": 28206.08615841805, "shift_c": 3542.3750000000045}, "9-11": {"eta_c": 4.614737202022472,