{"pseudos": ["PSL-US-v1-high-16", "PSL-PAW-v1-high-16", "MARBURG-16"], "v_distance": {"eta_c": [[0.0, 15.246851213661698, 39.69531522920885], [15.246851213661698, 0.0, 29.88702115605181], [39.69531522920885, 29.88702115605181, 0.0]], "max_diff_c": [[0.0, 34.61395731614511, 74.64894701530349], [34.61395731614511, 0.0, 52.30432238056097], [74.64894701530349, 52.30432238056097, 0.0]], "shift_c": [[0.0, 16.062500000000004, 59.12500000000002], [-16.062500000000004, 0.0, 43.12500000000001], [-59.12500000000002, -43.12500000000001, 0.0]]}, "v10_distance": {"eta_c": [[0.0, 14.387094502420894, 43.039618930620975], [14.387094502420894, 0.0, 33.22041939173068], [43.039618930620975, 33.22041939173068, 0.0]], "max_diff_c": [[0.0, 42.27603902571247, 75.4769283067459], [42.27603902571247, 0.0, 77.30098624838341], [75.4769283067459, 77.30098624838341, 0.0]], "shift_c": [[0.0, 12.500000000000004, 40.43750000000001], [-12.500000000000004, 0.0, 27.875000000000004], [-40.43750000000001, -27.875000000000004, 0.0]]}}