{"pseudos": {"Pu.us.pbe.z_16.ld1.psl.v1.0.0-high.upf": 0, "Pu.paw.pbe.z_16.ld1.psl.v1.0.0-high.upf": 1, "Pu.paw.pbe.z_16.ld1.uni-marburg.v0.upf": 2}, "v_distance": {"0-1": {"eta_c": 15.246851213661698, "max_diff_c": 34.61395731614511, "shift_c": 16.062500000000004}, "0-2": {"eta_c": 39.69531522920885, "max_diff_c": 74.64894701530349, "shift_c": 59.12500000000002}, "1-2": {"eta_c": 29.88702115605181, "max_diff_c": 52.30432238056097, "shift_c": 43.12500000000001}}, "v10_distance": {"0-1": {"eta_c": 14.387094502420894, "max_diff_c": 42.27603902571247, "shift_c": 12.500000000000004}, "0-2": {"eta_c": 43.039618930620975, "max_diff_c": 75.4769283067459, "shift_c": 40.43750000000001}, "1-2": {"eta_c": 33.22041939173068, "max_diff_c": 77.30098624838341, "shift_c": 27.875000000000004}}}