{"pseudos": {"Ra.us.pbe.z_20.ld1.psl.v1.0.0-high.upf": 0, "Ra.paw.pbe.z_20.ld1.psl.v1.0.0-high.upf": 1}, "v_distance": {"0-1": {"eta_c": 4.902717889313425, "max_diff_c": 7.215272041234584, "shift_c": -2.9375}}, "v10_distance": {"0-1": {"eta_c": 3.768281627767912, "max_diff_c": 6.189344399946549, "shift_c": -1.6250000000000002}}}