{"pseudos": ["PSL-US-v1-high-20", "PSL-PAW-v1-high-20"], "v_distance": {"eta_c": [[0.0, 4.902717889313425], [4.902717889313425, 0.0]], "max_diff_c": [[0.0, 7.215272041234584], [7.215272041234584, 0.0]], "shift_c": [[0.0, -2.9375], [2.9375, 0.0]]}, "v10_distance": {"eta_c": [[0.0, 3.768281627767912], [3.768281627767912, 0.0]], "max_diff_c": [[0.0, 6.189344399946549], [6.189344399946549, 0.0]], "shift_c": [[0.0, -1.6250000000000002], [1.6250000000000002, 0.0]]}}