{"pseudos": {"Rb.nc.pbe.z_9.oncvpsp3.dojo.v0.4.1-std.upf": 0, "Rb.nc.pbe.z_9.oncvpsp4.dojo.v0.5.0-std.upf": 1, "Rb.nc.pbe.z_9.oncvpsp4.spms.v1.upf": 2, "Rb.nc.pbe.z_9.oncvpsp4.sg15.v0.upf": 3, "Rb.us.pbe.z_9.uspp.gbrv.v1.upf": 4, "Rb.us.pbe.z_9.ld1.psl.v1.0.0-high.upf": 5, "Rb.paw.pbe.z_9.ld1.psl.v1.0.0-high.upf": 6, "Rb.paw.pbe.z_9.atompaw.jth.v1.1-std.upf": 7}, "v_distance": {"0-1": {"eta_c": 0.01118033892887375, "max_diff_c": 0.03286724807938235, "shift_c": 0.0}, "0-2": {"eta_c": 0.3678597896692495, "max_diff_c": 0.70428615483209, "shift_c": 0.0}, "0-3": {"eta_c": 0.4779221084654259, "max_diff_c": 0.8879189720024385, "shift_c": 0.25}, "0-4": {"eta_c": 0.6461487166247142, "max_diff_c": 1.1752089157530747, "shift_c": 0.1875}, "0-5": {"eta_c": 0.38721401033983, "max_diff_c": 0.8805972984596907, "shift_c": 0.8125000000000001}, "0-6": {"eta_c": 0.36355325443222175, "max_diff_c": 0.877912425899858, "shift_c": 0.8125000000000001}, "0-7": {"eta_c": 1.6343600802790088, "max_diff_c": 11.383492796414467, "shift_c": -4.375000000000001}, "1-2": {"eta_c": 0.37425882378662584, "max_diff_c": 0.7180399694490802, "shift_c": 0.0}, "1-3": {"eta_c": 0.48449538965496114, "max_diff_c": 0.9016727866194287, "shift_c": 0.25}, "1-4": {"eta_c": 0.6518250855306235, "max_diff_c": 1.188962730370065, "shift_c": 0.1875}, "1-5": {"eta_c": 0.3945688025056828, "max_diff_c": 0.9085165362733357, "shift_c": 0.8125000000000001}, "1-6": {"eta_c": 0.3707470064881576, "max_diff_c": 0.9048481297372409, "shift_c": 0.8125000000000001}, "1-7": {"eta_c": 1.6397057989749255, "max_diff_c": 11.356557092577084, "shift_c": -4.375000000000001}, "2-3": {"eta_c": 0.12731829272571427, "max_diff_c": 0.41375068131346815, "shift_c": 0.25}, "2-4": {"eta_c": 0.28182036998291576, "max_diff_c": 0.5334240728066959, "shift_c": 0.125}, "2-5": {"eta_c": 0.3131681931376654, "max_diff_c": 1.0708051562186078, "shift_c": 0.8125000000000001}, "2-6": {"eta_c": 0.30827281298608755, "max_diff_c": 1.068120283658775, "shift_c": 0.8125000000000001}, "2-7": {"eta_c": 1.5063503520935377, "max_diff_c": 11.25578493865555, "shift_c": -4.437500000000002}, "3-4": {"eta_c": 0.18473447151333214, "max_diff_c": 0.28729225686211635, "shift_c": -0.0625}, "3-5": {"eta_c": 0.32196501717144166, "max_diff_c": 0.7195544749051397, "shift_c": 0.625}, "3-6": {"eta_c": 0.32382599173613963, "max_diff_c": 0.654369602345307, "shift_c": 0.5625000000000001}, "3-7": {"eta_c": 1.5300226963241106, "max_diff_c": 11.607035619969018, "shift_c": -4.625000000000001}, "4-5": {"eta_c": 0.49101923815673143, "max_diff_c": 0.8517160656969427, "shift_c": 0.6875}, "4-6": {"eta_c": 0.4976458419903349, "max_diff_c": 0.7807297427157156, "shift_c": 0.625}, "4-7": {"eta_c": 1.5104978060635632, "max_diff_c": 11.48790433821942, "shift_c": -4.562500000000001}, "5-6": {"eta_c": 0.035795552195519435, "max_diff_c": 0.07182116774565728, "shift_c": -0.0625}, "5-7": {"eta_c": 1.6964273703827297, "max_diff_c": 12.32659009487416, "shift_c": -5.250000000000001}, "6-7": {"eta_c": 1.6931416534010486, "max_diff_c": 12.261405222314327, "shift_c": -5.187500000000001}}, "v10_distance": {"0-1": {"eta_c": 3.5323107554452995, "max_diff_c": 19.85377924469644, "shift_c": -1.8124999999999998}, "0-2": {"eta_c": 0.8983325639935855, "max_diff_c": 5.20429534575112, "shift_c": -0.5}, "0-3": {"eta_c": 1.5588510978836887, "max_diff_c": 8.602960827917187, "shift_c": 0.875}, "0-4": {"eta_c": 3.5310373289935737, "max_diff_c": 19.544286671111294, "shift_c": -1.8124999999999998}, "0-5": {"eta_c": 2.7757709964678625, "max_diff_c": 15.096665597473544, "shift_c": -1.0625}, "0-6": {"eta_c": 2.771135929033146, "max_diff_c": 15.048877940047985, "shift_c": -1.1250000000000002}, "0-7": {"eta_c": 45.923352135559995, "max_diff_c": 119.96685074691021, "shift_c": 43.562500000000014}, "1-2": {"eta_c": 2.7126758979419145, "max_diff_c": 14.945343950358009, "shift_c": 1.3124999999999998}, "1-3": {"eta_c": 5.069020016892379, "max_diff_c": 28.456740072613623, "shift_c": 2.6875000000000004}, "1-4": {"eta_c": 0.3825282403357747, "max_diff_c": 1.376462730370065, "shift_c": 0.0}, "1-5": {"eta_c": 0.8977686882739631, "max_diff_c": 4.757113647222894, "shift_c": 0.75}, "1-6": {"eta_c": 0.8987110453898879, "max_diff_c": 4.742401304648453, "shift_c": 0.75}, "1-7": {"eta_c": 46.56486335740706, "max_diff_c": 118.03574111937725, "shift_c": 45.375000000000014}, "2-3": {"eta_c": 2.3817953615417635, "max_diff_c": 13.750097543807087, "shift_c": 1.375}, "2-4": {"eta_c": 2.6861483378258595, "max_diff_c": 14.635851376772862, "shift_c": -1.3124999999999998}, "2-5": {"eta_c": 1.9503293169172322, "max_diff_c": 10.188230303135114, "shift_c": -0.5625000000000001}, "2-6": {"eta_c": 1.9454816862929414, "max_diff_c": 10.140442645709555, "shift_c": -0.625}, "2-7": {"eta_c": 46.155852769215485, "max_diff_c": 119.86932548420526, "shift_c": 44.062500000000014}, "3-4": {"eta_c": 5.0412944342383295, "max_diff_c": 28.14724749902848, "shift_c": -2.6875}, "3-5": {"eta_c": 4.2843550181410714, "max_diff_c": 23.699626425390733, "shift_c": -1.9375}, "3-6": {"eta_c": 4.280385330049392, "max_diff_c": 23.651838767965174, "shift_c": -2.0}, "3-7": {"eta_c": 45.810824304710835, "max_diff_c": 120.94571973418985, "shift_c": 42.68750000000001}, "4-5": {"eta_c": 0.8552201630139203, "max_diff_c": 4.447621073637748, "shift_c": 0.75}, "4-6": {"eta_c": 0.8593689951340047, "max_diff_c": 4.495408731063307, "shift_c": 0.6875}, "4-7": {"eta_c": 46.659883649934265, "max_diff_c": 118.24966438333189, "shift_c": 45.375000000000014}, "5-6": {"eta_c": 0.03880833834355569, "max_diff_c": 0.0819123805368207, "shift_c": -0.0625}, "5-7": {"eta_c": 46.623046424232186, "max_diff_c": 118.71241086985309, "shift_c": 44.625000000000014}, "6-7": {"eta_c": 46.638830700988095, "max_diff_c": 118.75466474348804, "shift_c": 44.687500000000014}}}