{"pseudos": ["DOJO-041-std-15", "SPMS-15", "SG15-15", "GBRV-1.X-15", "PSL-US-v1-high-29", "PSL-US-v1-low-15", "PSL-PAW-v1-high-29", "PSL-PAW-v1-low-15", "JTH-1.1-std-15"], "v_distance": {"eta_c": [[0.0, 14.240859454082983, 4.5478038394252325, 4.353072486969174, 14026.388205783476, 2.072147380313616, 14020.6587293158, 2.94331892004133, 4.42564659005501], [14.240859454082983, 0.0, 9.747810968386675, 10.614758329985026, 14014.501224834514, 13.831134582877015, 14008.776551158237, 16.511885230028252, 11.015660195257619], [4.5478038394252325, 9.747810968386675, 0.0, 2.5605034126527113, 14022.431299282174, 4.62718511944354, 14016.70313787391, 7.076071789648663, 3.185249731773403], [4.353072486969174, 10.614758329985026, 2.5605034126527113, 0.0, 14024.221655374922, 3.8218710223786587, 14018.494371397908, 6.286806099875401, 1.5114945355908367], [14026.388205783476, 14014.501224834514, 14022.431299282174, 14024.221655374922, 0.0, 14026.703247681351, 10.391891489800054, 14028.93316698458, 14024.786888749506], [2.072147380313616, 13.831134582877015, 4.62718511944354, 3.8218710223786587, 14026.703247681351, 0.0, 14020.974666057755, 2.723080025016584, 3.4252399602392165], [14020.6587293158, 14008.776551158237, 14016.70313787391, 14018.494371397908, 10.391891489800054, 14020.974666057755, 0.0, 14023.203602839329, 14019.059828888217], [2.94331892004133, 16.511885230028252, 7.076071789648663, 6.286806099875401, 14028.93316698458, 2.723080025016584, 14023.203602839329, 0.0, 5.942909115302723], [4.42564659005501, 11.015660195257619, 3.185249731773403, 1.5114945355908367, 14024.786888749506, 3.4252399602392165, 14019.059828888217, 5.942909115302723, 0.0]], "max_diff_c": [[0.0, 26.863164996366546, 9.164421356516185, 8.920666400068797, 35428.51637480169, 8.886026292170811, 35421.14287066295, 6.551900127880344, 7.746678264437463], [26.863164996366546, 0.0, 17.772035615931145, 22.923422274914515, 35402.1149226527, 28.355436131348597, 35394.74141851396, 33.36030186644166, 24.482137283695465], [9.164421356516185, 17.772035615931145, 0.0, 5.15138665898337, 35419.51956478722, 10.597604458356614, 35412.208560648476, 15.664970193449676, 7.590590171552606], [8.920666400068797, 22.923422274914515, 5.15138665898337, 0.0, 35424.69468144216, 12.166539666224296, 35417.32117730342, 14.590046236250402, 11.928564125205668], [35428.51637480169, 35402.1149226527, 35419.51956478722, 35424.69468144216, 0.0, 35430.077260089834, 12.186220794637617, 35435.01547699382, 35426.25147332335], [8.886026292170811, 28.355436131348597, 10.597604458356614, 12.166539666224296, 35430.077260089834, 0.0, 35422.766255951086, 5.004942178804868, 8.146871043981548], [35421.14287066295, 35394.74141851396, 35412.208560648476, 35417.32117730342, 12.186220794637617, 35422.766255951086, 0.0, 35427.70447285508, 35418.94046918461], [6.551900127880344, 33.36030186644166, 15.664970193449676, 14.590046236250402, 35435.01547699382, 5.004942178804868, 35427.70447285508, 0.0, 11.035989841428574], [7.746678264437463, 24.482137283695465, 7.590590171552606, 11.928564125205668, 35426.25147332335, 8.146871043981548, 35418.94046918461, 11.035989841428574, 0.0]], "shift_c": [[0.0, 0.011000000000000005, 0.003000000000000001, 0.0019375000000000004, 7.65250000000001, 0.0025625000000000005, 7.6411250000000095, -0.00025, 0.0018750000000000006], [-0.011000000000000005, 0.0, -0.007937500000000002, -0.009000000000000005, 7.6415000000000095, -0.008437500000000002, 7.630125000000009, -0.011250000000000003, -0.009125000000000003], [-0.003000000000000001, 0.007937500000000002, 0.0, -0.0010625, 7.649500000000009, -0.0005, 7.638062500000009, -0.0032500000000000007, -0.0011875000000000002], [-0.0019375000000000004, 0.009000000000000005, 0.0010625, 0.0, 7.650500000000009, 0.0005625000000000002, 7.639125000000009, -0.0022500000000000007, -0.000125], [-7.65250000000001, -7.6415000000000095, -7.649500000000009, -7.650500000000009, 0.0, 7.649937500000009, -0.011187500000000003, 7.652750000000009, 7.65062500000001], [-0.0025625000000000005, 0.008437500000000002, 0.0005, -0.0005625000000000002, -7.649937500000009, 0.0, 7.638500000000009, -0.0028125, -0.0006875], [-7.6411250000000095, -7.630125000000009, -7.638062500000009, -7.639125000000009, 0.011187500000000003, -7.638500000000009, 0.0, 7.641312500000009, 7.639187500000009], [0.00025, 0.011250000000000003, 0.0032500000000000007, 0.0022500000000000007, -7.652750000000009, 0.0028125, -7.641312500000009, 0.0, 0.0021250000000000006], [-0.0018750000000000006, 0.009125000000000003, 0.0011875000000000002, 0.000125, -7.65062500000001, 0.0006875, -7.639187500000009, -0.0021250000000000006, 0.0]]}, "v10_distance": {"eta_c": [[0.0, 12.779891117084102, 4.239358704914274, 3.9355561644261368, 12469.07811537031, 3.674550218792457, 12462.969547525558, 3.8130294164673892, 5.835451190018133], [12.779891117084102, 0.0, 8.767455061126784, 9.64605482760924, 12458.772917093644, 12.380429219053395, 12452.66885119342, 14.774248664602485, 11.239592184438898], [4.239358704914274, 8.767455061126784, 0.0, 2.396291912863315, 12465.293817909902, 4.648951710899478, 12459.18644333328, 6.585278797468839, 6.122812400115589], [3.9355561644261368, 9.64605482760924, 2.396291912863315, 0.0, 12466.920417481833, 3.85149238833417, 12460.813667390194, 5.707688932906916, 5.590053662621507], [12469.07811537031, 12458.772917093644, 12465.293817909902, 12466.920417481833, 0.0, 12468.430336047408, 10.33954478301491, 12470.506738379494, 12469.546646619217], [3.674550218792457, 12.380429219053395, 4.648951710899478, 3.85149238833417, 12468.430336047408, 0.0, 12462.32263848398, 2.556142628702034, 7.7545077564645695], [12462.969547525558, 12452.66885119342, 12459.18644333328, 12460.813667390194, 10.33954478301491, 12462.32263848398, 0.0, 12464.398079884088, 12463.44071405061], [3.8130294164673892, 14.774248664602485, 6.585278797468839, 5.707688932906916, 12470.506738379494, 2.556142628702034, 12464.398079884088, 0.0, 8.534967593123945], [5.835451190018133, 11.239592184438898, 6.122812400115589, 5.590053662621507, 12469.546646619217, 7.7545077564645695, 12463.44071405061, 8.534967593123945, 0.0]], "max_diff_c": [[0.0, 29.05066499636655, 10.101921356516186, 9.0073724354325, 37481.1413748017, 26.715255218583366, 37470.83037066296, 25.15549031016002, 46.82400446706828], [29.05066499636655, 0.0, 18.95953561593114, 24.54842227491451, 37452.0524226527, 29.417936131348593, 37441.74141851396, 35.11030186644166, 52.17025689985047], [10.101921356516186, 18.95953561593114, 0.0, 5.58888665898337, 37471.33206478722, 21.9150340588493, 37461.021060648476, 20.417769150425954, 51.77423435551782], [9.0073724354325, 24.54842227491451, 5.58888665898337, 0.0, 37476.88218144216, 18.112271820244587, 37466.57117730342, 16.552506911821236, 55.83137690250078], [37481.1413748017, 37452.0524226527, 37471.33206478722, 37476.88218144216, 0.0, 37482.13976008983, 13.936220794637617, 37487.76547699383, 37478.18897332334], [26.715255218583366, 29.417936131348593, 21.9150340588493, 18.112271820244587, 37482.13976008983, 0.0, 37471.828755951086, 5.629942178804868, 72.4252691548972], [37470.83037066296, 37441.74141851396, 37461.021060648476, 37466.57117730342, 13.936220794637617, 37471.828755951086, 0.0, 37477.45447285509, 37467.94046918461], [25.15549031016002, 35.11030186644166, 20.417769150425954, 16.552506911821236, 37487.76547699383, 5.629942178804868, 37477.45447285509, 0.0, 70.8095793279395], [46.82400446706828, 52.17025689985047, 51.77423435551782, 55.83137690250078, 37478.18897332334, 72.4252691548972, 37467.94046918461, 70.8095793279395, 0.0]],