{"pseudos": {"Rh.nc.pbe.z_17.oncvpsp3.dojo.v0.4.1-std.upf": 0, "Rh.nc.pbe.z_17.oncvpsp4.spms.v1.upf": 1, "Rh.nc.pbe.z_17.oncvpsp4.sg15.v0.upf": 2, "Rh.us.pbe.z_15.uspp.gbrv.v1.4.upf": 3, "Rh.us.pbe.z_17.ld1.psl.v1.0.0-high.upf": 4, "Rh.us.pbe.z_17.ld1.psl.v0.3.0.upf": 5, "Rh.paw.pbe.z_17.ld1.psl.v0.3.0.upf": 6, "Rh.paw.pbe.z_17.ld1.psl.v1.0.0-high.upf": 7, "Rh.paw.pbe.z_17.atompaw.jth.v1.1-std.upf": 8}, "v_distance": {"0-1": {"eta_c": 17.195750422161655, "max_diff_c": 37.89772377905365, "shift_c": 7.812500000000002}, "0-2": {"eta_c": 11.779753186932762, "max_diff_c": 42.06892980163633, "shift_c": 5.437500000000002}, "0-3": {"eta_c": 3.0668452763233107, "max_diff_c": 14.487736234124654, "shift_c": 2.875000000000001}, "0-4": {"eta_c": 5.066924177875272, "max_diff_c": 10.139593672867136, "shift_c": -3.937500000000001}, "0-5": {"eta_c": 3.675234559567834, "max_diff_c": 8.998320687574449, "shift_c": -4.812500000000001}, "0-6": {"eta_c": 4.705988457666334, "max_diff_c": 9.350856985988772, "shift_c": -4.937500000000001}, "0-7": {"eta_c": 3.6891011965218734, "max_diff_c": 8.13810770643147, "shift_c": -2.3125000000000004}, "0-8": {"eta_c": 6.219111874708512, "max_diff_c": 12.934208898390725, "shift_c": 12.062500000000004}, "1-2": {"eta_c": 28.027509459123024, "max_diff_c": 62.57357571369158, "shift_c": -2.3750000000000004}, "1-3": {"eta_c": 13.41755893498464, "max_diff_c": 17.37369671678323, "shift_c": 5.625000000000002}, "1-4": {"eta_c": 22.194271067274414, "max_diff_c": 48.0369463231433, "shift_c": -11.750000000000004}, "1-5": {"eta_c": 19.722470768672746, "max_diff_c": 39.91710885907184, "shift_c": -12.625000000000004}, "1-6": {"eta_c": 21.570771018143947, "max_diff_c": 47.062144141460514, "shift_c": -12.750000000000004}, "1-7": {"eta_c": 20.845590816118662, "max_diff_c": 46.03546035670763, "shift_c": -10.125000000000002}, "1-8": {"eta_c": 13.504469157692482, "max_diff_c": 28.811459913854833, "shift_c": 4.250000000000001}, "2-3": {"eta_c": 9.696394952574934, "max_diff_c": 53.567584846231256, "shift_c": 10.812500000000004}, "2-4": {"eta_c": 8.283310101764972, "max_diff_c": 42.627880883286196, "shift_c": -9.375000000000004}, "2-5": {"eta_c": 10.848916825218103, "max_diff_c": 45.632820640013264, "shift_c": -10.250000000000002}, "2-6": {"eta_c": 9.545808838219068, "max_diff_c": 44.63745585393377, "shift_c": -10.375000000000002}, "2-7": {"eta_c": 9.073412737323896, "max_diff_c": 43.16775930840825, "shift_c": -7.750000000000002}, "2-8": {"eta_c": 15.362801028318684, "max_diff_c": 46.706732311447745, "shift_c": 6.625000000000003}, "3-4": {"eta_c": 2.0758593101371305, "max_diff_c": 16.660246521126382, "shift_c": 0.25}, "3-5": {"eta_c": 1.358304144473683, "max_diff_c": 10.660054029648805, "shift_c": -1.6875000000000002}, "3-6": {"eta_c": 1.124965117673382, "max_diff_c": 10.789204973297203, "shift_c": -0.875}, "3-7": {"eta_c": 1.9874138563615844, "max_diff_c": 16.334486778286404, "shift_c": 1.6250000000000002}, "3-8": {"eta_c": 8.249603639149347, "max_diff_c": 16.27659491768478, "shift_c": 13.687500000000005}, "4-5": {"eta_c": 3.46007829049757, "max_diff_c": 8.120869149016926, "shift_c": -0.875}, "4-6": {"eta_c": 1.7303312903253192, "max_diff_c": 6.166950245395043, "shift_c": -1.0}, "4-7": {"eta_c": 1.5898646495873916, "max_diff_c": 2.9598934215692623, "shift_c": 1.6875000000000002}, "4-8": {"eta_c": 10.626093429041669, "max_diff_c": 19.27887375238947, "shift_c": 16.000000000000004}, "5-6": {"eta_c": 2.6226837249402073, "max_diff_c": 7.145040325124683, "shift_c": -0.125}, "5-7": {"eta_c": 3.146388316840172, "max_diff_c": 6.631115775891204, "shift_c": 2.5000000000000004}, "5-8": {"eta_c": 9.47943936820926, "max_diff_c": 20.666668767849647, "shift_c": 16.875000000000004}, "6-7": {"eta_c": 1.9828834033962512, "max_diff_c": 7.11932676833439, "shift_c": 2.6250000000000004}, "6-8": {"eta_c": 10.607681826869529, "max_diff_c": 20.885412545081127, "shift_c": 17.000000000000004}, "7-8": {"eta_c": 9.178876512494123, "max_diff_c": 17.300692565855226, "shift_c": 14.375000000000002}}, "v10_distance": {"0-1": {"eta_c": 16.263882548656948, "max_diff_c": 39.71022377905364, "shift_c": 6.000000000000002}, "0-2": {"eta_c": 13.451842776286819, "max_diff_c": 59.97209186947776, "shift_c": 7.125000000000003}, "0-3": {"eta_c": 4.700833341701859, "max_diff_c": 48.18804186856866, "shift_c": 1.8750000000000004}, "0-4": {"eta_c": 4.951458880915248, "max_diff_c": 15.4921906243722, "shift_c": -3.875000000000001}, "0-5": {"eta_c": 6.506737309618226, "max_diff_c": 69.86027239553204, "shift_c": -3.3750000000000004}, "0-6": {"eta_c": 6.974483692540495, "max_diff_c": 69.81152810725993, "shift_c": -3.5000000000000004}, "0-7": {"eta_c": 3.7615751999392573, "max_diff_c": 15.800831606237777, "shift_c": -2.4375000000000004}, "0-8": {"eta_c": 10.59652956399736, "max_diff_c": 68.34111244049322, "shift_c": 9.187500000000004}, "1-2": {"eta_c": 28.150928500540065, "max_diff_c": 93.4756289462673, "shift_c": 1.1250000000000002}, "1-3": {"eta_c": 13.816903909544015, "max_diff_c": 77.4415789453582, "shift_c": 3.6250000000000013}, "1-4": {"eta_c": 20.60936403068035, "max_diff_c": 49.9119463231433, "shift_c": -9.875000000000002}, "1-5": {"eta_c": 20.377192132194864, "max_diff_c": 103.36380947232159, "shift_c": -9.375000000000004}, "1-6": {"eta_c": 21.830451851457376, "max_diff_c": 103.31506518404949, "shift_c": -9.500000000000004}, "1-7": {"eta_c": 19.330625107019298, "max_diff_c": 47.72296035670763, "shift_c": -8.437500000000002}, "1-8": {"eta_c": 13.662525701777378, "max_diff_c": 45.682060503804735, "shift_c": 3.187500000000001}, "2-3": {"eta_c": 10.529870849917895, "max_diff_c": 53.130084846231256, "shift_c": 11.250000000000004}, "2-4": {"eta_c": 12.251294375275284, "max_diff_c": 75.46428249384995, "shift_c": -11.000000000000004}, "2-5": {"eta_c": 11.185856652299973, "max_diff_c": 45.445320640013264, "shift_c": -10.437500000000002}, "2-6": {"eta_c": 10.207196515075601, "max_diff_c": 44.38745585393377, "shift_c": -10.625000000000002}, "2-7": {"eta_c": 12.734098403356617, "max_diff_c": 75.81970911168328, "shift_c": -9.500000000000004}, "2-8": {"eta_c": 20.822989026656167, "max_diff_c": 126.23780894946438, "shift_c": 2.0625000000000004}, "3-4": {"eta_c": 5.785160538472467, "max_diff_c": 64.74273249294086, "shift_c": -0.9375}, "3-5": {"eta_c": 2.4018174828877608, "max_diff_c": 21.234730526963375, "shift_c": -1.0625}, "3-6": {"eta_c": 2.0574922536456843, "max_diff_c": 20.49848623869127, "shift_c": -0.5}, "3-7": {"eta_c": 5.802411754095832, "max_diff_c": 64.84815911077419, "shift_c": 0.3125}, "3-8": {"eta_c": 14.402941141124021, "max_diff_c": 113.14125894855529, "shift_c": 9.750000000000004}, "4-5": {"eta_c": 7.547118245171691, "max_diff_c": 85.28996301990423, "shift_c": 0.5625000000000001}, "4-6": {"eta_c": 6.958758048283133, "max_diff_c": 85.30371873163213, "shift_c": 0.375}, "4-7": {"eta_c": 1.5147795391257135, "max_diff_c": 2.8056785151626116, "shift_c": 1.5}, "4-8": {"eta_c": 12.826785930560776, "max_diff_c": 53.505727267971345, "shift_c": 13.062500000000005}, "5-6": {"eta_c": 2.3909157174633124, "max_diff_c": 7.082540325124683, "shift_c": -0.1875}, "5-7": {"eta_c": 7.517471881211545, "max_diff_c": 85.64538963773757, "shift_c": 0.9375}, "5-8": {"eta_c": 16.528270236145268, "max_diff_c": 136.06348947551865, "shift_c": 12.500000000000004}, "6-7": {"eta_c": 7.101138784987018, "max_diff_c": 85.59664534946546, "shift_c": 1.0625}, "6-8": {"eta_c": 17.019849684320057, "max_diff_c": 136.07724518724658, "shift_c": 12.687500000000004}, "7-8": {"eta_c": 11.691876692210156, "max_diff_c": 53.170684029787054, "shift_c": 11.562500000000004}}}