{"pseudos": ["DOJO-041-std-17", "SPMS-17", "SG15-17", "GBRV-1.X-15", "PSL-US-v1-high-17", "PSL-US-v0.x-17", "PSL-PAW-v0.x-17", "PSL-PAW-v1-high-17", "JTH-1.1-std-17"], "v_distance": {"eta": [[0.0, 17.195750422161655, 11.779753186932762, 3.0668452763233107, 5.066924177875272, 3.675234559567834, 4.705988457666334, 3.6891011965218734, 6.219111874708512], [37.89772377905365, 0.0, 28.027509459123024, 13.41755893498464, 22.194271067274414, 19.722470768672746, 21.570771018143947, 20.845590816118662, 13.504469157692482], [42.06892980163633, 62.57357571369158, 0.0, 9.696394952574934, 8.283310101764972, 10.848916825218103, 9.545808838219068, 9.073412737323896, 15.362801028318684], [14.487736234124654, 17.37369671678323, 53.567584846231256, 0.0, 2.0758593101371305, 1.358304144473683, 1.124965117673382, 1.9874138563615844, 8.249603639149347], [10.139593672867136, 48.0369463231433, 42.627880883286196, 16.660246521126382, 0.0, 3.46007829049757, 1.7303312903253192, 1.5898646495873916, 10.626093429041669], [8.998320687574449, 39.91710885907184, 45.632820640013264, 10.660054029648805, 8.120869149016926, 0.0, 2.6226837249402073, 3.146388316840172, 9.47943936820926], [9.350856985988772, 47.062144141460514, 44.63745585393377, 10.789204973297203, 6.166950245395043, 7.145040325124683, 0.0, 1.9828834033962512, 10.607681826869529], [8.13810770643147, 46.03546035670763, 43.16775930840825, 16.334486778286404, 2.9598934215692623, 6.631115775891204, 7.11932676833439, 0.0, 9.178876512494123], [12.934208898390725, 28.811459913854833, 46.706732311447745, 16.27659491768478, 19.27887375238947, 20.666668767849647, 20.885412545081127, 17.300692565855226, 0.0]], "shift": [[0.0, 7.812500000000002, 5.437500000000002, 2.875000000000001, -3.937500000000001, -4.812500000000001, -4.937500000000001, -2.3125000000000004, 12.062500000000004], [-7.812500000000002, 0.0, -2.3750000000000004, 5.625000000000002, -11.750000000000004, -12.625000000000004, -12.750000000000004, -10.125000000000002, 4.250000000000001], [-5.437500000000002, 2.3750000000000004, 0.0, 10.812500000000004, -9.375000000000004, -10.250000000000002, -10.375000000000002, -7.750000000000002, 6.625000000000003], [-2.875000000000001, -5.625000000000002, -10.812500000000004, 0.0, 0.25, -1.6875000000000002, -0.875, 1.6250000000000002, 13.687500000000005], [3.937500000000001, 11.750000000000004, 9.375000000000004, -0.25, 0.0, -0.875, -1.0, 1.6875000000000002, 16.000000000000004], [4.812500000000001, 12.625000000000004, 10.250000000000002, 1.6875000000000002, 0.875, 0.0, -0.125, 2.5000000000000004, 16.875000000000004], [4.937500000000001, 12.750000000000004, 10.375000000000002, 0.875, 1.0, 0.125, 0.0, 2.6250000000000004, 17.000000000000004], [2.3125000000000004, 10.125000000000002, 7.750000000000002, -1.6250000000000002, -1.6875000000000002, -2.5000000000000004, -2.6250000000000004, 0.0, 14.375000000000002], [-12.062500000000004, -4.250000000000001, -6.625000000000003, -13.687500000000005, -16.000000000000004, -16.875000000000004, -17.000000000000004, -14.375000000000002, 0.0]]}, "v10_distance": {"eta": [[0.0, 16.263882548656948, 13.451842776286819, 4.700833341701859, 4.951458880915248, 6.506737309618226, 6.974483692540495, 3.7615751999392573, 10.59652956399736], [39.71022377905364, 0.0, 28.150928500540065, 13.816903909544015, 20.60936403068035, 20.377192132194864, 21.830451851457376, 19.330625107019298, 13.662525701777378], [59.97209186947776, 93.4756289462673, 0.0, 10.529870849917895, 12.251294375275284, 11.185856652299973, 10.207196515075601, 12.734098403356617, 20.822989026656167], [48.18804186856866, 77.4415789453582, 53.130084846231256, 0.0, 5.785160538472467, 2.4018174828877608, 2.0574922536456843, 5.802411754095832, 14.402941141124021], [15.4921906243722, 49.9119463231433, 75.46428249384995, 64.74273249294086, 0.0, 7.547118245171691, 6.958758048283133, 1.5147795391257135, 12.826785930560776], [69.86027239553204, 103.36380947232159, 45.445320640013264, 21.234730526963375, 85.28996301990423, 0.0, 2.3909157174633124, 7.517471881211545, 16.528270236145268], [69.81152810725993, 103.31506518404949, 44.38745585393377, 20.49848623869127, 85.30371873163213, 7.082540325124683, 0.0, 7.101138784987018, 17.019849684320057], [15.800831606237777, 47.72296035670763, 75.81970911168328, 64.84815911077419, 2.8056785151626116, 85.64538963773757, 85.59664534946546, 0.0, 11.691876692210156], [68.34111244049322, 45.682060503804735, 126.23780894946438, 113.14125894855529, 53.505727267971345, 136.06348947551865, 136.07724518724658, 53.170684029787054, 0.0]], "shift": [[0.0, 6.000000000000002, 7.125000000000003, 1.8750000000000004, -3.875000000000001, -3.3750000000000004, -3.5000000000000004, -2.4375000000000004, 9.187500000000004], [-6.000000000000002, 0.0, 1.1250000000000002, 3.6250000000000013, -9.875000000000002, -9.375000000000004, -9.500000000000004, -8.437500000000002, 3.187500000000001], [-7.125000000000003, -1.1250000000000002, 0.0, 11.250000000000004, -11.000000000000004, -10.437500000000002, -10.625000000000002, -9.500000000000004, 2.0625000000000004], [-1.8750000000000004, -3.6250000000000013, -11.250000000000004, 0.0, -0.9375, -1.0625, -0.5, 0.3125, 9.750000000000004], [3.875000000000001, 9.875000000000002, 11.000000000000004, 0.9375, 0.0, 0.5625000000000001, 0.375, 1.5, 13.062500000000005], [3.3750000000000004, 9.375000000000004, 10.437500000000002, 1.0625, -0.5625000000000001, 0.0, -0.1875, 0.9375, 12.500000000000004], [3.5000000000000004, 9.500000000000004, 10.625000000000002, 0.5, -0.375, 0.1875, 0.0, 1.0625, 12.687500000000004], [2.4375000000000004, 8.437500000000002, 9.500000000000004, -0.3125, -1.5, -0.9375, -1.0625, 0.0, 11.562500000000004], [-9.187500000000004, -3.187500000000001, -2.0625000000000004, -9.750000000000004, -13.062500000000005, -12.500000000000004, -12.687500000000004, -11.562500000000004, 0.0]]}}