{"pseudos": {"Rn.nc.pbe.z_18.oncvpsp3.dojo.v0.4.1-std.upf": 0, "Rn.nc.pbe.z_18.oncvpsp4.dojo.v0.5.0-std.upf": 1, "Rn.us.pbe.z_18.ld1.psl.v1.0.0-high.upf": 2, "Rn.paw.pbe.z_18.ld1.psl.v1.0.0-high.upf": 3, "Rn.paw.pbe.z_8.atompaw.jth.v1.1-std.upf": 4}, "v_distance": {"0-1": {"eta_c": 2318.7394585305738, "max_diff_c": 6528.402101752253, "shift_c": 1452.1875000000014}, "0-2": {"eta_c": 0.2952175622886196, "max_diff_c": 0.6906179806179299, "shift_c": -2.3125000000000004}, "0-3": {"eta_c": 0.663429166993367, "max_diff_c": 1.016196805353445, "shift_c": -2.75}, "0-4": {"eta_c": 0.23223434943917487, "max_diff_c": 0.408965283870133, "shift_c": -1305.8750000000014}, "1-2": {"eta_c": 2318.9910964565875, "max_diff_c": 6529.092719732871, "shift_c": -1454.5000000000016}, "1-3": {"eta_c": 2319.160483557769, "max_diff_c": 6529.418298557607, "shift_c": -1454.9375000000016}, "1-4": {"eta_c": 3011.0595379056685, "max_diff_c": 5230.548617979769, "shift_c": -1151.9375000000011}, "2-3": {"eta_c": 0.40039800429558886, "max_diff_c": 0.45576165441976, "shift_c": -0.4375}, "2-4": {"eta_c": 0.08130261896783482, "max_diff_c": 0.27046405039188315, "shift_c": -1307.8750000000014}, "3-4": {"eta_c": 0.09772335693522398, "max_diff_c": 0.3452356313724536, "shift_c": -1307.9375000000014}}, "v10_distance": {"0-1": {"eta_c": 1813.4099129176743, "max_diff_c": 6573.339601752253, "shift_c": 1497.1250000000014}, "0-2": {"eta_c": 3.862282298987774, "max_diff_c": 13.683319266635706, "shift_c": 0.5625000000000001}, "0-3": {"eta_c": 4.1694955080405744, "max_diff_c": 14.141529711604775, "shift_c": 0.375}, "0-4": {"eta_c": 37.47617185386092, "max_diff_c": 232.71485360611322, "shift_c": -1277.3750000000014}, "1-2": {"eta_c": 1813.5259733167838, "max_diff_c": 6571.842719732871, "shift_c": -1497.2500000000016}, "1-3": {"eta_c": 1813.6486414055391, "max_diff_c": 6571.980798557606, "shift_c": -1497.5000000000016}, "1-4": {"eta_c": 2083.9374788985165, "max_diff_c": 6080.48611797977, "shift_c": -302.0000000000002}, "2-3": {"eta_c": 0.44361444832544805, "max_diff_c": 0.6361647342414471, "shift_c": -0.1875}, "2-4": {"eta_c": 39.80253993455249, "max_diff_c": 227.22705310019631, "shift_c": -1276.1250000000014}, "3-4": {"eta_c": 39.883570922442864, "max_diff_c": 227.20144935446962, "shift_c": -1276.0000000000011}}}