{"pseudos": ["DOJO-041-std-18", "DOJO-050-std-18", "PSL-US-v1-high-18", "PSL-PAW-v1-high-18", "JTH-1.1-std-8"], "v_distance": {"eta_c": [[0.0, 2318.7394585305738, 0.2952175622886196, 0.663429166993367, 0.23223434943917487], [2318.7394585305738, 0.0, 2318.9910964565875, 2319.160483557769, 3011.0595379056685], [0.2952175622886196, 2318.9910964565875, 0.0, 0.40039800429558886, 0.08130261896783482], [0.663429166993367, 2319.160483557769, 0.40039800429558886, 0.0, 0.09772335693522398], [0.23223434943917487, 3011.0595379056685, 0.08130261896783482, 0.09772335693522398, 0.0]], "max_diff_c": [[0.0, 6528.402101752253, 0.6906179806179299, 1.016196805353445, 0.408965283870133], [6528.402101752253, 0.0, 6529.092719732871, 6529.418298557607, 5230.548617979769], [0.6906179806179299, 6529.092719732871, 0.0, 0.45576165441976, 0.27046405039188315], [1.016196805353445, 6529.418298557607, 0.45576165441976, 0.0, 0.3452356313724536], [0.408965283870133, 5230.548617979769, 0.27046405039188315, 0.3452356313724536, 0.0]], "shift_c": [[0.0, 1.4521875000000013, -0.0023125000000000003, -0.00275, -1.3058750000000015], [-1.4521875000000013, 0.0, -1.4545000000000017, -1.4549375000000015, -1.1519375000000012], [0.0023125000000000003, 1.4545000000000017, 0.0, -0.0004375, -1.3078750000000015], [0.00275, 1.4549375000000015, 0.0004375, 0.0, -1.3079375000000013], [1.3058750000000015, 1.1519375000000012, 1.3078750000000015, 1.3079375000000013, 0.0]]}, "v10_distance": {"eta_c": [[0.0, 1813.4099129176743, 3.862282298987774, 4.1694955080405744, 37.47617185386092], [1813.4099129176743, 0.0, 1813.5259733167838, 1813.6486414055391, 2083.9374788985165], [3.862282298987774, 1813.5259733167838, 0.0, 0.44361444832544805, 39.80253993455249], [4.1694955080405744, 1813.6486414055391, 0.44361444832544805, 0.0, 39.883570922442864], [37.47617185386092, 2083.9374788985165, 39.80253993455249, 39.883570922442864, 0.0]], "max_diff_c": [[0.0, 6573.339601752253, 13.683319266635706, 14.141529711604775, 232.71485360611322], [6573.339601752253, 0.0, 6571.842719732871, 6571.980798557606, 6080.48611797977], [13.683319266635706, 6571.842719732871, 0.0, 0.6361647342414471, 227.22705310019631], [14.141529711604775, 6571.980798557606, 0.6361647342414471, 0.0, 227.20144935446962], [232.71485360611322, 6080.48611797977, 227.22705310019631, 227.20144935446962, 0.0]], "shift_c": [[0.0, 1.4971250000000014, 0.0005625000000000002, 0.000375, -1.2773750000000015], [-1.4971250000000014, 0.0, -1.4972500000000015, -1.4975000000000016, -0.3020000000000002], [-0.0005625000000000002, 1.4972500000000015, 0.0, -0.0001875, -1.2761250000000013], [-0.000375, 1.4975000000000016, 0.0001875, 0.0, -1.2760000000000011], [1.2773750000000015, 0.3020000000000002, 1.2761250000000013, 1.2760000000000011, 0.0]]}}