{"pseudos": {"Ru.nc.pbe.z_16.oncvpsp3.dojo.v0.4.1-std.upf": 0, "Ru.nc.pbe.z_16.oncvpsp4.spms.v1.upf": 1, "Ru.nc.pbe.z_16.oncvpsp4.sg15.v0.upf": 2, "Ru.us.pbe.z_16.uspp.gbrv.v1.2.upf": 3, "Ru.us.pbe.z_16.ld1.psl.v1.0.0-high.upf": 4, "Ru.paw.pbe.z_16.ld1.psl.v1.0.0-high.upf": 5, "Ru.paw.pbe.z_16.atompaw.jth.v1.1-std.upf": 6}, "v_distance": {"0-1": {"eta_c": 37.229387446390426, "max_diff_c": 79.3792603790889, "shift_c": 22.062500000000007}, "0-2": {"eta_c": 4.437028991118151, "max_diff_c": 17.261205459518266, "shift_c": 0.1875}, "0-3": {"eta_c": 5.02134133643243, "max_diff_c": 9.664840637569567, "shift_c": -1.1875000000000002}, "0-4": {"eta_c": 2.179247809281366, "max_diff_c": 5.515404499390684, "shift_c": -0.625}, "0-5": {"eta_c": 4.019450358280898, "max_diff_c": 7.911046109902373, "shift_c": -2.75}, "0-6": {"eta_c": 6.353763611944835, "max_diff_c": 48.39670350160247, "shift_c": 7.5000000000000036}, "1-2": {"eta_c": 41.01929373192545, "max_diff_c": 86.3919175138037, "shift_c": -21.812500000000007}, "1-3": {"eta_c": 42.16736043649834, "max_diff_c": 89.04410101665849, "shift_c": -23.250000000000007}, "1-4": {"eta_c": 39.17541338787231, "max_diff_c": 84.9571648784796, "shift_c": -22.625000000000007}, "1-5": {"eta_c": 41.20146011415494, "max_diff_c": 87.29030648899128, "shift_c": -24.812500000000007}, "1-6": {"eta_c": 36.310383236874046, "max_diff_c": 77.72377190818932, "shift_c": -14.562500000000005}, "2-3": {"eta_c": 2.64440137230638, "max_diff_c": 14.758804435517561, "shift_c": -1.4375}, "2-4": {"eta_c": 3.5264086805812376, "max_diff_c": 20.88145797830731, "shift_c": -0.8125000000000001}, "2-5": {"eta_c": 2.850686127761395, "max_diff_c": 19.42404003772839, "shift_c": -2.9375}, "2-6": {"eta_c": 7.082427430408553, "max_diff_c": 31.197998042084205, "shift_c": 7.250000000000003}, "3-4": {"eta_c": 3.410777075077516, "max_diff_c": 6.122653542789749, "shift_c": 0.625}, "3-5": {"eta_c": 1.420386027382773, "max_diff_c": 4.602735602210828, "shift_c": -1.5625}, "3-6": {"eta_c": 8.894703096883141, "max_diff_c": 45.95680247760177, "shift_c": 8.687500000000002}, "4-5": {"eta_c": 2.4120167378721034, "max_diff_c": 2.895407734254519, "shift_c": -2.125}, "4-6": {"eta_c": 7.365683484805662, "max_diff_c": 52.07945602039152, "shift_c": 8.062500000000002}, "5-6": {"eta_c": 8.596759607260456, "max_diff_c": 50.5595380798126, "shift_c": 10.250000000000002}}, "v10_distance": {"0-1": {"eta_c": 34.58794259521833, "max_diff_c": 84.56676037908892, "shift_c": 16.875000000000004}, "0-2": {"eta_c": 5.4395071414446425, "max_diff_c": 49.93094414728847, "shift_c": 0.4375}, "0-3": {"eta_c": 5.750673477408414, "max_diff_c": 63.74603553475927, "shift_c": -1.5}, "0-4": {"eta_c": 2.5446874348457413, "max_diff_c": 13.508619552207648, "shift_c": -0.9375}, "0-5": {"eta_c": 3.9505423312607797, "max_diff_c": 12.254999962309343, "shift_c": -2.6875}, "0-6": {"eta_c": 10.69896262946149, "max_diff_c": 76.61808521599778, "shift_c": 4.812500000000001}, "1-2": {"eta_c": 38.310919765421524, "max_diff_c": 91.7669175138037, "shift_c": -16.437500000000004}, "1-3": {"eta_c": 38.68776811883429, "max_diff_c": 93.98160101665847, "shift_c": -18.312500000000007}, "1-4": {"eta_c": 36.0181594329181, "max_diff_c": 89.8321648784796, "shift_c": -17.750000000000007}, "1-5": {"eta_c": 37.95488045919625, "max_diff_c": 92.60280648899129, "shift_c": -19.500000000000007}, "1-6": {"eta_c": 33.44406608086467, "max_diff_c": 91.0498758465681, "shift_c": -12.000000000000004}, "2-3": {"eta_c": 7.508311615706085, "max_diff_c": 113.67697968204774, "shift_c": -1.9375}, "2-4": {"eta_c": 6.13530231999793, "max_diff_c": 63.43956369949612, "shift_c": -1.375}, "2-5": {"eta_c": 5.8850478561234185, "max_diff_c": 62.18594410959781, "shift_c": -3.125}, "2-6": {"eta_c": 11.886317839472353, "max_diff_c": 80.68616797522708, "shift_c": 4.375000000000001}, "3-4": {"eta_c": 4.064312977330665, "max_diff_c": 50.237415982551624, "shift_c": 0.5625000000000001}, "3-5": {"eta_c": 3.06472048739013, "max_diff_c": 51.49103557244993, "shift_c": -1.1875000000000002}, "3-6": {"eta_c": 11.414206883544546, "max_diff_c": 79.11941211736112, "shift_c": 6.312500000000002}, "4-5": {"eta_c": 2.2851412904676085, "max_diff_c": 3.008465147162383, "shift_c": -1.75}, "4-6": {"eta_c": 11.13415811058342, "max_diff_c": 75.60289080467183, "shift_c": 5.750000000000002}, "5-6": {"eta_c": 12.170893142510298, "max_diff_c": 76.81738509381802, "shift_c": 7.5000000000000036}}}