{"pseudos": {"S.nc.pbe.z_6.oncvpsp3.dojo.v0.4.1-std.upf": 0, "S.nc.pbe.z_6.oncvpsp4.dojo.v0.5.0-std.upf": 1, "S.nc.pbe.z_6.oncvpsp4.spms.v1.upf": 2, "S.nc.pbe.z_6.oncvpsp4.sg15.v0.upf": 3, "S.us.pbe.z_6.uspp.gbrv.v1.4.upf": 4, "S.us.pbe.z_6.ld1.psl.v1.0.0-high.upf": 5, "S.us.pbe.z_6.ld1.psl.v1.0.0-low.upf": 6, "S.us.pbe.z_6.ld1.psl.v0.1.upf": 7, "S.paw.pbe.z_6.ld1.psl.v0.1.upf": 8, "S.paw.pbe.z_6.ld1.psl.v1.0.0-high.upf": 9, "S.paw.pbe.z_6.ld1.psl.v1.0.0-low.upf": 10, "S.paw.pbe.z_6.atompaw.jth.v1.1-std.upf": 11}, "v_distance": {"0-1": {"eta_c": 0.04331647117916513, "max_diff_c": 0.14256825400563855, "shift_c": -0.0625}, "0-2": {"eta_c": 0.2731189682731803, "max_diff_c": 0.6994481743613363, "shift_c": 0.125}, "0-3": {"eta_c": 1.7980164865263577, "max_diff_c": 6.6302254482531575, "shift_c": -4.125000000000001}, "0-4": {"eta_c": 0.11900575628588293, "max_diff_c": 0.27431646609313987, "shift_c": -0.0625}, "0-5": {"eta_c": 0.5452773407073694, "max_diff_c": 1.7769098935298473, "shift_c": -0.1875}, "0-6": {"eta_c": 0.6972670714770641, "max_diff_c": 2.1540594871322014, "shift_c": -1.1875000000000002}, "0-7": {"eta_c": 2.0755043889667615, "max_diff_c": 4.778069243678275, "shift_c": 0.5625000000000001}, "0-8": {"eta_c": 2.1376183484523894, "max_diff_c": 6.173360855596172, "shift_c": 0.8125000000000001}, "0-9": {"eta_c": 0.2859713731775093, "max_diff_c": 0.5830563190221056, "shift_c": -0.1875}, "0-10": {"eta_c": 0.6569883690345405, "max_diff_c": 2.030051360693861, "shift_c": -0.9375}, "0-11": {"eta_c": 1.2509992651985715, "max_diff_c": 2.52580673345782, "shift_c": 0.8125000000000001}, "1-2": {"eta_c": 0.24294890541717754, "max_diff_c": 0.5568799203556978, "shift_c": 0.1875}, "1-3": {"eta_c": 1.7936315301475885, "max_diff_c": 6.593704212150585, "shift_c": -4.062500000000001}, "1-4": {"eta_c": 0.09058334528919662, "max_diff_c": 0.19734588525643915, "shift_c": 0.0}, "1-5": {"eta_c": 0.5075831904987094, "max_diff_c": 1.6343416395242087, "shift_c": -0.125}, "1-6": {"eta_c": 0.679749605519173, "max_diff_c": 2.117538251029629, "shift_c": -1.1250000000000002}, "1-7": {"eta_c": 2.0693863048260632, "max_diff_c": 4.842361550412413, "shift_c": 0.625}, "1-8": {"eta_c": 2.154863494602167, "max_diff_c": 6.237653162330311, "shift_c": 0.875}, "1-9": {"eta_c": 0.25650968310189326, "max_diff_c": 0.4651358815970923, "shift_c": -0.125}, "1-10": {"eta_c": 0.652704456112844, "max_diff_c": 2.056030124591288, "shift_c": -0.9375}, "1-11": {"eta_c": 1.2463140593230577, "max_diff_c": 2.565766097231844, "shift_c": 0.875}, "2-3": {"eta_c": 1.9327240343118943, "max_diff_c": 6.807573652391732, "shift_c": -4.250000000000001}, "2-4": {"eta_c": 0.17104739513081782, "max_diff_c": 0.42513170826819646, "shift_c": -0.1875}, "2-5": {"eta_c": 0.31978444280750695, "max_diff_c": 1.077461719168511, "shift_c": -0.3125}, "2-6": {"eta_c": 0.7059672689544627, "max_diff_c": 2.331407691270776, "shift_c": -1.3124999999999998}, "2-7": {"eta_c": 1.9388040716639987, "max_diff_c": 4.712763666177587, "shift_c": 0.4375}, "2-8": {"eta_c": 2.1422605179144654, "max_diff_c": 6.108055278095485, "shift_c": 0.6875}, "2-9": {"eta_c": 0.13875037649865596, "max_diff_c": 0.5762057408287903, "shift_c": -0.3125}, "2-10": {"eta_c": 0.7133676729898225, "max_diff_c": 2.2698995648324356, "shift_c": -1.1250000000000002}, "2-11": {"eta_c": 1.094745040765468, "max_diff_c": 2.4480353345317982, "shift_c": 0.6875}, "3-4": {"eta_c": 1.8236765330911768, "max_diff_c": 6.54398969025408, "shift_c": 4.062500000000001}, "3-5": {"eta_c": 1.9630365813574266, "max_diff_c": 6.607392663461405, "shift_c": 3.937500000000001}, "3-6": {"eta_c": 1.3953421669157706, "max_diff_c": 4.476165973300547, "shift_c": 2.937500000000001}, "3-7": {"eta_c": 2.909411920542011, "max_diff_c": 6.246637649869593, "shift_c": 4.687500000000002}, "3-8": {"eta_c": 2.841113719287211, "max_diff_c": 6.855086999228505, "shift_c": 4.937500000000001}, "3-9": {"eta_c": 1.846480439225083, "max_diff_c": 6.395832531941388, "shift_c": 3.937500000000001}, "3-10": {"eta_c": 1.4270535148370953, "max_diff_c": 4.537674099777079, "shift_c": 3.125000000000001}, "3-11": {"eta_c": 2.5289928468359677, "max_diff_c": 6.598031317663861, "shift_c": 4.937500000000001}, "4-5": {"eta_c": 0.4486494137831154, "max_diff_c": 1.5025934274367074, "shift_c": -0.125}, "4-6": {"eta_c": 0.6672425649170637, "max_diff_c": 2.0678237291331243, "shift_c": -1.1250000000000002}, "4-7": {"eta_c": 2.0135691414188392, "max_diff_c": 4.7433571088847515, "shift_c": 0.625}, "4-8": {"eta_c": 2.1335319658100964, "max_diff_c": 6.1386487208026494, "shift_c": 0.875}, "4-9": {"eta_c": 0.18614667347498945, "max_diff_c": 0.3866450806017525, "shift_c": -0.125}, "4-10": {"eta_c": 0.6483803331221287, "max_diff_c": 2.0063156026947837, "shift_c": -0.9375}, "4-11": {"eta_c": 1.1813870745434205, "max_diff_c": 2.460665708667694, "shift_c": 0.875}, "5-6": {"eta_c": 0.6731524388448326, "max_diff_c": 2.1312267023404488, "shift_c": -1.0}, "5-7": {"eta_c": 1.8509185458973683, "max_diff_c": 5.181084626516757, "shift_c": 0.75}, "5-8": {"eta_c": 2.220308842757022, "max_diff_c": 6.576376238434655, "shift_c": 1.0}, "5-9": {"eta_c": 0.31120634022072, "max_diff_c": 1.1938535745077417, "shift_c": 0.0}, "5-10": {"eta_c": 0.7659221246643783, "max_diff_c": 2.392842259622469, "shift_c": -0.75}, "5-11": {"eta_c": 1.0714249105484437, "max_diff_c": 2.777155262598029, "shift_c": 1.0}, "6-7": {"eta_c": 1.7952091293651042, "max_diff_c": 4.401026639948206, "shift_c": 1.7500000000000002}, "6-8": {"eta_c": 1.9901782080430181, "max_diff_c": 5.796318251866104, "shift_c": 2.0000000000000004}, "6-9": {"eta_c": 0.589859260901417, "max_diff_c": 1.9821665586408415, "shift_c": 1.0625}, "6-10": {"eta_c": 0.232329001038291, "max_diff_c": 0.8427691755402975, "shift_c": 0.25}, "6-11": {"eta_c": 1.2196341356462201, "max_diff_c": 2.3758251872412193, "shift_c": 2.0000000000000004}, "7-8": {"eta_c": 1.2051892739460943, "max_diff_c": 4.232293410491167, "shift_c": 0.25}, "7-9": {"eta_c": 1.8656187924792123, "max_diff_c": 4.654407032781464, "shift_c": -0.6875}, "7-10": {"eta_c": 1.7473027960209426, "max_diff_c": 3.8676487808561575, "shift_c": -1.5}, "7-11": {"eta_c": 0.9524603870687305, "max_diff_c": 2.403929363918728, "shift_c": 0.25}, "8-9": {"eta_c": 2.066879935958532, "max_diff_c": 6.112198644699362, "shift_c": -1.0}, "8-10": {"eta_c": 1.8170301756484282, "max_diff_c": 5.2629403927740555, "shift_c": -1.75}, "8-11": {"eta_c": 1.4043317242600475, "max_diff_c": 4.229061448798532, "shift_c": 0.0}, "9-10": {"eta_c": 0.5961975085113523, "max_diff_c": 1.8581584321643092, "shift_c": -0.8125000000000001}, "9-11": {"eta_c": 1.0508620306934358, "max_diff_c": 2.3627753719234192, "shift_c": 1.0}, "10-11": {"eta_c": 1.1576469293644553, "max_diff_c": 2.1184444472442654, "shift_c": 1.7500000000000002}}, "v10_distance": {"0-1": {"eta_c": 0.07254540793824822, "max_diff_c": 0.2639091170060226, "shift_c": 0.0}, "0-2": {"eta_c": 0.33359883580206323, "max_diff_c": 0.9596666273828589, "shift_c": -0.0625}, "0-3": {"eta_c": 30.453760923154796, "max_diff_c": 125.66098581703878, "shift_c": 13.812500000000002}, "0-4": {"eta_c": 0.5417177714268888, "max_diff_c": 2.024455511699955, "shift_c": -0.375}, "0-5": {"eta_c": 0.5979620318111195, "max_diff_c": 2.524212514898913, "shift_c": -0.125}, "0-6": {"eta_c": 3.7549974006038074, "max_diff_c": 11.532699902366202, "shift_c": 1.1250000000000002}, "0-7": {"eta_c": 4.094832186926214, "max_diff_c": 27.118884838354347, "shift_c": -0.1875}, "0-8": {"eta_c": 5.0539143238910835, "max_diff_c": 26.70564238845325, "shift_c": 1.3124999999999998}, "0-9": {"eta_c": 0.5725168660968737, "max_diff_c": 2.250232423986816, "shift_c": 0.1875}, "0-10": {"eta_c": 4.304112109824315, "max_diff_c": 13.287161445444383, "shift_c": 1.6250000000000002}, "0-11": {"eta_c": 1.6456457217934217, "max_diff_c": 9.166104445438487, "shift_c": 1.1250000000000002}, "1-2": {"eta_c": 0.3734444526394447, "max_diff_c": 1.1441122270528723, "shift_c": -0.0625}, "1-3": {"eta_c": 30.393125499233456,