{"pseudos": ["DOJO-041-std-15", "DOJO-041-str-23", "SPMS-15", "SG15-15", "GBRV-1.X-15", "PSL-US-v1-high-15", "PSL-US-v1-low-5", "PSL-PAW-v1-high-15", "PSL-PAW-v1-low-5", "JTH-1.1-std-15", "JTH-1.1-str-5"], "v_distance": {"eta": [[0.0, 2.2147308386667426, 2.4412609559891245, 6.251775263585002, 4.185385495948584, 1.4571596938615898, 3.8642208607629445, 3.491773440860983, 3.915884247507619, 4.5018024819325, 13.223771011341775], [5.1134038445059105, 0.0, 0.9485469184690849, 4.115371145101658, 2.064731037839713, 3.595260631867793, 3.8538301332366616, 1.6919353502833367, 3.8988611366085077, 6.533984014932046, 13.824983177821577], [5.6042171098674345, 4.378026979831404, 0.0, 4.1074055517731285, 2.065859088669622, 3.789009177855566, 4.848807183772342, 1.7530623980196893, 4.896337168381684, 6.669768612214014, 14.387301661750634], [10.136501833235219, 8.93970876935919, 13.380235749027168, 0.0, 2.129863131122716, 7.563772630835468, 3.662638326621906, 2.926348167288894, 3.707321534721048, 10.634896195513575, 13.262217547698395], [7.287018495709747, 5.547326124584928, 6.486506223231545, 6.893729525831149, 0.0, 5.496347653553933, 4.2870040314484426, 1.0926343839127257, 4.330945065779081, 8.530343584409607, 13.756184429085609], [4.275794733030608, 7.73463448416868, 7.449699849813854, 12.913018069563764, 9.727964034964943, 0.0, 4.225841465179898, 4.713904828224557, 4.263541089955218, 3.436161161060186, 12.863085952431359], [11.805872827106413, 14.2463262116502, 18.811853191422983, 11.119117442418911, 15.01284696819144, 11.898764890696022, 0.0, 4.334927289840884, 0.12858687880523098, 5.1958326003654625, 11.878671964006534], [8.771787682520728, 7.549401770585221, 10.03490889995017, 5.712142701794548, 3.5484026767186236, 7.200875367769217, 12.278394294323284, 0.0, 4.377868581801956, 7.925526966072042, 12.645308875131045], [11.76806055667047, 14.208513941214257, 18.77404092098704, 11.018805171982969, 14.975034697755497, 12.070559079412511, 0.667180743761854, 12.387688483039774, 0.0, 5.235978870153151, 11.902616413200283], [16.212804725333484, 16.834851340908717, 12.394324361077311, 25.77456010998369, 18.880830584285764, 15.441169098653592, 21.89367754856389, 22.491733260958203, 21.855865278859806, 0.0, 15.275610277890973], [50.51811902627723, 52.95857241087786, 57.524099390553836, 49.768863641549764, 53.725093167349826, 49.477254653027295, 38.712246208832426, 49.11419049068094, 38.75005847410805, 60.60592375059198, 0.0]], "shift": [[0.0, -1.875, -1.9375, -9.000000000000004, -5.937500000000002, -0.25, 0.5625000000000001, -7.187500000000003, 0.625, 8.812500000000002, 20.625000000000004], [1.875, 0.0, 0.125, 7.125000000000003, 4.125000000000001, -1.6250000000000002, 1.7500000000000002, 5.312500000000001, 1.8125000000000002, -10.687500000000002, 21.812500000000007], [1.9375, -0.125, 0.0, -7.062500000000003, -4.000000000000001, 1.6875000000000002, 1.8125000000000002, -5.187500000000001, 1.8750000000000004, 10.750000000000002, 21.875000000000007], [9.000000000000004, -7.125000000000003, 7.062500000000003, 0.0, 3.062500000000001, 8.750000000000002, 0.4375, 1.8125000000000002, 0.4375, 17.812500000000007, 20.437500000000004], [5.937500000000002, -4.125000000000001, 4.000000000000001, -3.062500000000001, 0.0, 5.687500000000002, 0.5, -1.1875000000000002, 0.5625000000000001, 14.750000000000004, 20.562500000000004], [0.25, 1.6250000000000002, -1.6875000000000002, -8.750000000000002, -5.687500000000002, 0.0, -1.5, -6.937500000000003, -1.5, 9.062500000000004, 18.562500000000007], [-0.5625000000000001, -1.7500000000000002, -1.8125000000000002, -0.4375, -0.5, 1.5, 0.0, -1.75, -0.0625, 3.2500000000000013, -20.062500000000004], [7.187500000000003, -5.312500000000001, 5.187500000000001, -1.8125000000000002, 1.1875000000000002, 6.937500000000003, 1.75, 0.0, -1.6875000000000002, 16.000000000000004, 18.312500000000007], [-0.625, -1.8125000000000002, -1.8750000000000004, -0.4375, -0.5625000000000001, 1.5, 0.0625, 1.6875000000000002, 0.0, 3.3125000000000013, -20.000000000000004], [-8.812500000000002, 10.687500000000002, -10.750000000000002, -17.812500000000007, -14.750000000000004, -9.062500000000004, -3.2500000000000013, -16.000000000000004, -3.3125000000000013, 0.0, 23.312500000000007], [-20.625000000000004, -21.812500000000007, -21.875000000000007, -20.437500000000004, -20.562500000000004, -18.562500000000007, 20.062500000000004, -18.312500000000007, 20.000000000000004, -23.312500000000007, 0.0]]}, "v10_distance": {"eta": [[0.0, 11.526809883163306, 16.636961988061792, 14.040150417101863, 11.472848988840576, 13.12299447002429, 19.100025654999115, 14.991244427117532, 19.096559808537307, 18.802737364410138, 200.83140891646755], [47.727911946801214, 0.0, 9.018053036951082, 11.469551281454779, 4.808770794874183, 12.133211175201202, 18.62571153439408, 13.952366525870884, 18.611575369605404, 12.910551237972575, 205.930096340817], [157.5519275168926, 109.82401557009139, 0.0, 19.495879400700183, 12.645739416168604, 19.947089701332036, 29.863654901023548, 21.708304416453263, 29.84797555099325, 8.916487350851954, 212.75210807578267], [32.63131120031395, 90.59790922006965, 200.48442479016103, 0.0, 6.975740661110712, 7.421949647254227, 7.688318863346749, 4.550809737713906, 7.689837118139729, 24.233606638145606, 196.3559140137196], [20.304847191326175, 27.42306475547504, 137.24708032556643, 45.46161796769432, 0.0, 9.018314034287782, 14.894318848178896, 9.575782816489381, 14.883100227046754, 17.54565600080217, 201.90760029521238], [38.34822943530678, 69.24989899822465, 205.74496159209292, 14.704906109744332, 49.740333219581004, 0.0, 6.385196877500726, 5.088687136827278, 6.393699787542787, 22.928483165173912, 190.76991404851594], [63.67231602589411, 96.98671404786882, 247.03827201531735, 39.041004825580174, 80.4401227932745, 32.00458517686453, 0.0, 6.37272254360514, 0.1429634038112625, 28.958083176210625, 191.01582977645847], [43.705384450857565, 74.74906680387687, 211.48765526960287, 17.60105223337356, 55.09748823513179, 5.605830919676962, 32.2898957666118, 0.0, 6.384436915031458, 26.097776146516516, 190.63018219751626], [63.50625757476355, 96.75815559673825, 246.79748463058203, 38.81244637444961, 80.27406434214393, 32.28169639277295, 0.604680743761854, 32.567006894912076, 0.0, 28.942780260897024, 191.01996313071191], [123.37071532419432, 75.64280337739311, 34.181212192698275, 166.30321259746276, 103.06586813286815, 171.56374939939468, 205.29455982261908, 177.30644307690457, 205.0537724378838, 0.0, 214.74623879368477], [665.5757343373053, 686.538428071412, 715.0131534908419, 654.9966837480348, 673.8910484972306, 636.3582924385048, 629.5020951102365, 636.3331315146612, 629.5458111658495, 712.8239008173307, 0.0]],