{"pseudos": {"Sc.nc.pbe.z_11.oncvpsp3.dojo.v0.4.1-std.upf": 0, "Sc.nc.pbe.z_11.oncvpsp4.spms.v1.upf": 1, "Sc.nc.pbe.z_11.oncvpsp4.sg15.v0.upf": 2, "Sc.us.pbe.z_11.uspp.gbrv.v1.upf": 3, "Sc.us.pbe.z_11.ld1.psl.v1.0.0-high.upf": 4, "Sc.us.pbe.z_11.ld1.psl.v0.2.3.upf": 5, "Sc.paw.pbe.z_11.ld1.psl.v0.2.3.upf": 6, "Sc.paw.pbe.z_11.ld1.psl.v1.0.0-high.upf": 7, "Sc.paw.pbe.z_11.atompaw.jth.v1.1-std.upf": 8}, "v_distance": {"0-1": {"eta_c": 3.7509279640361237, "max_diff_c": 7.780293664168142, "shift_c": -3.875000000000001}, "0-2": {"eta_c": 7.8692907695627206, "max_diff_c": 14.307463579692044, "shift_c": -11.625000000000004}, "0-3": {"eta_c": 0.8702250858956353, "max_diff_c": 1.7503709786880892, "shift_c": -1.1250000000000002}, "0-4": {"eta_c": 1.305905822332905, "max_diff_c": 9.975024969321254, "shift_c": 0.4375}, "0-5": {"eta_c": 0.6852058704915509, "max_diff_c": 3.003406908865898, "shift_c": -1.375}, "0-6": {"eta_c": 0.8039401041512236, "max_diff_c": 2.225887517086605, "shift_c": 0.75}, "0-7": {"eta_c": 1.1020738377113826, "max_diff_c": 10.929604977364988, "shift_c": 1.8750000000000004}, "0-8": {"eta_c": 1.0876977427103354, "max_diff_c": 2.835359872333783, "shift_c": 1.8750000000000004}, "1-2": {"eta_c": 4.686610785227192, "max_diff_c": 9.394273602411007, "shift_c": -7.687500000000002}, "1-3": {"eta_c": 3.2982852582135243, "max_diff_c": 6.407106570464621, "shift_c": 2.812500000000001}, "1-4": {"eta_c": 3.165451670302236, "max_diff_c": 17.755318633489395, "shift_c": 4.312500000000001}, "1-5": {"eta_c": 3.6857354843141725, "max_diff_c": 6.918167297388833, "shift_c": 2.5625000000000004}, "1-6": {"eta_c": 4.362494908527103, "max_diff_c": 7.449465056025774, "shift_c": 4.687500000000002}, "1-7": {"eta_c": 3.7840507353751383, "max_diff_c": 18.70989864153313, "shift_c": 5.750000000000002}, "1-8": {"eta_c": 4.117195885233717, "max_diff_c": 7.77530046616012, "shift_c": 5.750000000000002}, "2-3": {"eta_c": 7.136680943380861, "max_diff_c": 13.938025179273831, "shift_c": 10.500000000000002}, "2-4": {"eta_c": 7.15986829677366, "max_diff_c": 22.820321902437872, "shift_c": 12.000000000000004}, "2-5": {"eta_c": 7.534468519758422, "max_diff_c": 14.39389145222849, "shift_c": 10.250000000000002}, "2-6": {"eta_c": 8.60934087860525, "max_diff_c": 16.248056085800467, "shift_c": 12.375000000000004}, "2-7": {"eta_c": 7.947257311571608, "max_diff_c": 23.837401910481606, "shift_c": 13.500000000000005}, "2-8": {"eta_c": 8.543091623143251, "max_diff_c": 16.148744395732674, "shift_c": 13.437500000000005}, "3-4": {"eta_c": 1.2473711513448913, "max_diff_c": 11.348212063024775, "shift_c": 1.5000000000000002}, "3-5": {"eta_c": 0.5065203659613869, "max_diff_c": 1.8013042470655662, "shift_c": -0.25}, "3-6": {"eta_c": 1.6440000115319517, "max_diff_c": 3.8790548117181705, "shift_c": 1.8750000000000004}, "3-7": {"eta_c": 1.5503804570537882, "max_diff_c": 12.365292071068511, "shift_c": 3.000000000000001}, "3-8": {"eta_c": 1.876915377382758, "max_diff_c": 3.781120155380976, "shift_c": 2.937500000000001}, "4-5": {"eta_c": 1.5184733884398431, "max_diff_c": 12.915931878187152, "shift_c": -1.75}, "4-6": {"eta_c": 1.9512907040914, "max_diff_c": 11.195351096617415, "shift_c": 0.375}, "4-7": {"eta_c": 0.8215038959879578, "max_diff_c": 1.6474105739678322, "shift_c": 1.5}, "4-8": {"eta_c": 1.900664252798968, "max_diff_c": 9.980018167329277, "shift_c": 1.4375}, "5-6": {"eta_c": 1.3315942600421757, "max_diff_c": 2.291304304819676, "shift_c": 2.1250000000000004}, "5-7": {"eta_c": 1.6124122175513542, "max_diff_c": 13.933011886230888, "shift_c": 3.2500000000000013}, "5-8": {"eta_c": 1.7339336218994061, "max_diff_c": 3.955548942516587, "shift_c": 3.187500000000001}, "6-7": {"eta_c": 1.4366606054162525, "max_diff_c": 12.212431104661151, "shift_c": 1.1250000000000002}, "6-8": {"eta_c": 0.7176561517115658, "max_diff_c": 1.6642446376969104, "shift_c": 1.0625}, "7-8": {"eta_c": 1.320837183623123, "max_diff_c": 10.934598175373011, "shift_c": 0.0}}, "v10_distance": {"0-1": {"eta_c": 3.3192301633666332, "max_diff_c": 7.842257404608161, "shift_c": -2.9375}, "0-2": {"eta_c": 7.963104608453991, "max_diff_c": 27.719198706672177, "shift_c": -6.625000000000003}, "0-3": {"eta_c": 0.9964777812375256, "max_diff_c": 3.496454448421929, "shift_c": -1.4375}, "0-4": {"eta_c": 3.0842053138207164, "max_diff_c": 17.436139488855744, "shift_c": -0.3125}, "0-5": {"eta_c": 2.9058394517118593, "max_diff_c": 23.42944325433797, "shift_c": -0.0625}, "0-6": {"eta_c": 2.723451852003016, "max_diff_c": 22.69177339677009, "shift_c": 1.0}, "0-7": {"eta_c": 3.1471633820499134, "max_diff_c": 17.811509694149407, "shift_c": 0.5}, "0-8": {"eta_c": 1.956576332270483, "max_diff_c": 2.748423718513436, "shift_c": 0.0625}, "1-2": {"eta_c": 5.432063340681273, "max_diff_c": 20.690794334443808, "shift_c": -3.687500000000001}, "1-3": {"eta_c": 3.3090741870655664, "max_diff_c": 9.155871382786117, "shift_c": 1.5}, "1-4": {"eta_c": 5.149592755349597, "max_diff_c": 24.46191954643763, "shift_c": 2.6250000000000004}, "1-5": {"eta_c": 3.118390965267311, "max_diff_c": 16.4010388821096, "shift_c": 2.875000000000001}, "1-6": {"eta_c": 3.5931188739060906, "max_diff_c": 15.663369023344458, "shift_c": 3.937500000000001}, "1-7": {"eta_c": 5.486262039656263, "max_diff_c": 24.839914114410465, "shift_c": 3.4375000000000013}, "1-8": {"eta_c": 4.240762530336342, "max_diff_c": 9.127832963640502, "shift_c": 3.000000000000001}, "2-3": {"eta_c": 7.888000503908895, "max_diff_c": 27.34937493395516, "shift_c": 5.187500000000001}, "2-4": {"eta_c": 9.248040247101981, "max_diff_c": 45.152713880881436, "shift_c": 6.312500000000002}, "2-5": {"eta_c": 6.4882719570603005, "max_diff_c": 12.936816029417455, "shift_c": 6.562500000000003}, "2-6": {"eta_c": 7.694044869927672, "max_diff_c": 13.857336972212575, "shift_c": 7.6250000000000036}, "2-7": {"eta_c": 9.890007813384988, "max_diff_c": 45.53070840082159, "shift_c": 7.125000000000003}, "2-8": {"eta_c": 9.370818036830972, "max_diff_c": 29.818627298084312, "shift_c": 6.687500000000003}, "3-4": {"eta_c": 2.8787941180932117, "max_diff_c": 17.88537938658048, "shift_c": 1.1250000000000002}, "3-5": {"eta_c": 3.316465107328616, "max_diff_c": 23.05961948145753, "shift_c": 1.375}, "3-6": {"eta_c": 3.222907674681776, "max_diff_c": 22.321949624450976, "shift_c": 2.4375000000000004}, "3-7": {"eta_c": 3.0012375784937406, "max_diff_c": 18.24035149014199, "shift_c": 1.9375000000000004}, "3-8": {"eta_c": 1.9849467888545924, "max_diff_c": 3.106759751368372, "shift_c": 1.5000000000000002}, "4-5": {"eta_c": 5.611275298895721, "max_diff_c": 40.86295842854723, "shift_c": 0.25}, "4-6": {"eta_c": 5.498965230774793, "max_diff_c": 40.125288569782086, "shift_c": 1.3124999999999998}, "4-7": {"eta_c": 0.8882375864524517, "max_diff_c": 1.2035131361848244, "shift_c": 0.8125000000000001}, "4-8": {"eta_c": 3.415100044503121, "max_diff_c": 15.334086582797127, "shift_c": 0.375}, "5-6": {"eta_c": 1.4212684568890321, "max_diff_c": 2.1927388091744433, "shift_c": 1.0625}, "5-7": {"eta_c": 5.780637895025606, "max_diff_c": 41.240952948487376, "shift_c": 0.5625000000000001}, "5-8": {"eta_c": 4.167859674142631, "max_diff_c": 25.528871845750103, "shift_c": 0.125}, "6-7": {"eta_c": 5.452361701997207, "max_diff_c": 40.50328308972223, "shift_c": -0.5}, "6-8": {"eta_c": 3.3618621319579636, "max_diff_c": 24.79120198698496, "shift_c": -0.9375}, "7-8": {"eta_c": 3.014056385121866, "max_diff_c": 15.712081164561596, "shift_c": -0.4375}}}