{"pseudos": ["DOJO-041-std-11", "SPMS-11", "SG15-11", "GBRV-1.X-11", "PSL-US-v1-high-11", "PSL-US-v0.x-11", "PSL-PAW-v0.x-11", "PSL-PAW-v1-high-11", "JTH-1.1-std-11"], "v_distance": {"eta_c": [[0.0, 3.7509279640361237, 7.8692907695627206, 0.8702250858956353, 1.305905822332905, 0.6852058704915509, 0.8039401041512236, 1.1020738377113826, 1.0876977427103354], [3.7509279640361237, 0.0, 4.686610785227192, 3.2982852582135243, 3.165451670302236, 3.6857354843141725, 4.362494908527103, 3.7840507353751383, 4.117195885233717], [7.8692907695627206, 4.686610785227192, 0.0, 7.136680943380861, 7.15986829677366, 7.534468519758422, 8.60934087860525, 7.947257311571608, 8.543091623143251], [0.8702250858956353, 3.2982852582135243, 7.136680943380861, 0.0, 1.2473711513448913, 0.5065203659613869, 1.6440000115319517, 1.5503804570537882, 1.876915377382758], [1.305905822332905, 3.165451670302236, 7.15986829677366, 1.2473711513448913, 0.0, 1.5184733884398431, 1.9512907040914, 0.8215038959879578, 1.900664252798968], [0.6852058704915509, 3.6857354843141725, 7.534468519758422, 0.5065203659613869, 1.5184733884398431, 0.0, 1.3315942600421757, 1.6124122175513542, 1.7339336218994061], [0.8039401041512236, 4.362494908527103, 8.60934087860525, 1.6440000115319517, 1.9512907040914, 1.3315942600421757, 0.0, 1.4366606054162525, 0.7176561517115658], [1.1020738377113826, 3.7840507353751383, 7.947257311571608, 1.5503804570537882, 0.8215038959879578, 1.6124122175513542, 1.4366606054162525, 0.0, 1.320837183623123], [1.0876977427103354, 4.117195885233717, 8.543091623143251, 1.876915377382758, 1.900664252798968, 1.7339336218994061, 0.7176561517115658, 1.320837183623123, 0.0]], "max_diff_c": [[0.0, 7.780293664168142, 14.307463579692044, 1.7503709786880892, 9.975024969321254, 3.003406908865898, 2.225887517086605, 10.929604977364988, 2.835359872333783], [7.780293664168142, 0.0, 9.394273602411007, 6.407106570464621, 17.755318633489395, 6.918167297388833, 7.449465056025774, 18.70989864153313, 7.77530046616012], [14.307463579692044, 9.394273602411007, 0.0, 13.938025179273831, 22.820321902437872, 14.39389145222849, 16.248056085800467, 23.837401910481606, 16.148744395732674], [1.7503709786880892, 6.407106570464621, 13.938025179273831, 0.0, 11.348212063024775, 1.8013042470655662, 3.8790548117181705, 12.365292071068511, 3.781120155380976], [9.975024969321254, 17.755318633489395, 22.820321902437872, 11.348212063024775, 0.0, 12.915931878187152, 11.195351096617415, 1.6474105739678322, 9.980018167329277], [3.003406908865898, 6.918167297388833, 14.39389145222849, 1.8013042470655662, 12.915931878187152, 0.0, 2.291304304819676, 13.933011886230888, 3.955548942516587], [2.225887517086605, 7.449465056025774, 16.248056085800467, 3.8790548117181705, 11.195351096617415, 2.291304304819676, 0.0, 12.212431104661151, 1.6642446376969104], [10.929604977364988, 18.70989864153313, 23.837401910481606, 12.365292071068511, 1.6474105739678322, 13.933011886230888, 12.212431104661151, 0.0, 10.934598175373011], [2.835359872333783, 7.77530046616012, 16.148744395732674, 3.781120155380976, 9.980018167329277, 3.955548942516587, 1.6642446376969104, 10.934598175373011, 0.0]], "shift_c": [[0.0, -0.28480724686132625, -0.8544217405839788, -0.08268597489522375, 0.032155656903698114, -0.10106063598305122, 0.05512398326348249, 0.13780995815870625, 0.13780995815870625], [-0.28480724686132625, 0.0, -0.5650208284506957, 0.2067149372380594, 0.31696290376502434, 0.18834027615023186, 0.3445248953967657, 0.4226172050200325, 0.4226172050200325], [-0.8544217405839788, -0.5650208284506957, 0.0, 0.7717357656887549, 0.88198373221572, 0.7533611046009274, 0.9095457238474614, 0.9922316987426851, 0.9876380334707283], [-0.08268597489522375, 0.2067149372380594, 0.7717357656887549, 0.0, 0.11024796652696499, -0.018374661087827496, 0.13780995815870625, 0.22049593305393, 0.21590226778197313], [0.032155656903698114, 0.31696290376502434, 0.88198373221572, 0.11024796652696499, 0.0, -0.12862262761479246, 0.027561991631741244, 0.11024796652696497, 0.1056543012550081], [-0.10106063598305122, 0.18834027615023186, 0.7533611046009274, -0.018374661087827496, -0.12862262761479246, 0.0, 0.15618461924653373, 0.23887059414175754, 0.23427692886980064], [0.05512398326348249, 0.3445248953967657, 0.9095457238474614, 0.13780995815870625, 0.027561991631741244, 0.15618461924653373, 0.0, 0.08268597489522375, 0.07809230962326685], [0.13780995815870625, 0.4226172050200325, 0.9922316987426851, 0.22049593305393, 0.11024796652696497, 0.23887059414175754, 0.08268597489522375, 0.0, 0.0], [0.13780995815870625, 0.4226172050200325, 0.9876380334707283, 0.21590226778197313, 0.1056543012550081, 0.23427692886980064, 0.07809230962326685, 0.0, 0.0]]}, "v10_distance": {"eta_c": [[0.0, 3.3192301633666332, 7.963104608453991, 0.9964777812375256, 3.0842053138207164, 2.9058394517118593, 2.723451852003016, 3.1471633820499134, 1.956576332270483], [3.3192301633666332, 0.0, 5.432063340681273, 3.3090741870655664, 5.149592755349597, 3.118390965267311, 3.5931188739060906, 5.486262039656263, 4.240762530336342], [7.963104608453991, 5.432063340681273, 0.0, 7.888000503908895, 9.248040247101981, 6.4882719570603005, 7.694044869927672, 9.890007813384988, 9.370818036830972], [0.9964777812375256, 3.3090741870655664, 7.888000503908895, 0.0, 2.8787941180932117, 3.316465107328616, 3.222907674681776, 3.0012375784937406, 1.9849467888545924], [3.0842053138207164, 5.149592755349597, 9.248040247101981, 2.8787941180932117, 0.0, 5.611275298895721, 5.498965230774793, 0.8882375864524517, 3.415100044503121], [2.9058394517118593, 3.118390965267311, 6.4882719570603005, 3.316465107328616, 5.611275298895721, 0.0, 1.4212684568890321, 5.780637895025606, 4.167859674142631], [2.723451852003016, 3.5931188739060906, 7.694044869927672, 3.222907674681776, 5.498965230774793, 1.4212684568890321, 0.0, 5.452361701997207, 3.3618621319579636], [3.1471633820499134, 5.486262039656263, 9.890007813384988, 3.0012375784937406, 0.8882375864524517, 5.780637895025606, 5.452361701997207, 0.0, 3.014056385121866], [1.956576332270483, 4.240762530336342, 9.370818036830972, 1.9849467888545924, 3.415100044503121, 4.167859674142631, 3.3618621319579636, 3.014056385121866, 0.0]], "max_diff_c": [[0.0, 7.842257404608161, 27.719198706672177, 3.496454448421929, 17.436139488855744, 23.42944325433797, 22.69177339677009, 17.811509694149407, 2.748423718513436], [7.842257404608161, 0.0, 20.690794334443808, 9.155871382786117, 24.46191954643763, 16.4010388821096, 15.663369023344458, 24.839914114410465, 9.127832963640502], [27.719198706672177, 20.690794334443808, 0.0, 27.34937493395516, 45.152713880881436, 12.936816029417455, 13.857336972212575, 45.53070840082159, 29.818627298084312], [3.496454448421929, 9.155871382786117, 27.34937493395516, 0.0, 17.88537938658048, 23.05961948145753, 22.321949624450976, 18.24035149014199, 3.106759751368372], [17.436139488855744, 24.46191954643763, 45.152713880881436, 17.88537938658048, 0.0, 40.86295842854723, 40.125288569782086, 1.2035131361848244, 15.334086582797127], [23.42944325433797, 16.4010388821096, 12.936816029417455, 23.05961948145753, 40.86295842854723, 0.0, 2.1927388091744433, 41.240952948487376, 25.528871845750103], [22.69177339677009, 15.663369023344458, 13.857336972212575, 22.321949624450976, 40.125288569782086, 2.1927388091744433, 0.0, 40.50328308972223, 24.79120198698496], [17.811509694149407, 24.839914114410465, 45.53070840082159, 18.24035149014199, 1.2035131361848244, 41.240952948487376, 40.50328308972223, 0.0, 15.712081164561596], [2.748423718513436, 9.127832963640502, 29.818627298084312, 3.106759751368372, 15.334086582797127, 25.528871845750103, 24.79120198698496, 15.712081164561596, 0.0]],