{"pseudos": {"Se.nc.pbe.z_16.oncvpsp3.dojo.v0.4.1-std.upf": 0, "Se.nc.pbe.z_24.oncvpsp3.dojo.v0.4.1-str.upf": 1, "Se.nc.pbe.z_16.oncvpsp4.spms.v1.upf": 2, "Se.nc.pbe.z_6.oncvpsp4.sg15.v0.upf": 3, "Se.us.pbe.z_6.uspp.gbrv.v1.upf": 4, "Se.us.pbe.z_16.ld1.psl.v1.0.0-high.upf": 5, "Se.us.pbe.z_6.ld1.psl.v1.0.0-low.upf": 6, "Se.us.pbe.z_6.ld1.psl.v0.2.upf": 7, "Se.paw.pbe.z_6.ld1.psl.v0.2.upf": 8, "Se.paw.pbe.z_16.ld1.psl.v1.0.0-high.upf": 9, "Se.paw.pbe.z_6.ld1.psl.v1.0.0-low.upf": 10, "Se.paw.pbe.z_6.atompaw.jth.v1.1-std.upf": 11}, "v_distance": {"0-1": {"eta_c": 0.35504305347494086, "max_diff_c": 0.87711893879748, "shift_c": -0.375}, "0-2": {"eta_c": 6.368924918047959, "max_diff_c": 10.048421300599383, "shift_c": 9.062500000000004}, "0-3": {"eta_c": 2.220021864760277, "max_diff_c": 5.506761720795296, "shift_c": -1.1250000000000002}, "0-4": {"eta_c": 0.31890648431871105, "max_diff_c": 1.0238926470395242, "shift_c": -0.4375}, "0-5": {"eta_c": 7.877672631124077, "max_diff_c": 10.630731903674107, "shift_c": 9.750000000000004}, "0-6": {"eta_c": 1.901855040697268, "max_diff_c": 5.312497430794725, "shift_c": 0.9375}, "0-7": {"eta_c": 1.6895366629877793, "max_diff_c": 5.197821937755023, "shift_c": 1.6875000000000002}, "0-8": {"eta_c": 1.796622850397747, "max_diff_c": 5.184037101926357, "shift_c": 1.7500000000000002}, "0-9": {"eta_c": 3.9934088160294823, "max_diff_c": 5.543778890430787, "shift_c": 4.812500000000001}, "0-10": {"eta_c": 1.7813359484337692, "max_diff_c": 5.236514354836636, "shift_c": 0.8125000000000001}, "0-11": {"eta_c": 1.8022297350185905, "max_diff_c": 5.084161130118517, "shift_c": 0.125}, "1-2": {"eta_c": 6.664462556387731, "max_diff_c": 10.225291743744517, "shift_c": -9.375000000000004}, "1-3": {"eta_c": 2.352148342138532, "max_diff_c": 5.939965040909357, "shift_c": -1.0625}, "1-4": {"eta_c": 0.20973957040708888, "max_diff_c": 0.608416238204498, "shift_c": -0.375}, "1-5": {"eta_c": 8.207614341127544, "max_diff_c": 11.24573111729494, "shift_c": -10.125000000000002}, "1-6": {"eta_c": 2.0794801803353202, "max_diff_c": 5.416054290810489, "shift_c": 1.0}, "1-7": {"eta_c": 1.8569706550901612, "max_diff_c": 5.301378797770788, "shift_c": 1.7500000000000002}, "1-8": {"eta_c": 1.9738092825667453, "max_diff_c": 5.287593961942122, "shift_c": 1.8125000000000002}, "1-9": {"eta_c": 4.32463165537478, "max_diff_c": 6.173987234321488, "shift_c": -5.187500000000001}, "1-10": {"eta_c": 1.9522671609540518, "max_diff_c": 5.340071214852401, "shift_c": 0.875}, "1-11": {"eta_c": 1.953334608535542, "max_diff_c": 5.187717990134281, "shift_c": 0.1875}, "2-3": {"eta_c": 4.321801007635327, "max_diff_c": 10.2595370318775, "shift_c": -0.125}, "2-4": {"eta_c": 2.1455985678666827, "max_diff_c": 3.8426330740977335, "shift_c": 0.5625000000000001}, "2-5": {"eta_c": 2.302815781854771, "max_diff_c": 6.960288099747885, "shift_c": 0.75}, "2-6": {"eta_c": 4.020292861445379, "max_diff_c": 7.190759975591451, "shift_c": 1.9375000000000004}, "2-7": {"eta_c": 3.7071673754852275, "max_diff_c": 7.07608448255175, "shift_c": 2.6875000000000004}, "2-8": {"eta_c": 3.8826969622981644, "max_diff_c": 7.062299646723084, "shift_c": 2.750000000000001}, "2-9": {"eta_c": 2.708814184898818, "max_diff_c": 5.4871603554054085, "shift_c": -4.187500000000001}, "2-10": {"eta_c": 3.8520974141999558, "max_diff_c": 7.1147768996333625, "shift_c": 1.8125000000000002}, "2-11": {"eta_c": 3.7100333246976964, "max_diff_c": 6.962423674915243, "shift_c": 1.1250000000000002}, "3-4": {"eta_c": 2.3225077877078237, "max_diff_c": 6.4509586925452425, "shift_c": -0.6875}, "3-5": {"eta_c": 2.1261436762769574, "max_diff_c": 5.486748932129615, "shift_c": -1.5625}, "3-6": {"eta_c": 2.1641552674246696, "max_diff_c": 6.1513929826250475, "shift_c": -2.0625}, "3-7": {"eta_c": 2.464255788907155, "max_diff_c": 6.074284741097173, "shift_c": -2.8125}, "3-8": {"eta_c": 2.367220091259455, "max_diff_c": 6.08543265375668, "shift_c": -2.9375}, "3-9": {"eta_c": 2.1542830374409068, "max_diff_c": 5.500101975654444, "shift_c": -1.4375}, "3-10": {"eta_c": 2.2300141336201653, "max_diff_c": 6.075409906666959, "shift_c": -1.9375}, "3-11": {"eta_c": 2.4283953313097046, "max_diff_c": 6.562655994615056, "shift_c": -1.25}, "4-5": {"eta_c": 0.547871150012642, "max_diff_c": 1.087079686796006, "shift_c": -0.8125000000000001}, "4-6": {"eta_c": 2.063440052459845, "max_diff_c": 5.363829618656985, "shift_c": -1.375}, "4-7": {"eta_c": 1.8764505586400264, "max_diff_c": 5.2491541256172844, "shift_c": -2.125}, "4-8": {"eta_c": 1.9946373741563206, "max_diff_c": 5.235369289788618, "shift_c": -2.1875}, "4-9": {"eta_c": 0.5098639723589352, "max_diff_c": 1.045194639663876, "shift_c": -0.75}, "4-10": {"eta_c": 1.9316854004798822, "max_diff_c": 5.287846542698897, "shift_c": -1.25}, "4-11": {"eta_c": 1.892768588378044, "max_diff_c": 5.135493317980779, "shift_c": -0.5625000000000001}, "5-6": {"eta_c": 1.6806480911813375, "max_diff_c": 4.500499363551402, "shift_c": 0.5}, "5-7": {"eta_c": 1.4587559972104425, "max_diff_c": 4.448323870511699, "shift_c": 1.3124999999999998}, "5-8": {"eta_c": 1.5578463302954453, "max_diff_c": 4.434539034683033, "shift_c": 1.375}, "5-9": {"eta_c": 3.8862596348885994, "max_diff_c": 5.086953013243318, "shift_c": -4.937500000000001}, "5-10": {"eta_c": 1.5673147665020957, "max_diff_c": 4.487016287593313, "shift_c": 0.4375}, "5-11": {"eta_c": 1.6457085103250897, "max_diff_c": 4.356292722573624, "shift_c": -0.25}, "6-7": {"eta_c": 0.553273200094648, "max_diff_c": 1.1508060384714796, "shift_c": -0.75}, "6-8": {"eta_c": 0.4342280716174901, "max_diff_c": 1.251953686240654, "shift_c": -0.8125000000000001}, "6-9": {"eta_c": 1.7085127027930573, "max_diff_c": 4.5785996201860435, "shift_c": 0.625}, "6-10": {"eta_c": 0.19316340833946585, "max_diff_c": 0.44016560951358485, "shift_c": 0.125}, "6-11": {"eta_c": 0.6305300749191268, "max_diff_c": 1.7594320464510211, "shift_c": 0.8125000000000001}, "7-8": {"eta_c": 0.21340454638737708, "max_diff_c": 0.5266334678445048, "shift_c": -0.0625}, "7-9": {"eta_c": 1.483204308738887, "max_diff_c": 4.463924127146341, "shift_c": 1.375}, "7-10": {"eta_c": 0.4546052315682294, "max_diff_c": 1.2998570693818898, "shift_c": 0.875}, "7-11": {"eta_c": 0.77849133658744, "max_diff_c": 2.479193153351744, "shift_c": 1.5625}, "8-9": {"eta_c": 1.5863210091379278, "max_diff_c": 4.450139291317675, "shift_c": 1.4375}, "8-10": {"eta_c": 0.4132042253336183, "max_diff_c": 1.4010047171510642, "shift_c": 0.9375}, "8-11": {"eta_c": 0.8283879499714335, "max_diff_c": 2.5720992909830223, "shift_c": 1.6250000000000002}, "9-10": {"eta_c": 1.5920392110503891, "max_diff_c": 4.502616544227955, "shift_c": 0.5}, "9-11": {"eta_c": 1.660015144464028, "max_diff_c": 4.369721285694357, "shift_c": -0.1875}, "10-11": {"eta_c": 0.4953759706723622, "max_diff_c": 1.5746482047587698, "shift_c": 0.6875}}, "v10_distance": {"0-1": {"eta_c": 0.645351265980336, "max_diff_c": 2.9346304901635563, "shift_c": -0.125}, "0-2": {"eta_c": 6.691158342584055, "max_diff_c": 14.31386170347915, "shift_c": 6.812500000000003}, "0-3": {"eta_c": 1.7441424741627378, "max_diff_c": 5.444261720795296, "shift_c": -1.0625}, "0-4": {"eta_c": 2.004606119376817, "max_diff_c": 11.406707937074046, "shift_c": 0.5}, "0-5": {"eta_c": 7.775878568151916, "max_diff_c": 8.93093763338754, "shift_c": 7.5000000000000036}, "0-6": {"eta_c": 9.16723815271019, "max_diff_c": 37.480359110453335, "shift_c": -4.000000000000001}, "0-7": {"eta_c": 9.272114150142844, "max_diff_c": 36.05490674893922, "shift_c": -3.750000000000001}, "0-8": {"eta_c": 9.425691306219038, "max_diff_c": 36.51889432995725, "shift_c": -3.812500000000001}, "0-9": {"eta_c": 3.8333238740774815, "max_diff_c": 4.937465155115434, "shift_c": 3.875000000000001}, "0-10": {"eta_c": 9.138982568749732, "max_diff_c": 37.3764815232603, "shift_c": -4.062500000000001}, "0-11": {"eta_c": 17.633632092092792, "max_diff_c": 81.98731611995676, "shift_c": -9.687500000000002}, "1-2": {"eta_c": 7.115685254502308, "max_diff_c": 14.941590178875604,