{"pseudos": {"Si.nc.pbe.z_4.oncvpsp3.dojo.v0.4.1-std.upf": 0, "Si.nc.pbe.z_4.oncvpsp3.dojo.v0.4.1-str.upf": 1, "Si.nc.pbe.z_4.oncvpsp4.spms.v1.upf": 2, "Si.nc.pbe.z_4.oncvpsp4.sg15.v0.upf": 3, "Si.us.pbe.z_4.uspp.gbrv.v1.upf": 4, "Si.us.pbe.z_4.ld1.psl.v1.0.0-high.upf": 5, "Si.us.pbe.z_4.ld1.psl.v1.0.0-low.upf": 6, "Si.us.pbe.z_4.ld1.psl.v0.1.upf": 7, "Si.paw.pbe.z_4.ld1.psl.v0.1.upf": 8, "Si.paw.pbe.z_4.ld1.psl.v1.0.0-high.upf": 9, "Si.paw.pbe.z_4.ld1.psl.v1.0.0-low.upf": 10, "Si.paw.pbe.z_4.atompaw.jth.v1.1-std.upf": 11}, "v_distance": {"0-1": {"eta_c": 6.607826120208103e-10, "max_diff_c": 8.135714324453147e-10, "shift_c": 0.0}, "0-2": {"eta_c": 0.07656882445613637, "max_diff_c": 0.2560847837077205, "shift_c": 0.0625}, "0-3": {"eta_c": 2.3869117486226696, "max_diff_c": 22.568203275531417, "shift_c": 18.375000000000007}, "0-4": {"eta_c": 1.2868332947909533, "max_diff_c": 4.8173857562602365, "shift_c": -1.1875000000000002}, "0-5": {"eta_c": 0.8344717464582716, "max_diff_c": 2.2448475247056905, "shift_c": -0.75}, "0-6": {"eta_c": 1.029779651298267, "max_diff_c": 2.952188540809594, "shift_c": -1.1875000000000002}, "0-7": {"eta_c": 1.2392021761410497, "max_diff_c": 2.9061436016680275, "shift_c": 0.3125}, "0-8": {"eta_c": 0.8664227435293582, "max_diff_c": 3.173656660139656, "shift_c": -1.0625}, "0-9": {"eta_c": 0.4519354074818791, "max_diff_c": 1.864176401694472, "shift_c": -0.5625000000000001}, "0-10": {"eta_c": 0.5629677071648912, "max_diff_c": 2.130221267279609, "shift_c": -1.0625}, "0-11": {"eta_c": 2.110240087512814, "max_diff_c": 19.267761835907997, "shift_c": -15.500000000000005}, "1-2": {"eta_c": 0.07656882447855642, "max_diff_c": 0.25608478292257075, "shift_c": 0.0625}, "1-3": {"eta_c": 2.3869117485558116, "max_diff_c": 22.56820327538398, "shift_c": 18.375000000000007}, "1-4": {"eta_c": 1.2868332947169558, "max_diff_c": 4.817385756415668, "shift_c": -1.1875000000000002}, "1-5": {"eta_c": 0.8344717463859365, "max_diff_c": 2.2448475248611217, "shift_c": -0.75}, "1-6": {"eta_c": 1.0297796512276098, "max_diff_c": 2.9521885409650253, "shift_c": -1.1875000000000002}, "1-7": {"eta_c": 1.2392021761041931, "max_diff_c": 2.9061436018234588, "shift_c": 0.3125}, "1-8": {"eta_c": 0.8664227435390142, "max_diff_c": 3.173656660924806, "shift_c": -1.0625}, "1-9": {"eta_c": 0.4519354075248984, "max_diff_c": 1.8641764018499032, "shift_c": -0.5625000000000001}, "1-10": {"eta_c": 0.562967707129116, "max_diff_c": 2.1302212673719794, "shift_c": -1.0625}, "1-11": {"eta_c": 2.110240087613742, "max_diff_c": 19.267761836055435, "shift_c": -15.500000000000005}, "2-3": {"eta_c": 2.4038446055234024, "max_diff_c": 22.47337946806077, "shift_c": 18.312500000000007}, "2-4": {"eta_c": 1.2591006063576855, "max_diff_c": 4.958495574035133, "shift_c": -1.25}, "2-5": {"eta_c": 0.8131778207240605, "max_diff_c": 2.4484573424805873, "shift_c": -0.75}, "2-6": {"eta_c": 1.0052812013078922, "max_diff_c": 3.0932983585844904, "shift_c": -1.25}, "2-7": {"eta_c": 1.2310143915495924, "max_diff_c": 3.0472534194429244, "shift_c": 0.25}, "2-8": {"eta_c": 0.9226717348714845, "max_diff_c": 3.4922414438473766, "shift_c": -1.0625}, "2-9": {"eta_c": 0.4934592266570744, "max_diff_c": 2.005286219469369, "shift_c": -0.625}, "2-10": {"eta_c": 0.5948332405022221, "max_diff_c": 2.2044905074321335, "shift_c": -1.0625}, "2-11": {"eta_c": 2.1538432421786498, "max_diff_c": 19.36258564337864, "shift_c": -15.562500000000004}, "3-4": {"eta_c": 2.7963786058922135, "max_diff_c": 25.543762506134403, "shift_c": -19.562500000000004}, "3-5": {"eta_c": 2.802018610374494, "max_diff_c": 24.182341313785997, "shift_c": -19.125000000000007}, "3-6": {"eta_c": 2.880480778201796, "max_diff_c": 25.026875060638464, "shift_c": -19.562500000000004}, "3-7": {"eta_c": 3.00705577652071, "max_diff_c": 22.910744098377926, "shift_c": -18.062500000000007}, "3-8": {"eta_c": 2.7011952634263516, "max_diff_c": 24.35550748951477, "shift_c": -19.437500000000007}, "3-9": {"eta_c": 2.5254212944935768, "max_diff_c": 23.77876976639547, "shift_c": -19.000000000000007}, "3-10": {"eta_c": 2.6241215125668513, "max_diff_c": 24.429458769304368, "shift_c": -19.437500000000007}, "3-11": {"eta_c": 4.017574875310447, "max_diff_c": 41.83596511143941, "shift_c": -33.87500000000001}, "4-5": {"eta_c": 0.7305032673246478, "max_diff_c": 2.510038231554546, "shift_c": 0.5}, "4-6": {"eta_c": 0.526324731414617, "max_diff_c": 1.8651972154506424, "shift_c": 0.0}, "4-7": {"eta_c": 0.9343781577126765, "max_diff_c": 2.633018407756481, "shift_c": 1.5}, "4-8": {"eta_c": 1.4790884296475082, "max_diff_c": 3.8704580101063186, "shift_c": 0.1875}, "4-9": {"eta_c": 1.1693464181532984, "max_diff_c": 2.963590205335862, "shift_c": 0.625}, "4-10": {"eta_c": 1.1015770733069203, "max_diff_c": 2.8887710845655405, "shift_c": 0.1875}, "4-11": {"eta_c": 2.91149201479553, "max_diff_c": 16.229702605305008, "shift_c": -14.250000000000005}, "5-6": {"eta_c": 0.25230460281929457, "max_diff_c": 0.8445337468524698, "shift_c": -0.4375}, "5-7": {"eta_c": 0.5081984965494154, "max_diff_c": 1.6525405511474958, "shift_c": 1.0}, "5-8": {"eta_c": 0.9501679906548998, "max_diff_c": 3.0587769309648394, "shift_c": -0.3125}, "5-9": {"eta_c": 0.6473737314199259, "max_diff_c": 0.9354265191111182, "shift_c": 0.125}, "5-10": {"eta_c": 0.5605779091111698, "max_diff_c": 1.063540959396363, "shift_c": -0.3125}, "5-11": {"eta_c": 2.4587947616524843, "max_diff_c": 17.653623797653417, "shift_c": -14.750000000000005}, "6-7": {"eta_c": 0.5038606443142867, "max_diff_c": 2.1161309622605415, "shift_c": 1.5}, "6-8": {"eta_c": 1.1263582184375114, "max_diff_c": 3.172474266997696, "shift_c": 0.125}, "6-9": {"eta_c": 0.8491918211689286, "max_diff_c": 1.4388519980137673, "shift_c": 0.5625000000000001}, "6-10": {"eta_c": 0.7524018419372454, "max_diff_c": 1.1772382954292198, "shift_c": 0.125}, "6-11": {"eta_c": 2.6160457110375686, "max_diff_c": 16.809090050800947, "shift_c": -14.312500000000005}, "7-8": {"eta_c": 1.0479833711922275, "max_diff_c": 1.5571768187241875, "shift_c": -1.3124999999999998}, "7-9": {"eta_c": 0.9719754618975665, "max_diff_c": 1.754031948035987, "shift_c": -0.875}, "7-10": {"eta_c": 0.8522667178497773, "max_diff_c": 1.5229664679071109, "shift_c": -1.3124999999999998}, "7-11": {"eta_c": 2.6717883080867586, "max_diff_c": 18.862721013061485, "shift_c": -15.750000000000004}, "8-9": {"eta_c": 0.49808884013488336, "max_diff_c": 2.220050259939967, "shift_c": 0.4375}, "8-10": {"eta_c": 0.4650905928411464, "max_diff_c": 1.9952359715684764, "shift_c": 0.0}, "8-11": {"eta_c": 1.8814759246577881, "max_diff_c": 17.480457621924643, "shift_c": -14.437500000000005}, "9-10": {"eta_c": 0.15109732745338947, "max_diff_c": 0.6506890029088979, "shift_c": -0.4375}, "9-11": {"eta_c": 2.028937435128037, "max_diff_c": 18.057195345043944, "shift_c": -14.875000000000007}, "10-11": {"eta_c": 2.0479062738264298, "max_diff_c": 17.406506342135046, "shift_c": -14.437500000000005}}, "v10_distance": {"0-1": {"eta_c": 9.235480812012055e-10, "max_diff_c": 3.9115377603593515e-09, "shift_c": 0.0}, "0-2": {"eta_c": 0.17231242884121176, "max_diff_c": 0.822849856843888, "shift_c": 0.0}, "0-3": {"eta_c": 20.43489231768443, "max_diff_c": 79.73328721036877, "shift_c": -1.1875000000000002}, "0-4": {"eta_c": 2.4649919714362896, "max_diff_c": 14.232577754291327, "shift_c": 0.1875}, "0-5": {"eta_c": 2.373655318636917, "max_diff_c": 15.108721704910671, "shift_c": 1.3124999999999998}, "0-6": {"eta_c": 2.1245102088978847, "max_diff_c": 13.219576648658318, "shift_c": -0.125}, "0-7": {"eta_c": 2.288388201521998, "max_diff_c": 15.002973324037598, "shift_c": 0.6875}, "0-8": {"eta_c": 2.4435588067742144, "max_diff_c": 14.66215120424684, "shift_c": 0.375}, "0-9": {"eta_c": 2.369272848874569, "max_diff_c": 14.672956293431758, "shift_c": 1.0625}, "0-10": {"eta_c": 2.2586917655171095, "max_diff_c": 12.398503832837804, "shift_c": 0.0}, "0-11": {"eta_c": 33.61554396134311, "max_diff_c": 164.15476193015496, "shift_c": 13.875000000000002}, "1-2": {"eta_c": 0.17231242891590537,