{"pseudos": {"Sm.us.pbe.z_26.ld1.psl.v1.0.0-high.upf": 0, "Sm.us.pbe.z_11.ld1.psl.v1.0.0-low.upf": 1, "Sm.paw.pbe.z_26.ld1.psl.v1.0.0-high.upf": 2, "Sm.paw.pbe.z_11.ld1.psl.v1.0.0-low.upf": 3, "Sm.paw.pbe.z_16.atompaw.jth.v1.1-std.upf": 4, "Sm.paw.pbe.z_16.atompaw.wentzcovitch.v1.0.legacy.upf": 5}, "v_distance": {"0-1": {"eta_c": 8988.454268490226, "max_diff_c": 12261.113007331553, "shift_c": 11594.875000000013}, "0-2": {"eta_c": 10.70364999079567, "max_diff_c": 14.599943276506451, "shift_c": 4.875000000000001}, "0-3": {"eta_c": 8987.488879094486, "max_diff_c": 12259.277185090335, "shift_c": 11593.187500000011}, "0-4": {"eta_c": 9.352025377962374, "max_diff_c": 17.233442944729916, "shift_c": 5.750000000000002}, "0-5": {"eta_c": 7.612504038796278, "max_diff_c": 24.686529541060366, "shift_c": -2.6875}, "1-2": {"eta_c": 8987.119500039751, "max_diff_c": 12257.759185698003, "shift_c": 11594.375000000015}, "1-3": {"eta_c": 1.751207609028763, "max_diff_c": 3.5104237002370837, "shift_c": 1.6875000000000002}, "1-4": {"eta_c": 8985.76173280742, "max_diff_c": 12254.372172054505, "shift_c": 11590.375000000013}, "1-5": {"eta_c": 8986.90912113755, "max_diff_c": 12261.516699327225, "shift_c": 11599.562500000013}, "2-3": {"eta_c": 8986.155322126611, "max_diff_c": 12255.923363456786, "shift_c": 11592.687500000013}, "2-4": {"eta_c": 4.122831993422054, "max_diff_c": 13.655013616346379, "shift_c": 3.5625000000000013}, "2-5": {"eta_c": 5.768023780410368, "max_diff_c": 21.16389081744589, "shift_c": -4.875000000000001}, "3-4": {"eta_c": 8984.797890412618, "max_diff_c": 12252.536349813288, "shift_c": 11588.687500000011}, "3-5": {"eta_c": 8985.944190636414, "max_diff_c": 12259.680877086008, "shift_c": 11597.875000000013}, "4-5": {"eta_c": 8.433316325958891, "max_diff_c": 22.831905863956905, "shift_c": 8.437500000000002}}, "v10_distance": {"0-1": {"eta_c": 10528.587721198157, "max_diff_c": 18603.958383755857, "shift_c": 4319.3125000000055}, "0-2": {"eta_c": 9.418899932113371, "max_diff_c": 16.764053305771146, "shift_c": 3.6250000000000013}, "0-3": {"eta_c": 10527.14239194809, "max_diff_c": 18599.5202181386, "shift_c": 4318.8750000000055}, "0-4": {"eta_c": 9.902706064532207, "max_diff_c": 45.12368351990784, "shift_c": 1.0625}, "0-5": {"eta_c": 11.629584077085331, "max_diff_c": 39.19968650894262, "shift_c": -5.312500000000001}, "1-2": {"eta_c": 10528.077542648338, "max_diff_c": 18597.55518321248, "shift_c": 4316.3750000000055}, "1-3": {"eta_c": 1.99895359693225, "max_diff_c": 4.635423700237083, "shift_c": 0.5625000000000001}, "1-4": {"eta_c": 10525.580441242682, "max_diff_c": 18592.543255761007, "shift_c": 4314.5000000000055}, "1-5": {"eta_c": 10529.820465397699, "max_diff_c": 18606.96934296134, "shift_c": 4318.750000000005}, "2-3": {"eta_c": 10526.632407921361, "max_diff_c": 18593.054517595225, "shift_c": 4316.0000000000055}, "2-4": {"eta_c": 6.615519882611898, "max_diff_c": 57.825236825678985, "shift_c": 0.625}, "2-5": {"eta_c": 7.83714902254679, "max_diff_c": 31.612634469111807, "shift_c": -5.750000000000002}, "3-4": {"eta_c": 10524.135445637246, "max_diff_c": 18588.105090143752, "shift_c": 4314.0625000000055}, "3-5": {"eta_c": 10528.375102972474, "max_diff_c": 18602.531177344084, "shift_c": 4318.312500000005}, "4-5": {"eta_c": 9.950698838178383, "max_diff_c": 48.08776514538954, "shift_c": 6.312500000000002}}}