{"pseudos": ["PSL-US-v1-high-26", "PSL-US-v1-low-11", "PSL-PAW-v1-high-26", "PSL-PAW-v1-low-11", "JTH-1.1-std-16", "Wentzcovitch-16"], "v_distance": {"eta": [[0.0, 8988.454268490226, 10.70364999079567, 8987.488879094486, 9.352025377962374, 7.612504038796278], [12261.113007331553, 0.0, 8987.119500039751, 1.751207609028763, 8985.76173280742, 8986.90912113755], [14.599943276506451, 12257.759185698003, 0.0, 8986.155322126611, 4.122831993422054, 5.768023780410368], [12259.277185090335, 3.5104237002370837, 12255.923363456786, 0.0, 8984.797890412618, 8985.944190636414], [17.233442944729916, 12254.372172054505, 13.655013616346379, 12252.536349813288, 0.0, 8.433316325958891], [24.686529541060366, 12261.516699327225, 21.16389081744589, 12259.680877086008, 22.831905863956905, 0.0]], "shift": [[0.0, 11594.875000000013, 4.875000000000001, 11593.187500000011, 5.750000000000002, -2.6875], [-11594.875000000013, 0.0, 11594.375000000015, 1.6875000000000002, 11590.375000000013, 11599.562500000013], [-4.875000000000001, -11594.375000000015, 0.0, 11592.687500000013, 3.5625000000000013, -4.875000000000001], [-11593.187500000011, -1.6875000000000002, -11592.687500000013, 0.0, 11588.687500000011, 11597.875000000013], [-5.750000000000002, -11590.375000000013, -3.5625000000000013, -11588.687500000011, 0.0, 8.437500000000002], [2.6875, -11599.562500000013, 4.875000000000001, -11597.875000000013, -8.437500000000002, 0.0]]}, "v10_distance": {"eta": [[0.0, 10528.587721198157, 9.418899932113371, 10527.14239194809, 9.902706064532207, 11.629584077085331], [18603.958383755857, 0.0, 10528.077542648338, 1.99895359693225, 10525.580441242682, 10529.820465397699], [16.764053305771146, 18597.55518321248, 0.0, 10526.632407921361, 6.615519882611898, 7.83714902254679], [18599.5202181386, 4.635423700237083, 18593.054517595225, 0.0, 10524.135445637246, 10528.375102972474], [45.12368351990784, 18592.543255761007, 57.825236825678985, 18588.105090143752, 0.0, 9.950698838178383], [39.19968650894262, 18606.96934296134, 31.612634469111807, 18602.531177344084, 48.08776514538954, 0.0]], "shift": [[0.0, 4319.3125000000055, 3.6250000000000013, 4318.8750000000055, 1.0625, -5.312500000000001], [-4319.3125000000055, 0.0, 4316.3750000000055, 0.5625000000000001, 4314.5000000000055, 4318.750000000005], [-3.6250000000000013, -4316.3750000000055, 0.0, 4316.0000000000055, 0.625, -5.750000000000002], [-4318.8750000000055, -0.5625000000000001, -4316.0000000000055, 0.0, 4314.0625000000055, 4318.312500000005], [-1.0625, -4314.5000000000055, -0.625, -4314.0625000000055, 0.0, 6.312500000000002], [5.312500000000001, -4318.750000000005, 5.750000000000002, -4318.312500000005, -6.312500000000002, 0.0]]}}