{"pseudos": ["DOJO-041-std-14", "DOJO-041-str-22", "SPMS-14", "SG15-14", "GBRV-1.X-14", "PSL-US-v1-high-14", "PSL-PAW-v1-high-14", "JTH-1.1-std-14", "JTH-1.1-str-4"], "v_distance": {"eta_c": [[0.0, 14.634902839603289, 24.740712532831935, 8.336917954596613, 7.878279634045525, 17.69532002117544, 11.138038169730736, 16.275084244890888, 3.7438764359176684], [14.634902839603289, 0.0, 39.31035030291169, 22.81284012824506, 6.760764173519103, 3.1080253516044816, 3.532388746147106, 1.7695088354113944, 3.876082880118726], [24.740712532831935, 39.31035030291169, 0.0, 16.592973465479474, 32.56866073310404, 42.34870139182672, 35.81013588641636, 40.93152298132658, 9.07307143981593], [8.336917954596613, 22.81284012824506, 16.592973465479474, 0.0, 16.091229228675903, 25.86334850113067, 19.3324127793769, 24.463838588493406, 5.1572467572897205], [7.878279634045525, 6.760764173519103, 32.56866073310404, 16.091229228675903, 0.0, 9.82825372911364, 3.284429486916581, 8.413411656527398, 3.91379177900901], [17.69532002117544, 3.1080253516044816, 42.34870139182672, 25.86334850113067, 9.82825372911364, 0.0, 6.5580031182254315, 1.5318467488775787, 3.5751758668353952], [11.138038169730736, 3.532388746147106, 35.81013588641636, 19.3324127793769, 3.284429486916581, 6.5580031182254315, 0.0, 5.156834855505266, 3.631672128933126], [16.275084244890888, 1.7695088354113944, 40.93152298132658, 24.463838588493406, 8.413411656527398, 1.5318467488775787, 5.156834855505266, 0.0, 4.2660189832396185], [3.7438764359176684, 3.876082880118726, 9.07307143981593, 5.1572467572897205, 3.91379177900901, 3.5751758668353952, 3.631672128933126, 4.2660189832396185, 0.0]], "max_diff_c": [[0.0, 25.041676285054457, 46.87193122978845, 16.725834502946636, 16.26613451311086, 29.528989273681827, 18.71402137360995, 34.458164096572915, 45.50109952795167], [25.041676285054457, 0.0, 70.56709230098838, 40.652582958215376, 11.756874118481573, 6.4764700361543674, 8.383400483048442, 11.094001440654942, 45.740262183869646], [46.87193122978845, 70.56709230098838, 0.0, 33.44152715491859, 59.14557643805934, 76.26692464494494, 65.3776582263963, 74.20344136222212, 84.34136339440168], [16.725834502946636, 40.652582958215376, 33.44152715491859, 0.0, 30.403950506878157, 46.1208279181031, 35.23156149955449, 46.00511092639354, 49.090650465484764], [16.26613451311086, 11.756874118481573, 59.14557643805934, 30.403950506878157, 0.0, 17.121348206885585, 6.232081788336971, 18.192029583462062, 49.26723404106254], [29.528989273681827, 6.4764700361543674, 76.26692464494494, 46.1208279181031, 17.121348206885585, 0.0, 10.889266418548614, 8.192171077174926, 43.76709254734967], [18.71402137360995, 8.383400483048442, 65.3776582263963, 35.23156149955449, 6.232081788336971, 10.889266418548614, 0.0, 17.4606596374378, 44.873603987086796], [34.458164096572915, 11.094001440654942, 74.20344136222212, 46.00511092639354, 18.192029583462062, 8.192171077174926, 17.4606596374378, 0.0, 54.209263624524596], [45.50109952795167, 45.740262183869646, 84.34136339440168, 49.090650465484764, 49.26723404106254, 43.76709254734967, 44.873603987086796, 54.209263624524596, 0.0]], "shift_c": [[0.0, 24.375, -38.750000000000014, -13.437500000000005, 13.187500000000005, 26.375000000000004, 16.125000000000004, 24.3125, 5.812500000000002], [-24.375, 0.0, 63.12500000000003, 37.812500000000014, 11.187500000000004, -2.0, 8.250000000000002, 0.0625, 7.062500000000003], [38.750000000000014, -63.12500000000003, 0.0, 25.3125, 51.93750000000002, 65.12500000000003, 54.87500000000002, 63.06250000000002, 5.812500000000002], [13.437500000000005, -37.812500000000014, -25.3125, 0.0, 26.625000000000004, 39.81250000000001, 29.562500000000007, 37.750000000000014, 5.187500000000001], [-13.187500000000005, -11.187500000000004, -51.93750000000002, -26.625000000000004, 0.0, 13.187500000000005, 2.937500000000001, 11.125000000000004, 6.500000000000003], [-26.375000000000004, 2.0, -65.12500000000003, -39.81250000000001, -13.187500000000005, 0.0, -10.250000000000002, -2.0625, 4.187500000000001], [-16.125000000000004, -8.250000000000002, -54.87500000000002, -29.562500000000007, -2.937500000000001, 10.250000000000002, 0.0, 8.187500000000002, 4.312500000000001], [-24.3125, -0.0625, -63.06250000000002, -37.750000000000014, -11.125000000000004, 2.0625, -8.187500000000002, 0.0, 4.375000000000001], [-5.812500000000002, -7.062500000000003, -5.812500000000002, -5.187500000000001, -6.500000000000003, -4.187500000000001, -4.312500000000001, -4.375000000000001, 0.0]]}, "v10_distance": {"eta_c": [[0.0, 20.257255356229315, 29.35745299571102, 11.680654350402206, 12.394325352588805, 18.288181473360353, 11.097261481543146, 25.441569443834762, 19.58888460368908], [20.257255356229315, 0.0, 48.890209186872056, 31.701663026806077, 8.11031334287154, 7.582154778076481, 11.34569255606759, 6.445447065306066, 26.82321618256927], [29.35745299571102, 48.890209186872056, 0.0, 18.383589205326604, 40.824678206489175, 47.13367864251518, 39.903873400111664, 53.05817891717624, 22.049782386393375], [11.680654350402206, 31.701663026806077, 18.383589205326604, 0.0, 23.750030475180242, 29.520254212922826, 22.277508787342793, 36.614471857969676, 16.754038002957973], [12.394325352588805, 8.11031334287154, 40.824678206489175, 23.750030475180242, 0.0, 9.432464351292962, 6.563205534534769, 13.111124374726407, 25.755998470548892], [18.288181473360353, 7.582154778076481, 47.13367864251518, 29.520254212922826, 9.432464351292962, 0.0, 7.281807667451929, 12.931764262271503, 18.950631816242417], [11.097261481543146, 11.34569255606759, 39.903873400111664, 22.277508787342793, 6.563205534534769, 7.281807667451929, 0.0, 17.087267053509528, 18.777129284856684], [25.441569443834762, 6.445447065306066, 53.05817891717624, 36.614471857969676, 13.111124374726407, 12.931764262271503, 17.087267053509528, 0.0, 33.45414159518743], [19.58888460368908, 26.82321618256927, 22.049782386393375, 16.754038002957973, 25.755998470548892, 18.950631816242417, 18.777129284856684, 33.45414159518743, 0.0]], "max_diff_c": [[0.0, 56.74768546429754, 57.183802595401616, 20.26414658558142, 42.472982721715404, 21.349523028422105, 14.089021373609949, 89.13620195085318, 92.0335962402533], [56.74768546429754, 0.0, 89.42605758899074, 76.19214348604909, 14.274702742582138, 43.50603251080355, 49.896967807333866, 32.388516486555645, 130.84378170455082], [57.183802595401616, 89.42605758899074, 0.0, 46.66578855915063, 75.64351194755085, 59.81480825322364, 54.04494912756181, 109.75970772225416, 98.03509046885232], [20.26414658558142, 76.19214348604909, 46.66578855915063, 0.0, 61.91744074346696, 39.78775417084027, 32.380939527116915, 108.58065997260475, 69.75126563668638], [42.472982721715404, 14.274702742582138, 75.64351194755085, 61.91744074346696, 0.0, 29.723486869363665, 36.114422165893984, 46.66321922913778, 124.00657896196869], [21.349523028422105, 43.50603251080355, 59.81480825322364, 39.78775417084027, 29.723486869363665, 0.0, 8.252034587216597, 69.86640716861962, 94.49089102248684], [14.089021373609949, 49.896967807333866, 54.04494912756181, 32.380939527116915, 36.114422165893984, 8.252034587216597, 0.0, 77.6459803628903, 93.46131782821618], [89.13620195085318, 32.388516486555645, 109.75970772225416, 108.58065997260475, 46.66321922913778, 69.86640716861962, 77.6459803628903, 0.0, 159.91979819110645], [92.0335962402533, 130.84378170455082, 98.03509046885232, 69.75126563668638, 124.00657896196869, 94.49089102248684, 93.46131782821618, 159.91979819110645, 0.0]],