{"pseudos": {"Sn.nc.pbe.z_14.oncvpsp3.dojo.v0.4.1-std.upf": 0, "Sn.nc.pbe.z_22.oncvpsp3.dojo.v0.4.1-str.upf": 1, "Sn.nc.pbe.z_14.oncvpsp4.spms.v1.upf": 2, "Sn.nc.pbe.z_14.oncvpsp4.sg15.v0.upf": 3, "Sn.us.pbe.z_14.uspp.gbrv.v1.4.upf": 4, "Sn.us.pbe.z_14.ld1.psl.v1.0.0-high.upf": 5, "Sn.paw.pbe.z_14.ld1.psl.v1.0.0-high.upf": 6, "Sn.paw.pbe.z_14.atompaw.jth.v1.1-std.upf": 7, "Sn.paw.pbe.z_4.atompaw.jth.v1.1-str.upf": 8}, "v_distance": {"0-1": {"eta_c": 14.634902839603289, "max_diff_c": 25.041676285054457, "shift_c": 24.375}, "0-2": {"eta_c": 24.740712532831935, "max_diff_c": 46.87193122978845, "shift_c": -38.750000000000014}, "0-3": {"eta_c": 8.336917954596613, "max_diff_c": 16.725834502946636, "shift_c": -13.437500000000005}, "0-4": {"eta_c": 7.878279634045525, "max_diff_c": 16.26613451311086, "shift_c": 13.187500000000005}, "0-5": {"eta_c": 17.69532002117544, "max_diff_c": 29.528989273681827, "shift_c": 26.375000000000004}, "0-6": {"eta_c": 11.138038169730736, "max_diff_c": 18.71402137360995, "shift_c": 16.125000000000004}, "0-7": {"eta_c": 16.275084244890888, "max_diff_c": 34.458164096572915, "shift_c": 24.3125}, "0-8": {"eta_c": 3.7438764359176684, "max_diff_c": 45.50109952795167, "shift_c": 5.812500000000002}, "1-2": {"eta_c": 39.31035030291169, "max_diff_c": 70.56709230098838, "shift_c": 63.12500000000003}, "1-3": {"eta_c": 22.81284012824506, "max_diff_c": 40.652582958215376, "shift_c": 37.812500000000014}, "1-4": {"eta_c": 6.760764173519103, "max_diff_c": 11.756874118481573, "shift_c": 11.187500000000004}, "1-5": {"eta_c": 3.1080253516044816, "max_diff_c": 6.4764700361543674, "shift_c": -2.0}, "1-6": {"eta_c": 3.532388746147106, "max_diff_c": 8.383400483048442, "shift_c": 8.250000000000002}, "1-7": {"eta_c": 1.7695088354113944, "max_diff_c": 11.094001440654942, "shift_c": 0.0625}, "1-8": {"eta_c": 3.876082880118726, "max_diff_c": 45.740262183869646, "shift_c": 7.062500000000003}, "2-3": {"eta_c": 16.592973465479474, "max_diff_c": 33.44152715491859, "shift_c": 25.3125}, "2-4": {"eta_c": 32.56866073310404, "max_diff_c": 59.14557643805934, "shift_c": 51.93750000000002}, "2-5": {"eta_c": 42.34870139182672, "max_diff_c": 76.26692464494494, "shift_c": 65.12500000000003}, "2-6": {"eta_c": 35.81013588641636, "max_diff_c": 65.3776582263963, "shift_c": 54.87500000000002}, "2-7": {"eta_c": 40.93152298132658, "max_diff_c": 74.20344136222212, "shift_c": 63.06250000000002}, "2-8": {"eta_c": 9.07307143981593, "max_diff_c": 84.34136339440168, "shift_c": 5.812500000000002}, "3-4": {"eta_c": 16.091229228675903, "max_diff_c": 30.403950506878157, "shift_c": 26.625000000000004}, "3-5": {"eta_c": 25.86334850113067, "max_diff_c": 46.1208279181031, "shift_c": 39.81250000000001}, "3-6": {"eta_c": 19.3324127793769, "max_diff_c": 35.23156149955449, "shift_c": 29.562500000000007}, "3-7": {"eta_c": 24.463838588493406, "max_diff_c": 46.00511092639354, "shift_c": 37.750000000000014}, "3-8": {"eta_c": 5.1572467572897205, "max_diff_c": 49.090650465484764, "shift_c": 5.187500000000001}, "4-5": {"eta_c": 9.82825372911364, "max_diff_c": 17.121348206885585, "shift_c": 13.187500000000005}, "4-6": {"eta_c": 3.284429486916581, "max_diff_c": 6.232081788336971, "shift_c": 2.937500000000001}, "4-7": {"eta_c": 8.413411656527398, "max_diff_c": 18.192029583462062, "shift_c": 11.125000000000004}, "4-8": {"eta_c": 3.91379177900901, "max_diff_c": 49.26723404106254, "shift_c": 6.500000000000003}, "5-6": {"eta_c": 6.5580031182254315, "max_diff_c": 10.889266418548614, "shift_c": -10.250000000000002}, "5-7": {"eta_c": 1.5318467488775787, "max_diff_c": 8.192171077174926, "shift_c": -2.0625}, "5-8": {"eta_c": 3.5751758668353952, "max_diff_c": 43.76709254734967, "shift_c": 4.187500000000001}, "6-7": {"eta_c": 5.156834855505266, "max_diff_c": 17.4606596374378, "shift_c": 8.187500000000002}, "6-8": {"eta_c": 3.631672128933126, "max_diff_c": 44.873603987086796, "shift_c": 4.312500000000001}, "7-8": {"eta_c": 4.2660189832396185, "max_diff_c": 54.209263624524596, "shift_c": 4.375000000000001}}, "v10_distance": {"0-1": {"eta_c": 20.257255356229315, "max_diff_c": 56.74768546429754, "shift_c": 12.812500000000004}, "0-2": {"eta_c": 29.35745299571102, "max_diff_c": 57.183802595401616, "shift_c": -23.312500000000007}, "0-3": {"eta_c": 11.680654350402206, "max_diff_c": 20.26414658558142, "shift_c": -6.437500000000003}, "0-4": {"eta_c": 12.394325352588805, "max_diff_c": 42.472982721715404, "shift_c": 6.000000000000002}, "0-5": {"eta_c": 18.288181473360353, "max_diff_c": 21.349523028422105, "shift_c": 18.062500000000007}, "0-6": {"eta_c": 11.097261481543146, "max_diff_c": 14.089021373609949, "shift_c": 11.500000000000004}, "0-7": {"eta_c": 25.441569443834762, "max_diff_c": 89.13620195085318, "shift_c": 9.875000000000002}, "0-8": {"eta_c": 19.58888460368908, "max_diff_c": 92.0335962402533, "shift_c": -12.437500000000004}, "1-2": {"eta_c": 48.890209186872056, "max_diff_c": 89.42605758899074, "shift_c": 36.125000000000014}, "1-3": {"eta_c": 31.701663026806077, "max_diff_c": 76.19214348604909, "shift_c": 19.250000000000007}, "1-4": {"eta_c": 8.11031334287154, "max_diff_c": 14.274702742582138, "shift_c": 6.812500000000003}, "1-5": {"eta_c": 7.582154778076481, "max_diff_c": 43.50603251080355, "shift_c": -5.187500000000001}, "1-6": {"eta_c": 11.34569255606759, "max_diff_c": 49.896967807333866, "shift_c": 1.375}, "1-7": {"eta_c": 6.445447065306066, "max_diff_c": 32.388516486555645, "shift_c": 2.937500000000001}, "1-8": {"eta_c": 26.82321618256927, "max_diff_c": 130.84378170455082, "shift_c": -17.562500000000004}, "2-3": {"eta_c": 18.383589205326604, "max_diff_c": 46.66578855915063, "shift_c": 16.875000000000004}, "2-4": {"eta_c": 40.824678206489175, "max_diff_c": 75.64351194755085, "shift_c": 29.312500000000004}, "2-5": {"eta_c": 47.13367864251518, "max_diff_c": 59.81480825322364, "shift_c": 41.31250000000001}, "2-6": {"eta_c": 39.903873400111664, "max_diff_c": 54.04494912756181, "shift_c": 34.75000000000001}, "2-7": {"eta_c": 53.05817891717624, "max_diff_c": 109.75970772225416, "shift_c": 33.18750000000001}, "2-8": {"eta_c": 22.049782386393375, "max_diff_c": 98.03509046885232, "shift_c": -9.125000000000004}, "3-4": {"eta_c": 23.750030475180242, "max_diff_c": 61.91744074346696, "shift_c": 12.437500000000004}, "3-5": {"eta_c": 29.520254212922826, "max_diff_c": 39.78775417084027, "shift_c": 24.5}, "3-6": {"eta_c": 22.277508787342793, "max_diff_c": 32.380939527116915, "shift_c": 17.937500000000007}, "3-7": {"eta_c": 36.614471857969676, "max_diff_c": 108.58065997260475, "shift_c": 16.312500000000004}, "3-8": {"eta_c": 16.754038002957973, "max_diff_c": 69.75126563668638, "shift_c": -8.500000000000002}, "4-5": {"eta_c": 9.432464351292962, "max_diff_c": 29.723486869363665, "shift_c": 12.000000000000004}, "4-6": {"eta_c": 6.563205534534769, "max_diff_c": 36.114422165893984, "shift_c": 5.437500000000002}, "4-7": {"eta_c": 13.111124374726407, "max_diff_c": 46.66321922913778, "shift_c": 3.875000000000001}, "4-8": {"eta_c": 25.755998470548892, "max_diff_c": 124.00657896196869, "shift_c": -16.937500000000004}, "5-6": {"eta_c": 7.281807667451929, "max_diff_c": 8.252034587216597, "shift_c": -6.562500000000003}, "5-7": {"eta_c": 12.931764262271503, "max_diff_c": 69.86640716861962, "shift_c": -8.125000000000002}, "5-8": {"eta_c": 18.950631816242417, "max_diff_c": 94.49089102248684, "shift_c": -11.250000000000004}, "6-7": {"eta_c": 17.087267053509528, "max_diff_c": 77.6459803628903, "shift_c": -1.5625}, "6-8": {"eta_c": 18.777129284856684, "max_diff_c": 93.46131782821618, "shift_c": -11.062500000000004}, "7-8": {"eta_c": 33.45414159518743, "max_diff_c": 159.91979819110645, "shift_c": -23.812500000000007}}}