{"pseudos": ["DOJO-041-std-10", "DOJO-041-str-10", "SPMS-10", "SG15-10", "GBRV-1.X-10", "PSL-US-v1-high-10", "PSL-US-v0.x-10", "PSL-PAW-v0.x-10", "PSL-PAW-v1-high-10", "JTH-1.1-std-10"], "v_distance": {"eta_c": [[0.0, 1.2587040254425843, 4.456142440913631, 2.7650001356791756, 1.7292901182205365, 1.7114794905443027, 1.4757874912291495, 1.553199615922118, 1.5599842487849003, 2.270282281017569], [1.2587040254425843, 0.0, 5.647651716623366, 3.9650056628904773, 0.48911987462450185, 0.914452174949336, 0.6642882451192408, 0.7864608316796414, 0.7966215337389572, 1.4967858247426216], [4.456142440913631, 5.647651716623366, 0.0, 2.63330694088201, 6.084720566117735, 5.815948735666269, 5.681810165548166, 5.704604731261067, 5.701215903387397, 6.1250779891482265], [2.7650001356791756, 3.9650056628904773, 2.63330694088201, 0.0, 4.451844912223463, 4.454478130264922, 4.23202772673422, 4.3006833549957, 4.307691310414716, 4.966805047929305], [1.7292901182205365, 0.48911987462450185, 6.084720566117735, 4.451844912223463, 0.0, 0.7972929359978451, 0.6624978250972964, 0.7494699888276358, 0.7542840513267924, 1.2652805703093628], [1.7114794905443027, 0.914452174949336, 5.815948735666269, 4.454478130264922, 0.7972929359978451, 0.0, 0.27903439880924313, 0.17260622498997158, 0.15446840678752247, 0.6300184041193947], [1.4757874912291495, 0.6642882451192408, 5.681810165548166, 4.23202772673422, 0.6624978250972964, 0.27903439880924313, 0.0, 0.12705775123745017, 0.1460542374726702, 0.9031512153172971], [1.553199615922118, 0.7864608316796414, 5.704604731261067, 4.3006833549957, 0.7494699888276358, 0.17260622498997158, 0.12705775123745017, 0.0, 0.05549090932808524, 0.7939556927583655], [1.5599842487849003, 0.7966215337389572, 5.701215903387397, 4.307691310414716, 0.7542840513267924, 0.15446840678752247, 0.1460542374726702, 0.05549090932808524, 0.0, 0.7732161973622813], [2.270282281017569, 1.4967858247426216, 6.1250779891482265, 4.966805047929305, 1.2652805703093628, 0.6300184041193947, 0.9031512153172971, 0.7939556927583655, 0.7732161973622813, 0.0]], "max_diff_c": [[0.0, 2.517646507786992, 12.83595647719418, 5.137137136720867, 3.4836002271250663, 2.9269139026204694, 2.6608308196214234, 2.837549352319535, 2.693571680971217, 4.774146912245755], [2.517646507786992, 0.0, 12.11264231912773, 7.717283644507858, 0.962280829830533, 2.186864412420711, 1.8733574902513725, 2.078105177080353, 1.9633701484498474, 4.0508327541793046], [12.83595647719418, 12.11264231912773, 0.0, 14.33177991668749, 11.884139207104113, 11.327422739813471, 11.662354787327786, 11.477777696986983, 11.168919846208304, 12.010282923293232], [5.137137136720867, 7.717283644507858, 14.33177991668749, 0.0, 8.620737363845933, 8.06402089655529, 7.79796795634229, 7.873350591199254, 7.830674627924621, 8.746881080035049], [3.4836002271250663, 0.962280829830533, 11.884139207104113, 8.620737363845933, 0.0, 1.4512653111771527, 1.1181408812251377, 1.3867549366670389, 1.205136760766507, 3.7770580774352713], [2.9269139026204694, 2.186864412420711, 11.327422739813471, 8.06402089655529, 1.4512653111771527, 0.0, 0.7891799187431446, 0.5369573142258234, 0.27580951389674624, 2.9090968432978883], [2.6608308196214234, 1.8733574902513725, 11.662354787327786, 7.79796795634229, 1.1181408812251377, 0.7891799187431446, 0.0, 0.29012328020452927, 0.5847891181452526, 3.66304522237936], [2.837549352319535, 2.078105177080353, 11.477777696986983, 7.873350591199254, 1.3867549366670389, 0.5369573142258234, 0.29012328020452927, 0.0, 0.3321614546113807, 3.4159681320385578], [2.693571680971217, 1.9633701484498474, 11.168919846208304, 7.830674627924621, 1.205136760766507, 0.27580951389674624, 0.5847891181452526, 0.3321614546113807, 0.0, 3.1696102812598785], [4.774146912245755, 4.0508327541793046, 12.010282923293232, 8.746881080035049, 3.7770580774352713, 2.9090968432978883, 3.66304522237936, 3.4159681320385578, 3.1696102812598785, 0.0]], "shift_c": [[0.0, 0.00075, 0.002250000000000001, -0.0033125000000000003, 0.0013124999999999999, 0.0023750000000000004, 0.0018125000000000003, 0.0020625000000000005, 0.0021250000000000006, 0.004000000000000001], [-0.00075, 0.0, 0.0015, -0.004000000000000001, 0.000625, 0.0016875000000000002, 0.0011250000000000003, 0.0013124999999999999, 0.0014375, 0.0032500000000000016], [-0.002250000000000001, -0.0015, 0.0, -0.005500000000000002, -0.000875, 0.0001875, -0.000375, -0.0001875, -6.25e-05, 0.0017500000000000003], [0.0033125000000000003, 0.004000000000000001, 0.005500000000000002, 0.0, 0.0046250000000000015, 0.005687500000000002, 0.005125000000000001, 0.005312500000000001, 0.005437500000000002, 0.007250000000000003], [-0.0013124999999999999, -0.000625, 0.000875, -0.0046250000000000015, 0.0, 0.0010625, 0.0005, 0.00075, 0.0008125000000000002, 0.0026875000000000007], [-0.0023750000000000004, -0.0016875000000000002, -0.0001875, -0.005687500000000002, -0.0010625, 0.0, -0.0005625000000000002, -0.0003125, -0.00025, 0.0016250000000000004], [-0.0018125000000000003, -0.0011250000000000003, 0.000375, -0.005125000000000001, -0.0005, 0.0005625000000000002, 0.0, 0.00025, 0.0003125, 0.0021875000000000006], [-0.0020625000000000005, -0.0013124999999999999, 0.0001875, -0.005312500000000001, -0.00075, 0.0003125, -0.00025, 0.0, 6.25e-05, 0.0019375000000000004], [-0.0021250000000000006, -0.0014375, 6.25e-05, -0.005437500000000002, -0.0008125000000000002, 0.00025, -0.0003125, -6.25e-05, 0.0, 0.0018750000000000006], [-0.004000000000000001, -0.0032500000000000016, -0.0017500000000000003, -0.007250000000000003, -0.0026875000000000007, -0.0016250000000000004, -0.0021875000000000006, -0.0019375000000000004, -0.0018750000000000006, 0.0]]}, "v10_distance": {"eta_c": [[0.0, 0.8522922140384185, 8.19878539527358, 6.782582578929943, 2.3975972927902696, 3.588342507896188, 9.300703110015938, 9.270650182209815, 3.5948516955632708, 2.9020185605266557], [0.8522922140384185, 0.0, 8.558903401464313, 7.211484334731813, 1.9536562804515099, 3.497997154597775, 9.358109545630791, 9.324744811790048, 3.5258515462445916, 2.4238857661344446], [8.19878539527358, 8.558903401464313, 0.0, 6.965275612613592, 9.846414478548766, 8.10771452650921, 9.770175511278332, 9.76370044242231, 8.074382493113538, 9.654376572903004], [6.782582578929943, 7.211484334731813, 6.965275612613592, 0.0, 9.127812452886758, 5.159738498541093, 4.9547881525161435, 4.9816695779360085, 5.062412010117591, 9.423219858079722], [2.3975972927902696, 1.9536562804515099, 9.846414478548766, 9.127812452886758, 0.0, 5.247374485645399, 11.193347418431086, 11.156079513601988, 5.29017555431265, 1.2748414060221003], [3.588342507896188, 3.497997154597775, 8.10771452650921, 5.159738498541093, 5.247374485645399, 0.0, 5.980612893451483, 5.936649425415017, 0.12711839035367192, 5.227078692206795], [9.300703110015938, 9.358109545630791, 9.770175511278332, 4.9547881525161435, 11.193347418431086, 5.980612893451483, 0.0, 0.11269216751321692, 5.927961710086375, 11.184655599107987], [9.270650182209815, 9.324744811790048, 9.76370044242231, 4.9816695779360085, 11.156079513601988, 5.936649425415017, 0.11269216751321692, 0.0, 5.8856673315788814, 11.137689872436477], [3.5948516955632708, 3.5258515462445916, 8.074382493113538, 5.062412010117591, 5.29017555431265, 0.12711839035367192, 5.927961710086375, 5.8856673315788814, 0.0, 5.28911322393204], [2.9020185605266557, 2.4238857661344446, 9.654376572903004, 9.423219858079722, 1.2748414060221003, 5.227078692206795, 11.184655599107987, 11.137689872436477, 5.28911322393204, 0.0]],