{"pseudos": {"Sr.nc.pbe.z_10.oncvpsp3.dojo.v0.4.1-std.upf": 0, "Sr.nc.pbe.z_10.oncvpsp3.dojo.v0.4.1-str.upf": 1, "Sr.nc.pbe.z_10.oncvpsp4.spms.v1.upf": 2, "Sr.nc.pbe.z_10.oncvpsp4.sg15.v0.upf": 3, "Sr.us.pbe.z_10.uspp.gbrv.v1.upf": 4, "Sr.us.pbe.z_10.ld1.psl.v1.0.0-high.upf": 5, "Sr.us.pbe.z_10.ld1.psl.v0.2.3.upf": 6, "Sr.paw.pbe.z_10.ld1.psl.v0.2.3.upf": 7, "Sr.paw.pbe.z_10.ld1.psl.v1.0.0-high.upf": 8, "Sr.paw.pbe.z_10.atompaw.jth.v1.1-std.upf": 9}, "v_distance": {"0-1": {"eta_c": 1.2587040254425843, "max_diff_c": 2.517646507786992, "shift_c": 0.75}, "0-2": {"eta_c": 4.456142440913631, "max_diff_c": 12.83595647719418, "shift_c": 2.250000000000001}, "0-3": {"eta_c": 2.7650001356791756, "max_diff_c": 5.137137136720867, "shift_c": -3.3125000000000004}, "0-4": {"eta_c": 1.7292901182205365, "max_diff_c": 3.4836002271250663, "shift_c": 1.3124999999999998}, "0-5": {"eta_c": 1.7114794905443027, "max_diff_c": 2.9269139026204694, "shift_c": 2.3750000000000004}, "0-6": {"eta_c": 1.4757874912291495, "max_diff_c": 2.6608308196214234, "shift_c": 1.8125000000000002}, "0-7": {"eta_c": 1.553199615922118, "max_diff_c": 2.837549352319535, "shift_c": 2.0625000000000004}, "0-8": {"eta_c": 1.5599842487849003, "max_diff_c": 2.693571680971217, "shift_c": 2.1250000000000004}, "0-9": {"eta_c": 2.270282281017569, "max_diff_c": 4.774146912245755, "shift_c": 4.000000000000001}, "1-2": {"eta_c": 5.647651716623366, "max_diff_c": 12.11264231912773, "shift_c": 1.5}, "1-3": {"eta_c": 3.9650056628904773, "max_diff_c": 7.717283644507858, "shift_c": -4.000000000000001}, "1-4": {"eta_c": 0.48911987462450185, "max_diff_c": 0.962280829830533, "shift_c": 0.625}, "1-5": {"eta_c": 0.914452174949336, "max_diff_c": 2.186864412420711, "shift_c": 1.6875000000000002}, "1-6": {"eta_c": 0.6642882451192408, "max_diff_c": 1.8733574902513725, "shift_c": 1.1250000000000002}, "1-7": {"eta_c": 0.7864608316796414, "max_diff_c": 2.078105177080353, "shift_c": 1.3124999999999998}, "1-8": {"eta_c": 0.7966215337389572, "max_diff_c": 1.9633701484498474, "shift_c": 1.4375}, "1-9": {"eta_c": 1.4967858247426216, "max_diff_c": 4.0508327541793046, "shift_c": 3.2500000000000013}, "2-3": {"eta_c": 2.63330694088201, "max_diff_c": 14.33177991668749, "shift_c": -5.500000000000002}, "2-4": {"eta_c": 6.084720566117735, "max_diff_c": 11.884139207104113, "shift_c": -0.875}, "2-5": {"eta_c": 5.815948735666269, "max_diff_c": 11.327422739813471, "shift_c": 0.1875}, "2-6": {"eta_c": 5.681810165548166, "max_diff_c": 11.662354787327786, "shift_c": -0.375}, "2-7": {"eta_c": 5.704604731261067, "max_diff_c": 11.477777696986983, "shift_c": -0.1875}, "2-8": {"eta_c": 5.701215903387397, "max_diff_c": 11.168919846208304, "shift_c": -0.0625}, "2-9": {"eta_c": 6.1250779891482265, "max_diff_c": 12.010282923293232, "shift_c": 1.7500000000000002}, "3-4": {"eta_c": 4.451844912223463, "max_diff_c": 8.620737363845933, "shift_c": 4.625000000000002}, "3-5": {"eta_c": 4.454478130264922, "max_diff_c": 8.06402089655529, "shift_c": 5.687500000000002}, "3-6": {"eta_c": 4.23202772673422, "max_diff_c": 7.79796795634229, "shift_c": 5.125000000000001}, "3-7": {"eta_c": 4.3006833549957, "max_diff_c": 7.873350591199254, "shift_c": 5.312500000000001}, "3-8": {"eta_c": 4.307691310414716, "max_diff_c": 7.830674627924621, "shift_c": 5.437500000000002}, "3-9": {"eta_c": 4.966805047929305, "max_diff_c": 8.746881080035049, "shift_c": 7.250000000000003}, "4-5": {"eta_c": 0.7972929359978451, "max_diff_c": 1.4512653111771527, "shift_c": 1.0625}, "4-6": {"eta_c": 0.6624978250972964, "max_diff_c": 1.1181408812251377, "shift_c": 0.5}, "4-7": {"eta_c": 0.7494699888276358, "max_diff_c": 1.3867549366670389, "shift_c": 0.75}, "4-8": {"eta_c": 0.7542840513267924, "max_diff_c": 1.205136760766507, "shift_c": 0.8125000000000001}, "4-9": {"eta_c": 1.2652805703093628, "max_diff_c": 3.7770580774352713, "shift_c": 2.6875000000000004}, "5-6": {"eta_c": 0.27903439880924313, "max_diff_c": 0.7891799187431446, "shift_c": -0.5625000000000001}, "5-7": {"eta_c": 0.17260622498997158, "max_diff_c": 0.5369573142258234, "shift_c": -0.3125}, "5-8": {"eta_c": 0.15446840678752247, "max_diff_c": 0.27580951389674624, "shift_c": -0.25}, "5-9": {"eta_c": 0.6300184041193947, "max_diff_c": 2.9090968432978883, "shift_c": 1.6250000000000002}, "6-7": {"eta_c": 0.12705775123745017, "max_diff_c": 0.29012328020452927, "shift_c": 0.25}, "6-8": {"eta_c": 0.1460542374726702, "max_diff_c": 0.5847891181452526, "shift_c": 0.3125}, "6-9": {"eta_c": 0.9031512153172971, "max_diff_c": 3.66304522237936, "shift_c": 2.1875000000000004}, "7-8": {"eta_c": 0.05549090932808524, "max_diff_c": 0.3321614546113807, "shift_c": 0.0625}, "7-9": {"eta_c": 0.7939556927583655, "max_diff_c": 3.4159681320385578, "shift_c": 1.9375000000000004}, "8-9": {"eta_c": 0.7732161973622813, "max_diff_c": 3.1696102812598785, "shift_c": 1.8750000000000004}}, "v10_distance": {"0-1": {"eta_c": 0.8522922140384185, "max_diff_c": 3.017646507786992, "shift_c": 0.25}, "0-2": {"eta_c": 8.19878539527358, "max_diff_c": 40.6105185748816, "shift_c": 4.437500000000002}, "0-3": {"eta_c": 6.782582578929943, "max_diff_c": 34.950855275561224, "shift_c": 1.9375000000000004}, "0-4": {"eta_c": 2.3975972927902696, "max_diff_c": 10.939797338456202, "shift_c": -0.5625000000000001}, "0-5": {"eta_c": 3.588342507896188, "max_diff_c": 19.11858482684516, "shift_c": 2.5625000000000004}, "0-6": {"eta_c": 9.300703110015938, "max_diff_c": 52.41638266784784, "shift_c": 5.062500000000001}, "0-7": {"eta_c": 9.270650182209815, "max_diff_c": 52.25985235213483, "shift_c": 5.187500000000001}, "0-8": {"eta_c": 3.5948516955632708, "max_diff_c": 19.314782121296016, "shift_c": 2.3750000000000004}, "0-9": {"eta_c": 2.9020185605266557, "max_diff_c": 8.15089464297976, "shift_c": 1.1250000000000002}, "1-2": {"eta_c": 8.558903401464313, "max_diff_c": 40.87590024202692, "shift_c": 4.187500000000001}, "1-3": {"eta_c": 7.211484334731813, "max_diff_c": 35.216236942706544, "shift_c": 1.6875000000000002}, "1-4": {"eta_c": 1.9536562804515099, "max_diff_c": 10.674415671310882, "shift_c": -0.8125000000000001}, "1-5": {"eta_c": 3.497997154597775, "max_diff_c": 19.38396649399048, "shift_c": 2.3125000000000004}, "1-6": {"eta_c": 9.358109545630791, "max_diff_c": 52.68176433499316, "shift_c": 4.812500000000001}, "1-7": {"eta_c": 9.324744811790048, "max_diff_c": 52.52523401928015, "shift_c": 4.937500000000001}, "1-8": {"eta_c": 3.5258515462445916, "max_diff_c": 19.580163788441336, "shift_c": 2.1250000000000004}, "1-9": {"eta_c": 2.4238857661344446, "max_diff_c": 7.902297865228378, "shift_c": 0.875}, "2-3": {"eta_c": 6.965275612613592, "max_diff_c": 30.416953491855224, "shift_c": -2.5624999999999996}, "2-4": {"eta_c": 9.846414478548766, "max_diff_c": 51.550315913337805, "shift_c": -5.000000000000001}, "2-5": {"eta_c": 8.10771452650921, "max_diff_c": 27.564077790655546, "shift_c": -1.875}, "2-6": {"eta_c": 9.770175511278332, "max_diff_c": 37.90933192276157, "shift_c": 0.625}, "2-7": {"eta_c": 9.76370044242231, "max_diff_c": 37.851681009485134, "shift_c": 0.75}, "2-8": {"eta_c": 8.074382493113538, "max_diff_c": 27.702608139576515, "shift_c": -2.0625}, "2-9": {"eta_c": 9.654376572903004, "max_diff_c": 47.83749440703046, "shift_c": -3.3750000000000004}, "3-4": {"eta_c": 9.127812452886758, "max_diff_c": 45.89065261401743, "shift_c": -2.5}, "3-5": {"eta_c": 5.159738498541093, "max_diff_c": 15.83227044871606, "shift_c": 0.625}, "3-6": {"eta_c": 4.9547881525161435, "max_diff_c": 17.465527392286614, "shift_c": 3.125000000000001}, "3-7": {"eta_c": 4.9816695779360085, "max_diff_c": 17.2464970765736, "shift_c": 3.3125000000000013}, "3-8": {"eta_c": 5.062412010117591, "max_diff_c": 15.698573154265205, "shift_c": 0.5}, "3-9": {"eta_c": 9.423219858079722, "max_diff_c": 42.24033110771008, "shift_c": -0.8125000000000001}, "4-5": {"eta_c": 5.247374485645399, "max_diff_c": 30.058382165301364, "shift_c": 3.125000000000001}, "4-6": {"eta_c": 11.193347418431086, "max_diff_c": 63.35618000630404, "shift_c": 5.625000000000002},