{"pseudos": {"Ta.nc.pbe.z_13.oncvpsp3.dojo.v0.4.1-std.upf": 0, "Ta.nc.pbe.z_27.oncvpsp3.dojo.v0.4.1-str.upf": 1, "Ta.nc.pbe.z_13.oncvpsp4.spms.v1.upf": 2, "Ta.nc.pbe.z_27.oncvpsp4.sg15.v0.upf": 3, "Ta.us.pbe.z_13.uspp.gbrv.v1.upf": 4, "Ta.us.pbe.z_27.ld1.psl.v1.0.0-high.upf": 5, "Ta.us.pbe.z_13.ld1.psl.v1.0.0-low.upf": 6, "Ta.us.pbe.z_13.ld1.psl.v0.2.upf": 7, "Ta.paw.pbe.z_13.ld1.psl.v0.2.upf": 8, "Ta.paw.pbe.z_27.ld1.psl.v1.0.0-high.upf": 9, "Ta.paw.pbe.z_13.ld1.psl.v1.0.0-low.upf": 10, "Ta.paw.pbe.z_13.atompaw.jth.v1.1-std.upf": 11}, "v_distance": {"0-1": {"eta_c": 16029.673713539814, "max_diff_c": 34004.33020350591, "shift_c": 14392.250000000018}, "0-2": {"eta_c": 3.8187581071830654, "max_diff_c": 6.1866635059832324, "shift_c": 4.312500000000001}, "0-3": {"eta_c": 16006.144642489822, "max_diff_c": 33977.97463320023, "shift_c": 14348.375000000018}, "0-4": {"eta_c": 2.5230129278116977, "max_diff_c": 6.851492214449082, "shift_c": -3.5000000000000004}, "0-5": {"eta_c": 16029.92559903063, "max_diff_c": 34011.03425572123, "shift_c": 14392.750000000018}, "0-6": {"eta_c": 3.94251255251204, "max_diff_c": 13.939762658573272, "shift_c": 1.5000000000000002}, "0-7": {"eta_c": 4.483178442650137, "max_diff_c": 13.943378337007914, "shift_c": -0.125}, "0-8": {"eta_c": 4.267918907578806, "max_diff_c": 14.463022482975589, "shift_c": 0.1875}, "0-9": {"eta_c": 16023.308143243199, "max_diff_c": 34001.27276700464, "shift_c": 14381.062500000018}, "0-10": {"eta_c": 5.4288991096687145, "max_diff_c": 13.400088763490317, "shift_c": -0.625}, "0-11": {"eta_c": 3.4915056296388305, "max_diff_c": 8.818857872250705, "shift_c": -6.062500000000002}, "1-2": {"eta_c": 16026.127812199715, "max_diff_c": 33998.21988235888, "shift_c": 14387.93750000002}, "1-3": {"eta_c": 28.7358965960378, "max_diff_c": 57.66968313992845, "shift_c": -45.187500000000014}, "1-4": {"eta_c": 16029.931379132666, "max_diff_c": 34002.6392747697, "shift_c": 14395.687500000018}, "1-5": {"eta_c": 3.3359154654377945, "max_diff_c": 11.874749400483239, "shift_c": 1.9375000000000004}, "1-6": {"eta_c": 16032.768245346262, "max_diff_c": 34009.93092590555, "shift_c": 14391.12500000002}, "1-7": {"eta_c": 16033.310651720847, "max_diff_c": 34010.28846369423, "shift_c": 14392.750000000018}, "1-8": {"eta_c": 16033.164764938618, "max_diff_c": 34010.39238276659, "shift_c": 14392.43750000002}, "1-9": {"eta_c": 10.184713096992272, "max_diff_c": 16.51828663778926, "shift_c": -8.312500000000002}, "1-10": {"eta_c": 16034.434738047303, "max_diff_c": 34012.77110947998, "shift_c": 14393.18750000002}, "1-11": {"eta_c": 16032.274561906463, "max_diff_c": 34007.703004985706, "shift_c": 14398.250000000018}, "2-3": {"eta_c": 16002.60107607106, "max_diff_c": 33971.8643120532, "shift_c": 14344.06250000002}, "2-4": {"eta_c": 5.4057910555946105, "max_diff_c": 11.13168782858054, "shift_c": -7.812500000000002}, "2-5": {"eta_c": 16026.379842884595, "max_diff_c": 34004.9239345742, "shift_c": 14388.437500000018}, "2-6": {"eta_c": 7.3246531431632915, "max_diff_c": 15.743904366828046, "shift_c": -2.8125}, "2-7": {"eta_c": 8.024419757568396, "max_diff_c": 15.616535386430058, "shift_c": -4.437500000000002}, "2-8": {"eta_c": 7.771548248917264, "max_diff_c": 15.17046882683266, "shift_c": -4.125000000000001}, "2-9": {"eta_c": 16019.762937488209, "max_diff_c": 33995.162445857604, "shift_c": 14376.750000000018}, "2-10": {"eta_c": 9.02085047332408, "max_diff_c": 18.0001726006966, "shift_c": -4.937500000000001}, "2-11": {"eta_c": 7.161388316658155, "max_diff_c": 13.802122247977367, "shift_c": -10.375000000000002}, "3-4": {"eta_c": 16006.398031068664, "max_diff_c": 33976.283704464026, "shift_c": 14351.812500000018}, "3-5": {"eta_c": 28.24165382327646, "max_diff_c": 54.81815341684016, "shift_c": 47.062500000000014}, "3-6": {"eta_c": 16009.237724606199, "max_diff_c": 33983.63785559988, "shift_c": 14347.187500000018}, "3-7": {"eta_c": 16009.779211355657, "max_diff_c": 33983.932893388555, "shift_c": 14348.875000000018}, "3-8": {"eta_c": 16009.633879613588, "max_diff_c": 33984.09931246093, "shift_c": 14348.50000000002}, "3-9": {"eta_c": 19.91221019773405, "max_diff_c": 44.72544514655051, "shift_c": 36.812500000000014}, "3-10": {"eta_c": 16010.9030825002, "max_diff_c": 33986.41553917431, "shift_c": 14349.31250000002}, "3-11": {"eta_c": 16008.741565808063, "max_diff_c": 33981.34743468003, "shift_c": 14354.375000000018}, "4-5": {"eta_c": 16030.182705937794, "max_diff_c": 34009.34332698503, "shift_c": 14396.18750000002}, "4-6": {"eta_c": 4.286368708062363, "max_diff_c": 17.346417845000047, "shift_c": 5.062500000000001}, "4-7": {"eta_c": 4.428964702906711, "max_diff_c": 17.287533523434693, "shift_c": 3.3750000000000013}, "4-8": {"eta_c": 4.426574537980335, "max_diff_c": 17.807177669402368, "shift_c": 3.6875000000000013}, "4-9": {"eta_c": 16023.564306866145, "max_diff_c": 33999.58183826843, "shift_c": 14384.500000000018}, "4-10": {"eta_c": 5.2910335504387405, "max_diff_c": 14.637215285672596, "shift_c": 2.937500000000001}, "4-11": {"eta_c": 2.378327285973683, "max_diff_c": 5.168540015201529, "shift_c": -2.5624999999999996}, "5-6": {"eta_c": 16033.019728246569, "max_diff_c": 34016.63497812088, "shift_c": 14391.625000000018}, "5-7": {"eta_c": 16033.562457569196, "max_diff_c": 34016.99251590955, "shift_c": 14393.25000000002}, "5-8": {"eta_c": 16033.416592640311, "max_diff_c": 34017.096434981926, "shift_c": 14392.937500000018}, "5-9": {"eta_c": 9.350764888001825, "max_diff_c": 11.198988717430948, "shift_c": -10.250000000000002}, "5-10": {"eta_c": 16034.686146559252, "max_diff_c": 34019.47516169531, "shift_c": 14393.687500000018}, "5-11": {"eta_c": 16032.5259937078, "max_diff_c": 34014.407057201024, "shift_c": 14398.75000000002}, "6-7": {"eta_c": 1.1899995483042956, "max_diff_c": 5.172969587950263, "shift_c": -1.6875000000000002}, "6-8": {"eta_c": 0.8815769678386896, "max_diff_c": 4.841449139899907, "shift_c": -1.375}, "6-9": {"eta_c": 16026.402244982744, "max_diff_c": 34006.87348940429, "shift_c": 14379.937500000018}, "6-10": {"eta_c": 1.8253763634683617, "max_diff_c": 2.8545580900564573, "shift_c": -2.125}, "6-11": {"eta_c": 3.2945246897036995, "max_diff_c": 20.927657401819573, "shift_c": -7.625000000000002}, "7-8": {"eta_c": 0.4284186234394882, "max_diff_c": 0.6803224587346791, "shift_c": 0.3125}, "7-9": {"eta_c": 16026.944647346447, "max_diff_c": 34007.16852719296, "shift_c": 14381.625000000018}, "7-10": {"eta_c": 1.348025688552319, "max_diff_c": 3.4643200448595053, "shift_c": -0.4375}, "7-11": {"eta_c": 3.081914267776585, "max_diff_c": 20.86877308025422, "shift_c": -5.937500000000002}, "8-9": {"eta_c": 16026.798928702621, "max_diff_c": 34007.33494626533, "shift_c": 14381.25000000002}, "8-10": {"eta_c": 1.4959745653668635, "max_diff_c": 3.3544808203007364, "shift_c": -0.75}, "8-11": {"eta_c": 3.163821036604625, "max_diff_c": 21.388417226221893, "shift_c": -6.250000000000002}, "9-10": {"eta_c": 16028.068367723317, "max_diff_c": 34009.651172978716, "shift_c": 14382.06250000002}, "9-11": {"eta_c": 16025.907653506923, "max_diff_c": 34004.64556848443, "shift_c": 14387.062500000018}, "10-11": {"eta_c": 3.5941536432190655, "max_diff_c": 18.21845484249212, "shift_c": -5.500000000000002}}, "v10_distance": {"0-1": {"eta_c": 14559.577691274862, "max_diff_c": 39202.83020350592, "shift_c": 9193.750000000011}, "0-2": {"eta_c": 3.5360166924024163, "max_diff_c": 7.4366635059832324, "shift_c": 3.062500000000001}, "0-3": {"eta_c": 14535.898029482056, "max_diff_c": 39164.09963320024, "shift_c": 9162.250000000011}, "0-4": {"eta_c": 3.3007301855002646, "max_diff_c": 10.749934237314676, "shift_c": -1.6875000000000002}, "0-5": {"eta_c": 14559.5608975816, "max_diff_c": 39209.534255721235, "shift_c": 9194.250000000011}, "0-6": {"eta_c": 7.45465446596796, "max_diff_c": 57.9546266382917, "shift_c": -0.3125}, "0-7": {"eta_c": 6.574886236846198, "max_diff_c": 45.54048138065767, "shift_c": -1.25}, "0-8": {"eta_c": 6.5134628134060115, "max_diff_c": 45.98938902416009, "shift_c": -0.9375},