{"pseudos": ["PSL-US-v1-high-29", "PSL-US-v1-low-11", "PSL-PAW-v1-high-29", "PSL-PAW-v1-low-11", "JTH-1.1-std-19", "Wentzcovitch-19"], "v_distance": {"eta": [[0.0, 15119.441103646002, 16.290172867852277, 15118.698547542108, 88.23432053204462, 51.5859105565199], [25135.160350129758, 0.0, 15122.340765093224, 0.7536843561608172, 15104.95727615643, 15114.418693803385], [21.767750476702076, 25132.204269806683, 0.0, 15121.598303134157, 84.3772727753675, 47.85316793123697], [25133.642320794843, 1.5298798682798633, 25130.68624047176, 0.0, 15104.215056001081, 15113.676324916347], [111.92981115677863, 25117.12154474209, 116.06159671126761, 25115.541015407176, 0.0, 36.8680268326074], [70.24649172307714, 25125.47314009925, 74.37827727756614, 25123.955110764324, 41.6833194337015, 0.0]], "shift": [[0.0, 20542.750000000025, 8.250000000000002, 20541.875000000025, 84.37500000000004, 48.312500000000014], [-20542.750000000025, 0.0, 20540.625000000022, 0.875, 20551.000000000022, 20545.125000000022], [-8.250000000000002, -20540.625000000022, 0.0, 20539.750000000025, 81.18750000000006, 45.125000000000014], [-20541.875000000025, -0.875, -20539.750000000025, 0.0, 20550.187500000022, 20544.250000000022], [-84.37500000000004, -20551.000000000022, -81.18750000000006, -20550.187500000022, 0.0, 36.062500000000014], [-48.312500000000014, -20545.125000000022, -45.125000000000014, -20544.250000000022, -36.062500000000014, 0.0]]}, "v10_distance": {"eta": [[0.0, 15582.910417651827, 13.513833486722245, 15582.261748464254, 72.9999999100648, 42.324722316550265], [37067.16035012977, 0.0, 15581.752631715759, 0.7270799972264861, 15584.050615334201, 15583.440915245375], [22.892750476702073, 37060.016769806694, 0.0, 15581.104006990872, 70.35010671170916, 39.22958899156047], [37065.079820794854, 1.9673798682798633, 37057.873740471776, 0.0, 15583.401761900683, 15582.79219336684], [147.66245209894197, 37071.934044742105, 150.47013945296695, 37069.79101540719, 0.0, 31.91293067127368], [97.54242596648704, 37066.41064009926, 100.41261332051207, 37064.330110764335, 88.00467853435305, 0.0]], "shift": [[0.0, 8610.750000000011, 7.125000000000003, 8610.43750000001, 59.12500000000002, 31.750000000000007], [-8610.750000000011, 0.0, 8612.81250000001, 0.4375, 8596.18750000001, 8604.187500000011], [-7.125000000000003, -8612.81250000001, 0.0, 8612.56250000001, 59.87500000000003, 32.56250000000001], [-8610.43750000001, -0.4375, -8612.56250000001, 0.0, 8595.937500000011, 8603.87500000001], [-59.12500000000002, -8596.18750000001, -59.87500000000003, -8595.937500000011, 0.0, 27.312500000000004], [-31.750000000000007, -8604.187500000011, -32.56250000000001, -8603.87500000001, -27.312500000000004, 0.0]]}}