{"pseudos": {"Tc.nc.pbe.z_15.oncvpsp3.dojo.v0.4.1-std.upf": 0, "Tc.nc.pbe.z_15.oncvpsp4.spms.v1.upf": 1, "Tc.nc.pbe.z_15.oncvpsp4.sg15.v0.upf": 2, "Tc.us.pbe.z_15.uspp.gbrv.v1.upf": 3, "Tc.us.pbe.z_15.ld1.psl.v1.0.0-high.upf": 4, "Tc.us.pbe.z_15.ld1.psl.v0.3.0.upf": 5, "Tc.paw.pbe.z_15.ld1.psl.v0.3.0.upf": 6, "Tc.paw.pbe.z_15.ld1.psl.v1.0.0-high.upf": 7, "Tc.paw.pbe.z_15.atompaw.jth.v1.1-std.upf": 8}, "v_distance": {"0-1": {"eta_c": 5.293134855992286, "max_diff_c": 23.41219868164231, "shift_c": 1.8750000000000004}, "0-2": {"eta_c": 6.96214478875318, "max_diff_c": 13.19718093214078, "shift_c": 5.312500000000001}, "0-3": {"eta_c": 1.6861147438023485, "max_diff_c": 4.393588016634141, "shift_c": 2.0000000000000004}, "0-4": {"eta_c": 0.8164856054607448, "max_diff_c": 1.430564189082446, "shift_c": 0.3125}, "0-5": {"eta_c": 15.191045983393535, "max_diff_c": 19.641190145682568, "shift_c": 14.187500000000002}, "0-6": {"eta_c": 0.9119740299124449, "max_diff_c": 2.1879566873626293, "shift_c": -1.25}, "0-7": {"eta_c": 0.6450239176998004, "max_diff_c": 1.4892905457903964, "shift_c": -0.1875}, "0-8": {"eta_c": 3.770477027046729, "max_diff_c": 8.438871899628566, "shift_c": 0.625}, "1-2": {"eta_c": 4.745455256389088, "max_diff_c": 18.860505763103962, "shift_c": 3.4375000000000013}, "1-3": {"eta_c": 6.004978537316338, "max_diff_c": 26.137798141879102, "shift_c": 0.1875}, "1-4": {"eta_c": 5.002298496046998, "max_diff_c": 23.968833292292402, "shift_c": -1.5625}, "1-5": {"eta_c": 15.380048088672808, "max_diff_c": 32.279961646371795, "shift_c": 12.375000000000004}, "1-6": {"eta_c": 5.702629937609401, "max_diff_c": 22.59349711597244, "shift_c": -3.0625}, "1-7": {"eta_c": 5.188189848927934, "max_diff_c": 23.212023999726735, "shift_c": -2.0625}, "1-8": {"eta_c": 8.180121400309856, "max_diff_c": 28.561036483941677, "shift_c": -1.25}, "2-3": {"eta_c": 7.720112613030615, "max_diff_c": 16.54155458886339, "shift_c": -3.2500000000000004}, "2-4": {"eta_c": 6.235296292068231, "max_diff_c": 12.055912312557096, "shift_c": -5.000000000000001}, "2-5": {"eta_c": 13.397405891917503, "max_diff_c": 20.89858727880437, "shift_c": 8.875000000000004}, "2-6": {"eta_c": 7.7162947407018825, "max_diff_c": 13.942304357315718, "shift_c": -6.562500000000003}, "2-7": {"eta_c": 6.606536188464992, "max_diff_c": 13.059337402479057, "shift_c": -5.500000000000002}, "2-8": {"eta_c": 10.256700277964388, "max_diff_c": 21.636052831769348, "shift_c": -4.687500000000001}, "3-4": {"eta_c": 2.033657341917979, "max_diff_c": 4.423142276306294, "shift_c": -1.6875000000000002}, "3-5": {"eta_c": 14.373626453778854, "max_diff_c": 18.53534486987797, "shift_c": 12.187500000000004}, "3-6": {"eta_c": 1.9326074305814072, "max_diff_c": 4.856241953787446, "shift_c": -3.2500000000000004}, "3-7": {"eta_c": 1.6864626326254597, "max_diff_c": 4.144846650802862, "shift_c": -2.2500000000000004}, "3-8": {"eta_c": 2.6606389405141053, "max_diff_c": 6.371265485513903, "shift_c": -1.4375}, "4-5": {"eta_c": 14.64937068859499, "max_diff_c": 18.867360649478993, "shift_c": 13.875000000000002}, "4-6": {"eta_c": 1.6833820239278168, "max_diff_c": 3.185007676447782, "shift_c": -1.5625}, "4-7": {"eta_c": 0.5176023662293847, "max_diff_c": 1.3194493920861134, "shift_c": -0.5}, "4-8": {"eta_c": 4.367814567979231, "max_diff_c": 9.793940134382666, "shift_c": 0.3125}, "5-6": {"eta_c": 15.926862844874018, "max_diff_c": 20.477672995061077, "shift_c": -15.437500000000007}, "5-7": {"eta_c": 14.67842490173786, "max_diff_c": 18.880189526562326, "shift_c": -14.437500000000005}, "5-8": {"eta_c": 15.619397788725989, "max_diff_c": 22.373221095263634, "shift_c": -13.625000000000005}, "6-7": {"eta_c": 1.4036277028728263, "max_diff_c": 2.033572597012977, "shift_c": 1.0}, "6-8": {"eta_c": 3.40526880947156, "max_diff_c": 7.631248474453628, "shift_c": 1.8125000000000002}, "7-8": {"eta_c": 3.9549298636612304, "max_diff_c": 8.606612262698093, "shift_c": 0.8125000000000001}}, "v10_distance": {"0-1": {"eta_c": 12.00809868591251, "max_diff_c": 165.23774923025277, "shift_c": 3.062500000000001}, "0-2": {"eta_c": 7.341929175900162, "max_diff_c": 56.63544555386772, "shift_c": 4.125000000000001}, "0-3": {"eta_c": 3.3898826798632955, "max_diff_c": 49.97114753370394, "shift_c": 1.0625}, "0-4": {"eta_c": 0.7220843836070342, "max_diff_c": 3.047156105452302, "shift_c": 0.3125}, "0-5": {"eta_c": 14.584329338389168, "max_diff_c": 23.266190145682568, "shift_c": 10.562500000000002}, "0-6": {"eta_c": 0.9864653181072046, "max_diff_c": 5.772730656497458, "shift_c": -1.1250000000000002}, "0-7": {"eta_c": 0.6620734151894903, "max_diff_c": 3.371429783696783, "shift_c": -0.25}, "0-8": {"eta_c": 4.32234086386393, "max_diff_c": 40.23097764533853, "shift_c": -0.0625}, "1-2": {"eta_c": 9.360584409022747, "max_diff_c": 108.60230367638505, "shift_c": 1.0625}, "1-3": {"eta_c": 14.684685368573417, "max_diff_c": 215.20889676395672, "shift_c": -2.0}, "1-4": {"eta_c": 11.841585077899857, "max_diff_c": 162.19059312480047, "shift_c": -2.75}, "1-5": {"eta_c": 18.7215765233139, "max_diff_c": 175.69949619362765, "shift_c": 7.5625000000000036}, "1-6": {"eta_c": 12.527594288575255, "max_diff_c": 170.98795016150038, "shift_c": -4.187500000000001}, "1-7": {"eta_c": 11.932201002858163, "max_diff_c": 161.866319446556, "shift_c": -3.3125000000000004}, "1-8": {"eta_c": 15.518663628439695, "max_diff_c": 205.4687268755913, "shift_c": -3.125}, "2-3": {"eta_c": 9.029804124793028, "max_diff_c": 106.60659308757167, "shift_c": -3.0625}, "2-4": {"eta_c": 6.793372583902158, "max_diff_c": 53.58828944841542, "shift_c": -3.812500000000001}, "2-5": {"eta_c": 12.714915520763409, "max_diff_c": 67.0346925172426, "shift_c": 6.437500000000003}, "2-6": {"eta_c": 8.148342951343265, "max_diff_c": 62.38564648511532, "shift_c": -5.250000000000001}, "2-7": {"eta_c": 7.027572228963891, "max_diff_c": 53.264015770170936, "shift_c": -4.375000000000001}, "2-8": {"eta_c": 10.857900737237115, "max_diff_c": 96.86642319920625, "shift_c": -4.187500000000001}, "3-4": {"eta_c": 3.6191623860890063, "max_diff_c": 53.018303639156244, "shift_c": -0.75}, "3-5": {"eta_c": 13.562225569604973, "max_diff_c": 39.50940057032906, "shift_c": 9.562500000000004}, "3-6": {"eta_c": 3.298173260095059, "max_diff_c": 44.15844660245634, "shift_c": -2.125}, "3-7": {"eta_c": 3.430724739888712, "max_diff_c": 53.342577317400725, "shift_c": -1.3124999999999998}, "3-8": {"eta_c": 2.6441133528277416, "max_diff_c": 11.387480001287683, "shift_c": -1.1250000000000002}, "4-5": {"eta_c": 14.167271567167042, "max_diff_c": 22.492360649478993, "shift_c": 10.250000000000002}, "4-6": {"eta_c": 1.6139617477916792, "max_diff_c": 8.806812302724268, "shift_c": -1.4375}, "4-7": {"eta_c": 0.5866780508952706, "max_diff_c": 1.6332507843310964, "shift_c": -0.5625000000000001}, "4-8": {"eta_c": 4.775175555994896, "max_diff_c": 43.27813375079083, "shift_c": -0.375}, "5-6": {"eta_c": 15.263802437069197, "max_diff_c": 24.22767299506108, "shift_c": -11.687500000000004}, "5-7": {"eta_c": 14.156204154786314, "max_diff_c": 22.50518952656233, "shift_c": -10.812500000000004}, "5-8": {"eta_c": 14.814252120252526, "max_diff_c": 29.831730681963645, "shift_c": -10.625000000000002}, "6-7": {"eta_c": 1.3547491400174314, "max_diff_c": 9.121630714944388, "shift_c": 0.875}, "6-8": {"eta_c": 3.869253089864808, "max_diff_c": 34.48077671409092, "shift_c": 1.0625}, "7-8": {"eta_c": 4.447098788454333, "max_diff_c": 43.60240742903531, "shift_c": 0.1875}}}