{"pseudos": ["DOJO-041-std-16", "DOJO-041-str-24", "DOJO-050-std-16", "SPMS-16", "SG15-16", "GBRV-1.X-6", "PSL-US-v1-high-16", "PSL-US-v1-low-6", "PSL-PAW-v1-high-16", "PSL-PAW-v1-low-6", "JTH-1.1-std-6"], "v_distance": {"eta_c": [[0.0, 7.05198455287968, 1045.3185480183538, 2.2201656846475273, 3.723784735180166, 8.336754851774398, 12.329239008699348, 1.7509335743643943, 7.868537535589911, 1.6696705551418376, 7.938722983395249], [7.05198455287968, 0.0, 1050.0746312788006, 5.047215746522033, 3.4220994056833485, 8.530764117035671, 5.396325498218206, 2.1205425632093275, 1.264136564600529, 1.9846565022595704, 8.353642077027281], [1045.3185480183538, 1050.0746312788006, 0.0, 1046.9648631428836, 1047.8862711989023, 1286.5467421080893, 1053.0840117341595, 1287.2733013269499, 1050.2434477525856, 1287.3122848788782, 1282.9968979900718], [2.2201656846475273, 5.047215746522033, 1046.9648631428836, 0.0, 1.657579882169051, 8.664548591100154, 10.31343655828517, 2.2730335431423057, 5.907798416352537, 2.1564842710159775, 8.522970975803881], [3.723784735180166, 3.4220994056833485, 1047.8862711989023, 1.657579882169051, 0.0, 8.317761968386186, 8.678317954859578, 1.8445095676954533, 4.2697775326436505, 1.7294214884427144, 8.10639542389336], [8.336754851774398, 8.530764117035671, 1286.5467421080893, 8.664548591100154, 8.317761968386186, 0.0, 8.059506971304852, 6.709022158568752, 8.04787039068731, 6.755300732382462, 4.63729165936342], [12.329239008699348, 5.396325498218206, 1053.0840117341595, 10.31343655828517, 8.678317954859578, 8.059506971304852, 0.0, 1.5237114478358906, 4.469681657550903, 1.5608575960207127, 7.243990445881588], [1.7509335743643943, 2.1205425632093275, 1287.2733013269499, 2.2730335431423057, 1.8445095676954533, 6.709022158568752, 1.5237114478358906, 0.0, 1.4686086143449335, 0.31433504701077153, 6.394744301982979], [7.868537535589911, 1.264136564600529, 1050.2434477525856, 5.907798416352537, 4.2697775326436505, 8.04787039068731, 4.469681657550903, 1.4686086143449335, 0.0, 1.4871308430104215, 7.371461473195747], [1.6696705551418376, 1.9846565022595704, 1287.3122848788782, 2.1564842710159775, 1.7294214884427144, 6.755300732382462, 1.5608575960207127, 0.31433504701077153, 1.4871308430104215, 0.0, 6.468479503279925], [7.938722983395249, 8.353642077027281, 1282.9968979900718, 8.522970975803881, 8.10639542389336, 4.63729165936342, 7.243990445881588, 6.394744301982979, 7.371461473195747, 6.468479503279925, 0.0]], "max_diff_c": [[0.0, 10.264191280525909, 3341.3060963782327, 3.782959944632637, 5.394361022064126, 42.096525812303994, 20.074816412397315, 7.136946332149506, 14.03939047123571, 6.391343523126459, 35.22773648954949], [10.264191280525909, 0.0, 3351.1899061858967, 9.253708800988209, 5.376374065834811, 46.14949578095338, 15.065286381046693, 11.127416300798885, 8.967360439885086, 10.381813491775837, 39.28070645819887], [3341.3060963782327, 3351.1899061858967, 0.0, 3344.833862429645, 3346.601123921337, 2453.6495358392685, 3356.29864102101, 2457.7270882786247, 3350.9004675515966, 2456.9986151401035, 2447.1189376086872], [3.782959944632637, 9.253708800988209, 3344.833862429645, 0.0, 4.694437383853227, 44.50637048955843, 19.73466108965174, 9.484291009403933, 13.699235148490134, 8.738688200380885, 37.57508116680392], [5.394361022064126, 5.376374065834811, 3346.601123921337, 4.694437383853227, 0.0, 42.692976015955935, 15.921266616049257, 7.733396535801447, 9.82334067488765, 6.987793726778398, 35.82418669320143], [42.096525812303994, 46.14949578095338, 2453.6495358392685, 44.50637048955843, 42.692976015955935, 0.0, 37.89670939990668, 35.02207948015449, 38.24463534106829, 35.767682289177536, 14.019880373706103], [20.074816412397315, 15.065286381046693, 3356.29864102101, 19.73466108965174, 15.921266616049257, 37.89670939990668, 0.0, 4.51259932460097, 6.159000433645732, 4.296824633392731, 31.027920077152185], [7.136946332149506, 11.127416300798885, 2457.7270882786247, 9.484291009403933, 7.733396535801447, 35.02207948015449, 4.51259932460097, 0.0, 4.268007314772504, 0.8230108841796664, 28.090790157399987], [14.03939047123571, 8.967360439885086, 3350.9004675515966, 13.699235148490134, 9.82334067488765, 38.24463534106829, 6.159000433645732, 4.268007314772504, 0.0, 4.052232623564265, 31.313346018313787], [6.391343523126459, 10.381813491775837, 2456.9986151401035, 8.738688200380885, 6.987793726778398, 35.767682289177536, 4.296824633392731, 0.8230108841796664, 4.052232623564265, 0.0, 28.836392966423034], [35.22773648954949, 39.28070645819887, 2447.1189376086872, 37.57508116680392, 35.82418669320143, 14.019880373706103, 31.027920077152185, 28.090790157399987, 31.313346018313787, 28.836392966423034, 0.0]], "shift_c": [[0.0, -0.008000000000000002, -0.07218750000000002, -0.0016250000000000004, -0.004375000000000001, 0.0035000000000000014, -0.017687500000000005, 0.0015, -0.011625000000000003, 0.0010625, 0.009062500000000005], [0.008000000000000002, 0.0, 0.06418750000000005, -0.006437500000000003, -0.0036250000000000006, 0.0045625000000000015, 0.009687500000000003, 0.0025000000000000005, 0.0035625000000000014, 0.0020625000000000005, 0.010125000000000002], [0.07218750000000002, -0.06418750000000005, 0.0, 0.07062500000000003, 0.06781250000000003, -0.9529375000000009, 0.05450000000000002, -0.9549375000000009, 0.06062500000000003, -0.9553750000000011, -0.947375000000001], [0.0016250000000000004, 0.006437500000000003, -0.07062500000000003, 0.0, -0.0028125, 0.0046250000000000015, -0.016062500000000004, 0.0025625000000000005, -0.010000000000000002, 0.0021250000000000006, 0.010125000000000002], [0.004375000000000001, 0.0036250000000000006, -0.06781250000000003, 0.0028125, 0.0, 0.003875000000000001, -0.013312500000000005, 0.0018750000000000006, -0.007187500000000003, 0.0014375, 0.009437500000000003], [-0.0035000000000000014, -0.0045625000000000015, 0.9529375000000009, -0.0046250000000000015, -0.003875000000000001, 0.0, 0.0016875000000000002, 0.0020625000000000005, 0.0020625000000000005, 0.0025000000000000005, -0.005500000000000002], [0.017687500000000005, -0.009687500000000003, -0.05450000000000002, 0.016062500000000004, 0.013312500000000005, -0.0016875000000000002, 0.0, -0.0003125, 0.006062500000000002, -0.00075, 0.007250000000000003], [-0.0015, -0.0025000000000000005, 0.9549375000000009, -0.0025625000000000005, -0.0018750000000000006, -0.0020625000000000005, 0.0003125, 0.0, 0.0, 0.0004375, -0.0075625000000000015], [0.011625000000000003, -0.0035625000000000014, -0.06062500000000003, 0.010000000000000002, 0.007187500000000003, -0.0020625000000000005, -0.006062500000000002, -0.0, 0.0, -0.0004375, 0.007562500000000004], [-0.0010625, -0.0020625000000000005, 0.9553750000000011, -0.0021250000000000006, -0.0014375, -0.0025000000000000005, 0.00075, -0.0004375, 0.0004375, 0.0, -0.008000000000000002], [-0.009062500000000005, -0.010125000000000002, 0.947375000000001, -0.010125000000000002, -0.009437500000000003, 0.005500000000000002, -0.007250000000000003, 0.0075625000000000015, -0.007562500000000004, 0.008000000000000002, 0.0]]},