{"pseudos": {"Te.nc.pbe.z_16.oncvpsp3.dojo.v0.4.1-std.upf": 0, "Te.nc.pbe.z_24.oncvpsp3.dojo.v0.4.1-str.upf": 1, "Te.nc.pbe.z_16.oncvpsp4.dojo.v0.5.0-std.upf": 2, "Te.nc.pbe.z_16.oncvpsp4.spms.v1.upf": 3, "Te.nc.pbe.z_16.oncvpsp4.sg15.v0.upf": 4, "Te.us.pbe.z_6.uspp.gbrv.v1.upf": 5, "Te.us.pbe.z_16.ld1.psl.v1.0.0-high.upf": 6, "Te.us.pbe.z_6.ld1.psl.v1.0.0-low.upf": 7, "Te.paw.pbe.z_16.ld1.psl.v1.0.0-high.upf": 8, "Te.paw.pbe.z_6.ld1.psl.v1.0.0-low.upf": 9, "Te.paw.pbe.z_6.atompaw.jth.v1.1-std.upf": 10}, "v_distance": {"0-1": {"eta_c": 7.05198455287968, "max_diff_c": 10.264191280525909, "shift_c": -8.000000000000002}, "0-2": {"eta_c": 1045.3185480183538, "max_diff_c": 3341.3060963782327, "shift_c": -72.18750000000001}, "0-3": {"eta_c": 2.2201656846475273, "max_diff_c": 3.782959944632637, "shift_c": -1.6250000000000002}, "0-4": {"eta_c": 3.723784735180166, "max_diff_c": 5.394361022064126, "shift_c": -4.375000000000001}, "0-5": {"eta_c": 8.336754851774398, "max_diff_c": 42.096525812303994, "shift_c": 3.5000000000000013}, "0-6": {"eta_c": 12.329239008699348, "max_diff_c": 20.074816412397315, "shift_c": -17.687500000000004}, "0-7": {"eta_c": 1.7509335743643943, "max_diff_c": 7.136946332149506, "shift_c": 1.5}, "0-8": {"eta_c": 7.868537535589911, "max_diff_c": 14.03939047123571, "shift_c": -11.625000000000004}, "0-9": {"eta_c": 1.6696705551418376, "max_diff_c": 6.391343523126459, "shift_c": 1.0625}, "0-10": {"eta_c": 7.938722983395249, "max_diff_c": 35.22773648954949, "shift_c": 9.062500000000004}, "1-2": {"eta_c": 1050.0746312788006, "max_diff_c": 3351.1899061858967, "shift_c": 64.18750000000004}, "1-3": {"eta_c": 5.047215746522033, "max_diff_c": 9.253708800988209, "shift_c": -6.437500000000003}, "1-4": {"eta_c": 3.4220994056833485, "max_diff_c": 5.376374065834811, "shift_c": -3.6250000000000004}, "1-5": {"eta_c": 8.530764117035671, "max_diff_c": 46.14949578095338, "shift_c": 4.562500000000002}, "1-6": {"eta_c": 5.396325498218206, "max_diff_c": 15.065286381046693, "shift_c": 9.687500000000004}, "1-7": {"eta_c": 2.1205425632093275, "max_diff_c": 11.127416300798885, "shift_c": 2.5000000000000004}, "1-8": {"eta_c": 1.264136564600529, "max_diff_c": 8.967360439885086, "shift_c": 3.5625000000000013}, "1-9": {"eta_c": 1.9846565022595704, "max_diff_c": 10.381813491775837, "shift_c": 2.0625000000000004}, "1-10": {"eta_c": 8.353642077027281, "max_diff_c": 39.28070645819887, "shift_c": 10.125000000000002}, "2-3": {"eta_c": 1046.9648631428836, "max_diff_c": 3344.833862429645, "shift_c": 70.62500000000003}, "2-4": {"eta_c": 1047.8862711989023, "max_diff_c": 3346.601123921337, "shift_c": 67.81250000000003}, "2-5": {"eta_c": 1286.5467421080893, "max_diff_c": 2453.6495358392685, "shift_c": -952.9375000000009}, "2-6": {"eta_c": 1053.0840117341595, "max_diff_c": 3356.29864102101, "shift_c": 54.50000000000002}, "2-7": {"eta_c": 1287.2733013269499, "max_diff_c": 2457.7270882786247, "shift_c": -954.9375000000009}, "2-8": {"eta_c": 1050.2434477525856, "max_diff_c": 3350.9004675515966, "shift_c": 60.62500000000003}, "2-9": {"eta_c": 1287.3122848788782, "max_diff_c": 2456.9986151401035, "shift_c": -955.375000000001}, "2-10": {"eta_c": 1282.9968979900718, "max_diff_c": 2447.1189376086872, "shift_c": -947.3750000000009}, "3-4": {"eta_c": 1.657579882169051, "max_diff_c": 4.694437383853227, "shift_c": -2.8125}, "3-5": {"eta_c": 8.664548591100154, "max_diff_c": 44.50637048955843, "shift_c": 4.625000000000002}, "3-6": {"eta_c": 10.31343655828517, "max_diff_c": 19.73466108965174, "shift_c": -16.062500000000004}, "3-7": {"eta_c": 2.2730335431423057, "max_diff_c": 9.484291009403933, "shift_c": 2.5625000000000004}, "3-8": {"eta_c": 5.907798416352537, "max_diff_c": 13.699235148490134, "shift_c": -10.000000000000002}, "3-9": {"eta_c": 2.1564842710159775, "max_diff_c": 8.738688200380885, "shift_c": 2.1250000000000004}, "3-10": {"eta_c": 8.522970975803881, "max_diff_c": 37.57508116680392, "shift_c": 10.125000000000002}, "4-5": {"eta_c": 8.317761968386186, "max_diff_c": 42.692976015955935, "shift_c": 3.875000000000001}, "4-6": {"eta_c": 8.678317954859578, "max_diff_c": 15.921266616049257, "shift_c": -13.312500000000005}, "4-7": {"eta_c": 1.8445095676954533, "max_diff_c": 7.733396535801447, "shift_c": 1.8750000000000004}, "4-8": {"eta_c": 4.2697775326436505, "max_diff_c": 9.82334067488765, "shift_c": -7.187500000000003}, "4-9": {"eta_c": 1.7294214884427144, "max_diff_c": 6.987793726778398, "shift_c": 1.4375}, "4-10": {"eta_c": 8.10639542389336, "max_diff_c": 35.82418669320143, "shift_c": 9.437500000000004}, "5-6": {"eta_c": 8.059506971304852, "max_diff_c": 37.89670939990668, "shift_c": 1.6875000000000002}, "5-7": {"eta_c": 6.709022158568752, "max_diff_c": 35.02207948015449, "shift_c": 2.0625000000000004}, "5-8": {"eta_c": 8.04787039068731, "max_diff_c": 38.24463534106829, "shift_c": 2.0625000000000004}, "5-9": {"eta_c": 6.755300732382462, "max_diff_c": 35.767682289177536, "shift_c": 2.5000000000000004}, "5-10": {"eta_c": 4.63729165936342, "max_diff_c": 14.019880373706103, "shift_c": -5.500000000000002}, "6-7": {"eta_c": 1.5237114478358906, "max_diff_c": 4.51259932460097, "shift_c": -0.3125}, "6-8": {"eta_c": 4.469681657550903, "max_diff_c": 6.159000433645732, "shift_c": 6.062500000000002}, "6-9": {"eta_c": 1.5608575960207127, "max_diff_c": 4.296824633392731, "shift_c": -0.75}, "6-10": {"eta_c": 7.243990445881588, "max_diff_c": 31.027920077152185, "shift_c": 7.250000000000003}, "7-8": {"eta_c": 1.4686086143449335, "max_diff_c": 4.268007314772504, "shift_c": 0.0}, "7-9": {"eta_c": 0.31433504701077153, "max_diff_c": 0.8230108841796664, "shift_c": 0.4375}, "7-10": {"eta_c": 6.394744301982979, "max_diff_c": 28.090790157399987, "shift_c": -7.562500000000002}, "8-9": {"eta_c": 1.4871308430104215, "max_diff_c": 4.052232623564265, "shift_c": -0.4375}, "8-10": {"eta_c": 7.371461473195747, "max_diff_c": 31.313346018313787, "shift_c": 7.5625000000000036}, "9-10": {"eta_c": 6.468479503279925, "max_diff_c": 28.836392966423034, "shift_c": -8.000000000000002}}, "v10_distance": {"0-1": {"eta_c": 9.280862193817105, "max_diff_c": 67.90553853069972, "shift_c": -8.750000000000002}, "0-2": {"eta_c": 891.5436726454734, "max_diff_c": 3335.868596378233, "shift_c": -77.62500000000003}, "0-3": {"eta_c": 4.269480210992648, "max_diff_c": 33.45428481629823, "shift_c": -2.75}, "0-4": {"eta_c": 4.166536565287403, "max_diff_c": 12.895220420774292, "shift_c": -2.8125}, "0-5": {"eta_c": 42.97615981066146, "max_diff_c": 277.0563319004319, "shift_c": -1.75}, "0-6": {"eta_c": 15.61132667927302, "max_diff_c": 55.23593183517838, "shift_c": -11.000000000000004}, "0-7": {"eta_c": 6.823558198937435, "max_diff_c": 44.229444572429244, "shift_c": -2.0625}, "0-8": {"eta_c": 11.030202103625342, "max_diff_c": 50.67261562467326, "shift_c": -6.750000000000003}, "0-9": {"eta_c": 7.18887334520987, "max_diff_c": 46.38330428834328, "shift_c": -2.75}, "0-10": {"eta_c": 116.29472053084845, "max_diff_c": 382.0418180462343, "shift_c": -69.18750000000001}, "1-2": {"eta_c": 894.9690602777962, "max_diff_c": 3346.4399061858967, "shift_c": 68.93750000000004}, "1-3": {"eta_c": 5.806203468901462, "max_diff_c": 43.167467366252545, "shift_c": -6.000000000000002}, "1-4": {"eta_c": 8.54000092787265, "max_diff_c": 71.1206758484532, "shift_c": -5.937500000000002}, "1-5": {"eta_c": 51.361624979974884, "max_diff_c": 335.9939866457777, "shift_c": -6.500000000000003}, "1-6": {"eta_c": 16.85262947923733, "max_diff_c": 123.1414703658781, "shift_c": 2.250000000000001}, "1-7": {"eta_c": 17.637856701012677, "max_diff_c": 116.07248310312897, "shift_c": -6.875000000000003}, "1-8": {"eta_c": 14.107935535294956, "max_diff_c": 118.57815415537299, "shift_c": -2.0}, "1-9": {"eta_c": 18.087758907797706, "max_diff_c": 118.22634281904301, "shift_c": -7.562500000000002}, "1-10": {"eta_c": 125.85464193289353, "max_diff_c": 438.7593844086062, "shift_c": -73.81250000000003}, "2-3": {"eta_c": 892.5627142559835, "max_diff_c": 3340.5838624296453, "shift_c": 74.87500000000004},