{"pseudos": {"Th.us.pbe.z_12.ld1.psl.v1.0.0-high.upf": 0, "Th.paw.pbe.z_12.ld1.psl.v1.0.0-high.upf": 1, "Th.paw.pbe.z_12.ld1.uni-marburg.v0.upf": 2}, "v_distance": {"0-1": {"eta_c": 8.416950441031632, "max_diff_c": 16.681873756483185, "shift_c": -3.875000000000001}, "0-2": {"eta_c": 7.98800149744377, "max_diff_c": 16.437612748603154, "shift_c": 2.1250000000000004}, "1-2": {"eta_c": 16.365169669368857, "max_diff_c": 33.18182753410241, "shift_c": 5.937500000000002}}, "v10_distance": {"0-1": {"eta_c": 12.82443879775098, "max_diff_c": 25.70821277649456, "shift_c": -13.687500000000005}, "0-2": {"eta_c": 10.691437985224344, "max_diff_c": 21.9911359268408, "shift_c": 10.875000000000004}, "1-2": {"eta_c": 23.429870340139185, "max_diff_c": 45.956070288491844, "shift_c": 24.5625}}}