{"pseudos": ["DOJO-041-std-12", "SPMS-12", "SG15-12", "GBRV-1.X-12", "PSL-US-v1-high-12", "PSL-PAW-v1-high-12", "JTH-1.1-std-12"], "v_distance": {"eta_c": [[0.0, 10.05469958645086, 5.065266498648755, 4.689605975858203, 4.548727781923275, 5.65765492893721, 3.257215694598737], [10.05469958645086, 0.0, 5.012415685495143, 12.409688348237808, 12.986155254440444, 14.14601716724606, 11.712410959191915], [5.065266498648755, 5.012415685495143, 0.0, 7.933617535736818, 8.337562512240595, 9.532964242726864, 7.024349244783259], [4.689605975858203, 12.409688348237808, 7.933617535736818, 0.0, 4.6574545980039055, 4.244236645265263, 3.2884583994759558], [4.548727781923275, 12.986155254440444, 8.337562512240595, 4.6574545980039055, 0.0, 1.68260669793806, 2.2581369420239916], [5.65765492893721, 14.14601716724606, 9.532964242726864, 4.244236645265263, 1.68260669793806, 0.0, 2.9594701233205356], [3.257215694598737, 11.712410959191915, 7.024349244783259, 3.2884583994759558, 2.2581369420239916, 2.9594701233205356, 0.0]], "max_diff_c": [[0.0, 19.692172445498894, 10.041812586156082, 9.162137815175798, 22.579826618335048, 20.534126143944203, 10.898930193914977], [19.692172445498894, 0.0, 9.722527512415866, 20.644151310159504, 30.78746795716192, 32.69342153988969, 22.47609684739584], [10.041812586156082, 9.722527512415866, 0.0, 16.565278124905706, 22.32563434780199, 24.231587930529756, 18.31404028780227], [9.162137815175798, 20.644151310159504, 16.565278124905706, 0.0, 26.212653144255913, 24.16695266986507, 14.53175671983584], [22.579826618335048, 30.78746795716192, 22.32563434780199, 26.212653144255913, 0.0, 2.6471983234380905, 11.68089642442007], [20.534126143944203, 32.69342153988969, 24.231587930529756, 24.16695266986507, 2.6471983234380905, 0.0, 12.089646839987068], [10.898930193914977, 22.47609684739584, 18.31404028780227, 14.53175671983584, 11.68089642442007, 12.089646839987068, 0.0]], "shift_c": [[0.0, -0.010062500000000002, -0.005250000000000001, 0.0067500000000000025, 0.00075, 0.0032500000000000016, 0.003187500000000001], [0.010062500000000002, 0.0, 0.004812500000000001, 0.016812500000000005, 0.010812500000000004, 0.013312500000000005, 0.013250000000000005], [0.005250000000000001, -0.004812500000000001, 0.0, 0.012000000000000004, 0.006000000000000002, 0.008500000000000002, 0.008437500000000002], [-0.0067500000000000025, -0.016812500000000005, -0.012000000000000004, 0.0, -0.006000000000000002, -0.0035000000000000005, -0.0035625000000000006], [-0.00075, -0.010812500000000004, -0.006000000000000002, 0.006000000000000002, 0.0, 0.0024375000000000004, 0.0024375000000000004], [-0.0032500000000000016, -0.013312500000000005, -0.008500000000000002, 0.0035000000000000005, -0.0024375000000000004, 0.0, -6.25e-05], [-0.003187500000000001, -0.013250000000000005, -0.008437500000000002, 0.0035625000000000006, -0.0024375000000000004, 6.25e-05, 0.0]]}, "v10_distance": {"eta_c": [[0.0, 9.041135822739067, 4.922997720154802, 5.549658746832741, 8.094570548681455, 8.807618450637289, 5.634314729213623], [9.041135822739067, 0.0, 4.243148129917341, 12.945183192947738, 13.251277006221514, 14.48117605475762, 12.618120348738458], [4.922997720154802, 4.243148129917341, 0.0, 9.346185509467524, 10.149100695216164, 11.283163003016913, 9.127446291955422], [5.549658746832741, 12.945183192947738, 9.346185509467524, 0.0, 7.874468466743265, 7.474048128984094, 3.5884965389843537], [8.094570548681455, 13.251277006221514, 10.149100695216164, 7.874468466743265, 0.0, 1.7140450829961995, 5.403616089556448], [8.807618450637289, 14.48117605475762, 11.283163003016913, 7.474048128984094, 1.7140450829961995, 0.0, 5.265355757052671], [5.634314729213623, 12.618120348738458, 9.127446291955422, 3.5884965389843537, 5.403616089556448, 5.265355757052671, 0.0]], "max_diff_c": [[0.0, 23.817172445498894, 12.604312586156086, 8.197125442552474, 58.28824672070975, 57.530335142803196, 24.776744060831447], [23.817172445498894, 0.0, 11.285027512415864, 25.693042526460147, 43.09935533035772, 42.341443752387214, 27.651524059332985], [12.604312586156086, 11.285027512415864, 0.0, 14.982214842085655, 46.33817539262658, 45.580263814730685, 21.632101984941794], [8.197125442552474, 25.693042526460147, 14.982214842085655, 0.0, 61.117763678534814, 60.359852100557205, 22.53634760524872], [58.28824672070975, 43.09935533035772, 46.33817539262658, 61.117763678534814, 0.0, 2.474646761022882, 41.390142839208124], [57.530335142803196, 42.341443752387214, 45.580263814730685, 60.359852100557205, 2.474646761022882, 0.0, 40.63223126131223], [24.776744060831447, 27.651524059332985, 21.632101984941794, 22.53634760524872, 41.390142839208124, 40.63223126131223, 0.0]], "shift_c": [[0.0, -0.005937500000000002, -0.0026875000000000002, 0.003187500000000001, -0.0001875, 0.0013124999999999999, -6.25e-05], [0.005937500000000002, 0.0, 0.0032500000000000016, 0.009125000000000003, 0.005750000000000002, 0.007250000000000003, 0.005875000000000002], [0.0026875000000000002, -0.0032500000000000016, 0.0, 0.005875000000000002, 0.0025000000000000005, 0.004000000000000001, 0.0026250000000000006], [-0.003187500000000001, -0.009125000000000003, -0.005875000000000002, 0.0, -0.0033750000000000004, -0.001875, -0.0032500000000000007], [0.0001875, -0.005750000000000002, -0.0025000000000000005, 0.0033750000000000004, 0.0, 0.0015, 0.000125], [-0.0013124999999999999, -0.007250000000000003, -0.004000000000000001, 0.001875, -0.0015, 0.0, -0.001375], [6.25e-05, -0.005875000000000002, -0.0026250000000000006, 0.0032500000000000007, -0.000125, 0.001375, 0.0]]}}