{"pseudos": ["DOJO-041-std-13", "DOJO-041-str-21", "DOJO-050-std-13", "SPMS-13", "SG15-13", "GBRV-1.X-13", "PSL-US-v1-high-13", "PSL-US-v0.x-13", "PSL-PAW-v0.x-13", "PSL-PAW-v1-high-13", "JTH-1.1-std-13"], "v_distance": {"eta_c": [[0.0, 5.549018113216072, 1699.27268198942, 5.572108070669241, 4.053357232475183, 4.528240223213898, 6.52332083774606, 2.925863808596283, 3.3754046495604713, 3.8004629550731925, 4.373327561438119], [5.549018113216072, 0.0, 1694.7592173076846, 1.1827515459029556, 1.6412620476386102, 1.2053783256852464, 1.1966576662097563, 2.7174801821235004, 2.2755472383638433, 1.83481350637468, 1.245818920702353], [1699.27268198942, 1694.7592173076846, 0.0, 1694.4842478593316, 1695.7315650901014, 1695.4231124795213, 1693.9367246218194, 1696.8200237132323, 1696.4317911288044, 1696.0822089537514, 1695.7168060133345], [5.572108070669241, 1.1827515459029556, 1694.4842478593316, 0.0, 1.6595811868065602, 1.3340589838305654, 1.3360565976437762, 2.7045080164865714, 2.268715359049256, 1.8856775520117695, 1.530541734640188], [4.053357232475183, 1.6412620476386102, 1695.7315650901014, 1.6595811868065602, 0.0, 0.723971969974972, 2.6190476900769326, 1.2990770626081163, 0.9172343617499354, 0.62848685759278, 0.7494575755756432], [4.528240223213898, 1.2053783256852464, 1695.4231124795213, 1.3340589838305654, 0.723971969974972, 0.0, 2.1167094518494176, 1.696194312505142, 1.2672895046332402, 0.8601968701161461, 0.378362620426242], [6.52332083774606, 1.1966576662097563, 1693.9367246218194, 1.3360565976437762, 2.6190476900769326, 2.1167094518494176, 0.0, 3.6103933267030257, 3.1588328803618797, 2.730141312149409, 2.21678476762054], [2.925863808596283, 2.7174801821235004, 1696.8200237132323, 2.7045080164865714, 1.2990770626081163, 1.696194312505142, 3.6103933267030257, 0.0, 0.4598482461571569, 0.8977671198822781, 1.547459490991086], [3.3754046495604713, 2.2755472383638433, 1696.4317911288044, 2.268715359049256, 0.9172343617499354, 1.2672895046332402, 3.1588328803618797, 0.4598482461571569, 0.0, 0.44436911279563074, 1.126033066020013], [3.8004629550731925, 1.83481350637468, 1696.0822089537514, 1.8856775520117695, 0.62848685759278, 0.8601968701161461, 2.730141312149409, 0.8977671198822781, 0.44436911279563074, 0.0, 0.7174565754654869], [4.373327561438119, 1.245818920702353, 1695.7168060133345, 1.530541734640188, 0.7494575755756432, 0.378362620426242, 2.21678476762054, 1.547459490991086, 1.126033066020013, 0.7174565754654869, 0.0]], "max_diff_c": [[0.0, 13.995483355538955, 5920.931410912733, 13.668655607503974, 10.941200847547062, 12.69348077513366, 13.03428812370451, 5.92340833388044, 6.635224856094597, 7.372136355291114, 11.50617468635875], [13.995483355538955, 0.0, 5911.249892734895, 6.807668736099175, 5.717297395277158, 7.012824529813047, 3.7155040744908945, 9.620673246375349, 8.740680145695766, 7.161223927458254, 5.243787480836674], [5920.931410912733, 5911.249892734895, 0.0, 5907.200255305228, 5912.2922641982095, 5910.966169709259, 5909.89236399508, 5915.7198069155365, 5914.52552928644, 5913.919619506281, 5912.772437398864], [13.668655607503974, 6.807668736099175, 5907.200255305228, 0.0, 5.092008892981447, 3.765914404029999, 5.522554722231903, 8.457051610307808, 7.262773981212213, 6.719364201053601, 5.572182093635212], [10.941200847547062, 5.717297395277158, 5912.2922641982095, 5.092008892981447, 0.0, 3.345945829629173, 7.322307988290093, 6.1411494898282015, 5.14106523477075, 3.569064492255947, 3.8455214576625707], [12.69348077513366, 7.012824529813047, 5910.966169709259, 3.765914404029999, 3.345945829629173, 0.0, 7.882538997400759, 7.893429417414801, 6.955845162357349, 5.321344419842546, 1.8062676896052139], [13.03428812370451, 3.7155040744908945, 5909.89236399508, 5.522554722231903, 7.322307988290093, 7.882538997400759, 0.0, 7.884957908961727, 6.977964531615529, 5.906351819427429, 6.1135019484243855], [5.92340833388044, 9.620673246375349, 5915.7198069155365, 8.457051610307808, 6.1411494898282015, 7.893429417414801, 7.884957908961727, 0.0, 1.1942776290955948, 2.634584997572255, 7.193864577195145], [6.635224856094597, 8.740680145695766, 5914.52552928644, 7.262773981212213, 5.14106523477075, 6.955845162357349, 6.977964531615529, 1.1942776290955948, 0.0, 1.6345007425148028, 6.251371476515559], [7.372136355291114, 7.161223927458254, 5913.919619506281, 6.719364201053601, 3.569064492255947, 5.321344419842546, 5.906351819427429, 2.634584997572255, 1.6345007425148028, 0.0, 4.671915258278049], [11.50617468635875, 5.243787480836674, 5912.772437398864, 5.572182093635212, 3.8455214576625707, 1.8062676896052139, 6.1135019484243855, 7.193864577195145, 6.251371476515559, 4.671915258278049, 0.0]], "shift_c": [[0.0, 0.012500000000000004, 0.3643125000000003, 0.008625000000000002, 0.007687500000000003, 0.008812500000000003, 0.011937500000000004, 0.004500000000000002, 0.005437500000000002, 0.006625000000000002, 0.009250000000000003], [-0.012500000000000004, 0.0, -0.35181250000000025, 0.003812500000000001, 0.004812500000000001, 0.0036875000000000015, 0.0005, 0.007937500000000002, 0.007062500000000003, 0.005875000000000002, 0.0032500000000000016], [-0.3643125000000003, 0.35181250000000025, 0.0, -0.35562500000000025, -0.35662500000000025, -0.3555000000000003, -0.35231250000000025, -0.3598125000000003, -0.3588750000000003, -0.35768750000000027, -0.3550625000000003], [-0.008625000000000002, -0.003812500000000001, 0.35562500000000025, 0.0, -0.001, 0.000125, 0.003312500000000001, -0.004125000000000001, -0.0031875000000000007, -0.0020625, 0.0005625000000000002], [-0.007687500000000003, -0.004812500000000001, 0.35662500000000025, 0.001, 0.0, 0.0011250000000000003, 0.004312500000000001, -0.003125, -0.0021875, -0.0010625, 0.0015625], [-0.008812500000000003, -0.0036875000000000015, 0.3555000000000003, -0.000125, -0.0011250000000000003, 0.0, 0.003187500000000001, -0.004250000000000001, -0.0033750000000000004, -0.0021875, 0.0004375], [-0.011937500000000004, -0.0005, 0.35231250000000025, -0.003312500000000001, -0.004312500000000001, -0.003187500000000001, 0.0, -0.007437500000000004, -0.006500000000000003, -0.005375000000000001, -0.00275], [-0.004500000000000002, -0.007937500000000002, 0.3598125000000003, 0.004125000000000001, 0.003125, 0.004250000000000001, 0.007437500000000004, 0.0, 0.0009375, 0.0021250000000000006, 0.004750000000000002], [-0.005437500000000002, -0.007062500000000003, 0.3588750000000003, 0.0031875000000000007, 0.0021875, 0.0033750000000000004, 0.006500000000000003, -0.0009375, 0.0, 0.0011875000000000002, 0.003812500000000001], [-0.006625000000000002, -0.005875000000000002, 0.35768750000000027, 0.0020625, 0.0010625, 0.0021875, 0.005375000000000001, -0.0021250000000000006, -0.0011875000000000002, 0.0, 0.0026250000000000006], [-0.009250000000000003, -0.0032500000000000016, 0.3550625000000003, -0.0005625000000000002, -0.0015625, -0.0004375, 0.00275, -0.004750000000000002, -0.003812500000000001, -0.0026250000000000006, 0.0]]},