{"pseudos": {"Tm.us.pbe.z_33.ld1.psl.v1.0.0-high.upf": 0, "Tm.us.pbe.z_11.ld1.psl.v1.0.0-low.upf": 1, "Tm.paw.pbe.z_33.ld1.psl.v1.0.0-high.upf": 2, "Tm.paw.pbe.z_11.ld1.psl.v1.0.0-low.upf": 3, "Tm.paw.pbe.z_23.atompaw.jth.v1.1-std.upf": 4, "Tm.paw.pbe.z_23.atompaw.wentzcovitch.v1.0.legacy.upf": 5}, "v_distance": {"0-1": {"eta_c": 17389.066556271304, "max_diff_c": 29412.163130173696, "shift_c": 23372.00000000003}, "0-2": {"eta_c": 6.902474108170646, "max_diff_c": 11.118103679425301, "shift_c": 5.875000000000002}, "0-3": {"eta_c": 17388.953525705263, "max_diff_c": 29411.94682447077, "shift_c": 23371.87500000003}, "0-4": {"eta_c": 133.64013862520807, "max_diff_c": 184.31698229241013, "shift_c": 115.00000000000007}, "0-5": {"eta_c": 107.93357007765972, "max_diff_c": 167.24880057831092, "shift_c": 92.06250000000004}, "1-2": {"eta_c": 17392.19191426281, "max_diff_c": 29411.267122391513, "shift_c": 23370.687500000025}, "1-3": {"eta_c": 0.10915192783475897, "max_diff_c": 0.2173048206201429, "shift_c": 0.125}, "1-4": {"eta_c": 17395.226460451326, "max_diff_c": 29393.979033415755, "shift_c": 23385.000000000025}, "1-5": {"eta_c": 17396.380643610886, "max_diff_c": 29410.5147334447, "shift_c": 23370.062500000025}, "2-3": {"eta_c": 17392.078872350878, "max_diff_c": 29411.050816688592, "shift_c": 23370.562500000025}, "2-4": {"eta_c": 135.3922462077799, "max_diff_c": 188.4454420984064, "shift_c": 116.25000000000007}, "2-5": {"eta_c": 109.72259897336612, "max_diff_c": 171.37729091099237, "shift_c": 93.31250000000004}, "3-4": {"eta_c": 17395.11332206338, "max_diff_c": 29393.76272771283, "shift_c": 23384.875000000025}, "3-5": {"eta_c": 17396.267535758987, "max_diff_c": 29410.29842774177, "shift_c": 23369.93750000003}, "4-5": {"eta_c": 27.176456011640212, "max_diff_c": 59.710083380846775, "shift_c": 22.937500000000007}}, "v10_distance": {"0-1": {"eta_c": 16890.354369443125, "max_diff_c": 41924.538130173714, "shift_c": 10859.625000000013}, "0-2": {"eta_c": 6.028919952116597, "max_diff_c": 11.930603679425301, "shift_c": 5.062500000000001}, "0-3": {"eta_c": 16890.25598836189, "max_diff_c": 41924.25932447079, "shift_c": 10859.562500000011}, "0-4": {"eta_c": 111.5864593907755, "max_diff_c": 372.0495119399202, "shift_c": 83.00000000000004}, "0-5": {"eta_c": 86.8483963841531, "max_diff_c": 190.18630057831092, "shift_c": 69.12500000000003}, "1-2": {"eta_c": 16888.966158221894, "max_diff_c": 41919.517122391524, "shift_c": 10862.437500000011}, "1-3": {"eta_c": 0.1031711317453784, "max_diff_c": 0.2798048206201429, "shift_c": 0.0625}, "1-4": {"eta_c": 16911.740374285142, "max_diff_c": 41946.291533415766, "shift_c": 10832.687500000011}, "1-5": {"eta_c": 16906.99643981361, "max_diff_c": 41952.20223344471, "shift_c": 10828.375000000013}, "2-3": {"eta_c": 16888.86777467224, "max_diff_c": 41919.23831668861, "shift_c": 10862.375000000011}, "2-4": {"eta_c": 113.12676954107258, "max_diff_c": 376.20230228187114, "shift_c": 85.31250000000004}, "2-5": {"eta_c": 88.37160145548019, "max_diff_c": 193.25229091099237, "shift_c": 71.43750000000004}, "3-4": {"eta_c": 16911.641924841177, "max_diff_c": 41946.01272771284, "shift_c": 10832.625000000011}, "3-5": {"eta_c": 16906.898080884177, "max_diff_c": 41951.92342774179, "shift_c": 10828.312500000011}, "4-5": {"eta_c": 30.284276513696977, "max_diff_c": 205.3422113589105, "shift_c": 13.812500000000002}}}