{"pseudos": ["PSL-US-v1-high-33", "PSL-US-v1-low-11", "PSL-PAW-v1-high-33", "PSL-PAW-v1-low-11", "JTH-1.1-std-23", "Wentzcovitch-23"], "v_distance": {"eta_c": [[0.0, 17389.066556271304, 6.902474108170646, 17388.953525705263, 133.64013862520807, 107.93357007765972], [17389.066556271304, 0.0, 17392.19191426281, 0.10915192783475897, 17395.226460451326, 17396.380643610886], [6.902474108170646, 17392.19191426281, 0.0, 17392.078872350878, 135.3922462077799, 109.72259897336612], [17388.953525705263, 0.10915192783475897, 17392.078872350878, 0.0, 17395.11332206338, 17396.267535758987], [133.64013862520807, 17395.226460451326, 135.3922462077799, 17395.11332206338, 0.0, 27.176456011640212], [107.93357007765972, 17396.380643610886, 109.72259897336612, 17396.267535758987, 27.176456011640212, 0.0]], "max_diff_c": [[0.0, 29412.163130173696, 11.118103679425301, 29411.94682447077, 184.31698229241013, 167.24880057831092], [29412.163130173696, 0.0, 29411.267122391513, 0.2173048206201429, 29393.979033415755, 29410.5147334447], [11.118103679425301, 29411.267122391513, 0.0, 29411.050816688592, 188.4454420984064, 171.37729091099237], [29411.94682447077, 0.2173048206201429, 29411.050816688592, 0.0, 29393.76272771283, 29410.29842774177], [184.31698229241013, 29393.979033415755, 188.4454420984064, 29393.76272771283, 0.0, 59.710083380846775], [167.24880057831092, 29410.5147334447, 171.37729091099237, 29410.29842774177, 59.710083380846775, 0.0]], "shift_c": [[0.0, 23372.00000000003, 5.875000000000002, 23371.87500000003, 115.00000000000007, 92.06250000000004], [-23372.00000000003, 0.0, 23370.687500000025, 0.125, 23385.000000000025, 23370.062500000025], [-5.875000000000002, -23370.687500000025, 0.0, 23370.562500000025, 116.25000000000007, 93.31250000000004], [-23371.87500000003, -0.125, -23370.562500000025, 0.0, 23384.875000000025, 23369.93750000003], [-115.00000000000007, -23385.000000000025, -116.25000000000007, -23384.875000000025, 0.0, 22.937500000000007], [-92.06250000000004, -23370.062500000025, -93.31250000000004, -23369.93750000003, -22.937500000000007, 0.0]]}, "v10_distance": {"eta_c": [[0.0, 16890.354369443125, 6.028919952116597, 16890.25598836189, 111.5864593907755, 86.8483963841531], [16890.354369443125, 0.0, 16888.966158221894, 0.1031711317453784, 16911.740374285142, 16906.99643981361], [6.028919952116597, 16888.966158221894, 0.0, 16888.86777467224, 113.12676954107258, 88.37160145548019], [16890.25598836189, 0.1031711317453784, 16888.86777467224, 0.0, 16911.641924841177, 16906.898080884177], [111.5864593907755, 16911.740374285142, 113.12676954107258, 16911.641924841177, 0.0, 30.284276513696977], [86.8483963841531, 16906.99643981361, 88.37160145548019, 16906.898080884177, 30.284276513696977, 0.0]], "max_diff_c": [[0.0, 41924.538130173714, 11.930603679425301, 41924.25932447079, 372.0495119399202, 190.18630057831092], [41924.538130173714, 0.0, 41919.517122391524, 0.2798048206201429, 41946.291533415766, 41952.20223344471], [11.930603679425301, 41919.517122391524, 0.0, 41919.23831668861, 376.20230228187114, 193.25229091099237], [41924.25932447079, 0.2798048206201429, 41919.23831668861, 0.0, 41946.01272771284, 41951.92342774179], [372.0495119399202, 41946.291533415766, 376.20230228187114, 41946.01272771284, 0.0, 205.3422113589105], [190.18630057831092, 41952.20223344471, 193.25229091099237, 41951.92342774179, 205.3422113589105, 0.0]], "shift_c": [[0.0, 10859.625000000013, 5.062500000000001, 10859.562500000011, 83.00000000000004, 69.12500000000003], [-10859.625000000013, 0.0, 10862.437500000011, 0.0625, 10832.687500000011, 10828.375000000013], [-5.062500000000001, -10862.437500000011, 0.0, 10862.375000000011, 85.31250000000004, 71.43750000000004], [-10859.562500000011, -0.0625, -10862.375000000011, 0.0, 10832.625000000011, 10828.312500000011], [-83.00000000000004, -10832.687500000011, -85.31250000000004, -10832.625000000011, 0.0, 13.812500000000002], [-69.12500000000003, -10828.375000000013, -71.43750000000004, -10828.312500000011, -13.812500000000002, 0.0]]}}