{"pseudos": ["PSL-US-v1-high-14", "PSL-PAW-v1-high-14", "MARBURG-14"], "v_distance": {"eta_c": [[0.0, 22.35235006024312, 29.707780946417316], [22.35235006024312, 0.0, 7.541799904039197], [29.707780946417316, 7.541799904039197, 0.0]], "max_diff_c": [[0.0, 61.94397918359742, 81.99919156564499], [61.94397918359742, 0.0, 21.734158847344876], [81.99919156564499, 21.734158847344876, 0.0]], "shift_c": [[0.0, 0.04468750000000001, 0.059125000000000025], [-0.04468750000000001, 0.0, 0.014437500000000002], [-0.059125000000000025, -0.014437500000000002, 0.0]]}, "v10_distance": {"eta_c": [[0.0, 32.16856865124536, 44.91088467033015], [32.16856865124536, 0.0, 13.654046622627815], [44.91088467033015, 13.654046622627815, 0.0]], "max_diff_c": [[0.0, 68.56775729341578, 97.53840266112138], [68.56775729341578, 0.0, 79.99166231301797], [97.53840266112138, 79.99166231301797, 0.0]], "shift_c": [[0.0, 0.020000000000000004, 0.025500000000000005], [-0.020000000000000004, 0.0, 0.005500000000000002], [-0.025500000000000005, -0.005500000000000002, 0.0]]}}