{"pseudos": {"U.us.pbe.z_14.ld1.psl.v1.0.0-high.upf": 0, "U.paw.pbe.z_14.ld1.psl.v1.0.0-high.upf": 1, "U.paw.pbe.z_14.ld1.uni-marburg.v0.upf": 2}, "v_distance": {"0-1": {"eta_c": 22.35235006024312, "max_diff_c": 61.94397918359742, "shift_c": 44.687500000000014}, "0-2": {"eta_c": 29.707780946417316, "max_diff_c": 81.99919156564499, "shift_c": 59.12500000000002}, "1-2": {"eta_c": 7.541799904039197, "max_diff_c": 21.734158847344876, "shift_c": 14.437500000000002}}, "v10_distance": {"0-1": {"eta_c": 32.16856865124536, "max_diff_c": 68.56775729341578, "shift_c": 20.000000000000004}, "0-2": {"eta_c": 44.91088467033015, "max_diff_c": 97.53840266112138, "shift_c": 25.500000000000004}, "1-2": {"eta_c": 13.654046622627815, "max_diff_c": 79.99166231301797, "shift_c": 5.500000000000002}}}