{"pseudos": ["DOJO-041-std-13", "SPMS-13", "SG15-13", "GBRV-1.X-13", "PSL-US-v1-high-13", "PSL-US-v1-low-13", "PSL-PAW-v1-high-13", "PSL-PAW-v1-low-13", "JTH-1.1-std-13"], "v_distance": {"eta_c": [[0.0, 4.900769582865035, 2.499821133533323, 4.495543301748948, 6.438103180024218, 6.932931934005236, 7.705909210136633, 7.966866970067212, 5.193719752119122], [4.900769582865035, 0.0, 2.722166260718983, 8.4622839921027, 8.096395431038339, 8.541083183194615, 10.166600185087876, 10.403651214311937, 5.8467424643193], [2.499821133533323, 2.722166260718983, 0.0, 6.745245225955407, 7.483817818499684, 7.960851648157928, 9.212174569044514, 9.453864992733733, 5.363897082651692], [4.495543301748948, 8.4622839921027, 6.745245225955407, 0.0, 4.911895035402864, 5.275090972295488, 4.899304312938191, 5.174526669935852, 7.151284342370554], [6.438103180024218, 8.096395431038339, 7.483817818499684, 4.911895035402864, 0.0, 0.8355392418300454, 2.3214060818799775, 2.5771753079804394, 9.001477106890482], [6.932931934005236, 8.541083183194615, 7.960851648157928, 5.275090972295488, 0.8355392418300454, 0.0, 2.1784986242672377, 2.219364522441614, 9.625324845362139], [7.705909210136633, 10.166600185087876, 9.212174569044514, 4.899304312938191, 2.3214060818799775, 2.1784986242672377, 0.0, 0.6675483740006578, 10.363398734745232], [7.966866970067212, 10.403651214311937, 9.453864992733733, 5.174526669935852, 2.5771753079804394, 2.219364522441614, 0.6675483740006578, 0.0, 10.752984887485596], [5.193719752119122, 5.8467424643193, 5.363897082651692, 7.151284342370554, 9.001477106890482, 9.625324845362139, 10.363398734745232, 10.752984887485596, 0.0]], "max_diff_c": [[0.0, 11.377914515460645, 5.509865115485469, 11.51308181825158, 20.75262854303593, 24.27769423647273, 21.063093050764508, 24.168669148674, 15.291113367586119], [11.377914515460645, 0.0, 6.246104174000948, 16.862130170348447, 19.48187916596855, 22.944444859405355, 21.351697368395865, 22.897919771606627, 16.26818110428934], [5.509865115485469, 6.246104174000948, 0.0, 16.733809407454405, 20.080412005684995, 22.683175745307754, 21.312763438526137, 22.574150657509026, 16.404194056222025], [11.51308181825158, 16.862130170348447, 16.733809407454405, 0.0, 22.493041532208448, 25.955607225645252, 22.803506039937034, 25.909082137846525, 14.422157626681354], [20.75262854303593, 19.48187916596855, 20.080412005684995, 22.493041532208448, 0.0, 3.529005882305313, 4.554042540354771, 4.914317297520539, 29.295901938200814], [24.27769423647273, 22.944444859405355, 22.683175745307754, 25.955607225645252, 3.529005882305313, 0.0, 4.33639382959025, 4.577360188003638, 32.820967631637615], [21.063093050764508, 21.351697368395865, 21.312763438526137, 22.803506039937034, 4.554042540354771, 4.33639382959025, 0.0, 3.1115468296727187, 29.606366445929396], [24.168669148674, 22.897919771606627, 22.574150657509026, 25.909082137846525, 4.914317297520539, 4.577360188003638, 3.1115468296727187, 0.0, 32.71194254383889], [15.291113367586119, 16.26818110428934, 16.404194056222025, 14.422157626681354, 29.295901938200814, 32.820967631637615, 29.606366445929396, 32.71194254383889, 0.0]], "shift_c": [[0.0, -3.4375000000000004, -3.6250000000000004, 8.750000000000002, 6.375000000000002, 7.375000000000003, 9.062500000000004, 9.625000000000004, 5.062500000000001], [3.4375000000000004, 0.0, -0.1875, 12.187500000000004, 9.812500000000002, 10.750000000000002, 12.500000000000004, 13.062500000000005, 8.500000000000002], [3.6250000000000004, 0.1875, 0.0, 12.437500000000004, 10.000000000000002, 11.000000000000004, 12.750000000000004, 13.250000000000005, 8.687500000000002], [-8.750000000000002, -12.187500000000004, -12.437500000000004, 0.0, -2.3750000000000004, -1.4375, 0.3125, 0.875, -3.687500000000001], [-6.375000000000002, -9.812500000000002, -10.000000000000002, 2.3750000000000004, 0.0, 1.0, 2.750000000000001, 3.2500000000000013, -1.3124999999999998], [-7.375000000000003, -10.750000000000002, -11.000000000000004, 1.4375, -1.0, 0.0, 1.7500000000000002, 2.3125000000000004, -2.3125000000000004], [-9.062500000000004, -12.500000000000004, -12.750000000000004, -0.3125, -2.750000000000001, -1.7500000000000002, 0.0, 0.5625000000000001, -4.000000000000001], [-9.625000000000004, -13.062500000000005, -13.250000000000005, -0.875, -3.2500000000000013, -2.3125000000000004, -0.5625000000000001, 0.0, -4.562500000000001], [-5.062500000000001, -8.500000000000002, -8.687500000000002, 3.687500000000001, 1.3124999999999998, 2.3125000000000004, 4.000000000000001, 4.562500000000001, 0.0]]}, "v10_distance": {"eta_c": [[0.0, 4.451328783894822, 3.2428470119800097, 9.051303069648611, 9.684342918971382, 10.138633442999927, 10.506331036698404, 10.77273822435677, 9.84664776642404], [4.451328783894822, 0.0, 2.273084456126334, 12.383758429247358, 11.558232306071012, 11.961717233664658, 12.840095502424367, 13.045952254797314, 11.879782681929722], [3.2428470119800097, 2.273084456126334, 0.0, 11.967442431856785, 11.354253203793254, 11.754590919368574, 12.465595794370861, 12.654839755511608, 12.010345857195054], [9.051303069648611, 12.383758429247358, 11.967442431856785, 0.0, 8.050024483169594, 8.539800423026408, 8.04458242632927, 8.586977529115032, 6.085371975242669], [9.684342918971382, 11.558232306071012, 11.354253203793254, 8.050024483169594, 0.0, 1.0459890486879964, 2.219035047429928, 2.5354712071783405, 9.446252857879117], [10.138633442999927, 11.961717233664658, 11.754590919368574, 8.539800423026408, 1.0459890486879964, 0.0, 2.2339671079307486, 2.1233445601632437, 10.119349954071595], [10.506331036698404, 12.840095502424367, 12.465595794370861, 8.04458242632927, 2.219035047429928, 2.2339671079307486, 0.0, 0.9883260161307076, 10.233318687701573], [10.77273822435677, 13.045952254797314, 12.654839755511608, 8.586977529115032, 2.5354712071783405, 2.1233445601632437, 0.9883260161307076, 0.0, 10.827644053760253], [9.84664776642404, 11.879782681929722, 12.010345857195054, 6.085371975242669, 9.446252857879117, 10.119349954071595, 10.233318687701573, 10.827644053760253, 0.0]], "max_diff_c": [[0.0, 12.940414515460645, 21.353067558935663, 17.11618002821888, 56.182444427269644, 52.78657323898702, 55.26782906604183, 52.027906299283664, 22.35270620422284], [12.940414515460645, 0.0, 12.362856310481618, 24.42463017034845, 47.25473317901099, 43.796361990728364, 46.27761781778318, 43.100195051025025, 25.845424371763812], [21.353067558935663, 12.362856310481618, 0.0, 21.299932576631107, 35.404991012720124, 34.75513298609607, 35.2852422760931, 35.22478145639241, 26.53645875263507], [17.11618002821888, 24.42463017034845, 21.299932576631107, 0.0, 54.92278983753056, 51.52691864924793, 53.94567447630274, 51.108187953882066, 15.19086527828344], [56.182444427269644, 47.25473317901099, 35.404991012720124, 54.92278983753056, 0.0, 8.047795444901453, 4.9290425403547715, 9.157367828807905, 43.4192812637435], [52.78657323898702, 43.796361990728364, 34.75513298609607, 51.52691864924793, 8.047795444901453, 0.0, 7.248549748082552, 4.764860188003638, 41.984020793355306], [55.26782906604183, 46.27761781778318, 35.2852422760931, 53.94567447630274, 4.9290425403547715, 7.248549748082552, 0.0, 8.358122131989006, 42.44216590308766], [52.027906299283664, 43.100195051025025, 35.22478145639241, 51.108187953882066, 9.157367828807905, 4.764860188003638, 8.358122131989006, 0.0, 42.96656777231873], [22.35270620422284, 25.845424371763812, 26.53645875263507, 15.19086527828344, 43.4192812637435, 41.984020793355306, 42.44216590308766, 42.96656777231873, 0.0]],