{"pseudos": ["DOJO-041-std-14", "SPMS-14", "SG15-28", "GBRV-1.X-14", "PSL-US-v1-high-28", "PSL-US-v1-low-14", "PSL-PAW-v1-high-28", "PSL-PAW-v1-low-14", "JTH-1.1-std-14"], "v_distance": {"eta_c": [[0.0, 12.461940633203332, 15010.442974477633, 2.436281543596265, 15039.590885520058, 6.336554361732881, 15028.242794933543, 5.822220511392776, 1.8864047383996951], [12.461940633203332, 0.0, 14998.816479012306, 11.66161910490698, 15027.952230250236, 18.03359482531898, 15016.60774212548, 17.559324642284263, 14.023690616725467], [15010.442974477633, 14998.816479012306, 0.0, 15008.962205086167, 49.861940056558744, 15015.779578330656, 32.69126408061622, 15015.04793436897, 15011.623576392723], [2.436281543596265, 11.66161910490698, 15008.962205086167, 0.0, 15038.111692232571, 8.283736005224693, 15026.762640229284, 7.644978152327616, 2.8983881462527368], [15039.590885520058, 15027.952230250236, 49.861940056558744, 15038.111692232571, 0.0, 15044.930391827575, 18.362615530796706, 15044.200266939124, 15040.773410600237], [6.336554361732881, 18.03359482531898, 15015.779578330656, 8.283736005224693, 15044.930391827575, 0.0, 15033.582052069396, 1.0468412280220896, 5.724753766926097], [15028.242794933543, 15016.60774212548, 32.69126408061622, 15026.762640229284, 18.362615530796706, 15033.582052069396, 0.0, 15032.85129069126, 15029.424313805994], [5.822220511392776, 17.559324642284263, 15015.04793436897, 7.644978152327616, 15044.200266939124, 1.0468412280220896, 15032.85129069126, 0.0, 5.140460589718848], [1.8864047383996951, 14.023690616725467, 15011.623576392723, 2.8983881462527368, 15040.773410600237, 5.724753766926097, 15029.424313805994, 5.140460589718848, 0.0]], "max_diff_c": [[0.0, 24.055930287044585, 35072.936093870696, 5.906402462436404, 35136.56441238177, 18.359023197097887, 35113.93705178786, 18.064147226419436, 6.100227079927721], [24.055930287044585, 0.0, 35049.300048657824, 19.797165114812962, 35112.928367168905, 36.39593249757865, 35090.301006575, 34.09779956175396, 25.917147947697114], [35072.936093870696, 35049.300048657824, 0.0, 35068.65991361186, 73.9264056297946, 35085.089190721104, 54.71173224033227, 35082.840751166594, 35074.69431374262], [5.906402462436404, 19.797165114812962, 35068.65991361186, 0.0, 35132.28823212293, 24.243524993588636, 35109.72337152903, 23.94864902291019, 6.250679147297404], [35136.56441238177, 35112.928367168905, 73.9264056297946, 35132.28823212293, 0.0, 35148.71750923218, 23.252360594249375, 35146.469069677674, 35138.32263225369], [18.359023197097887, 36.39593249757865, 35085.089190721104, 24.243524993588636, 35148.71750923218, 0.0, 35126.09014863828, 2.2981329358246967, 23.966016534437134], [35113.93705178786, 35090.301006575, 54.71173224033227, 35109.72337152903, 23.252360594249375, 35126.09014863828, 0.0, 35123.84170908376, 35115.75777165979], [18.064147226419436, 34.09779956175396, 35082.840751166594, 23.94864902291019, 35146.469069677674, 2.2981329358246967, 35123.84170908376, 0.0, 23.671140563758687], [6.100227079927721, 25.917147947697114, 35074.69431374262, 6.250679147297404, 35138.32263225369, 23.966016534437134, 35115.75777165979, 23.671140563758687, 0.0]], "shift_c": [[0.0, 0.011562500000000003, 10.845625000000013, -0.0033125000000000003, 10.895750000000014, 0.005937500000000002, 10.876062500000012, 0.005750000000000002, -0.004562500000000001], [-0.011562500000000003, 0.0, 10.83412500000001, -0.014875000000000008, 10.884250000000012, -0.0056250000000000015, 10.864562500000012, -0.005812500000000002, -0.016125000000000004], [-10.845625000000013, -10.83412500000001, 0.0, 10.84900000000001, 0.058000000000000024, 10.839625000000012, 0.038937500000000014, 10.839812500000013, 10.850250000000011], [0.0033125000000000003, 0.014875000000000008, -10.84900000000001, 0.0, 10.899125000000012, 0.009250000000000003, 10.879375000000016, 0.009062500000000005, -0.00125], [-10.895750000000014, -10.884250000000012, -0.058000000000000024, -10.899125000000012, 0.0, 10.889750000000012, -0.019062500000000007, 10.889937500000011, 10.900375000000011], [-0.005937500000000002, 0.0056250000000000015, -10.839625000000012, -0.009250000000000003, -10.889750000000012, 0.0, 10.870062500000014, -0.0001875, -0.010500000000000002], [-10.876062500000012, -10.864562500000012, -0.038937500000000014, -10.879375000000016, 0.019062500000000007, -10.870062500000014, 0.0, 10.870250000000013, 10.880625000000013], [-0.005750000000000002, 0.005812500000000002, -10.839812500000013, -0.009062500000000005, -10.889937500000011, 0.0001875, -10.870250000000013, 0.0, -0.010312500000000002], [0.004562500000000001, 0.016125000000000004, -10.850250000000011, 0.00125, -10.900375000000011, 0.010500000000000002, -10.880625000000013, 0.010312500000000002, 0.0]]}, "v10_distance": {"eta_c": [[0.0, 11.086392968026544, 13417.403217331548, 2.6637769027183538, 13444.029326490845, 9.109455242749924, 13431.743196726253, 8.825549586290512, 6.3733840148971215], [11.086392968026544, 0.0, 13407.267791658465, 11.16669377032614, 13433.887484366473, 16.239613982610226, 13421.60404212662, 15.897141530517654, 14.933147367081931], [13417.403217331548, 13407.267791658465, 0.0, 13416.819079335257, 49.170076502321656, 13419.700782097352, 33.211345764171966, 13419.218552774468, 13421.069006473906], [2.6637769027183538, 11.16669377032614, 13416.819079335257, 0.0, 13443.449380866585, 10.983754828728129, 13431.161889321416, 10.598211034650136, 5.59298364966203], [13444.029326490845, 13433.887484366473, 49.170076502321656, 13443.449380866585, 0.0, 13446.300566821727, 18.247035335495347, 13445.81999362902, 13447.723490360057], [9.109455242749924, 16.239613982610226, 13419.700782097352, 10.983754828728129, 13446.300566821727, 0.0, 13434.014908118032, 0.8889865473500176, 13.880055479439338], [13431.743196726253, 13421.60404212662, 33.211345764171966, 13431.161889321416, 18.247035335495347, 13434.014908118032, 0.0, 13433.53370383674, 13435.43599647629], [8.825549586290512, 15.897141530517654, 13419.218552774468, 10.598211034650136, 13445.81999362902, 0.8889865473500176, 13433.53370383674, 0.0, 13.640529794193386], [6.3733840148971215, 14.933147367081931, 13421.069006473906, 5.59298364966203, 13447.723490360057, 13.880055479439338, 13435.43599647629, 13.640529794193386, 0.0]], "max_diff_c": [[0.0, 26.49343028704459, 38484.123593870696, 9.361578694483825, 38559.06441238177, 55.29819413367719, 38530.12455178786, 55.789953211830955, 46.20961361478871], [26.49343028704459, 0.0, 38457.86254865783, 23.234665114812966, 38532.803367168905, 46.88508980216639, 38503.863506575, 47.376848880320146, 52.37993789762214], [38484.123593870696, 38457.86254865783, 0.0, 38480.84741361186, 83.70737594093644, 38496.27669072111, 69.5050391668306, 38494.090751166594, 38486.75681374261], [9.361578694483825, 23.234665114812966, 38480.84741361186, 0.0, 38555.78823212293, 60.871888718821516, 38526.84837152903, 60.37306948067038, 43.149573068537194], [38559.06441238177, 38532.803367168905, 83.70737594093644, 38555.78823212293, 0.0, 38571.217509232185, 26.877360594249375, 38569.03156967767, 38561.572632253694], [55.29819413367719, 46.88508980216639, 38496.27669072111, 60.871888718821516, 38571.217509232185, 0.0, 38542.27764863828, 2.1731329358246967, 97.55334259594974], [38530.12455178786, 38503.863506575, 69.5050391668306, 38526.84837152903, 26.877360594249375, 38542.27764863828, 0.0, 38540.15420908377, 38532.69527165979], [55.789953211830955, 47.376848880320146, 38494.090751166594, 60.37306948067038, 38569.03156967767, 2.1731329358246967, 38540.15420908377, 0.0, 97.9826016741035], [46.20961361478871, 52.37993789762214, 38486.75681374261, 43.149573068537194, 38561.572632253694, 97.55334259594974, 38532.69527165979, 97.9826016741035, 0.0]],