{"pseudos": {"W.nc.pbe.z_14.oncvpsp3.dojo.v0.4.1-std.upf": 0, "W.nc.pbe.z_14.oncvpsp4.spms.v1.upf": 1, "W.nc.pbe.z_28.oncvpsp4.sg15.v0.upf": 2, "W.us.pbe.z_14.uspp.gbrv.v1.2.upf": 3, "W.us.pbe.z_28.ld1.psl.v1.0.0-high.upf": 4, "W.us.pbe.z_14.ld1.psl.v1.0.0-low.upf": 5, "W.paw.pbe.z_28.ld1.psl.v1.0.0-high.upf": 6, "W.paw.pbe.z_14.ld1.psl.v1.0.0-low.upf": 7, "W.paw.pbe.z_14.atompaw.jth.v1.1-std.upf": 8}, "v_distance": {"0-1": {"eta_c": 12.461940633203332, "max_diff_c": 24.055930287044585, "shift_c": 11.562500000000004}, "0-2": {"eta_c": 15010.442974477633, "max_diff_c": 35072.936093870696, "shift_c": 10845.625000000013}, "0-3": {"eta_c": 2.436281543596265, "max_diff_c": 5.906402462436404, "shift_c": -3.3125000000000004}, "0-4": {"eta_c": 15039.590885520058, "max_diff_c": 35136.56441238177, "shift_c": 10895.750000000013}, "0-5": {"eta_c": 6.336554361732881, "max_diff_c": 18.359023197097887, "shift_c": 5.937500000000002}, "0-6": {"eta_c": 15028.242794933543, "max_diff_c": 35113.93705178786, "shift_c": 10876.062500000013}, "0-7": {"eta_c": 5.822220511392776, "max_diff_c": 18.064147226419436, "shift_c": 5.750000000000002}, "0-8": {"eta_c": 1.8864047383996951, "max_diff_c": 6.100227079927721, "shift_c": -4.562500000000001}, "1-2": {"eta_c": 14998.816479012306, "max_diff_c": 35049.300048657824, "shift_c": 10834.125000000011}, "1-3": {"eta_c": 11.66161910490698, "max_diff_c": 19.797165114812962, "shift_c": -14.875000000000007}, "1-4": {"eta_c": 15027.952230250236, "max_diff_c": 35112.928367168905, "shift_c": 10884.250000000013}, "1-5": {"eta_c": 18.03359482531898, "max_diff_c": 36.39593249757865, "shift_c": -5.625000000000002}, "1-6": {"eta_c": 15016.60774212548, "max_diff_c": 35090.301006575, "shift_c": 10864.562500000013}, "1-7": {"eta_c": 17.559324642284263, "max_diff_c": 34.09779956175396, "shift_c": -5.812500000000002}, "1-8": {"eta_c": 14.023690616725467, "max_diff_c": 25.917147947697114, "shift_c": -16.125000000000004}, "2-3": {"eta_c": 15008.962205086167, "max_diff_c": 35068.65991361186, "shift_c": 10849.000000000011}, "2-4": {"eta_c": 49.861940056558744, "max_diff_c": 73.9264056297946, "shift_c": 58.00000000000002}, "2-5": {"eta_c": 15015.779578330656, "max_diff_c": 35085.089190721104, "shift_c": 10839.625000000013}, "2-6": {"eta_c": 32.69126408061622, "max_diff_c": 54.71173224033227, "shift_c": 38.937500000000014}, "2-7": {"eta_c": 15015.04793436897, "max_diff_c": 35082.840751166594, "shift_c": 10839.812500000013}, "2-8": {"eta_c": 15011.623576392723, "max_diff_c": 35074.69431374262, "shift_c": 10850.250000000011}, "3-4": {"eta_c": 15038.111692232571, "max_diff_c": 35132.28823212293, "shift_c": 10899.125000000013}, "3-5": {"eta_c": 8.283736005224693, "max_diff_c": 24.243524993588636, "shift_c": 9.250000000000004}, "3-6": {"eta_c": 15026.762640229284, "max_diff_c": 35109.72337152903, "shift_c": 10879.375000000015}, "3-7": {"eta_c": 7.644978152327616, "max_diff_c": 23.94864902291019, "shift_c": 9.062500000000004}, "3-8": {"eta_c": 2.8983881462527368, "max_diff_c": 6.250679147297404, "shift_c": -1.25}, "4-5": {"eta_c": 15044.930391827575, "max_diff_c": 35148.71750923218, "shift_c": 10889.750000000011}, "4-6": {"eta_c": 18.362615530796706, "max_diff_c": 23.252360594249375, "shift_c": -19.062500000000007}, "4-7": {"eta_c": 15044.200266939124, "max_diff_c": 35146.469069677674, "shift_c": 10889.937500000011}, "4-8": {"eta_c": 15040.773410600237, "max_diff_c": 35138.32263225369, "shift_c": 10900.375000000011}, "5-6": {"eta_c": 15033.582052069396, "max_diff_c": 35126.09014863828, "shift_c": 10870.062500000013}, "5-7": {"eta_c": 1.0468412280220896, "max_diff_c": 2.2981329358246967, "shift_c": -0.1875}, "5-8": {"eta_c": 5.724753766926097, "max_diff_c": 23.966016534437134, "shift_c": -10.500000000000002}, "6-7": {"eta_c": 15032.85129069126, "max_diff_c": 35123.84170908376, "shift_c": 10870.250000000013}, "6-8": {"eta_c": 15029.424313805994, "max_diff_c": 35115.75777165979, "shift_c": 10880.625000000013}, "7-8": {"eta_c": 5.140460589718848, "max_diff_c": 23.671140563758687, "shift_c": -10.312500000000002}}, "v10_distance": {"0-1": {"eta_c": 11.086392968026544, "max_diff_c": 26.49343028704459, "shift_c": 9.125000000000004}, "0-2": {"eta_c": 13417.403217331548, "max_diff_c": 38484.123593870696, "shift_c": 7434.437500000008}, "0-3": {"eta_c": 2.6637769027183538, "max_diff_c": 9.361578694483825, "shift_c": -2.3750000000000004}, "0-4": {"eta_c": 13444.029326490845, "max_diff_c": 38559.06441238177, "shift_c": 7473.250000000009}, "0-5": {"eta_c": 9.109455242749924, "max_diff_c": 55.29819413367719, "shift_c": 4.375000000000001}, "0-6": {"eta_c": 13431.743196726253, "max_diff_c": 38530.12455178786, "shift_c": 7459.875000000009}, "0-7": {"eta_c": 8.825549586290512, "max_diff_c": 55.789953211830955, "shift_c": 4.312500000000001}, "0-8": {"eta_c": 6.3733840148971215, "max_diff_c": 46.20961361478871, "shift_c": -1.8124999999999998}, "1-2": {"eta_c": 13407.267791658465, "max_diff_c": 38457.86254865783, "shift_c": 7425.562500000009}, "1-3": {"eta_c": 11.16669377032614, "max_diff_c": 23.234665114812966, "shift_c": -11.437500000000004}, "1-4": {"eta_c": 13433.887484366473, "max_diff_c": 38532.803367168905, "shift_c": 7464.375000000009}, "1-5": {"eta_c": 16.239613982610226, "max_diff_c": 46.88508980216639, "shift_c": -4.687500000000001}, "1-6": {"eta_c": 13421.60404212662, "max_diff_c": 38503.863506575, "shift_c": 7451.000000000009}, "1-7": {"eta_c": 15.897141530517654, "max_diff_c": 47.376848880320146, "shift_c": -4.750000000000001}, "1-8": {"eta_c": 14.933147367081931, "max_diff_c": 52.37993789762214, "shift_c": -10.937500000000004}, "2-3": {"eta_c": 13416.819079335257, "max_diff_c": 38480.84741361186, "shift_c": 7436.812500000009}, "2-4": {"eta_c": 49.170076502321656, "max_diff_c": 83.70737594093644, "shift_c": 50.812500000000014}, "2-5": {"eta_c": 13419.700782097352, "max_diff_c": 38496.27669072111, "shift_c": 7428.437500000008}, "2-6": {"eta_c": 33.211345764171966, "max_diff_c": 69.5050391668306, "shift_c": 35.437500000000014}, "2-7": {"eta_c": 13419.218552774468, "max_diff_c": 38494.090751166594, "shift_c": 7428.562500000009}, "2-8": {"eta_c": 13421.069006473906, "max_diff_c": 38486.75681374261, "shift_c": 7438.187500000008}, "3-4": {"eta_c": 13443.449380866585, "max_diff_c": 38555.78823212293, "shift_c": 7475.625000000009}, "3-5": {"eta_c": 10.983754828728129, "max_diff_c": 60.871888718821516, "shift_c": 6.750000000000003}, "3-6": {"eta_c": 13431.161889321416, "max_diff_c": 38526.84837152903, "shift_c": 7462.250000000009}, "3-7": {"eta_c": 10.598211034650136, "max_diff_c": 60.37306948067038, "shift_c": 6.687500000000003}, "3-8": {"eta_c": 5.59298364966203, "max_diff_c": 43.149573068537194, "shift_c": 0.5625000000000001}, "4-5": {"eta_c": 13446.300566821727, "max_diff_c": 38571.217509232185, "shift_c": 7467.250000000009}, "4-6": {"eta_c": 18.247035335495347, "max_diff_c": 26.877360594249375, "shift_c": -15.437500000000007}, "4-7": {"eta_c": 13445.81999362902, "max_diff_c": 38569.03156967767, "shift_c": 7467.375000000009}, "4-8": {"eta_c": 13447.723490360057, "max_diff_c": 38561.572632253694, "shift_c": 7477.125000000009}, "5-6": {"eta_c": 13434.014908118032, "max_diff_c": 38542.27764863828, "shift_c": 7453.875000000009}, "5-7": {"eta_c": 0.8889865473500176, "max_diff_c": 2.1731329358246967, "shift_c": -0.0625}, "5-8": {"eta_c": 13.880055479439338, "max_diff_c": 97.55334259594974, "shift_c": -6.250000000000002}, "6-7": {"eta_c": 13433.53370383674, "max_diff_c": 38540.15420908377, "shift_c": 7453.937500000009}, "6-8": {"eta_c": 13435.43599647629, "max_diff_c": 38532.69527165979, "shift_c": 7463.68750000001}, "7-8": {"eta_c": 13.640529794193386, "max_diff_c": 97.9826016741035, "shift_c": -6.125000000000002}}}