{"pseudos": ["DOJO-041-std-8", "DOJO-050-std-8", "SPMS-8", "SG15-18", "PSL-US-v1-high-18", "PSL-PAW-v1-high-18", "JTH-1.1-std-8"], "v_distance": {"eta_c": [[0.0, 0.01609324324327059, 0.03939007753551515, 0.05427020063978202, 0.22125852948658153, 0.19656188080825196, 0.42116135030395546], [0.01609324324327059, 0.0, 0.050454782761904696, 0.06884097943987005, 0.23604177649925948, 0.2105809761579772, 0.43594761924666875], [0.03939007753551515, 0.050454782761904696, 0.0, 0.02854484374229912, 0.19125257858104666, 0.1635048972666932, 0.38845070777088936], [0.05427020063978202, 0.06884097943987005, 0.02854484374229912, 0.0, 0.41678558763890994, 0.5811823669862806, 0.36772753549515735], [0.22125852948658153, 0.23604177649925948, 0.19125257858104666, 0.41678558763890994, 0.0, 0.17392942342161713, 0.20072227657084082], [0.19656188080825196, 0.2105809761579772, 0.1635048972666932, 0.5811823669862806, 0.17392942342161713, 0.0, 0.226000933524266], [0.42116135030395546, 0.43594761924666875, 0.38845070777088936, 0.36772753549515735, 0.20072227657084082, 0.226000933524266, 0.0]], "max_diff_c": [[0.0, 0.030033881584422273, 0.04502914415998108, 0.08939257057027916, 0.39678287606004226, 0.3196620319660948, 0.7583588942463928], [0.030033881584422273, 0.0, 0.06299392801265014, 0.11927180594595299, 0.4266621398787418, 0.34954129578501636, 0.7258927758308151], [0.04502914415998108, 0.06299392801265014, 0.0, 0.056423039366482186, 0.30138115199207505, 0.28676030789820395, 0.662898847818165], [0.08939257057027916, 0.11927180594595299, 0.056423039366482186, 0.0, 0.7450038439625918, 0.9178829998686515, 0.6066209698847302], [0.39678287606004226, 0.4266621398787418, 0.30138115199207505, 0.7450038439625918, 0.0, 0.23383064074936755, 0.3617925134149491], [0.3196620319660948, 0.34954129578501636, 0.28676030789820395, 0.9178829998686515, 0.23383064074936755, 0.0, 0.37640718106457527], [0.7583588942463928, 0.7258927758308151, 0.662898847818165, 0.6066209698847302, 0.3617925134149491, 0.37640718106457527, 0.0]], "shift_c": [[0.0, 1.695062485352087, -0.45017919665177375, 128.86149820893436, 129.26114708759462, 129.2749280834105, -2.388705941417575], [1.695062485352087, 0.0, -2.1452416820038605, 127.16643572358227, 127.56608460224253, 127.57986559805838, -4.079174761497705], [-0.45017919665177375, -2.1452416820038605, 0.0, 129.31167740558612, 129.71591994951834, 129.72510728006225, -1.9339330794938447], [128.86149820893436, 127.16643572358227, 129.31167740558612, 0.0, 0.36749322175654997, 0.3628995564845931, 131.24561048507996], [129.26114708759462, 127.56608460224253, 129.71591994951834, 0.36749322175654997, 0.0, -0.004593665271956874, 131.64985302901218], [129.2749280834105, 127.57986559805838, 129.72510728006225, 0.3628995564845931, -0.004593665271956874, 0.0, 131.65904035955606], [-2.388705941417575, -4.079174761497705, -1.9339330794938447, 131.24561048507996, 131.64985302901218, 131.65904035955606, 0.0]]}, "v10_distance": {"eta_c": [[0.0, 17.73454508474743, 4.347657098165268, 2.6173520641673313, 1.4270786929777126, 1.4227772176242781, 41.66121084314524], [17.73454508474743, 0.0, 22.027616583190106, 11.407989638533303, 10.130775210491086, 10.127784995630421, 53.201455607357076], [4.347657098165268, 22.027616583190106, 0.0, 0.33771848262328785, 1.2462666071123993, 1.2444112634875164, 39.400157409583514], [2.6173520641673313, 11.407989638533303, 0.33771848262328785, 0.0, 0.8573490086475455, 0.9193841928857244, 26.27979897875413], [1.4270786929777126, 10.130775210491086, 1.2462666071123993, 0.8573490086475455, 0.0, 0.16922054333991673, 26.769283817675184], [1.4227772176242781, 10.127784995630421, 1.2444112634875164, 0.9193841928857244, 0.16922054333991673, 0.0, 26.773764204072126], [41.66121084314524, 53.201455607357076, 39.400157409583514, 26.27979897875413, 26.769283817675184, 26.773764204072126, 0.0]], "max_diff_c": [[0.0, 116.0675427828473, 28.473359132830268, 29.136655284498268, 9.453589208946678, 9.456771148640408, 144.1436273618847], [116.0675427828473, 0.0, 144.54090191567755, 139.7860571022034, 120.10299102665178, 120.04367296634544, 172.38907172890922], [28.473359132830268, 144.54090191567755, 0.0, 1.3273251826912968, 19.0552424352175, 19.114560495523847, 145.34815712939576], [29.136655284498268, 139.7860571022034, 1.3273251826912968, 0.0, 6.944316755231768, 6.760576099563594, 113.18632815616736], [9.453589208946678, 120.10299102665178, 19.0552424352175, 6.944316755231768, 0.0, 0.1897130389423296, 111.99432092091244], [9.456771148640408, 120.04367296634544, 19.114560495523847, 6.760576099563594, 0.1897130389423296, 0.0, 112.0124770786446], [144.1436273618847, 172.38907172890922, 145.34815712939576, 113.18632815616736, 111.99432092091244, 112.0124770786446, 0.0]], "shift_c": [[0.0, 1.0657303430939948, -0.27102625104545564, 128.98093350600524, 129.35302039303374, 129.36220772357765, -0.13780995815870623], [1.0657303430939948, 0.0, -1.3367565941394508, 127.58905292860229, 127.9611398156308, 127.97492081144667, -1.212727631796615], [-0.27102625104545564, -1.3367565941394508, 0.0, 129.33464573194593, 129.70213895370247, 129.71591994951834, 0.13321629288674935], [128.98093350600524, 127.58905292860229, 129.33464573194593, 0.0, 0.36749322175654997, 0.36749322175654997, 130.0512575143712], [129.35302039303374, 127.9611398156308, 129.70213895370247, 0.36749322175654997, 0.0, 0.0, 130.4233444013997], [129.36220772357765, 127.97492081144667, 129.71591994951834, 0.36749322175654997, 0.0, 0.0, 130.43253173194358], [-0.13780995815870623, -1.212727631796615, 0.13321629288674935, 130.0512575143712, 130.4233444013997, 130.43253173194358, 0.0]]}}