{"pseudos": {"Xe.nc.pbe.z_8.oncvpsp3.dojo.v0.4.1-std.upf": 0, "Xe.nc.pbe.z_8.oncvpsp4.dojo.v0.5.0-std.upf": 1, "Xe.nc.pbe.z_8.oncvpsp4.spms.v1.upf": 2, "Xe.nc.pbe.z_18.oncvpsp4.sg15.v0.upf": 3, "Xe.us.pbe.z_18.ld1.psl.v1.0.0-high.upf": 4, "Xe.paw.pbe.z_18.ld1.psl.v1.0.0-high.upf": 5, "Xe.paw.pbe.z_8.atompaw.jth.v1.1-std.upf": 6}, "v_distance": {"0-1": {"eta_c": 0.01609324324327059, "max_diff_c": 0.030033881584422273, "shift_c": 23.062500000000007}, "0-2": {"eta_c": 0.03939007753551515, "max_diff_c": 0.04502914415998108, "shift_c": -6.125000000000002}, "0-3": {"eta_c": 0.05427020063978202, "max_diff_c": 0.08939257057027916, "shift_c": 1753.2500000000018}, "0-4": {"eta_c": 0.22125852948658153, "max_diff_c": 0.39678287606004226, "shift_c": 1758.6875000000018}, "0-5": {"eta_c": 0.19656188080825196, "max_diff_c": 0.3196620319660948, "shift_c": 1758.8750000000018}, "0-6": {"eta_c": 0.42116135030395546, "max_diff_c": 0.7583588942463928, "shift_c": -32.50000000000001}, "1-2": {"eta_c": 0.050454782761904696, "max_diff_c": 0.06299392801265014, "shift_c": -29.187500000000004}, "1-3": {"eta_c": 0.06884097943987005, "max_diff_c": 0.11927180594595299, "shift_c": 1730.1875000000018}, "1-4": {"eta_c": 0.23604177649925948, "max_diff_c": 0.4266621398787418, "shift_c": 1735.6250000000018}, "1-5": {"eta_c": 0.2105809761579772, "max_diff_c": 0.34954129578501636, "shift_c": 1735.8125000000016}, "1-6": {"eta_c": 0.43594761924666875, "max_diff_c": 0.7258927758308151, "shift_c": -55.500000000000014}, "2-3": {"eta_c": 0.02854484374229912, "max_diff_c": 0.056423039366482186, "shift_c": 1759.3750000000016}, "2-4": {"eta_c": 0.19125257858104666, "max_diff_c": 0.30138115199207505, "shift_c": 1764.8750000000018}, "2-5": {"eta_c": 0.1635048972666932, "max_diff_c": 0.28676030789820395, "shift_c": 1765.0000000000016}, "2-6": {"eta_c": 0.38845070777088936, "max_diff_c": 0.662898847818165, "shift_c": -26.31250000000001}, "3-4": {"eta_c": 0.41678558763890994, "max_diff_c": 0.7450038439625918, "shift_c": 5.000000000000001}, "3-5": {"eta_c": 0.5811823669862806, "max_diff_c": 0.9178829998686515, "shift_c": 4.937500000000001}, "3-6": {"eta_c": 0.36772753549515735, "max_diff_c": 0.6066209698847302, "shift_c": 1785.6875000000016}, "4-5": {"eta_c": 0.17392942342161713, "max_diff_c": 0.23383064074936755, "shift_c": -0.0625}, "4-6": {"eta_c": 0.20072227657084082, "max_diff_c": 0.3617925134149491, "shift_c": 1791.1875000000016}, "5-6": {"eta_c": 0.226000933524266, "max_diff_c": 0.37640718106457527, "shift_c": 1791.3125000000014}}, "v10_distance": {"0-1": {"eta_c": 17.73454508474743, "max_diff_c": 116.0675427828473, "shift_c": 14.500000000000002}, "0-2": {"eta_c": 4.347657098165268, "max_diff_c": 28.473359132830268, "shift_c": -3.687500000000001}, "0-3": {"eta_c": 2.6173520641673313, "max_diff_c": 29.136655284498268, "shift_c": 1754.8750000000018}, "0-4": {"eta_c": 1.4270786929777126, "max_diff_c": 9.453589208946678, "shift_c": 1759.9375000000018}, "0-5": {"eta_c": 1.4227772176242781, "max_diff_c": 9.456771148640408, "shift_c": 1760.0625000000016}, "0-6": {"eta_c": 41.66121084314524, "max_diff_c": 144.1436273618847, "shift_c": -1.875}, "1-2": {"eta_c": 22.027616583190106, "max_diff_c": 144.54090191567755, "shift_c": -18.187500000000007}, "1-3": {"eta_c": 11.407989638533303, "max_diff_c": 139.7860571022034, "shift_c": 1735.9375000000016}, "1-4": {"eta_c": 10.130775210491086, "max_diff_c": 120.10299102665178, "shift_c": 1741.0000000000016}, "1-5": {"eta_c": 10.127784995630421, "max_diff_c": 120.04367296634544, "shift_c": 1741.1875000000016}, "1-6": {"eta_c": 53.201455607357076, "max_diff_c": 172.38907172890922, "shift_c": -16.500000000000004}, "2-3": {"eta_c": 0.33771848262328785, "max_diff_c": 1.3273251826912968, "shift_c": 1759.6875000000018}, "2-4": {"eta_c": 1.2462666071123993, "max_diff_c": 19.0552424352175, "shift_c": 1764.6875000000018}, "2-5": {"eta_c": 1.2444112634875164, "max_diff_c": 19.114560495523847, "shift_c": 1764.8750000000018}, "2-6": {"eta_c": 39.400157409583514, "max_diff_c": 145.34815712939576, "shift_c": 1.8125000000000002}, "3-4": {"eta_c": 0.8573490086475455, "max_diff_c": 6.944316755231768, "shift_c": 5.000000000000001}, "3-5": {"eta_c": 0.9193841928857244, "max_diff_c": 6.760576099563594, "shift_c": 5.000000000000001}, "3-6": {"eta_c": 26.27979897875413, "max_diff_c": 113.18632815616736, "shift_c": 1769.4375000000018}, "4-5": {"eta_c": 0.16922054333991673, "max_diff_c": 0.1897130389423296, "shift_c": 0.0}, "4-6": {"eta_c": 26.769283817675184, "max_diff_c": 111.99432092091244, "shift_c": 1774.5000000000018}, "5-6": {"eta_c": 26.773764204072126, "max_diff_c": 112.0124770786446, "shift_c": 1774.6250000000016}}}