{"pseudos": {"Y.nc.pbe.z_11.oncvpsp3.dojo.v0.4.1-std.upf": 0, "Y.nc.pbe.z_11.oncvpsp4.spms.v1.upf": 1, "Y.nc.pbe.z_11.oncvpsp4.sg15.v0.upf": 2, "Y.us.pbe.z_11.uspp.gbrv.v1.4.upf": 3, "Y.us.pbe.z_11.ld1.psl.v1.0.0-high.upf": 4, "Y.paw.pbe.z_11.ld1.psl.v1.0.0-high.upf": 5, "Y.paw.pbe.z_11.atompaw.jth.v1.1-std.upf": 6}, "v_distance": {"0-1": {"eta_c": 2.348795305077309, "max_diff_c": 4.606325457254684, "shift_c": -3.3750000000000004}, "0-2": {"eta_c": 0.6223674739206971, "max_diff_c": 1.8569192174778664, "shift_c": -1.375}, "0-3": {"eta_c": 1.3550901989610542, "max_diff_c": 2.6972036013224856, "shift_c": 2.1250000000000004}, "0-4": {"eta_c": 1.3578093718300577, "max_diff_c": 2.3095783895119557, "shift_c": 2.0000000000000004}, "0-5": {"eta_c": 1.592997321913967, "max_diff_c": 2.675959082851549, "shift_c": 2.3750000000000004}, "0-6": {"eta_c": 2.280868147607313, "max_diff_c": 4.550686895781937, "shift_c": 3.937500000000001}, "1-2": {"eta_c": 2.0573658249159243, "max_diff_c": 4.289941216543582, "shift_c": 2.0000000000000004}, "1-3": {"eta_c": 3.6947971632736634, "max_diff_c": 7.203825861767429, "shift_c": 5.500000000000002}, "1-4": {"eta_c": 3.622199179459634, "max_diff_c": 6.739932179512835, "shift_c": 5.375000000000001}, "1-5": {"eta_c": 3.8545865233705525, "max_diff_c": 7.084375274373302, "shift_c": 5.750000000000002}, "1-6": {"eta_c": 4.460795638195386, "max_diff_c": 9.161624950613106, "shift_c": 7.375000000000003}, "2-3": {"eta_c": 1.8237239645039194, "max_diff_c": 4.554122818800353, "shift_c": 3.5000000000000013}, "2-4": {"eta_c": 1.8946364148742216, "max_diff_c": 4.114728093048343, "shift_c": 3.3750000000000013}, "2-5": {"eta_c": 2.122699922558446, "max_diff_c": 4.473996276036589, "shift_c": 3.7500000000000013}, "2-6": {"eta_c": 2.839286366945812, "max_diff_c": 6.470106113259804, "shift_c": 5.375000000000001}, "3-4": {"eta_c": 0.42846495688054925, "max_diff_c": 0.8689273153074524, "shift_c": -0.125}, "3-5": {"eta_c": 0.5042817715894846, "max_diff_c": 1.2188279364867824, "shift_c": 0.25}, "3-6": {"eta_c": 1.1708191592065496, "max_diff_c": 2.0626911303577704, "shift_c": 1.8750000000000004}, "4-5": {"eta_c": 0.23663987444706885, "max_diff_c": 0.3893827844319162, "shift_c": 0.375}, "4-6": {"eta_c": 0.9547624711926104, "max_diff_c": 2.4216927711002687, "shift_c": 2.0000000000000004}, "5-6": {"eta_c": 0.7454838887826266, "max_diff_c": 2.014749676239802, "shift_c": 1.5625}}, "v10_distance": {"0-1": {"eta_c": 10.899343929709069, "max_diff_c": 108.11554765746762, "shift_c": 1.5000000000000002}, "0-2": {"eta_c": 3.6346189751112954, "max_diff_c": 35.21340687289688, "shift_c": 0.375}, "0-3": {"eta_c": 5.7680246266999315, "max_diff_c": 54.49050713887411, "shift_c": -0.6875}, "0-4": {"eta_c": 1.2888960191957146, "max_diff_c": 2.8280774052138895, "shift_c": 1.1250000000000002}, "0-5": {"eta_c": 1.5091941663064377, "max_diff_c": 3.3424585847784556, "shift_c": 1.375}, "0-6": {"eta_c": 6.347936272456121, "max_diff_c": 55.69971423684626, "shift_c": 0.375}, "1-2": {"eta_c": 7.321230875292171, "max_diff_c": 72.90214078457073, "shift_c": -1.1250000000000002}, "1-3": {"eta_c": 16.649559802086515, "max_diff_c": 162.6060547963417, "shift_c": -2.1875}, "1-4": {"eta_c": 11.387792278706309, "max_diff_c": 108.40687888139301, "shift_c": -0.375}, "1-5": {"eta_c": 11.499055885147339, "max_diff_c": 108.61353040480726, "shift_c": -0.1875}, "1-6": {"eta_c": 17.147862575283696, "max_diff_c": 163.8152618943139, "shift_c": -1.1250000000000002}, "2-3": {"eta_c": 9.38157503960785, "max_diff_c": 89.70391401177099, "shift_c": -1.0625}, "2-4": {"eta_c": 4.236032564942592, "max_diff_c": 35.44223809682228, "shift_c": 0.6875}, "2-5": {"eta_c": 4.380326227251747, "max_diff_c": 35.71138962023653, "shift_c": 0.9375}, "2-6": {"eta_c": 9.936946661208033, "max_diff_c": 90.91312110974314, "shift_c": 0.0}, "3-4": {"eta_c": 5.4325584578048085, "max_diff_c": 54.26167591494871, "shift_c": 1.7500000000000002}, "3-5": {"eta_c": 5.386826540465174, "max_diff_c": 53.99252439153446, "shift_c": 2.0000000000000004}, "3-6": {"eta_c": 1.1566495889206636, "max_diff_c": 1.723331755346635, "shift_c": 1.0625}, "4-5": {"eta_c": 0.22183254387442108, "max_diff_c": 0.5143827844319162, "shift_c": 0.25}, "4-6": {"eta_c": 5.817951468312578, "max_diff_c": 55.408383012920865, "shift_c": -0.75}, "5-6": {"eta_c": 5.736551078402453, "max_diff_c": 55.139231489506614, "shift_c": -1.0}}}