{"pseudos": ["DOJO-041-std-11", "SPMS-11", "SG15-11", "GBRV-1.X-11", "PSL-US-v1-high-11", "PSL-PAW-v1-high-11", "JTH-1.1-std-11"], "v_distance": {"eta_c": [[0.0, 2.348795305077309, 0.6223674739206971, 1.3550901989610542, 1.3578093718300577, 1.592997321913967, 2.280868147607313], [2.348795305077309, 0.0, 2.0573658249159243, 3.6947971632736634, 3.622199179459634, 3.8545865233705525, 4.460795638195386], [0.6223674739206971, 2.0573658249159243, 0.0, 1.8237239645039194, 1.8946364148742216, 2.122699922558446, 2.839286366945812], [1.3550901989610542, 3.6947971632736634, 1.8237239645039194, 0.0, 0.42846495688054925, 0.5042817715894846, 1.1708191592065496], [1.3578093718300577, 3.622199179459634, 1.8946364148742216, 0.42846495688054925, 0.0, 0.23663987444706885, 0.9547624711926104], [1.592997321913967, 3.8545865233705525, 2.122699922558446, 0.5042817715894846, 0.23663987444706885, 0.0, 0.7454838887826266], [2.280868147607313, 4.460795638195386, 2.839286366945812, 1.1708191592065496, 0.9547624711926104, 0.7454838887826266, 0.0]], "max_diff_c": [[0.0, 4.606325457254684, 1.8569192174778664, 2.6972036013224856, 2.3095783895119557, 2.675959082851549, 4.550686895781937], [4.606325457254684, 0.0, 4.289941216543582, 7.203825861767429, 6.739932179512835, 7.084375274373302, 9.161624950613106], [1.8569192174778664, 4.289941216543582, 0.0, 4.554122818800353, 4.114728093048343, 4.473996276036589, 6.470106113259804], [2.6972036013224856, 7.203825861767429, 4.554122818800353, 0.0, 0.8689273153074524, 1.2188279364867824, 2.0626911303577704], [2.3095783895119557, 6.739932179512835, 4.114728093048343, 0.8689273153074524, 0.0, 0.3893827844319162, 2.4216927711002687], [2.675959082851549, 7.084375274373302, 4.473996276036589, 1.2188279364867824, 0.3893827844319162, 0.0, 2.014749676239802], [4.550686895781937, 9.161624950613106, 6.470106113259804, 2.0626911303577704, 2.4216927711002687, 2.014749676239802, 0.0]], "shift_c": [[0.0, -3.3750000000000004, -1.375, 2.1250000000000004, 2.0000000000000004, 2.3750000000000004, 3.937500000000001], [3.3750000000000004, 0.0, 2.0000000000000004, 5.500000000000002, 5.375000000000001, 5.750000000000002, 7.375000000000003], [1.375, -2.0000000000000004, 0.0, 3.5000000000000013, 3.3750000000000013, 3.7500000000000013, 5.375000000000001], [-2.1250000000000004, -5.500000000000002, -3.5000000000000013, 0.0, -0.125, 0.25, 1.8750000000000004], [-2.0000000000000004, -5.375000000000001, -3.3750000000000013, 0.125, 0.0, 0.375, 2.0000000000000004], [-2.3750000000000004, -5.750000000000002, -3.7500000000000013, -0.25, -0.375, 0.0, 1.5625], [-3.937500000000001, -7.375000000000003, -5.375000000000001, -1.8750000000000004, -2.0000000000000004, -1.5625, 0.0]]}, "v10_distance": {"eta_c": [[0.0, 10.899343929709069, 3.6346189751112954, 5.7680246266999315, 1.2888960191957146, 1.5091941663064377, 6.347936272456121], [10.899343929709069, 0.0, 7.321230875292171, 16.649559802086515, 11.387792278706309, 11.499055885147339, 17.147862575283696], [3.6346189751112954, 7.321230875292171, 0.0, 9.38157503960785, 4.236032564942592, 4.380326227251747, 9.936946661208033], [5.7680246266999315, 16.649559802086515, 9.38157503960785, 0.0, 5.4325584578048085, 5.386826540465174, 1.1566495889206636], [1.2888960191957146, 11.387792278706309, 4.236032564942592, 5.4325584578048085, 0.0, 0.22183254387442108, 5.817951468312578], [1.5091941663064377, 11.499055885147339, 4.380326227251747, 5.386826540465174, 0.22183254387442108, 0.0, 5.736551078402453], [6.347936272456121, 17.147862575283696, 9.936946661208033, 1.1566495889206636, 5.817951468312578, 5.736551078402453, 0.0]], "max_diff_c": [[0.0, 108.11554765746762, 35.21340687289688, 54.49050713887411, 2.8280774052138895, 3.3424585847784556, 55.69971423684626], [108.11554765746762, 0.0, 72.90214078457073, 162.6060547963417, 108.40687888139301, 108.61353040480726, 163.8152618943139], [35.21340687289688, 72.90214078457073, 0.0, 89.70391401177099, 35.44223809682228, 35.71138962023653, 90.91312110974314], [54.49050713887411, 162.6060547963417, 89.70391401177099, 0.0, 54.26167591494871, 53.99252439153446, 1.723331755346635], [2.8280774052138895, 108.40687888139301, 35.44223809682228, 54.26167591494871, 0.0, 0.5143827844319162, 55.408383012920865], [3.3424585847784556, 108.61353040480726, 35.71138962023653, 53.99252439153446, 0.5143827844319162, 0.0, 55.139231489506614], [55.69971423684626, 163.8152618943139, 90.91312110974314, 1.723331755346635, 55.408383012920865, 55.139231489506614, 0.0]], "shift_c": [[0.0, 1.5000000000000002, 0.375, -0.6875, 1.1250000000000002, 1.375, 0.375], [-1.5000000000000002, 0.0, -1.1250000000000002, -2.1875, -0.375, -0.1875, -1.1250000000000002], [-0.375, 1.1250000000000002, 0.0, -1.0625, 0.6875, 0.9375, 0.0], [0.6875, 2.1875, 1.0625, 0.0, 1.7500000000000002, 2.0000000000000004, 1.0625], [-1.1250000000000002, 0.375, -0.6875, -1.7500000000000002, 0.0, 0.25, -0.75], [-1.375, 0.1875, -0.9375, -2.0000000000000004, -0.25, 0.0, -1.0], [-0.375, 1.1250000000000002, -0.0, -1.0625, 0.75, 1.0, 0.0]]}}