{"pseudos": ["PSL-US-v1-high-34", "PSL-US-v1-low-11", "PSL-US-v1-low-10", "PSL-PAW-v1-high-34", "PSL-PAW-v1-low-11", "PSL-PAW-v1-low-10", "JTH-1.1-std-24", "Wentzcovitch-24"], "v_distance": {"eta_c": [[0.0, 17987.705615766386, 15654.398668766189, 6.9946086639117615, 17987.562525755573, 15653.703020001578, 147.29583078424497, 121.46992081566619], [17987.705615766386, 0.0, 1438.6429965857774, 17992.415814265136, 0.16381928088734377, 1439.0792880340089, 17997.116414080458, 17997.773596133993], [15654.398668766189, 1438.6429965857774, 0.0, 15651.880810665503, 1438.4917402114843, 0.816365880963367, 15661.950408372457, 15665.866078426343], [6.9946086639117615, 17992.415814265136, 15651.880810665503, 0.0, 17992.272708341763, 15651.185297056041, 154.47837216818772, 128.5943762843791], [17987.562525755573, 0.16381928088734377, 1438.4917402114843, 17992.272708341763, 0.0, 1438.928050758066, 17996.97326985994, 17997.630387746955], [15653.703020001578, 1439.0792880340089, 0.816365880963367, 15651.185297056041, 1438.928050758066, 0.0, 15661.257490037347, 15665.172107854822], [147.29583078424497, 17997.116414080458, 15661.950408372457, 154.47837216818772, 17996.97326985994, 15661.257490037347, 0.0, 27.59590665139393], [121.46992081566619, 17997.773596133993, 15665.866078426343, 128.5943762843791, 17997.630387746955, 15665.172107854822, 27.59590665139393, 0.0]], "max_diff_c": [[0.0, 30563.02767192543, 26401.126294125646, 10.913343190191016, 30562.928235719963, 26399.51999332685, 208.01196589603026, 191.92060229572576], [30563.02767192543, 0.0, 2735.4238923711337, 30561.381205852755, 0.287754895082287, 2735.714719817443, 30553.50506272561, 30565.217589758628], [26401.126294125646, 2735.4238923711337, 0.0, 26402.076138673252, 2735.1361374760518, 1.6722807601477143, 26408.609690838464, 26424.137677673243], [10.913343190191016, 30561.381205852755, 26402.076138673252, 0.0, 30561.28176964729, 26400.469837874454, 215.73951878987205, 199.64822225374573], [30562.928235719963, 0.287754895082287, 2735.1361374760518, 30561.28176964729, 0.0, 2735.426964922361, 30553.40562652014, 30565.055653553158], [26399.51999332685, 2735.714719817443, 1.6722807601477143, 26400.469837874454, 2735.426964922361, 0.0, 26407.00287960487, 26422.531376874453], [208.01196589603026, 30553.50506272561, 26408.609690838464, 215.73951878987205, 30553.40562652014, 26407.00287960487, 0.0, 67.15451384442724], [191.92060229572576, 30565.217589758628, 26424.137677673243, 199.64822225374573, 30565.055653553158, 26422.531376874453, 67.15451384442724, 0.0]], "shift_c": [[0.0, 24030.875000000025, 23715.312500000025, 8.250000000000002, 24030.625000000025, 23714.687500000025, 124.56250000000007, 101.18750000000007], [-24030.875000000025, 0.0, -3044.250000000003, 24029.937500000033, 0.25, -3044.812500000003, 24035.125000000025, 24025.12500000003], [-23715.312500000025, 3044.250000000003, 0.0, 23712.18750000003, -3044.000000000003, 0.5625000000000001, 23705.12500000003, 23690.18750000003], [-8.250000000000002, -24029.937500000033, -23712.18750000003, 0.0, 24029.68750000003, 23711.56250000003, 130.50000000000009, 107.12500000000007], [-24030.625000000025, -0.25, 3044.000000000003, -24029.68750000003, 0.0, -3044.562500000003, 24034.87500000003, 24024.93750000003], [-23714.687500000025, 3044.812500000003, -0.5625000000000001, -23711.56250000003, 3044.562500000003, 0.0, 23704.500000000025, 23689.562500000022], [-124.56250000000007, -24035.125000000025, -23705.12500000003, -130.50000000000009, -24034.87500000003, -23704.500000000025, 0.0, 23.375000000000007], [-101.18750000000007, -24025.12500000003, -23690.18750000003, -107.12500000000007, -24024.93750000003, -23689.562500000022, -23.375000000000007, 0.0]]}, "v10_distance": {"eta_c": [[0.0, 17391.14378835339, 15812.710319759031, 6.3520000548550755, 17391.0164452429, 15812.079108383683, 122.66630586290043, 97.93300766985023], [17391.14378835339, 0.0, 1370.363451379628, 17389.621662789104, 0.15533643605592878, 1370.8155437971998, 17418.24210440449, 17411.56159342592], [15812.710319759031, 1370.363451379628, 0.0, 15811.347099056527, 1370.2118180684577, 0.6947876848940638, 15848.14965877016, 15837.822487379675], [6.3520000548550755, 17389.621662789104, 15811.347099056527, 0.0, 17389.494302888903, 15810.715928142312, 128.45660919413282, 103.7306752330228], [17391.0164452429, 0.15533643605592878, 1370.2118180684577, 17389.494302888903, 0.0, 1370.6639188737468, 17418.114772577785, 17411.43440469148], [15812.079108383683, 1370.8155437971998, 0.6947876848940638, 15810.715928142312, 1370.6639188737468, 0.0, 15847.517496782242, 15837.190575427065], [122.66630586290043, 17418.24210440449, 15848.14965877016, 128.45660919413282, 17418.114772577785, 15847.517496782242, 0.0, 30.728068671884568], [97.93300766985023, 17411.56159342592, 15837.822487379675, 103.7306752330228, 17411.43440469148, 15837.190575427065, 30.728068671884568, 0.0]], "max_diff_c": [[0.0, 43489.52767192545, 39559.62629412566, 9.600843190191018, 43489.30323571997, 39557.51999332687, 362.0175517350477, 213.60810229572576], [43489.52767192545, 0.0, 2462.6293634308167, 43483.38120585277, 0.24052669300959906, 2464.7391441909645, 43519.75506272562, 43524.15508975864], [39559.62629412566, 2462.6293634308167, 0.0, 39553.26363867327, 2462.4664482311828, 2.1097807601477143, 39584.98469083848, 39597.887677673265], [9.600843190191018, 43483.38120585277, 39553.26363867327, 0.0, 43483.15676964731, 39551.21983787447, 368.8550488871918, 222.02322225374576], [43489.30323571997, 0.24052669300959906, 2462.4664482311828, 43483.15676964731, 0.0, 2464.5762289913305, 43519.53062652015, 43523.93065355317], [39557.51999332687, 2464.7391441909645, 2.1097807601477143, 39551.21983787447, 2464.5762289913305, 0.0, 39582.94037960488, 39595.84387687446], [362.0175517350477, 43519.75506272562, 39584.98469083848, 368.8550488871918, 43519.53062652015, 39582.94037960488, 0.0, 178.09451186615868], [213.60810229572576, 43524.15508975864, 39597.887677673265, 222.02322225374576, 43523.93065355317, 39595.84387687446, 178.09451186615868, 0.0]], "shift_c": [[0.0, 11104.375000000011, 10556.812500000013, 6.937500000000003, 11104.250000000011, 10556.687500000011, 95.43750000000006, 79.50000000000004], [-11104.375000000011, 0.0, -2040.3750000000018, 11107.937500000011, 0.125, -2040.500000000002, 11068.875000000013, 11066.187500000013], [-10556.812500000013, 2040.3750000000018, 0.0, 10561.000000000011, -2040.1875000000018, 0.125, 10528.750000000011, 10516.437500000011], [-6.937500000000003, -11107.937500000011, -10561.000000000011, 0.0, 11107.812500000013, 10560.812500000011, 100.68750000000007, 84.75000000000004], [-11104.250000000011, -0.125, 2040.1875000000018, -11107.812500000013, 0.0, -2040.312500000002, 11068.750000000013, 11066.062500000013], [-10556.687500000011, 2040.500000000002, -0.125, -10560.812500000011, 2040.312500000002, 0.0, 10528.562500000013, 10516.250000000013], [-95.43750000000006, -11068.875000000013, -10528.750000000011, -100.68750000000007, -11068.750000000013, -10528.562500000013, 0.0, 15.875000000000004], [-79.50000000000004, -11066.187500000013, -10516.437500000011, -84.75000000000004, -11066.062500000013, -10516.250000000013, -15.875000000000004, 0.0]]}}