{"pseudos": ["Yb.us.pbe.z_34.ld1.psl.v1.0.0-high.upf", "Yb.us.pbe.z_11.ld1.psl.v1.0.0-low.spdn.upf", "Yb.us.pbe.z_10.ld1.psl.v1.0.0-low.spn.upf", "Yb.paw.pbe.z_34.ld1.psl.v1.0.0-high.upf", "Yb.paw.pbe.z_11.ld1.psl.v1.0.0-low.spdn.upf", "Yb.paw.pbe.z_10.ld1.psl.v1.0.0-low.spn.upf", "Yb.paw.pbe.z_24.atompaw.jth.v1.1-std.upf", "Yb.paw.pbe.z_24.atompaw.wentzcovitch.v1.0.legacy.upf"], "v_distance": {"eta_c": [[0.0, 17987.705615766386, 15654.398668766189, 6.9946086639117615, 17987.562525755573, 15653.703020001578, 147.29583078424497, 121.46992081566619], [17987.705615766386, 0.0, 1438.6429965857774, 17992.415814265136, 0.16381928088734377, 1439.0792880340089, 17997.116414080458, 17997.773596133993], [15654.398668766189, 1438.6429965857774, 0.0, 15651.880810665503, 1438.4917402114843, 0.816365880963367, 15661.950408372457, 15665.866078426343], [6.9946086639117615, 17992.415814265136, 15651.880810665503, 0.0, 17992.272708341763, 15651.185297056041, 154.47837216818772, 128.5943762843791], [17987.562525755573, 0.16381928088734377, 1438.4917402114843, 17992.272708341763, 0.0, 1438.928050758066, 17996.97326985994, 17997.630387746955], [15653.703020001578, 1439.0792880340089, 0.816365880963367, 15651.185297056041, 1438.928050758066, 0.0, 15661.257490037347, 15665.172107854822], [147.29583078424497, 17997.116414080458, 15661.950408372457, 154.47837216818772, 17996.97326985994, 15661.257490037347, 0.0, 27.59590665139393], [121.46992081566619, 17997.773596133993, 15665.866078426343, 128.5943762843791, 17997.630387746955, 15665.172107854822, 27.59590665139393, 0.0]], "max_diff_c": [[0.0, 30563.02767192543, 26401.126294125646, 10.913343190191016, 30562.928235719963, 26399.51999332685, 208.01196589603026, 191.92060229572576], [30563.02767192543, 0.0, 2735.4238923711337, 30561.381205852755, 0.287754895082287, 2735.714719817443, 30553.50506272561, 30565.217589758628], [26401.126294125646, 2735.4238923711337, 0.0, 26402.076138673252, 2735.1361374760518, 1.6722807601477143, 26408.609690838464, 26424.137677673243], [10.913343190191016, 30561.381205852755, 26402.076138673252, 0.0, 30561.28176964729, 26400.469837874454, 215.73951878987205, 199.64822225374573], [30562.928235719963, 0.287754895082287, 2735.1361374760518, 30561.28176964729, 0.0, 2735.426964922361, 30553.40562652014, 30565.055653553158], [26399.51999332685, 2735.714719817443, 1.6722807601477143, 26400.469837874454, 2735.426964922361, 0.0, 26407.00287960487, 26422.531376874453], [208.01196589603026, 30553.50506272561, 26408.609690838464, 215.73951878987205, 30553.40562652014, 26407.00287960487, 0.0, 67.15451384442724], [191.92060229572576, 30565.217589758628, 26424.137677673243, 199.64822225374573, 30565.055653553158, 26422.531376874453, 67.15451384442724, 0.0]], "shift_c": [[0.0, 1766.2367350757881, 1743.0433191176778, 0.6063638158983075, 1766.2183604147003, 1742.9973824649583, 9.155174887010055, 7.4371440752981846], [1766.2367350757881, 0.0, -223.74824806647564, 1766.1678300967094, 0.018374661087827496, -223.78959105392326, 1766.5491043142813, 1765.8141178707683], [1743.0433191176778, -223.74824806647564, 0.0, 1742.8136358540803, -223.72987340538782, 0.041342987447611876, 1742.2945516783493, 1741.1966656783516], [0.6063638158983075, 1766.1678300967094, 1742.8136358540803, 0.0, 1766.1494554356213, 1742.7676992013608, 9.591573087845958, 7.873542276134087], [1766.2183604147003, 0.018374661087827496, -223.72987340538782, 1766.1494554356213, 0.0, -223.77121639283544, 1766.5307296531937, 1765.8003368749526], [1742.9973824649583, -223.78959105392326, 0.041342987447611876, 1742.7676992013608, -223.77121639283544, 0.0, 1742.2486150256293, 1741.1507290256313], [9.155174887010055, 1766.5491043142813, 1742.2945516783493, 9.591573087845958, 1766.5307296531937, 1742.2486150256293, 0.0, 1.7180308117118714], [7.4371440752981846, 1765.8141178707683, 1741.1966656783516, 7.873542276134087, 1765.8003368749526, 1741.1507290256313, 1.7180308117118714, 0.0]]}, "v10_distance": {"eta_c": [[0.0, 17391.14378835339, 15812.710319759031, 6.3520000548550755, 17391.0164452429, 15812.079108383683, 122.66630586290043, 97.93300766985023], [17391.14378835339, 0.0, 1370.363451379628, 17389.621662789104, 0.15533643605592878, 1370.8155437971998, 17418.24210440449, 17411.56159342592], [15812.710319759031, 1370.363451379628, 0.0, 15811.347099056527, 1370.2118180684577, 0.6947876848940638, 15848.14965877016, 15837.822487379675], [6.3520000548550755, 17389.621662789104, 15811.347099056527, 0.0, 17389.494302888903, 15810.715928142312, 128.45660919413282, 103.7306752330228], [17391.0164452429, 0.15533643605592878, 1370.2118180684577, 17389.494302888903, 0.0, 1370.6639188737468, 17418.114772577785, 17411.43440469148], [15812.079108383683, 1370.8155437971998, 0.6947876848940638, 15810.715928142312, 1370.6639188737468, 0.0, 15847.517496782242, 15837.190575427065], [122.66630586290043, 17418.24210440449, 15848.14965877016, 128.45660919413282, 17418.114772577785, 15847.517496782242, 0.0, 30.728068671884568], [97.93300766985023, 17411.56159342592, 15837.822487379675, 103.7306752330228, 17411.43440469148, 15837.190575427065, 30.728068671884568, 0.0]], "max_diff_c": [[0.0, 43489.52767192545, 39559.62629412566, 9.600843190191018, 43489.30323571997, 39557.51999332687, 362.0175517350477, 213.60810229572576], [43489.52767192545, 0.0, 2462.6293634308167, 43483.38120585277, 0.24052669300959906, 2464.7391441909645, 43519.75506272562, 43524.15508975864], [39559.62629412566, 2462.6293634308167, 0.0, 39553.26363867327, 2462.4664482311828, 2.1097807601477143, 39584.98469083848, 39597.887677673265], [9.600843190191018, 43483.38120585277, 39553.26363867327, 0.0, 43483.15676964731, 39551.21983787447, 368.8550488871918, 222.02322225374576], [43489.30323571997, 0.24052669300959906, 2462.4664482311828, 43483.15676964731, 0.0, 2464.5762289913305, 43519.53062652015, 43523.93065355317], [39557.51999332687, 2464.7391441909645, 2.1097807601477143, 39551.21983787447, 2464.5762289913305, 0.0, 39582.94037960488, 39595.84387687446], [362.0175517350477, 43519.75506272562, 39584.98469083848, 368.8550488871918, 43519.53062652015, 39582.94037960488, 0.0, 178.09451186615868], [213.60810229572576, 43524.15508975864, 39597.887677673265, 222.02322225374576, 43523.93065355317, 39595.84387687446, 178.09451186615868, 0.0]], "shift_c": [[0.0, 816.1565088685786, 775.9114074209646, 0.5098968451872132, 816.1473215380347, 775.9022200904205, 7.014526870278151, 5.843142225929147], [816.1565088685786, 0.0, -149.96479646830423, 816.4183477890801, 0.009187330543913748, -149.97398379884817, 813.5473069941072, 813.349779387413], [775.9114074209646, -149.96479646830423, 0.0, 776.2191829941855, -149.95101547248836, 0.009187330543913748, 773.8488517138558, 772.9438996552802], [0.5098968451872132, 816.4183477890801, 776.2191829941855, 0.0, 816.4091604585363, 776.2054019983697, 7.400394753122529, 6.229010108773524], [816.1473215380347, 0.009187330543913748, -149.95101547248836, 816.4091604585363, 0.0, -149.9602028030323, 813.5381196635633, 813.3405920568691], [775.9022200904205, -149.97398379884817, 0.009187330543913748, 776.2054019983697, -149.9602028030323, 0.0, 773.83507071804, 772.9301186594646], [7.014526870278151, 813.5473069941072, 773.8488517138558, 7.400394753122529, 813.5381196635633, 773.83507071804, 0.0, 1.1667909790770463], [5.843142225929147, 813.349779387413, 772.9438996552802, 6.229010108773524, 813.3405920568691, 772.9301186594646, 1.1667909790770463, 0.0]]}}