{"pseudos": {"Yb.us.pbe.z_34.ld1.psl.v1.0.0-high.upf": 0, "Yb.us.pbe.z_11.ld1.psl.v1.0.0-low.spdn.upf": 1, "Yb.us.pbe.z_10.ld1.psl.v1.0.0-low.spn.upf": 2, "Yb.paw.pbe.z_34.ld1.psl.v1.0.0-high.upf": 3, "Yb.paw.pbe.z_11.ld1.psl.v1.0.0-low.spdn.upf": 4, "Yb.paw.pbe.z_10.ld1.psl.v1.0.0-low.spn.upf": 5, "Yb.paw.pbe.z_24.atompaw.jth.v1.1-std.upf": 6, "Yb.paw.pbe.z_24.atompaw.wentzcovitch.v1.0.legacy.upf": 7}, "v_distance": {"0-1": {"eta_c": 17987.705615766386, "max_diff_c": 30563.02767192543, "shift_c": 24030.875000000025}, "0-2": {"eta_c": 15654.398668766189, "max_diff_c": 26401.126294125646, "shift_c": 23715.312500000025}, "0-3": {"eta_c": 6.9946086639117615, "max_diff_c": 10.913343190191016, "shift_c": 8.250000000000002}, "0-4": {"eta_c": 17987.562525755573, "max_diff_c": 30562.928235719963, "shift_c": 24030.625000000025}, "0-5": {"eta_c": 15653.703020001578, "max_diff_c": 26399.51999332685, "shift_c": 23714.687500000025}, "0-6": {"eta_c": 147.29583078424497, "max_diff_c": 208.01196589603026, "shift_c": 124.56250000000007}, "0-7": {"eta_c": 121.46992081566619, "max_diff_c": 191.92060229572576, "shift_c": 101.18750000000007}, "1-2": {"eta_c": 1438.6429965857774, "max_diff_c": 2735.4238923711337, "shift_c": -3044.250000000003}, "1-3": {"eta_c": 17992.415814265136, "max_diff_c": 30561.381205852755, "shift_c": 24029.937500000033}, "1-4": {"eta_c": 0.16381928088734377, "max_diff_c": 0.287754895082287, "shift_c": 0.25}, "1-5": {"eta_c": 1439.0792880340089, "max_diff_c": 2735.714719817443, "shift_c": -3044.812500000003}, "1-6": {"eta_c": 17997.116414080458, "max_diff_c": 30553.50506272561, "shift_c": 24035.125000000025}, "1-7": {"eta_c": 17997.773596133993, "max_diff_c": 30565.217589758628, "shift_c": 24025.12500000003}, "2-3": {"eta_c": 15651.880810665503, "max_diff_c": 26402.076138673252, "shift_c": 23712.18750000003}, "2-4": {"eta_c": 1438.4917402114843, "max_diff_c": 2735.1361374760518, "shift_c": -3044.000000000003}, "2-5": {"eta_c": 0.816365880963367, "max_diff_c": 1.6722807601477143, "shift_c": 0.5625000000000001}, "2-6": {"eta_c": 15661.950408372457, "max_diff_c": 26408.609690838464, "shift_c": 23705.12500000003}, "2-7": {"eta_c": 15665.866078426343, "max_diff_c": 26424.137677673243, "shift_c": 23690.18750000003}, "3-4": {"eta_c": 17992.272708341763, "max_diff_c": 30561.28176964729, "shift_c": 24029.68750000003}, "3-5": {"eta_c": 15651.185297056041, "max_diff_c": 26400.469837874454, "shift_c": 23711.56250000003}, "3-6": {"eta_c": 154.47837216818772, "max_diff_c": 215.73951878987205, "shift_c": 130.50000000000009}, "3-7": {"eta_c": 128.5943762843791, "max_diff_c": 199.64822225374573, "shift_c": 107.12500000000007}, "4-5": {"eta_c": 1438.928050758066, "max_diff_c": 2735.426964922361, "shift_c": -3044.562500000003}, "4-6": {"eta_c": 17996.97326985994, "max_diff_c": 30553.40562652014, "shift_c": 24034.87500000003}, "4-7": {"eta_c": 17997.630387746955, "max_diff_c": 30565.055653553158, "shift_c": 24024.93750000003}, "5-6": {"eta_c": 15661.257490037347, "max_diff_c": 26407.00287960487, "shift_c": 23704.500000000025}, "5-7": {"eta_c": 15665.172107854822, "max_diff_c": 26422.531376874453, "shift_c": 23689.562500000022}, "6-7": {"eta_c": 27.59590665139393, "max_diff_c": 67.15451384442724, "shift_c": 23.375000000000007}}, "v10_distance": {"0-1": {"eta_c": 17391.14378835339, "max_diff_c": 43489.52767192545, "shift_c": 11104.375000000011}, "0-2": {"eta_c": 15812.710319759031, "max_diff_c": 39559.62629412566, "shift_c": 10556.812500000013}, "0-3": {"eta_c": 6.3520000548550755, "max_diff_c": 9.600843190191018, "shift_c": 6.937500000000003}, "0-4": {"eta_c": 17391.0164452429, "max_diff_c": 43489.30323571997, "shift_c": 11104.250000000011}, "0-5": {"eta_c": 15812.079108383683, "max_diff_c": 39557.51999332687, "shift_c": 10556.687500000011}, "0-6": {"eta_c": 122.66630586290043, "max_diff_c": 362.0175517350477, "shift_c": 95.43750000000006}, "0-7": {"eta_c": 97.93300766985023, "max_diff_c": 213.60810229572576, "shift_c": 79.50000000000004}, "1-2": {"eta_c": 1370.363451379628, "max_diff_c": 2462.6293634308167, "shift_c": -2040.3750000000018}, "1-3": {"eta_c": 17389.621662789104, "max_diff_c": 43483.38120585277, "shift_c": 11107.937500000011}, "1-4": {"eta_c": 0.15533643605592878, "max_diff_c": 0.24052669300959906, "shift_c": 0.125}, "1-5": {"eta_c": 1370.8155437971998, "max_diff_c": 2464.7391441909645, "shift_c": -2040.500000000002}, "1-6": {"eta_c": 17418.24210440449, "max_diff_c": 43519.75506272562, "shift_c": 11068.875000000013}, "1-7": {"eta_c": 17411.56159342592, "max_diff_c": 43524.15508975864, "shift_c": 11066.187500000013}, "2-3": {"eta_c": 15811.347099056527, "max_diff_c": 39553.26363867327, "shift_c": 10561.000000000011}, "2-4": {"eta_c": 1370.2118180684577, "max_diff_c": 2462.4664482311828, "shift_c": -2040.1875000000018}, "2-5": {"eta_c": 0.6947876848940638, "max_diff_c": 2.1097807601477143, "shift_c": 0.125}, "2-6": {"eta_c": 15848.14965877016, "max_diff_c": 39584.98469083848, "shift_c": 10528.750000000011}, "2-7": {"eta_c": 15837.822487379675, "max_diff_c": 39597.887677673265, "shift_c": 10516.437500000011}, "3-4": {"eta_c": 17389.494302888903, "max_diff_c": 43483.15676964731, "shift_c": 11107.812500000013}, "3-5": {"eta_c": 15810.715928142312, "max_diff_c": 39551.21983787447, "shift_c": 10560.812500000011}, "3-6": {"eta_c": 128.45660919413282, "max_diff_c": 368.8550488871918, "shift_c": 100.68750000000007}, "3-7": {"eta_c": 103.7306752330228, "max_diff_c": 222.02322225374576, "shift_c": 84.75000000000004}, "4-5": {"eta_c": 1370.6639188737468, "max_diff_c": 2464.5762289913305, "shift_c": -2040.312500000002}, "4-6": {"eta_c": 17418.114772577785, "max_diff_c": 43519.53062652015, "shift_c": 11068.750000000013}, "4-7": {"eta_c": 17411.43440469148, "max_diff_c": 43523.93065355317, "shift_c": 11066.062500000013}, "5-6": {"eta_c": 15847.517496782242, "max_diff_c": 39582.94037960488, "shift_c": 10528.562500000013}, "5-7": {"eta_c": 15837.190575427065, "max_diff_c": 39595.84387687446, "shift_c": 10516.250000000013}, "6-7": {"eta_c": 30.728068671884568, "max_diff_c": 178.09451186615868, "shift_c": 15.875000000000004}}}