{"pseudos": {"Zn.nc.pbe.z_20.oncvpsp3.dojo.v0.4.1-std.upf": 0, "Zn.nc.pbe.z_20.oncvpsp3.dojo.v0.4.1-str.upf": 1, "Zn.nc.pbe.z_20.oncvpsp4.spms.v1.upf": 2, "Zn.nc.pbe.z_20.oncvpsp4.sg15.v0.upf": 3, "Zn.us.pbe.z_20.uspp.gbrv.v1.upf": 4, "Zn.us.pbe.z_20.ld1.psl.v1.0.0-high.upf": 5, "Zn.us.pbe.z_12.ld1.psl.v1.0.0-low.upf": 6, "Zn.paw.pbe.z_20.ld1.psl.v1.0.0-high.upf": 7, "Zn.paw.pbe.z_12.ld1.psl.v1.0.0-low.upf": 8, "Zn.paw.pbe.z_12.atompaw.jth.v1.1-std.upf": 9}, "v_distance": {"0-1": {"eta_c": 2.5249434743338038e-05, "max_diff_c": 3.61591503406089e-05, "shift_c": 0.0}, "0-2": {"eta_c": 7.951359683907628, "max_diff_c": 20.614658413531576, "shift_c": 14.562500000000002}, "0-3": {"eta_c": 3.124045268577962, "max_diff_c": 10.949206495844184, "shift_c": 9.000000000000004}, "0-4": {"eta_c": 8.868245521063404, "max_diff_c": 25.247760546362137, "shift_c": -23.437500000000007}, "0-5": {"eta_c": 10.85877869180895, "max_diff_c": 37.10674889870915, "shift_c": -25.062500000000007}, "0-6": {"eta_c": 1.9480992624836075, "max_diff_c": 8.288887415106773, "shift_c": 6.750000000000003}, "0-7": {"eta_c": 10.870478649475963, "max_diff_c": 38.71814284380772, "shift_c": -27.06250000000001}, "0-8": {"eta_c": 2.8064040736027933, "max_diff_c": 10.61127741126856, "shift_c": -3.6250000000000004}, "0-9": {"eta_c": 13.491451282584556, "max_diff_c": 36.49243973993975, "shift_c": 33.81250000000001}, "1-2": {"eta_c": 7.951360615509044, "max_diff_c": 20.614660911542263, "shift_c": 14.562500000000002}, "1-3": {"eta_c": 3.1240377400603347, "max_diff_c": 10.949208993854871, "shift_c": 9.000000000000004}, "1-4": {"eta_c": 8.868245883078421, "max_diff_c": 25.24775462798346, "shift_c": -23.437500000000007}, "1-5": {"eta_c": 10.858777772205531, "max_diff_c": 37.106746462679105, "shift_c": -25.062500000000007}, "1-6": {"eta_c": 1.9481043290396625, "max_diff_c": 8.288881830125407, "shift_c": 6.750000000000003}, "1-7": {"eta_c": 10.870478168189171, "max_diff_c": 38.718140407777675, "shift_c": -27.06250000000001}, "1-8": {"eta_c": 2.80639893122338, "max_diff_c": 10.611279935215833, "shift_c": -3.6250000000000004}, "1-9": {"eta_c": 13.491456720023049, "max_diff_c": 36.4924373039097, "shift_c": 33.81250000000001}, "2-3": {"eta_c": 7.4076042927661465, "max_diff_c": 13.181460077238059, "shift_c": -5.562500000000002}, "2-4": {"eta_c": 16.728276633747214, "max_diff_c": 41.42132697608301, "shift_c": -38.000000000000014}, "2-5": {"eta_c": 18.75434072663061, "max_diff_c": 51.40494150180873, "shift_c": -39.62500000000001}, "2-6": {"eta_c": 9.767468114450553, "max_diff_c": 26.425304486105603, "shift_c": 24.875}, "2-7": {"eta_c": 18.72257864351392, "max_diff_c": 53.0163354469073, "shift_c": -41.62500000000001}, "2-8": {"eta_c": 5.445272173850632, "max_diff_c": 15.706944218943152, "shift_c": 14.437500000000002}, "2-9": {"eta_c": 21.469047999294506, "max_diff_c": 60.59515426465469, "shift_c": 51.87500000000002}, "3-4": {"eta_c": 10.781087336951929, "max_diff_c": 34.26730180159476, "shift_c": -32.43750000000001}, "3-5": {"eta_c": 12.351547743423998, "max_diff_c": 46.3577237554852, "shift_c": -34.06250000000001}, "3-6": {"eta_c": 5.061132800521893, "max_diff_c": 15.53591660979153, "shift_c": 14.312500000000002}, "3-7": {"eta_c": 12.439877262539834, "max_diff_c": 47.96911770058378, "shift_c": -36.062500000000014}, "3-8": {"eta_c": 1.140281609803704, "max_diff_c": 4.629450388826968, "shift_c": 3.937500000000001}, "3-9": {"eta_c": 16.733674497823333, "max_diff_c": 45.92970234696728, "shift_c": 41.31250000000001}, "4-5": {"eta_c": 2.9976236892855015, "max_diff_c": 17.71117206312394, "shift_c": -1.6875000000000002}, "4-6": {"eta_c": 8.325196882891625, "max_diff_c": 22.36400249151993, "shift_c": -19.625000000000004}, "4-7": {"eta_c": 2.7042927185613608, "max_diff_c": 19.26006600822251, "shift_c": -3.6250000000000004}, "4-8": {"eta_c": 12.699605419641285, "max_diff_c": 34.55895987265898, "shift_c": -30.000000000000007}, "4-9": {"eta_c": 3.53155074382795, "max_diff_c": 14.034362904354541, "shift_c": 7.375000000000003}, "5-6": {"eta_c": 9.222368563146887, "max_diff_c": 35.559088567185434, "shift_c": -22.937500000000007}, "5-7": {"eta_c": 1.620294869403551, "max_diff_c": 4.239968197135681, "shift_c": -2.0}, "5-8": {"eta_c": 13.548043458787122, "max_diff_c": 47.103385668427386, "shift_c": -33.37500000000001}, "5-9": {"eta_c": 3.226524176219569, "max_diff_c": 16.078650242486034, "shift_c": 4.062500000000001}, "6-7": {"eta_c": 9.953261187263669, "max_diff_c": 37.107982512284, "shift_c": -24.875000000000007}, "6-8": {"eta_c": 4.378930633933905, "max_diff_c": 12.246176707762602, "shift_c": 10.375000000000002}, "6-9": {"eta_c": 11.784829728587551, "max_diff_c": 34.77233310878601, "shift_c": -27.00000000000001}, "7-8": {"eta_c": 14.282991553156588, "max_diff_c": 48.589779613525955, "shift_c": -35.25000000000001}, "7-9": {"eta_c": 2.6950695067954227, "max_diff_c": 14.080500578849865, "shift_c": 2.1250000000000004}, "8-9": {"eta_c": 16.156159718547777, "max_diff_c": 47.01506609764036, "shift_c": -37.375000000000014}}, "v10_distance": {"0-1": {"eta_c": 2.3162234081371412e-05, "max_diff_c": 3.61591503406089e-05, "shift_c": 0.0}, "0-2": {"eta_c": 8.448882033387253, "max_diff_c": 18.802158413531576, "shift_c": 12.750000000000004}, "0-3": {"eta_c": 3.977689249076773, "max_diff_c": 9.761706495844182, "shift_c": 7.812500000000002}, "0-4": {"eta_c": 13.046055332919904, "max_diff_c": 30.155354297204205, "shift_c": -18.875000000000007}, "0-5": {"eta_c": 15.031262962341096, "max_diff_c": 43.09425018101141, "shift_c": -20.187500000000004}, "0-6": {"eta_c": 4.854329307830968, "max_diff_c": 21.405843044116693, "shift_c": 4.312500000000001}, "0-7": {"eta_c": 15.628087042993535, "max_diff_c": 44.530949205711984, "shift_c": -21.812500000000007}, "0-8": {"eta_c": 2.8062865660717016, "max_diff_c": 11.70330320284853, "shift_c": -3.3750000000000004}, "0-9": {"eta_c": 18.74117262937619, "max_diff_c": 28.11743973993974, "shift_c": 25.4375}, "1-2": {"eta_c": 8.448879352390493, "max_diff_c": 18.802160911542263, "shift_c": 12.750000000000004}, "1-3": {"eta_c": 3.9776795488122034, "max_diff_c": 9.76170899385487, "shift_c": 7.812500000000002}, "1-4": {"eta_c": 13.046061155194785, "max_diff_c": 30.1553496717735, "shift_c": -18.875000000000007}, "1-5": {"eta_c": 15.031267619507195, "max_diff_c": 43.09424692670081, "shift_c": -20.187500000000004}, "1-6": {"eta_c": 4.854335905266848, "max_diff_c": 21.405839789806095, "shift_c": 4.312500000000001}, "1-7": {"eta_c": 15.628092165437778, "max_diff_c": 44.530945951401385, "shift_c": -21.812500000000007}, "1-8": {"eta_c": 2.8062818572681922, "max_diff_c": 11.703299948537932, "shift_c": -3.3750000000000004}, "1-9": {"eta_c": 18.74118004717847, "max_diff_c": 28.117437303909696, "shift_c": 25.4375}, "2-3": {"eta_c": 6.950896565310886, "max_diff_c": 12.556460077238059, "shift_c": -4.937500000000001}, "2-4": {"eta_c": 20.951706742465475, "max_diff_c": 40.4114218904518, "shift_c": -31.687500000000007}, "2-5": {"eta_c": 22.895974058106006, "max_diff_c": 44.71744150180873, "shift_c": -32.93750000000001}, "2-6": {"eta_c": 13.544899559306465, "max_diff_c": 23.83915097120137, "shift_c": 18.812500000000007}, "2-7": {"eta_c": 23.407049296950053, "max_diff_c": 45.9538354469073, "shift_c": -34.56250000000001}, "2-8": {"eta_c": 7.5496951390951255, "max_diff_c": 13.28560068805746, "shift_c": 11.125000000000004}, "2-9": {"eta_c": 28.06047581992626, "max_diff_c": 48.657654264654674, "shift_c": 39.93750000000001}, "3-4": {"eta_c": 16.22913920955304, "max_diff_c": 35.03011475556601, "shift_c": -26.75000000000001}, "3-5": {"eta_c": 17.862988957520876, "max_diff_c": 43.1437794464755, "shift_c": -28.000000000000004}, "3-6": {"eta_c": 8.116686677258034, "max_diff_c": 19.767872309580785, "shift_c": 10.437500000000002}, "3-7": {"eta_c": 18.52855754985249, "max_diff_c": 44.58047847117607, "shift_c": -29.625000000000007}, "3-8": {"eta_c": 2.391638798106897, "max_diff_c": 10.065332468312619, "shift_c": 2.750000000000001},