{"pseudos": ["DOJO-041-std-20", "DOJO-041-str-20", "SPMS-20", "SG15-20", "GBRV-1.X-20", "PSL-US-v1-high-20", "PSL-US-v1-low-12", "PSL-PAW-v1-high-20", "PSL-PAW-v1-low-12", "JTH-1.1-std-12"], "v_distance": {"eta_c": [[0.0, 2.5249434743338038e-05, 7.951359683907628, 3.124045268577962, 8.868245521063404, 10.85877869180895, 1.9480992624836075, 10.870478649475963, 2.8064040736027933, 13.491451282584556], [2.5249434743338038e-05, 0.0, 7.951360615509044, 3.1240377400603347, 8.868245883078421, 10.858777772205531, 1.9481043290396625, 10.870478168189171, 2.80639893122338, 13.491456720023049], [7.951359683907628, 7.951360615509044, 0.0, 7.4076042927661465, 16.728276633747214, 18.75434072663061, 9.767468114450553, 18.72257864351392, 5.445272173850632, 21.469047999294506], [3.124045268577962, 3.1240377400603347, 7.4076042927661465, 0.0, 10.781087336951929, 12.351547743423998, 5.061132800521893, 12.439877262539834, 1.140281609803704, 16.733674497823333], [8.868245521063404, 8.868245883078421, 16.728276633747214, 10.781087336951929, 0.0, 2.9976236892855015, 8.325196882891625, 2.7042927185613608, 12.699605419641285, 3.53155074382795], [10.85877869180895, 10.858777772205531, 18.75434072663061, 12.351547743423998, 2.9976236892855015, 0.0, 9.222368563146887, 1.620294869403551, 13.548043458787122, 3.226524176219569], [1.9480992624836075, 1.9481043290396625, 9.767468114450553, 5.061132800521893, 8.325196882891625, 9.222368563146887, 0.0, 9.953261187263669, 4.378930633933905, 11.784829728587551], [10.870478649475963, 10.870478168189171, 18.72257864351392, 12.439877262539834, 2.7042927185613608, 1.620294869403551, 9.953261187263669, 0.0, 14.282991553156588, 2.6950695067954227], [2.8064040736027933, 2.80639893122338, 5.445272173850632, 1.140281609803704, 12.699605419641285, 13.548043458787122, 4.378930633933905, 14.282991553156588, 0.0, 16.156159718547777], [13.491451282584556, 13.491456720023049, 21.469047999294506, 16.733674497823333, 3.53155074382795, 3.226524176219569, 11.784829728587551, 2.6950695067954227, 16.156159718547777, 0.0]], "max_diff_c": [[0.0, 3.61591503406089e-05, 20.614658413531576, 10.949206495844184, 25.247760546362137, 37.10674889870915, 8.288887415106773, 38.71814284380772, 10.61127741126856, 36.49243973993975], [3.61591503406089e-05, 0.0, 20.614660911542263, 10.949208993854871, 25.24775462798346, 37.106746462679105, 8.288881830125407, 38.718140407777675, 10.611279935215833, 36.4924373039097], [20.614658413531576, 20.614660911542263, 0.0, 13.181460077238059, 41.42132697608301, 51.40494150180873, 26.425304486105603, 53.0163354469073, 15.706944218943152, 60.59515426465469], [10.949206495844184, 10.949208993854871, 13.181460077238059, 0.0, 34.26730180159476, 46.3577237554852, 15.53591660979153, 47.96911770058378, 4.629450388826968, 45.92970234696728], [25.247760546362137, 25.24775462798346, 41.42132697608301, 34.26730180159476, 0.0, 17.71117206312394, 22.36400249151993, 19.26006600822251, 34.55895987265898, 14.034362904354541], [37.10674889870915, 37.106746462679105, 51.40494150180873, 46.3577237554852, 17.71117206312394, 0.0, 35.559088567185434, 4.239968197135681, 47.103385668427386, 16.078650242486034], [8.288887415106773, 8.288881830125407, 26.425304486105603, 15.53591660979153, 22.36400249151993, 35.559088567185434, 0.0, 37.107982512284, 12.246176707762602, 34.77233310878601], [38.71814284380772, 38.718140407777675, 53.0163354469073, 47.96911770058378, 19.26006600822251, 4.239968197135681, 37.107982512284, 0.0, 48.589779613525955, 14.080500578849865], [10.61127741126856, 10.611279935215833, 15.706944218943152, 4.629450388826968, 34.55895987265898, 47.103385668427386, 12.246176707762602, 48.589779613525955, 0.0, 47.01506609764036], [36.49243973993975, 36.4924373039097, 60.59515426465469, 45.92970234696728, 14.034362904354541, 16.078650242486034, 34.77233310878601, 14.080500578849865, 47.01506609764036, 0.0]], "shift_c": [[0.0, 0.0, 0.014562500000000003, 0.009000000000000005, -0.023437500000000007, -0.02506250000000001, 0.0067500000000000025, -0.02706250000000001, -0.0036250000000000006, 0.03381250000000001], [-0.0, 0.0, 0.014562500000000003, 0.009000000000000005, -0.023437500000000007, -0.02506250000000001, 0.0067500000000000025, -0.02706250000000001, -0.0036250000000000006, 0.03381250000000001], [-0.014562500000000003, -0.014562500000000003, 0.0, -0.0055625000000000015, -0.03800000000000001, -0.03962500000000001, 0.024875, -0.04162500000000001, 0.014437500000000002, 0.051875000000000025], [-0.009000000000000005, -0.009000000000000005, 0.0055625000000000015, 0.0, -0.03243750000000001, -0.03406250000000001, 0.014312500000000002, -0.03606250000000002, 0.003937500000000001, 0.04131250000000001], [0.023437500000000007, 0.023437500000000007, 0.03800000000000001, 0.03243750000000001, 0.0, -0.0016875000000000002, -0.019625000000000004, -0.0036250000000000006, -0.03000000000000001, 0.007375000000000003], [0.02506250000000001, 0.02506250000000001, 0.03962500000000001, 0.03406250000000001, 0.0016875000000000002, 0.0, -0.022937500000000006, -0.002, -0.03337500000000001, 0.004062500000000001], [-0.0067500000000000025, -0.0067500000000000025, -0.024875, -0.014312500000000002, 0.019625000000000004, 0.022937500000000006, 0.0, -0.024875000000000008, 0.010375000000000002, -0.02700000000000001], [0.02706250000000001, 0.02706250000000001, 0.04162500000000001, 0.03606250000000002, 0.0036250000000000006, 0.002, 0.024875000000000008, 0.0, -0.03525000000000001, 0.0021250000000000006], [0.0036250000000000006, 0.0036250000000000006, -0.014437500000000002, -0.003937500000000001, 0.03000000000000001, 0.03337500000000001, -0.010375000000000002, 0.03525000000000001, 0.0, -0.03737500000000001], [-0.03381250000000001, -0.03381250000000001, -0.051875000000000025, -0.04131250000000001, -0.007375000000000003, -0.004062500000000001, 0.02700000000000001, -0.0021250000000000006, 0.03737500000000001, 0.0]]}, "v10_distance": {"eta_c": [[0.0, 2.3162234081371412e-05, 8.448882033387253, 3.977689249076773, 13.046055332919904, 15.031262962341096, 4.854329307830968, 15.628087042993535, 2.8062865660717016, 18.74117262937619], [2.3162234081371412e-05, 0.0, 8.448879352390493, 3.9776795488122034, 13.046061155194785, 15.031267619507195, 4.854335905266848, 15.628092165437778, 2.8062818572681922, 18.74118004717847], [8.448882033387253, 8.448879352390493, 0.0, 6.950896565310886, 20.951706742465475, 22.895974058106006, 13.544899559306465, 23.407049296950053, 7.5496951390951255, 28.06047581992626], [3.977689249076773, 3.9776795488122034, 6.950896565310886, 0.0, 16.22913920955304, 17.862988957520876, 8.116686677258034, 18.52855754985249, 2.391638798106897, 22.481849709123807], [13.046055332919904, 13.046061155194785, 20.951706742465475, 16.22913920955304, 0.0, 3.722498568262202, 11.585427950586316, 3.776103042891163, 17.537847448088584, 3.697341930499066], [15.031262962341096, 15.031267619507195, 22.895974058106006, 17.862988957520876, 3.722498568262202, 0.0, 13.418012741182828, 1.6855699920138179, 19.370377765379164, 4.222470642983548], [4.854329307830968, 4.854335905266848, 13.544899559306465, 8.116686677258034, 11.585427950586316, 13.418012741182828, 0.0, 14.490277912290209, 6.0501763026420425, 14.669379352066036], [15.628087042993535, 15.628092165437778, 23.407049296950053, 18.52855754985249, 3.776103042891163, 1.6855699920138179, 14.490277912290209, 0.0, 20.45500824683192, 4.048187979884838], [2.8062865660717016, 2.8062818572681922, 7.5496951390951255, 2.391638798106897, 17.537847448088584, 19.370377765379164, 6.0501763026420425, 20.45500824683192, 0.0, 20.62255227428406], [18.74117262937619, 18.74118004717847, 28.06047581992626, 22.481849709123807, 3.697341930499066, 4.222470642983548, 14.669379352066036, 4.048187979884838, 20.62255227428406, 0.0]],