{"pseudos": ["DOJO-041-std-20", "DOJO-041-str-20", "SPMS-20", "SG15-20", "GBRV-1.X-20", "PSL-US-v1-high-20", "PSL-US-v1-low-12", "PSL-PAW-v1-high-20", "PSL-PAW-v1-low-12", "JTH-1.1-std-12"], "v_distance": {"eta": [[0.0, 2.5249434743338038e-05, 7.951359683907628, 3.124045268577962, 8.868245521063404, 10.85877869180895, 1.9480992624836075, 10.870478649475963, 2.8064040736027933, 13.491451282584556], [3.61591503406089e-05, 0.0, 7.951360615509044, 3.1240377400603347, 8.868245883078421, 10.858777772205531, 1.9481043290396625, 10.870478168189171, 2.80639893122338, 13.491456720023049], [20.614658413531576, 20.614660911542263, 0.0, 7.4076042927661465, 16.728276633747214, 18.75434072663061, 9.767468114450553, 18.72257864351392, 5.445272173850632, 21.469047999294506], [10.949206495844184, 10.949208993854871, 13.181460077238059, 0.0, 10.781087336951929, 12.351547743423998, 5.061132800521893, 12.439877262539834, 1.140281609803704, 16.733674497823333], [25.247760546362137, 25.24775462798346, 41.42132697608301, 34.26730180159476, 0.0, 2.9976236892855015, 8.325196882891625, 2.7042927185613608, 12.699605419641285, 3.53155074382795], [37.10674889870915, 37.106746462679105, 51.40494150180873, 46.3577237554852, 17.71117206312394, 0.0, 9.222368563146887, 1.620294869403551, 13.548043458787122, 3.226524176219569], [8.288887415106773, 8.288881830125407, 26.425304486105603, 15.53591660979153, 22.36400249151993, 35.559088567185434, 0.0, 9.953261187263669, 4.378930633933905, 11.784829728587551], [38.71814284380772, 38.718140407777675, 53.0163354469073, 47.96911770058378, 19.26006600822251, 4.239968197135681, 37.107982512284, 0.0, 14.282991553156588, 2.6950695067954227], [10.61127741126856, 10.611279935215833, 15.706944218943152, 4.629450388826968, 34.55895987265898, 47.103385668427386, 12.246176707762602, 48.589779613525955, 0.0, 16.156159718547777], [36.49243973993975, 36.4924373039097, 60.59515426465469, 45.92970234696728, 14.034362904354541, 16.078650242486034, 34.77233310878601, 14.080500578849865, 47.01506609764036, 0.0]], "shift": [[0.0, 0.0, 14.562500000000002, 9.000000000000004, -23.437500000000007, -25.062500000000007, 6.750000000000003, -27.06250000000001, -3.6250000000000004, 33.81250000000001], [-0.0, 0.0, 14.562500000000002, 9.000000000000004, -23.437500000000007, -25.062500000000007, 6.750000000000003, -27.06250000000001, -3.6250000000000004, 33.81250000000001], [-14.562500000000002, -14.562500000000002, 0.0, -5.562500000000002, -38.000000000000014, -39.62500000000001, 24.875, -41.62500000000001, 14.437500000000002, 51.87500000000002], [-9.000000000000004, -9.000000000000004, 5.562500000000002, 0.0, -32.43750000000001, -34.06250000000001, 14.312500000000002, -36.062500000000014, 3.937500000000001, 41.31250000000001], [23.437500000000007, 23.437500000000007, 38.000000000000014, 32.43750000000001, 0.0, -1.6875000000000002, -19.625000000000004, -3.6250000000000004, -30.000000000000007, 7.375000000000003], [25.062500000000007, 25.062500000000007, 39.62500000000001, 34.06250000000001, 1.6875000000000002, 0.0, -22.937500000000007, -2.0, -33.37500000000001, 4.062500000000001], [-6.750000000000003, -6.750000000000003, -24.875, -14.312500000000002, 19.625000000000004, 22.937500000000007, 0.0, -24.875000000000007, 10.375000000000002, -27.00000000000001], [27.06250000000001, 27.06250000000001, 41.62500000000001, 36.062500000000014, 3.6250000000000004, 2.0, 24.875000000000007, 0.0, -35.25000000000001, 2.1250000000000004], [3.6250000000000004, 3.6250000000000004, -14.437500000000002, -3.937500000000001, 30.000000000000007, 33.37500000000001, -10.375000000000002, 35.25000000000001, 0.0, -37.375000000000014], [-33.81250000000001, -33.81250000000001, -51.87500000000002, -41.31250000000001, -7.375000000000003, -4.062500000000001, 27.00000000000001, -2.1250000000000004, 37.375000000000014, 0.0]]}, "v10_distance": {"eta": [[0.0, 2.3162234081371412e-05, 8.448882033387253, 3.977689249076773, 13.046055332919904, 15.031262962341096, 4.854329307830968, 15.628087042993535, 2.8062865660717016, 18.74117262937619], [3.61591503406089e-05, 0.0, 8.448879352390493, 3.9776795488122034, 13.046061155194785, 15.031267619507195, 4.854335905266848, 15.628092165437778, 2.8062818572681922, 18.74118004717847], [18.802158413531576, 18.802160911542263, 0.0, 6.950896565310886, 20.951706742465475, 22.895974058106006, 13.544899559306465, 23.407049296950053, 7.5496951390951255, 28.06047581992626], [9.761706495844182, 9.76170899385487, 12.556460077238059, 0.0, 16.22913920955304, 17.862988957520876, 8.116686677258034, 18.52855754985249, 2.391638798106897, 22.481849709123807], [30.155354297204205, 30.1553496717735, 40.4114218904518, 35.03011475556601, 0.0, 3.722498568262202, 11.585427950586316, 3.776103042891163, 17.537847448088584, 3.697341930499066], [43.09425018101141, 43.09424692670081, 44.71744150180873, 43.1437794464755, 25.636487649829647, 0.0, 13.418012741182828, 1.6855699920138179, 19.370377765379164, 4.222470642983548], [21.405843044116693, 21.405839789806095, 23.83915097120137, 19.767872309580785, 24.572577452234263, 29.49658856718543, 0.0, 14.490277912290209, 6.0501763026420425, 14.669379352066036], [44.530949205711984, 44.530945951401385, 45.9538354469073, 44.58047847117607, 27.07318667453022, 4.614968197135681, 30.545482512284003, 0.0, 20.45500824683192, 4.048187979884838], [11.70330320284853, 11.703299948537932, 13.28560068805746, 10.065332468312619, 31.010281580025627, 38.353385668427386, 11.148001821965781, 39.339779613525955, 0.0, 20.62255227428406], [28.11743973993974, 28.117437303909696, 48.657654264654674, 36.17970234696728, 13.22186290435454, 20.927483538406577, 28.897333108786004, 22.114182504821326, 38.45256609764035, 0.0]], "shift": [[0.0, 0.0, 12.750000000000004, 7.812500000000002, -18.875000000000007, -20.187500000000004, 4.312500000000001, -21.812500000000007, -3.3750000000000004, 25.4375], [-0.0, 0.0, 12.750000000000004, 7.812500000000002, -18.875000000000007, -20.187500000000004, 4.312500000000001, -21.812500000000007, -3.3750000000000004, 25.4375], [-12.750000000000004, -12.750000000000004, 0.0, -4.937500000000001, -31.687500000000007, -32.93750000000001, 18.812500000000007, -34.56250000000001, 11.125000000000004, 39.93750000000001], [-7.812500000000002, -7.812500000000002, 4.937500000000001, 0.0, -26.75000000000001, -28.000000000000004, 10.437500000000002, -29.625000000000007, 2.750000000000001, 31.562500000000007], [18.875000000000007, 18.875000000000007, 31.687500000000007, 26.75000000000001, 0.0, -1.25, -14.562500000000005, -2.875, -22.250000000000007, 6.562500000000003], [20.187500000000004, 20.187500000000004, 32.93750000000001, 28.000000000000004, 1.25, 0.0, -16.875000000000004, -1.6250000000000002, -24.625000000000007, 4.187500000000001], [-4.312500000000001, -4.312500000000001, -18.812500000000007, -10.437500000000002, 14.562500000000005, 16.875000000000004, 0.0, -18.312500000000007, 7.6875000000000036, -21.125000000000004], [21.812500000000007, 21.812500000000007, 34.56250000000001, 29.625000000000007, 2.875, 1.6250000000000002, 18.312500000000007, 0.0, -26.00000000000001, 2.812500000000001], [3.3750000000000004, 3.3750000000000004, -11.125000000000004, -2.750000000000001, 22.250000000000007, 24.625000000000007, -7.6875000000000036, 26.00000000000001, 0.0, -28.812500000000004], [-25.4375, -25.4375, -39.93750000000001, -31.562500000000007, -6.562500000000003, -4.187500000000001, 21.125000000000004, -2.812500000000001, 28.812500000000004, 0.0]]}}