{"pseudos": ["PSL-US-v1-high (Z=17)", "PSL-PAW-v1-high (Z=17)", "MARBURG (Z=17)"], "average": {"grid": {"eta": [[0.0, 2.8353806327399176, 27.754937199775192], [1.8487479661049264, 0.0, 25.826082546718474], [26.399337289816078, 25.662942520457907, 0.0]], "shift": [[0.0, 0.4375, 24.125], [2.4375000000000004, 0.0, 22.625000000000007], [34.00000000000001, 30.687500000000007, 0.0]]}, "path": {"eta": [[0.0, 3.4308917021667176, 2.7754937199775194], [2.517958643289277, 0.0, 2.5826082546718476], [2.6399337289816076, 2.5662942520457905, 0.0]], "shift": [[0.0, 0.4375, 2.4125], [2.3750000000000004, 0.0, 2.2625000000000006], [3.400000000000001, 3.0687500000000005, 0.0]]}}, "maximum": {"grid": {"eta": [[0.0, 9.637151900210881, 49.44223806107013], [11.479174259705701, 0.0, 46.990588350213635], [45.24284205401339, 38.928088350213635, 0.0]], "shift": [[0.0, -0.4375, -24.125], [-2.4375000000000004, 0.0, -22.625000000000007], [-34.00000000000001, -30.687500000000007, 0.0]]}, "path": {"eta": [[0.0, 9.921398281317238, 4.944223806107013], [11.858898281317238, 0.0, 4.699058835021363], [4.524284205401338, 3.8928088350213637, 0.0]], "shift": [[0.0, -0.4375, -2.4125], [-2.3750000000000004, 0.0, -2.2625000000000006], [-3.400000000000001, -3.0687500000000005, 0.0]]}}}