{"pseudos": ["PSL-US-v1-high-17", "PSL-PAW-v1-high-17", "MARBURG-17"], "v_distance": {"grid": {"eta": [[0.0, 1.8487479661049264, 26.399337289816078], [11.479174259705701, 0.0, 25.662942520457907], [45.24284205401339, 38.928088350213635, 0.0]], "shift": [[0.0, 2.4375000000000004, 34.00000000000001], [-2.4375000000000004, 0.0, 30.687500000000007], [-34.00000000000001, -30.687500000000007, 0.0]]}, "path": {"eta": [[0.0, 2.517958643289277, 2.6399337289816076], [11.858898281317238, 0.0, 2.5662942520457905], [4.524284205401338, 3.8928088350213637, 0.0]], "shift": [[0.0, 2.3750000000000004, 3.400000000000001], [-2.3750000000000004, 0.0, 3.0687500000000005], [-3.400000000000001, -3.0687500000000005, 0.0]]}}, "v10_distance": {"grid": {"eta": [[0.0, 2.8353806327399176, 27.754937199775192], [9.637151900210881, 0.0, 25.826082546718474], [49.44223806107013, 46.990588350213635, 0.0]], "shift": [[0.0, 0.4375, 24.125], [-0.4375, 0.0, 22.625000000000007], [-24.125, -22.625000000000007, 0.0]]}, "path": {"eta": [[0.0, 3.4308917021667176, 2.7754937199775194], [9.921398281317238, 0.0, 2.5826082546718476], [4.944223806107013, 4.699058835021363, 0.0]], "shift": [[0.0, 0.4375, 2.4125], [-0.4375, 0.0, 2.2625000000000006], [-2.4125, -2.2625000000000006, 0.0]]}}}