{"pseudos": ["DOJO-041-std (Z=8)", "SPMS (Z=8)", "PSL-US-v1-high (Z=8)", "PSL-US-v1-low (Z=8)", "PSL-US-v0.x (Z=8)", "PSL-PAW-v0.x (Z=8)", "PSL-PAW-v1-high (Z=8)", "PSL-PAW-v1-low (Z=8)", "JTH-1.1-std (Z=8)"], "v_distance": {"grid": {"eta": [[0.0, 0.01903045347844357, 0.030511819211938, 0.039701744080352715, 0.02280131327823789, 0.03016506595240534, 0.02984825673306561, 0.030981169710943522, 0.04327727411178887], [0.020343834096415558, 0.0, 0.03707857834409452, 0.03580539687065467, 0.024486205085316782, 0.030724879579248174, 0.031181648019820055, 0.028823708318812626, 0.04637566647639043], [0.06519434110016675, 0.08423756341475297, 0.0, 0.023540255950537662, 0.013136391936058046, 0.021635255619735217, 0.009645005935614836, 0.015584870780871321, 0.01786425585416571], [0.08684312946656547, 0.06424773818856976, 0.03501461816045293, 0.0, 0.031133698016474972, 0.010414716688248067, 0.02986485851463143, 0.02426523434280223, 0.031910244644410675], [0.039889756449376534, 0.05893297876396271, 0.025315959072194964, 0.04386617858701669, 0.0, 0.029025143905523295, 0.007498565462839634, 0.008932597055355858, 0.0237528746007199], [0.06838343234959865, 0.05343507104855409, 0.03496478675626236, 0.02112726638999618, 0.02944648890560586, 0.0, 0.030051911529576706, 0.028857325549791122, 0.033563858099028114], [0.052251176854895214, 0.07129439916948144, 0.012943164245271532, 0.033948071801397355, 0.012749212341830692, 0.04219570089482972, 0.0, 0.006439052004403594, 0.01897835388480422], [0.054564889797013905, 0.0619615791294237, 0.023094665592076062, 0.02798018337912822, 0.01589486102530202, 0.04273765896408577, 0.010976435010405787, 0.0, 0.0203953098910605], [0.10409681426312017, 0.12314003657770689, 0.038902473162953644, 0.05746139564510172, 0.06420705781374353, 0.056655989242787586, 0.051845637408225176, 0.06117845744828265, 0.0]], "shift": [[0.0, -0.5625000000000001, -0.25, 0.125, 0.125, 0.1875, -0.25, 0.0625, -26.68750000000001], [0.5625000000000001, 0.0, 0.3125, 0.625, 0.6875, 0.6875, 0.3125, 0.625, -26.12500000000001], [0.25, -0.3125, 0.0, 0.375, 0.375, 0.4375, 0.0, 0.3125, -26.43750000000001], [-0.125, -0.625, -0.375, 0.0, 0.0625, 0.0625, -0.3125, 0.0, -26.81250000000001], [-0.125, -0.6875, -0.375, -0.0625, 0.0, 0.0625, -0.375, -0.0625, -26.81250000000001], [-0.1875, -0.6875, -0.4375, -0.0625, -0.0625, 0.0, -0.4375, -0.0625, -26.87500000000001], [0.25, -0.3125, -0.0, 0.3125, 0.375, 0.4375, 0.0, 0.3125, -26.43750000000001], [-0.0625, -0.625, -0.3125, -0.0, 0.0625, 0.0625, -0.3125, 0.0, -26.75000000000001], [26.68750000000001, 26.12500000000001, 26.43750000000001, 26.81250000000001, 26.81250000000001, 26.87500000000001, 26.43750000000001, 26.75000000000001, 0.0]]}, "path": {"eta": [[0.0, 0.026975765190269584, 0.0300960122425233, 0.043100499806692075, 0.04137889823314842, 0.043764172007095564, 0.03524087799702406, 0.04480859662262028, 0.052866996908692315], [0.03105383339479313, 0.0, 0.0417870854682558, 0.03687243247050795, 0.03270066780343854, 0.03221226038255294, 0.02709580266489256, 0.03149891882627223, 0.046302539187448255], [0.06948105673300374, 0.0646759550318734, 0.0, 0.019970172484821275, 0.03298682937485481, 0.02935988685611425, 0.026196077890515087, 0.02764643567769135, 0.028853762956208007], [0.10356492046230414, 0.06624017072304157, 0.037012127738350394, 0.0, 0.02199412700886779, 0.01707755670015517, 0.0199678021258136, 0.009364259485890408, 0.014744150507648768], [0.08657151925017814, 0.11093649916054456, 0.057316136467214555, 0.04568195844178292, 0.0, 0.010022478588994577, 0.01691273547655079, 0.01600311448020674, 0.026252675472965604], [0.13636830549046408, 0.09826071630815393, 0.06741861616442436, 0.034052773427426075, 0.012703213759714062, 0.0, 0.02072858334050789, 0.015102557586485444, 0.023565596250431614], [0.054196896657629175, 0.06409695636239832, 0.030007868544679184, 0.02779815515908268, 0.0476296984688176, 0.04026375948889437, 0.0, 0.010999269939655365, 0.02684266339205572], [0.06818287535073608, 0.06716209482839731, 0.04274656351554285, 0.01267590486294523, 0.04492219375476481, 0.036108915534967416, 0.015203862578403001, 0.0, 0.01814231932303138], [0.14747390371679103, 0.10898497476760638, 0.07837598724375061, 0.044193505119222154, 0.05927488605620562, 0.07156136509185729, 0.05345564809398212, 0.043433740432204104, 0.0]], "shift": [[0.0, -0.6875, -0.375, -0.125, 0.0, 0.0, -0.375, -0.25, -26.50000000000001], [0.6875, 0.0, 0.25, 0.5, 0.6875, 0.625, 0.3125, 0.4375, -25.87500000000001], [0.375, -0.25, 0.0, 0.25, 0.375, 0.375, 0.0, 0.1875, -26.12500000000001], [0.125, -0.5, -0.25, 0.0, 0.1875, 0.125, -0.1875, -0.0625, -26.37500000000001], [-0.0, -0.6875, -0.375, -0.1875, 0.0, -0.0625, -0.375, -0.25, -26.56250000000001], [-0.0, -0.625, -0.375, -0.125, 0.0625, 0.0, -0.3125, -0.1875, -26.50000000000001], [0.375, -0.3125, -0.0, 0.1875, 0.375, 0.3125, 0.0, 0.125, -26.18750000000001], [0.25, -0.4375, -0.1875, 0.0625, 0.25, 0.1875, -0.125, 0.0, -26.31250000000001], [26.50000000000001, 25.87500000000001, 26.12500000000001, 26.37500000000001, 26.56250000000001, 26.50000000000001, 26.18750000000001, 26.31250000000001, 0.0]]}}, "v10_distance": {"grid": {"eta": [[0.0, 0.025663392004306815, 0.3964998467128039, 1.1305981924081965, 0.07797451857168489, 0.08259045836212968, 0.38522176567964284, 1.1134653501035574, 16.557521736521018], [0.07126222389251076, 0.0, 0.40675004417539684, 1.1396778375051555, 0.08854836761708476, 0.08975093018255348, 0.39457169473700265, 1.1227990332343183, 16.557451752334966], [1.2070507821911676, 1.2783130060836783, 0.0, 0.7764917772635636, 0.34512159647899227, 0.3395691453131652, 0.019827960621246386, 0.7622362792788647, 16.75692253155726], [4.167916665742247, 4.239178889634758, 2.9608658835510795, 0.0, 1.0631143157948202, 1.0576560784950912, 0.7841240305041508, 0.025808455715043106, 16.743775535353883], [0.3238607545486687, 0.3326229784411794, 1.1015588433851633, 3.906555911193578, 0.0, 0.031361601890463706, 0.33430021724880893, 1.0461640621426525, 16.5434783108012], [0.3097660223675831, 0.3777706449066755, 1.1241862461579757, 3.861408244728082, 0.034006324099777885, 0.0, 0.3274108352079932, 1.0405504194921782, 16.54579592712465], [1.1693953375976136, 1.2406575614901243, 0.04838418448471771, 2.9985213281446335, 1.1300733679983637, 1.090200770771176, 0.0, 0.7699340711238547, 16.747992418756535], [4.136955452004557, 4.2082176758970675, 2.9299046698133893, 0.04568671767657406, 3.813094697455888, 3.830447030990392, 2.9675601144069432, 0.0, 16.727573636060807], [107.69305142033143, 107.66634092797753, 108.16163226250758, 106.18722831113655, 107.39193597060815, 107.42604348956988, 108.11441638038438, 106.14172694217768, 0.0]], "shift": [[0.0, -0.5625000000000001, -0.4375, -0.375, 0.125, 0.125, -0.4375, -0.375, -21.750000000000007], [0.5625000000000001, 0.0, 0.125, 0.1875, 0.625, 0.6875, 0.125, 0.1875, -21.187500000000004], [0.4375, -0.125, 0.0, 0.0625, 0.5625000000000001, 0.5625000000000001, 0.0, 0.0625, -21.312500000000004], [0.375, -0.1875, -0.0625, 0.0, 0.4375, 0.5, -0.0625, 0.0, -21.375000000000004], [-0.125, -0.625, -0.5625000000000001, -0.4375, 0.0, 0.0, -0.5, -0.5, -21.812500000000007], [-0.125, -0.6875, -0.5625000000000001, -0.5, -0.0, 0.0, -0.5625000000000001, -0.5, -21.875000000000007], [0.4375, -0.125, -0.0, 0.0625, 0.5, 0.5625000000000001, 0.0, 0.0625, -21.312500000000004], [0.375, -0.1875, -0.0625, -0.0, 0.5, 0.5, -0.0625, 0.0, -21.375000000000004], [21.750000000000007, 21.187500000000004, 21.312500000000004, 21.375000000000004, 21.812500000000007, 21.875000000000007, 21.312500000000004, 21.375000000000004, 0.0]]},