{"pseudos": ["PSL-US-v1-high (Z=17)", "PSL-PAW-v1-high (Z=17)", "JTH-1.1-std (Z=7)"], "average": {"grid": {"eta": [[0.0, 3.072031479875626, 57.86119018093587], [0.30486873776834716, 0.0, 55.60298674264419], [6.444531555887913, 6.354268321641243, 0.0]], "shift": [[0.0, 0.625, 18.062500000000007], [-0.5625000000000001, 0.0, 18.687500000000007], [5.000000000000001, 4.437500000000002, 0.0]]}, "path": {"eta": [[0.0, 3.1353129792560797, 67.53139208955616], [0.3048953602445103, 0.0, 65.3036233249982], [9.79545093373306, 9.609661190373995, 0.0]], "shift": [[0.0, 0.1875, 26.937500000000004], [-0.5625000000000001, 0.0, 27.125000000000004], [3.937500000000001, 3.4375000000000013, 0.0]]}}, "maximum": {"grid": {"eta": [[0.0, 16.114687636869505, 276.85219380846684], [0.7489389499379727, 0.0, 261.9613461614772], [19.644420492346377, 18.895481542408405, 0.0]], "shift": [[0.0, -0.625, -18.062500000000007], [0.5625000000000001, 0.0, -18.687500000000007], [-5.000000000000001, -4.437500000000002, 0.0]]}, "path": {"eta": [[0.0, 19.906156306363172, 356.7730476737882], [0.7650630956605796, 0.0, 336.866891367425], [18.58484448163707, 17.882281386001363, 0.0]], "shift": [[0.0, -0.1875, -26.937500000000004], [0.5625000000000001, 0.0, -27.125000000000004], [-3.937500000000001, -3.4375000000000013, 0.0]]}}}