{"pseudos": ["PSL-US-v1-high-17", "PSL-PAW-v1-high-17", "JTH-1.1-std-7"], "v_distance": {"grid": {"eta": [[0.0, 0.30486873776834716, 6.444531555887913], [0.7489389499379727, 0.0, 6.354268321641243], [19.644420492346377, 18.895481542408405, 0.0]], "shift": [[0.0, -0.5625000000000001, 5.000000000000001], [0.5625000000000001, 0.0, 4.437500000000002], [-5.000000000000001, -4.437500000000002, 0.0]]}, "path": {"eta": [[0.0, 0.3048953602445103, 9.79545093373306], [0.7650630956605796, 0.0, 9.609661190373995], [18.58484448163707, 17.882281386001363, 0.0]], "shift": [[0.0, -0.5625000000000001, 3.937500000000001], [0.5625000000000001, 0.0, 3.4375000000000013], [-3.937500000000001, -3.4375000000000013, 0.0]]}}, "v10_distance": {"grid": {"eta": [[0.0, 3.072031479875626, 57.86119018093587], [16.114687636869505, 0.0, 55.60298674264419], [276.85219380846684, 261.9613461614772, 0.0]], "shift": [[0.0, 0.625, 18.062500000000007], [-0.625, 0.0, 18.687500000000007], [-18.062500000000007, -18.687500000000007, 0.0]]}, "path": {"eta": [[0.0, 3.1353129792560797, 67.53139208955616], [19.906156306363172, 0.0, 65.3036233249982], [356.7730476737882, 336.866891367425, 0.0]], "shift": [[0.0, 0.1875, 26.937500000000004], [-0.1875, 0.0, 27.125000000000004], [-26.937500000000004, -27.125000000000004, 0.0]]}}}