{"pseudos": ["DOJO-041-std (Z=3)", "SPMS (Z=3)", "SG15 (Z=3)", "GBRV-1.X (Z=3)", "PSL-US-v1-high (Z=3)", "PSL-US-v0.x (Z=3)", "PSL-PAW-v0.x (Z=3)", "PSL-PAW-v1-high (Z=3)", "JTH-1.1-std (Z=3)"], "average": {"grid": {"eta": [[0.0, 4.71145981241511, 14.4479696522842, 9.45257430972125, 10.155165516148909, 9.817382265862918, 10.242736055973761, 3.866507707559565, 8.075161841223842], [0.7408843276840459, 0.0, 17.06352905126475, 4.94052225655178, 12.167048268924825, 5.254898051688211, 5.950586343935747, 4.595778888444838, 4.144461741620171], [9.595687478195863, 9.45417595692902, 0.0, 20.040914908700664, 23.081268037541, 21.231944231700247, 22.717259982959387, 18.274356113071185, 20.98978010249943], [2.4653496502646224, 2.2777495323313164, 7.498204110174109, 0.0, 15.668094222131838, 1.5256825226319084, 3.7041857486445435, 8.666135692503516, 4.231975198699447], [6.611461529603842, 6.819476369077972, 16.12631926949081, 8.771360188078342, 0.0, 15.07893454237085, 13.954213694793442, 7.649352422637856, 12.25988979729487], [1.3639272792882, 1.1600912223522724, 8.776081431171756, 1.311878137606697, 7.480180084999992, 0.0, 2.2182843685252736, 8.438057626251787, 3.313908479258074], [1.5011100606538152, 1.4278705571355073, 10.756435314229503, 3.3404243606300623, 5.536759401708927, 2.032999539096879, 0.0, 8.0741623251207, 2.70951218873366], [2.1748639209066716, 2.458348237239745, 11.716060729500228, 4.378802565344741, 4.458974296965717, 3.093526170319086, 1.325118895593403, 0.0, 5.893033416459019], [1.497829886491963, 1.5996805581828801, 10.865145054072977, 3.4519081081819585, 5.349400735642244, 2.1464848909924656, 0.40280188725013744, 1.0320878739411676, 0.0]], "shift": [[0.0, -2.0625, 12.250000000000004, -2.8125, -5.875000000000002, -4.250000000000001, -6.000000000000002, -3.2500000000000004, -5.250000000000001], [0.625, 0.0, 14.312500000000002, -0.75, -3.812500000000001, -2.1875, -3.937500000000001, -1.1250000000000002, -3.125], [13.750000000000004, 13.125000000000005, 0.0, -15.062500000000007, -18.187500000000007, -16.500000000000004, -18.250000000000007, -15.500000000000005, -17.500000000000004], [2.6250000000000004, 2.0000000000000004, -11.125000000000004, 0.0, -3.0625, -1.4375, -3.1875000000000004, -0.4375, -2.4375000000000004], [-11.375000000000004, -12.000000000000004, -25.125000000000007, -14.000000000000005, 0.0, 1.6250000000000002, -0.125, 2.6875000000000004, 0.6875], [0.875, 0.25, -12.875000000000005, -1.75, 12.250000000000004, 0.0, -1.75, 1.0, -1.0], [-1.6875000000000002, -2.3125000000000004, -15.437500000000007, -4.312500000000001, 9.750000000000004, -2.5624999999999996, 0.0, 2.750000000000001, 0.75], [-3.750000000000001, -4.375000000000001, -17.500000000000004, -6.375000000000002, 7.6250000000000036, -4.625000000000001, -2.0625, 0.0, -2.0], [-2.3125000000000004, -2.9375, -16.062500000000004, -4.937500000000001, 9.062500000000004, -3.1875000000000004, -0.6875, 1.4375, 0.0]]}, "path": {"eta": [[0.0, 5.64446972482862, 21.628975999315116, 11.119917027785549, 9.939538652612187, 10.102097007998834, 10.107343384362187, 3.5694652874177817, 10.394251558271849], [1.1059601328173847, 0.0, 21.890721925100813, 5.9187627538389, 13.369079250866054, 6.463064975766091, 6.581005657410071, 3.591909380419883, 5.589218255874557], [12.615997619524828, 12.177914861790148, 0.0, 23.33121283286365, 30.69271600709342, 27.5959683375596, 27.816271489148484, 23.263551094141366, 25.641948636413005], [4.388360608566043, 3.6676486462261964, 8.987047250163949, 0.0, 17.83874531079745, 6.133159833566245, 6.3826464210736225, 8.63483316451053, 4.531775610131385], [5.097205999644218, 5.471984580641239, 17.383237952795415, 8.666801184777, 0.0, 13.368550715615537, 13.203684664242074, 10.033960307034627, 15.841341104263222], [2.4112168723498297, 1.9244226633910209, 13.125812962251604, 4.211506205190887, 4.664663976164301, 0.0, 0.7200998373312754, 6.889752289699197, 4.908773328751919], [1.944155328791736, 1.4415843967948845, 13.133803317992683, 4.273596644327006, 4.612043994643118, 0.7415016967900925, 0.0, 6.967561123028942, 5.122943556030607], [1.592478800017611, 1.5045072581384527, 12.952305647871812, 4.240707032179952, 4.498301443524387, 1.2367538989052826, 1.1624015087978112, 0.0, 7.490940967848805], [1.610631945390893, 0.8779227885904684, 12.319444886687126, 3.5332449585308283, 5.308870629574979, 1.2891187768046215, 0.929388475167835, 1.1292393738956361, 0.0]], "shift": [[0.0, -3.812500000000001, 9.000000000000004, -4.750000000000001, -2.0625, -6.187500000000002, -6.187500000000002, -2.8125, -6.875000000000003], [1.0625, 0.0, 12.812500000000004, -0.9375, 1.8125000000000002, -2.3750000000000004, -2.3125000000000004, 1.0, -3.0625], [16.312500000000004, 15.312500000000004, 0.0, -13.750000000000005, -11.000000000000004, -15.187500000000007, -15.125000000000007, -11.812500000000004, -15.812500000000004], [5.375000000000001, 4.312500000000001, -11.000000000000004, 0.0, 2.750000000000001, -1.4375, -1.375, 1.9375000000000004, -2.125], [-9.062500000000004, -10.062500000000002, -25.375000000000007, -14.437500000000005, 0.0, -4.187500000000001, -4.125000000000001, -0.75, -4.812500000000001], [0.0625, -1.0, -16.312500000000004, -5.312500000000001, 9.125000000000004, 0.0, 0.0625, 3.3750000000000013, -0.625], [0.0, -1.0, -16.312500000000004, -5.375000000000001, 9.062500000000004, -0.0625, 0.0, 3.3750000000000013, -0.6875], [-1.1875000000000002, -2.2500000000000004, -17.562500000000004, -6.562500000000003, 7.812500000000002, -1.25, -1.25, 0.0, -4.062500000000001], [0.75, -0.3125, -15.625000000000004, -4.625000000000001, 9.750000000000004, 0.6875, 0.75, 1.9375000000000004, 0.0]]}}, "maximum": {"grid": {"eta": [[0.0, 13.132186090721277, 47.13881483781521, 29.42285760305829, 30.79877337063978, 32.489845216791515, 36.22601887764554, 12.95896212450873, 25.237170266612296], [2.6471345274595848, 0.0, 60.17548696971614, 16.290671512337013, 36.71867226034698, 19.357659126070242, 23.189346745744615, 12.4387992500576, 12.262998134711367], [18.105891108156488, 18.354955013372315, 0.0, 76.27298028280636, 64.62976023252565, 79.40089183128114, 83.36483371546076, 60.09777696232394, 72.37598510442751], [5.551307969941731, 4.862264056717748, 16.756997912390222, 0.0, 38.54508373811208, 3.127911548474785, 7.368849494951434, 18.96166647579247, 11.183309695754225], [13.960144859211578, 13.897577107415675, 32.066035967368066, 16.011916250463493, 0.0, 36.98859706428982, 33.710182965670896, 24.279873010385305, 35.126586871270064], [3.4754637090242255, 2.920724706112182, 18.918258422747225, 2.3855358886008275, 13.90642391020793, 0.0, 4.682576496786524, 19.886017680165736, 8.437295560952961], [5.37069730241673, 3.9261949297331786, 22.281149943105497, 6.243849494951433, 11.02332631214028, 3.8700764967865244, 0.0, 23.617737404541455, 11.354076723456814], [4.997288522716162, 5.2358945195751625, 23.10317963087265, 8.131410918489363, 9.034626406971402, 5.745875029888537, 4.056351758081533, 0.0, 13.668745921306737], [4.522625299293431, 4.120492828907992, 22.475447842280307, 6.048425907055715, 10.235016359158497, 3.680620284335902, 2.0555820269996725, 2.519511017173201, 0.0]],