{"pseudos": ["DOJO-041-std (Z=10)", "DOJO-041-str (Z=10)", "DOJO-050-std (Z=10)", "SPMS (Z=10)", "SG15 (Z=10)", "GBRV-1.X (Z=10)", "PSL-US-v1-high (Z=10)", "PSL-PAW-v1-high (Z=10)", "JTH-1.1-std (Z=10)"], "v_distance": {"grid": {"eta": [[0.0, 0.18148351922012176, 3.8208207457772843, 3.5546447145161815, 4.708393361877954, 3.087240540756728, 1.1849845638125491, 1.1799949597457215, 2.5261417679972116], [0.33940362930983525, 0.0, 3.665244267041586, 3.4304878644502024, 4.537963923618587, 2.937836412182428, 1.080216534508518, 1.062975576842701, 2.4103180034060037], [6.926238331867346, 6.6831140660656345, 0.0, 1.2187487828195684, 1.2013594442927356, 0.7757312186933336, 3.2727124281236843, 3.216674412273849, 3.514457884511521], [5.193818706501077, 5.335932407919437, 2.8031332023979303, 0.0, 2.301684242576947, 1.097869876235755, 2.9191501129840574, 2.898589797653003, 3.346052020742661], [8.444734831489955, 8.139110565688242, 2.3446264773652463, 5.210259679763176, 0.0, 1.8722861240036548, 4.09996710554718, 4.03083178350325, 3.989723639290289], [5.371308251408585, 5.065683985606874, 1.6174300804587602, 2.8267527067420275, 3.7510364339870037, 0.0, 2.6174351783927596, 2.5633097946306274, 3.087981171636971], [3.030057507388232, 2.9039394232380142, 7.612333336521559, 5.342897951204975, 9.068329836144166, 5.994903256062798, 0.0, 0.10891861086104129, 1.476245740366016], [3.0317351025690797, 2.7541659723944463, 7.433225304301203, 5.305431656700499, 8.88922180392381, 5.815795223842443, 0.25517586787563573, 0.0, 1.458679305467924], [6.911143911134914, 6.756477608420788, 9.004652164549654, 7.693606857911447, 10.460648664172261, 7.852917713585129, 3.8810864037466817, 4.022074025281227, 0.0]], "shift": [[0.0, 0.1875, 1.8125000000000002, 0.9375, 3.125000000000001, 1.3124999999999998, 0.875, 0.9375, 2.3750000000000004], [-0.1875, 0.0, 1.6875000000000002, 0.75, 2.937500000000001, 1.1250000000000002, 0.6875, 0.75, 2.1875000000000004], [-1.8125000000000002, -1.6875000000000002, 0.0, -0.875, 1.25, -0.5625000000000001, -1.0, -0.9375, 0.5], [-0.9375, -0.75, 0.875, 0.0, 2.1875000000000004, 0.375, -0.125, 0.0, 1.4375], [-3.125000000000001, -2.937500000000001, -1.25, -2.1875000000000004, 0.0, -1.8124999999999998, -2.2500000000000004, -2.1875, -0.75], [-1.3124999999999998, -1.1250000000000002, 0.5625000000000001, -0.375, 1.8124999999999998, 0.0, -0.4375, -0.375, 1.0625], [-0.875, -0.6875, 1.0, 0.125, 2.2500000000000004, 0.4375, 0.0, 0.0625, 1.5000000000000002], [-0.9375, -0.75, 0.9375, -0.0, 2.1875, 0.375, -0.0625, 0.0, 1.4375], [-2.3750000000000004, -2.1875000000000004, -0.5, -1.4375, 0.75, -1.0625, -1.5000000000000002, -1.4375, 0.0]]}, "path": {"eta": [[0.0, 0.1142396995979893, 3.055421097131336, 3.4057611602219673, 4.384043975216513, 2.77877045470617, 1.360930865384418, 1.3778591255262271, 3.4275948587384897], [0.3099142547447613, 0.0, 2.958142318126995, 3.332184887279027, 4.275395384808429, 2.6848838184336694, 1.2864160370718576, 1.2987442098394735, 3.3439337148391863], [9.732072860446387, 9.484658605701625, 0.0, 1.3162540737956623, 1.7080829756224156, 0.37566203150605737, 2.539333506631885, 2.5083598187061558, 3.4013472745073337], [10.132849188140327, 9.822934933395565, 2.308444638582749, 0.0, 2.6878517348054074, 1.3402743791188965, 2.797246979025599, 2.8084445980709543, 3.9116441372370296], [12.420517282729321, 12.11060302798456, 3.5700456546623585, 4.946408612914148, 0.0, 1.9906489396864362, 3.7000320475969812, 3.6397853090049597, 3.5182030689712445], [8.862687976792188, 8.552773722047426, 1.1596577491873035, 2.6247929464515565, 4.566799995872351, 0.0, 2.355119074039505, 2.3283603106901323, 3.4149203637926315], [3.675467534369112, 3.670480776156232, 8.509034738619143, 8.527525471834545, 12.141580393281501, 7.57478039740915, 0.0, 0.09684531909565751, 2.2680312632423365], [3.6095818520766585, 3.6045950938637787, 8.359553749603016, 8.514471382346061, 11.929599404265375, 7.362799408393023, 0.2119809890161264, 0.0, 2.2078585415524246], [8.198753793452562, 8.193767035239683, 9.328371707126976, 7.8084889792862455, 11.565467178148921, 9.295217145846273, 4.523286259083449, 4.589171941375902, 0.0]], "shift": [[0.0, 0.125, 2.750000000000001, 2.6875000000000004, 4.437500000000002, 2.3125000000000004, 1.4375, 1.5, 3.5625000000000013], [-0.125, 0.0, 2.6875000000000004, 2.5625000000000004, 4.312500000000001, 2.1875000000000004, 1.3124999999999998, 1.375, 3.4375000000000013], [-2.750000000000001, -2.6875000000000004, 0.0, -0.125, 1.6250000000000002, -0.5, -1.3124999999999998, -1.3124999999999998, 0.8125000000000001], [-2.6875000000000004, -2.5625000000000004, 0.125, 0.0, 1.7500000000000002, -0.375, -1.1875000000000002, -1.1875000000000002, 0.9375], [-4.437500000000002, -4.312500000000001, -1.6250000000000002, -1.7500000000000002, 0.0, -2.125, -3.0, -2.9375, -0.875], [-2.3125000000000004, -2.1875000000000004, 0.5, 0.375, 2.125, 0.0, -0.875, -0.8125000000000001, 1.25], [-1.4375, -1.3124999999999998, 1.3124999999999998, 1.1875000000000002, 3.0, 0.875, 0.0, 0.0625, 2.1250000000000004], [-1.5, -1.375, 1.3124999999999998, 1.1875000000000002, 2.9375, 0.8125000000000001, -0.0625, 0.0, 2.0625000000000004], [-3.5625000000000013, -3.4375000000000013, -0.8125000000000001, -0.9375, 0.875, -1.25, -2.1250000000000004, -2.0625000000000004, 0.0]]}}, "v10_distance": {"grid": {"eta": [[0.0, 6.173555909015825, 1127.0881644679264, 1125.3369339922488, 1125.1887702435129, 1087.0015230431814, 3.1008912838809137, 3.0453443639439386, 54.81654502207598], [21.044871219061633, 0.0, 1127.3689115567076, 1125.6217061079483, 1125.465677523808, 1087.0422973341736, 7.364026671650242, 7.539185687508855, 60.91426083982089], [3369.8943054190518, 3341.8961394972716, 0.0, 3.3522423189801684, 2.644558262929843, 100.38612872735668, 1126.219855388976, 1126.389751648152, 1128.9894717021461], [3366.310059078458, 3338.3743931566787, 12.959109282225967, 0.0, 3.5808078120182345, 100.65426078209413, 1124.4667294162396, 1124.6369034260917, 1127.2032099917265], [3365.8745135004565, 3337.8763475786764, 6.540266159996421, 15.97822161611765, 0.0, 99.08931370144218, 1124.321672443845, 1124.4912094494696, 1127.1189834131826], [3271.7920694683253, 3243.981403546545, 587.13546058612, 585.4490180222379, 589.6822154400617, 0.0, 1086.1748083264768, 1086.3479907077374, 1090.8146693418494], [10.376211540184727, 29.16864648790633, 3379.053936063614, 3375.4696897230206, 3375.034144145019, 3280.8892001128875, 0.0, 0.48025682722305346, 54.184494582550776], [9.657451792984773, 29.730493375989493, 3379.2602010460173, 3375.7384547054235, 3375.240409127422, 3281.157965095291, 1.2549747618265386, 0.0, 53.93923370358036], [194.9129735258375, 215.9578447448991, 3307.54013764252, 3304.683258939038, 3303.511882353194, 3203.481101278877, 186.78919825699276, 186.2273513689096, 0.0]],