{"pseudos": ["PSL-US-v1-high-22", "PSL-US-v1-low-11", "PSL-PAW-v1-high-22", "PSL-PAW-v1-low-11", "JTH-1.1-std-12", "Wentzcovitch-12"], "v_distance": {"grid": {"eta": [[0.0, 178.57124671247664, 10.837853885300403, 178.10006149039594, 17.851188584429178, 17.331393201185577], [986.0360303613962, 0.0, 178.07803053043057, 2.530274883216822, 178.7782782888081, 181.1288020928474], [16.96225919064112, 984.8308318530916, 0.0, 177.6362877176504, 16.63270690849936, 16.24871550443791], [987.2786496057297, 5.419974389985782, 986.0734510974252, 0.0, 178.46790960349634, 180.79765602215943], [32.99176487996629, 995.7261699062245, 30.284790868966542, 997.0312891505581, 0.0, 3.5972478987756475], [30.60985125093857, 1008.7809846615445, 32.52712476757606, 1010.0236039058781, 14.7756966597279, 0.0]], "shift": [[0.0, -17.625000000000004, 9.062500000000004, -16.125000000000004, -20.500000000000004, -24.125000000000007], [17.625000000000004, 0.0, -18.187500000000007, -1.5625, 6.500000000000003, 10.500000000000002], [-9.062500000000004, 18.187500000000007, 0.0, -16.687500000000004, -20.875000000000004, -24.500000000000007], [16.125000000000004, 1.5625, 16.687500000000004, 0.0, 8.062500000000002, 12.000000000000004], [20.500000000000004, -6.500000000000003, 20.875000000000004, -8.062500000000002, 0.0, 3.6250000000000013], [24.125000000000007, -10.500000000000002, 24.500000000000007, -12.000000000000004, -3.6250000000000013, 0.0]]}, "path": {"eta": [[0.0, 17.857124671247664, 1.0837853885300404, 17.810006149039594, 1.7851188584429178, 1.7331393201185576], [98.60360303613962, 0.0, 17.807803053043056, 0.2530274883216822, 17.87782782888081, 18.11288020928474], [1.696225919064112, 98.48308318530916, 0.0, 17.76362877176504, 1.6632706908499362, 1.6248715504437912], [98.72786496057297, 0.5419974389985782, 98.60734510974251, 0.0, 17.846790960349633, 18.079765602215943], [3.299176487996629, 99.57261699062245, 3.0284790868966542, 99.70312891505581, 0.0, 0.35972478987756473], [3.0609851250938567, 100.87809846615446, 3.252712476757606, 101.00236039058781, 1.4775696659727902, 0.0]], "shift": [[0.0, -1.7625000000000004, 0.9062500000000003, -1.6125000000000003, -2.0500000000000003, -2.4125000000000005], [1.7625000000000004, 0.0, -1.8187500000000008, -0.15625, 0.6500000000000002, 1.0500000000000003], [-0.9062500000000003, 1.8187500000000008, 0.0, -1.6687500000000004, -2.0875000000000004, -2.4500000000000006], [1.6125000000000003, 0.15625, 1.6687500000000004, 0.0, 0.8062500000000001, 1.2000000000000004], [2.0500000000000003, -0.6500000000000002, 2.0875000000000004, -0.8062500000000001, 0.0, 0.36250000000000016], [2.4125000000000005, -1.0500000000000003, 2.4500000000000006, -1.2000000000000004, -0.36250000000000016, 0.0]]}}, "v10_distance": {"grid": {"eta": [[0.0, 2883.313701097883, 11.232486964206212, 2883.0286432300286, 19.70190950806927, 18.26670584484446], [8036.303808764361, 0.0, 2882.0412749454267, 2.2652124596000207, 2898.0894606233287, 2897.7028089844002], [29.65184764066777, 8034.840573777167, 0.0, 2881.7572303715892, 21.383306811114814, 18.893873828825136], [8038.898799678549, 6.541851574130618, 8037.3730646913555, 0.0, 2897.8098025001123, 2897.422530599619], [148.90826943115866, 8059.520381322356, 140.41609109209213, 8062.1153722365425, 0.0, 7.381175543914057], [37.29082058840004, 8058.568422516217, 31.653024973922584, 8061.163413430403, 122.67726371389399, 0.0]], "shift": [[0.0, -1992.750000000002, 3.4375000000000013, -1991.0625000000023, -4.812500000000001, -6.437500000000003], [1992.750000000002, 0.0, -1992.375000000002, -1.5, -1984.3125000000018, -1980.6875000000018], [-3.4375000000000013, 1992.375000000002, 0.0, -1990.750000000002, -6.687500000000003, -8.312500000000002], [1991.0625000000023, 1.5, 1990.750000000002, 0.0, -1982.625000000002, -1979.000000000002], [4.812500000000001, 1984.3125000000018, 6.687500000000003, 1982.625000000002, 0.0, 1.6250000000000002], [6.437500000000003, 1980.6875000000018, 8.312500000000002, 1979.000000000002, -1.6250000000000002, 0.0]]}, "path": {"eta": [[0.0, 288.3313701097883, 1.1232486964206212, 288.30286432300284, 1.970190950806927, 1.826670584484446], [803.6303808764361, 0.0, 288.20412749454266, 0.22652124596000206, 289.8089460623329, 289.77028089844003], [2.9651847640667772, 803.4840573777167, 0.0, 288.17572303715895, 2.1383306811114813, 1.8893873828825136], [803.8898799678549, 0.6541851574130618, 803.7373064691355, 0.0, 289.7809802500112, 289.7422530599619], [14.890826943115865, 805.9520381322357, 14.041609109209213, 806.2115372236542, 0.0, 0.7381175543914057], [3.729082058840004, 805.8568422516216, 3.1653024973922586, 806.1163413430403, 12.267726371389399, 0.0]], "shift": [[0.0, -199.2750000000002, 0.3437500000000001, -199.10625000000022, -0.48125000000000007, -0.6437500000000003], [199.2750000000002, 0.0, -199.2375000000002, -0.15, -198.43125000000018, -198.0687500000002], [-0.3437500000000001, 199.2375000000002, 0.0, -199.07500000000022, -0.6687500000000003, -0.8312500000000002], [199.10625000000022, 0.15, 199.07500000000022, 0.0, -198.26250000000022, -197.9000000000002], [0.48125000000000007, 198.43125000000018, 0.6687500000000003, 198.26250000000022, 0.0, 0.16250000000000003], [0.6437500000000003, 198.0687500000002, 0.8312500000000002, 197.9000000000002, -0.16250000000000003, 0.0]]}}}