{"pseudos": ["PSL-US-v1-high (Z=22)", "PSL-US-v1-low (Z=11)", "PSL-PAW-v1-high (Z=22)", "PSL-PAW-v1-low (Z=11)", "JTH-1.1-std (Z=12)", "Wentzcovitch (Z=12)"], "average": {"grid": {"eta": [[0.0, 3078.24117395687, 7.241065164942929, 3077.4039627116754, 12.647461477018869, 6.792517908558294], [317.15003576589055, 0.0, 3076.1141774256707, 1.8237873321411922, 3084.1737978825167, 3083.540201688467], [3.2916529787456814, 316.3377933329606, 0.0, 3075.277090755321, 17.700335438360757, 11.886195803568945], [316.96579768063714, 0.2863010534501797, 316.152848193671, 0.0, 3083.3356838279983, 3082.7020005520703], [7.27767138357048, 314.93614869392115, 8.914742748023633, 314.7527659391574, 0.0, 8.289464366575833], [6.374866494850958, 319.01088061790347, 8.443271546875508, 318.82714022590574, 5.225057295712698, 0.0]], "shift": [[0.0, -3255.6250000000027, -2.6875, -3254.375000000003, 4.250000000000001, 3.187500000000001], [-56.75000000000001, 0.0, -3255.437500000003, -0.9375, -3262.937500000003, -3259.375000000003], [-2.0625, -60.250000000000014, 0.0, -3254.2500000000036, 1.5625, 0.5625000000000001], [-57.12500000000001, 0.375, -60.625000000000014, 0.0, -3261.750000000003, -3258.125000000003], [1.0, -55.31250000000001, -1.0625, -55.68750000000001, 0.0, 1.0], [-2.75, -50.5, -4.750000000000001, -50.875, 3.6875000000000013, 0.0]]}, "path": {"eta": [[0.0, 3033.7464712516194, 8.370208124301294, 3032.601299468659, 15.15436056462246, 7.024937700185872], [372.69752561312976, 0.0, 3032.4486587925708, 2.3917933349585736, 3038.2563016010586, 3038.595397413308], [4.403478530151351, 372.24140244755097, 0.0, 3031.30341854205, 18.103445070197072, 11.492654919705325], [372.4698656953372, 0.32842529415173055, 372.0121916546274, 0.0, 3037.1106256981166, 3037.4496050383154], [8.056509315900517, 368.2467952070688, 8.877872825433027, 368.01978094766764, 0.0, 11.24536756585359], [6.72489001046367, 374.6363767478622, 8.165469103082396, 374.4092220445241, 8.076102381000952, 0.0]], "shift": [[0.0, -3308.9375000000036, -3.0625, -3307.250000000003, 4.625000000000002, 3.187500000000001], [30.875000000000007, 0.0, -3308.187500000003, -1.0, -3316.125000000003, -3312.750000000003], [-0.8125000000000001, 28.687500000000004, 0.0, -3306.500000000003, 1.5625, 0.125], [30.250000000000007, 0.5625000000000001, 28.062500000000004, 0.0, -3314.437500000003, -3311.062500000003], [2.1875000000000004, 29.187500000000004, 1.3124999999999998, 28.562500000000004, 0.0, 1.4375], [-2.6875, 37.187500000000014, -3.5000000000000004, 36.562500000000014, 4.812500000000001, 0.0]]}}, "maximum": {"grid": {"eta": [[0.0, 6773.42880876436, 23.526847640667768, 6775.586299678547, 157.97076943115866, 35.85600571726465], [946.9110303613962, 0.0, 6771.778073777167, 5.979351574130618, 6780.895381322354, 6779.880922516216], [8.921372610562727, 942.7683318530916, 0.0, 6773.873064691354, 148.66609109209213, 26.613827378198152], [946.2786496057297, 0.6969420417046592, 942.135951097425, 0.0, 6782.990372236542, 6782.038413430403], [17.18527863797148, 933.9136699062246, 18.175496749204456, 933.2812891505581, 0.0, 122.05226371389399], [11.672204041654398, 947.7809846615446, 12.777124767576055, 947.1486039058781, 14.8381966597279, 0.0]], "shift": [[0.0, 3255.6250000000027, 2.6875, 3254.375000000003, -4.250000000000001, -3.187500000000001], [56.75000000000001, 0.0, 3255.437500000003, 0.9375, 3262.937500000003, 3259.375000000003], [2.0625, 60.250000000000014, 0.0, 3254.2500000000036, -1.5625, -0.5625000000000001], [57.12500000000001, -0.375, 60.625000000000014, 0.0, 3261.750000000003, 3258.125000000003], [-1.0, 55.31250000000001, 1.0625, 55.68750000000001, 0.0, -1.0], [2.75, 50.5, 4.750000000000001, 50.875, -3.6875000000000013, 0.0]]}, "path": {"eta": [[0.0, 6720.012957902408, 23.195743859707875, 6722.628541177396, 163.27526736466524, 36.89149759535481], [1124.069522466593, 0.0, 6718.959772936599, 6.086004382309994, 6725.825504129114, 6726.258157281763], [7.63995507724114, 1121.522592421744, 0.0, 6721.575356211588, 153.62758529220207, 26.89780740632959], [1123.0833941973883, 0.8632089700481914, 1120.5364641525393, 0.0, 6728.441087404102, 6728.87374055675], [18.29689905634368, 1107.0946783112677, 20.13709640949463, 1106.108550042063, 0.0, 126.80446225013701], [11.088121822976094, 1125.4339237340716, 11.912101456171328, 1124.4477954648669, 16.15333228485494, 0.0]], "shift": [[0.0, 3308.9375000000036, 3.0625, 3307.250000000003, -4.625000000000002, -3.187500000000001], [-30.875000000000007, 0.0, 3308.187500000003, 1.0, 3316.125000000003, 3312.750000000003], [0.8125000000000001, -28.687500000000004, 0.0, 3306.500000000003, -1.5625, -0.125], [-30.250000000000007, -0.5625000000000001, -28.062500000000004, 0.0, 3314.437500000003, 3311.062500000003], [-2.1875000000000004, -29.187500000000004, -1.3124999999999998, -28.562500000000004, 0.0, -1.4375], [2.6875, -37.187500000000014, 3.5000000000000004, -36.562500000000014, -4.812500000000001, 0.0]]}}}