{"pseudos": ["DOJO-041-std-17", "DOJO-041-str-17", "SPMS-17", "SG15-17", "GBRV-1.X-17", "PSL-US-v1-high-17", "PSL-US-v1-low-9", "PSL-PAW-v1-high-17", "PSL-PAW-v1-low-9", "JTH-1.1-std-17"], "v_distance": {"grid": {"eta": [[0.0, 1.707750841546438, 17.262133071126193, 11.090211411118592, 9.50884092886067, 9.256555344394972, 13.514510658989568, 11.406371361605185, 13.667022636133458, 9.843781809570451], [4.410705269093868, 0.0, 18.630656588165234, 12.549614034224515, 9.08882910096819, 8.227865209014954, 12.7434025887916, 10.930023861814684, 12.614015402279842, 9.668151825114489], [76.96001533109849, 81.36724209372281, 0.0, 7.894740023087791, 23.707872301450966, 24.430037794819878, 29.120187525989202, 26.47968756515239, 30.297625326271728, 23.592391280798065], [50.3897028437253, 54.59914803748489, 32.490107995310495, 0.0, 17.251150268093962, 18.062056840680363, 25.538489224741475, 19.20989044632349, 26.594735314719546, 16.418657938453247], [24.15088746052746, 26.277432872082954, 90.24003956309313, 57.98983079277099, 0.0, 4.029199370144827, 9.458542602434099, 5.631142596063667, 11.811502041188607, 4.4668181674765375], [20.431610630227055, 17.751862672601906, 97.05721242447511, 64.5671044291646, 8.531573030825939, 0.0, 8.121757729872785, 6.721732104439489, 9.784801265256343, 6.097510277006232], [39.359280937285995, 35.40373018424979, 99.49232098272462, 81.11884881104778, 32.507337798247185, 29.178667075514355, 0.0, 8.895896637465993, 3.625319122895984, 12.179361275574607], [22.7587077783881, 24.468417647052007, 99.71872310948659, 67.2911151141761, 12.067329849609992, 9.122172543581653, 31.520205937056218, 0.0, 10.638144433815345, 3.5464938761538725], [41.97927130138105, 38.02372054834484, 102.47102960555956, 83.82202611373371, 35.220652515755376, 30.53518519868591, 10.054803536976578, 32.87672406022777, 0.0, 14.251315390554094], [26.647060659278285, 28.82787245806472, 92.55379933779817, 60.06369134248767, 17.029061758876736, 11.317419691753885, 40.641789705886836, 11.246583768830616, 41.99830782905839, 0.0]], "shift": [[0.0, -1.3124999999999998, 8.687500000000002, 11.500000000000004, 2.5000000000000004, 1.7500000000000002, 7.250000000000003, 7.875000000000002, 11.562500000000004, 11.687500000000004], [1.3124999999999998, 0.0, 10.000000000000002, 12.812500000000004, 3.812500000000001, 3.062500000000001, 5.625000000000002, 9.250000000000004, 9.937500000000002, 13.000000000000005], [-8.687500000000002, -10.000000000000002, 0.0, 2.812500000000001, -6.187500000000002, -6.937500000000003, 25.687500000000004, -0.8125000000000001, 30.000000000000007, 3.000000000000001], [-11.500000000000004, -12.812500000000004, -2.812500000000001, 0.0, -9.000000000000004, -9.750000000000002, 21.875000000000007, -3.5625000000000004, 26.187500000000004, 0.1875], [-2.5000000000000004, -3.812500000000001, 6.187500000000002, 9.000000000000004, 0.0, -0.75, 5.250000000000001, 5.375000000000001, 9.562500000000004, 9.187500000000004], [-1.7500000000000002, -3.062500000000001, 6.937500000000003, 9.750000000000002, 0.75, 0.0, 5.125000000000001, 6.125000000000002, 9.437500000000004, 9.937500000000002], [-7.250000000000003, -5.625000000000002, -25.687500000000004, -21.875000000000007, -5.250000000000001, -5.125000000000001, 0.0, 5.937500000000002, -4.312500000000001, 11.812500000000004], [-7.875000000000002, -9.250000000000004, 0.8125000000000001, 3.5625000000000004, -5.375000000000001, -6.125000000000002, -5.937500000000002, 0.0, 10.250000000000002, 3.7500000000000013], [-11.562500000000004, -9.937500000000002, -30.000000000000007, -26.187500000000004, -9.562500000000004, -9.437500000000004, 4.312500000000001, -10.250000000000002, 0.0, 16.125000000000004], [-11.687500000000004, -13.000000000000005, -3.000000000000001, -0.1875, -9.187500000000004, -9.937500000000002, -11.812500000000004, -3.7500000000000013, -16.125000000000004, 0.0]]}, "path": {"eta": [[0.0, 0.1707750841546438, 1.7262133071126193, 1.1090211411118591, 0.9508840928860669, 0.9256555344394972, 1.351451065898957, 1.1406371361605185, 1.366702263613346, 0.9843781809570451], [0.4410705269093868, 0.0, 1.8630656588165233, 1.2549614034224514, 0.9088829100968191, 0.8227865209014954, 1.27434025887916, 1.0930023861814684, 1.2614015402279841, 0.9668151825114488], [7.696001533109849, 8.13672420937228, 0.0, 0.7894740023087791, 2.3707872301450967, 2.443003779481988, 2.9120187525989203, 2.647968756515239, 3.029762532627173, 2.3592391280798064], [5.03897028437253, 5.459914803748489, 3.2490107995310495, 0.0, 1.7251150268093962, 1.8062056840680363, 2.5538489224741476, 1.9209890446323492, 2.6594735314719546, 1.6418657938453247], [2.415088746052746, 2.6277432872082955, 9.024003956309313, 5.798983079277098, 0.0, 0.4029199370144827, 0.9458542602434099, 0.5631142596063667, 1.1811502041188606, 0.4466818167476537], [2.0431610630227057, 1.7751862672601906, 9.705721242447511, 6.45671044291646, 0.8531573030825939, 0.0, 0.8121757729872785, 0.672173210443949, 0.9784801265256343, 0.6097510277006232], [3.9359280937285996, 3.5403730184249786, 9.949232098272462, 8.111884881104778, 3.2507337798247185, 2.9178667075514353, 0.0, 0.8895896637465993, 0.36253191228959836, 1.2179361275574607], [2.27587077783881, 2.4468417647052005, 9.971872310948658, 6.729111511417609, 1.2067329849609991, 0.9122172543581654, 3.152020593705622, 0.0, 1.0638144433815344, 0.3546493876153872], [4.197927130138105, 3.802372054834484, 10.247102960555956, 8.382202611373371, 3.5220652515755377, 3.053518519868591, 1.0054803536976578, 3.2876724060227773, 0.0, 1.4251315390554093], [2.6647060659278283, 2.882787245806472, 9.255379933779817, 6.006369134248767, 1.7029061758876736, 1.1317419691753885, 4.064178970588683, 1.1246583768830616, 4.199830782905839, 0.0]], "shift": [[0.0, -0.13124999999999998, 0.8687500000000001, 1.1500000000000004, 0.25000000000000006, 0.17500000000000002, 0.7250000000000003, 0.7875000000000002, 1.1562500000000004, 1.1687500000000004], [0.13124999999999998, 0.0, 1.0000000000000002, 1.2812500000000004, 0.3812500000000001, 0.3062500000000001, 0.5625000000000002, 0.9250000000000004, 0.9937500000000001, 1.3000000000000005], [-0.8687500000000001, -1.0000000000000002, 0.0, 0.2812500000000001, -0.6187500000000001, -0.6937500000000003, 2.5687500000000005, -0.08125000000000002, 3.000000000000001, 0.3000000000000001], [-1.1500000000000004, -1.2812500000000004, -0.2812500000000001, 0.0, -0.9000000000000004, -0.9750000000000002, 2.187500000000001, -0.35625000000000007, 2.6187500000000004, 0.01875], [-0.25000000000000006, -0.3812500000000001, 0.6187500000000001, 0.9000000000000004, 0.0, -0.075, 0.5250000000000001, 0.5375000000000001, 0.9562500000000004, 0.9187500000000004], [-0.17500000000000002, -0.3062500000000001, 0.6937500000000003, 0.9750000000000002, 0.075, 0.0, 0.5125000000000001, 0.6125000000000002, 0.9437500000000003, 0.9937500000000001], [-0.7250000000000003, -0.5625000000000002, -2.5687500000000005, -2.187500000000001, -0.5250000000000001, -0.5125000000000001, 0.0, 0.5937500000000002, -0.4312500000000001, 1.1812500000000004], [-0.7875000000000002, -0.9250000000000004, 0.08125000000000002, 0.35625000000000007, -0.5375000000000001, -0.6125000000000002, -0.5937500000000002, 0.0, 1.0250000000000001, 0.3750000000000001], [-1.1562500000000004, -0.9937500000000001, -3.000000000000001, -2.6187500000000004, -0.9562500000000004, -0.9437500000000003, 0.4312500000000001, -1.0250000000000001, 0.0, 1.6125000000000003], [-1.1687500000000004, -1.3000000000000005, -0.3000000000000001, -0.01875, -0.9187500000000004, -0.9937500000000001, -1.1812500000000004, -0.3750000000000001, -1.6125000000000003, 0.0]]}},