{"pseudos": ["DOJO-041-std-14", "DOJO-041-str-14", "SPMS-14", "SG15-14", "GBRV-1.X-14", "PSL-US-v1-high-14", "PSL-PAW-v1-high-14", "JTH-1.1-std-14"], "v_distance": {"grid": {"eta": [[0.0, 6.921845210650599, 13.662281489523258, 7.4156036319459835, 14.11934506494062, 13.403850560162946, 15.693592168059208, 63.35629561529742], [18.350674596382547, 0.0, 20.16007024281787, 2.1358784904441284, 7.655526691632935, 8.18538198559916, 10.623753600354224, 67.57293094943493], [32.7874181902805, 51.138092786663044, 0.0, 20.786323133263558, 27.536805059084248, 26.430193561446472, 28.925321378546037, 58.73256646501865], [20.62510136390618, 7.0858073394639405, 53.41251955418668, 0.0, 7.660927100952423, 7.45043584786395, 9.757347121562319, 67.84978599983735], [31.608126518116787, 17.752715161107748, 64.39554470839728, 19.206469282414393, 0.0, 7.275910921167629, 7.590991058111043, 71.22656184121206], [38.17700331558839, 32.235026818212646, 56.47036583354614, 26.766767618621287, 29.954658218946008, 0.0, 3.464404771804712, 67.55490658734276], [40.00064571379383, 34.33973909631481, 59.53946222321371, 28.59041001682672, 31.77830061715145, 6.8777446685552945, 0.0, 68.0624737509681], [366.92789615519314, 385.27857075157567, 334.07797796491263, 387.55299751909934, 398.5360226733099, 382.32609802900214, 384.6849877160345, 0.0]], "shift": [[0.0, 9.750000000000004, -15.062500000000007, 7.375000000000003, 21.125000000000004, 12.187500000000004, 14.375000000000002, -14.500000000000005], [-9.750000000000004, 0.0, -24.812500000000007, -2.3750000000000004, 11.375000000000004, 2.4375000000000004, 4.625000000000002, -24.250000000000007], [15.062500000000007, 24.812500000000007, 0.0, 22.437500000000007, 36.187500000000014, 27.250000000000004, 29.437500000000007, 0.5], [-7.375000000000003, 2.3750000000000004, -22.437500000000007, 0.0, 13.750000000000004, 4.812500000000001, 7.000000000000003, -21.875000000000007], [-21.125000000000004, -11.375000000000004, -36.187500000000014, -13.750000000000004, 0.0, -8.937500000000004, -6.750000000000003, -35.625000000000014], [-12.187500000000004, -2.4375000000000004, -27.250000000000004, -4.812500000000001, 8.937500000000004, 0.0, 2.1875000000000004, -26.68750000000001], [-14.375000000000002, -4.625000000000002, -29.437500000000007, -7.000000000000003, 6.750000000000003, -2.1875000000000004, 0.0, -28.875000000000004], [14.500000000000005, 24.250000000000007, -0.5, 21.875000000000007, 35.625000000000014, 26.68750000000001, 28.875000000000004, 0.0]]}, "path": {"eta": [[0.0, 7.8397291201496095, 16.289631406202737, 8.460941233623076, 16.130694031243472, 13.608972227464308, 16.341452158257166, 92.80292047772288], [18.865613829100855, 0.0, 23.623095006221046, 2.3749143265380925, 9.019688457366964, 7.952837044730626, 10.689747418552802, 97.90824686597577], [33.99645257527981, 52.51506985975673, 0.0, 24.323069867543317, 32.1794846903303, 28.89104172206889, 32.03730764331458, 85.86407346248376], [20.760742613312527, 8.83763748536012, 54.75719518859235, 0.0, 9.053801052294503, 7.454868771030509, 10.018418869948206, 98.58097054256915], [31.698408576209967, 18.173836674812268, 65.69486115148979, 22.090249969132035, 0.0, 8.769365170787031, 7.815515668608737, 101.73442045162078], [49.59903631631357, 40.93220019476061, 72.73423625287076, 32.03206270940049, 35.08676938051915, 0.0, 4.392376365980923, 97.54158361894154], [54.486566004175586, 45.757229882622624, 77.62176594073279, 36.919592397262505, 38.826923244675214, 7.4568028477116854, 0.0, 98.17695550701322], [351.8750312299453, 370.45614851437426, 317.8785786554648, 372.6357738431832, 383.57343980610733, 368.14671733831955, 370.7969734233854, 0.0]], "shift": [[0.0, 10.125000000000002, -13.250000000000005, 6.375000000000002, 21.250000000000004, 8.812500000000002, 10.375000000000002, -26.56250000000001], [-10.125000000000002, 0.0, -23.437500000000007, -3.750000000000001, 11.125000000000004, -1.375, 0.25, -36.687500000000014], [13.250000000000005, 23.437500000000007, 0.0, 19.625000000000007, 34.50000000000001, 22.062500000000007, 23.625000000000007, -13.312500000000005], [-6.375000000000002, 3.750000000000001, -19.625000000000007, 0.0, 14.875000000000004, 2.4375000000000004, 4.000000000000001, -32.93750000000001], [-21.250000000000004, -11.125000000000004, -34.50000000000001, -14.875000000000004, 0.0, -12.437500000000004, -10.875000000000004, -47.8125], [-8.812500000000002, 1.375, -22.062500000000007, -2.4375000000000004, 12.437500000000004, 0.0, 1.5625, -35.31250000000001], [-10.375000000000002, -0.25, -23.625000000000007, -4.000000000000001, 10.875000000000004, -1.5625, 0.0, -36.937500000000014], [26.56250000000001, 36.687500000000014, 13.312500000000005, 32.93750000000001, 47.8125, 35.31250000000001, 36.937500000000014, 0.0]]}}, "v10_distance": {"grid": {"eta": [[0.0, 11.000704614170507, 15.845600357652888, 12.342909981337517, 20.900146673180554, 19.74216923016594, 21.26569702777406, 59.24936667263717], [27.350674596382547, 0.0, 26.042349504175608, 5.029680608691922, 10.567876031109186, 11.490633115862261, 13.74475159368105, 60.39991893375043], [42.8499181902805, 70.20059278666305, 0.0, 27.42646398864745, 36.24801163561692, 34.72893718579755, 36.584230292246126, 61.172120244966045], [95.11352804859817, 62.94568449249556, 129.45010491518337, 0.0, 11.222833009043871, 9.203072240188687, 11.35540827397965, 60.3344694919294], [48.608126518116784, 22.916253058466882, 91.45804470839728, 50.33849091910253, 0.0, 10.557229387304691, 10.946910907786895, 62.62900475428312], [95.1515056246173, 67.52767917441105, 129.4880824912025, 38.56999865253212, 56.41557528490347, 0.0, 4.522406118403795, 58.09844090799752], [88.1630429172329, 73.60609412452024, 135.8106235701492, 43.30602010567546, 62.545723492093515, 10.13706556666105, 0.0, 58.18156596233855], [359.17789615519314, 386.46607075157567, 316.26547796491263, 387.49049751909934, 407.7235226733099, 385.9510980290022, 388.4974877160345, 0.0]], "shift": [[0.0, 0.75, -5.000000000000001, -0.375, 4.125000000000001, 0.75, 2.750000000000001, -22.250000000000007], [-0.75, 0.0, -5.750000000000002, -1.1250000000000002, 3.3750000000000013, 0.0, 2.0000000000000004, -23.062500000000007], [5.000000000000001, 5.750000000000002, 0.0, 4.625000000000002, 9.125000000000004, 5.750000000000002, 7.750000000000003, -17.312500000000004], [0.375, 1.1250000000000002, -4.625000000000002, 0.0, 4.500000000000002, 1.1250000000000002, 3.125000000000001, -21.937500000000007], [-4.125000000000001, -3.3750000000000013, -9.125000000000004, -4.500000000000002, 0.0, -3.3750000000000004, -1.375, -26.43750000000001], [-0.75, -0.0, -5.750000000000002, -1.1250000000000002, 3.3750000000000004, 0.0, 2.0000000000000004, -23.062500000000007], [-2.750000000000001, -2.0000000000000004, -7.750000000000003, -3.125000000000001, 1.375, -2.0000000000000004, 0.0, -25.062500000000007], [22.250000000000007, 23.062500000000007, 17.312500000000004, 21.937500000000007, 26.43750000000001, 23.062500000000007, 25.062500000000007, 0.0]]},