{"pseudos": ["DOJO-041-std-9", "SPMS-9", "SG15-9", "GBRV-1.X-9", "PSL-US-v1-high-9", "PSL-US-v1-low-9", "PSL-PAW-v1-high-9", "PSL-PAW-v1-low-9", "JTH-1.1-std-9"], "v_distance": {"grid": {"eta": [[0.0, 0.058284062216158436, 0.41193132060680765, 0.3450632393880466, 1.0738568230742802, 0.3790174312431842, 1.089123589278903, 0.5220598019067852, 0.4481295655854679], [0.08448362806682397, 0.0, 0.4570610716024017, 0.39398659110832684, 1.0233878637673839, 0.3338305387740615, 1.0381769748418388, 0.4739343161814929, 0.45283045537833494], [0.4079908575126687, 0.4813390728937783, 0.0, 0.2432784143342499, 1.4543292463280595, 0.7208495361977437, 1.4695247411469485, 0.8660272366720589, 0.45844906606531344], [0.32664556926378907, 0.41112919733061304, 0.18639861137259572, 0.0, 1.4100045423928984, 0.7127904462129939, 1.4249700813809805, 0.8616915173214058, 0.5938610382897863], [1.2175308882419529, 1.1960360056205772, 1.5848137767935704, 1.6008299947549285, 0.0, 0.7389500263900077, 0.02425118181151515, 0.6062327959778676, 1.2127925508498147], [0.44416310387879854, 0.42217947581197457, 0.8002835485476433, 0.8333086731425876, 0.7845302282459272, 0.0, 0.7544982429711836, 0.16303448832408077, 0.5439666667259827], [1.2125105197259352, 1.1910156371045595, 1.6422934082775529, 1.5958096262389108, 0.03494994453490108, 0.7795098597299095, 0.0, 0.6200333624454337, 1.2258404869861563], [0.5701601751865386, 0.48567654711971464, 0.9323628644291517, 0.8968057444503277, 0.6524509123644187, 0.15769441622366642, 0.7099305438484009, 0.0, 0.6231578073067622], [0.7601257077689549, 0.7519116742312413, 0.5439430621868855, 0.6715250997470221, 1.4677511168795085, 1.0393941564990214, 1.4627307483634908, 0.9971372757485515, 0.0]], "shift": [[0.0, 0.0625, -0.25, -0.25, 0.8125000000000001, 0.3125, 0.8125000000000001, 0.4375, 0.0], [-0.0625, 0.0, -0.3125, -0.3125, 0.8125000000000001, 0.3125, 0.8125000000000001, 0.375, -0.0625], [0.25, 0.3125, 0.0, 0.0, 1.0625, 0.5625000000000001, 1.1250000000000002, 0.6875, 0.25], [0.25, 0.3125, -0.0, 0.0, 1.1250000000000002, 0.625, 1.1250000000000002, 0.6875, 0.25], [-0.8125000000000001, -0.8125000000000001, -1.0625, -1.1250000000000002, 0.0, -0.5, 0.0, -0.375, -0.875], [-0.3125, -0.3125, -0.5625000000000001, -0.625, 0.5, 0.0, 0.5, 0.125, -0.375], [-0.8125000000000001, -0.8125000000000001, -1.1250000000000002, -1.1250000000000002, -0.0, -0.5, 0.0, -0.4375, -0.875], [-0.4375, -0.375, -0.6875, -0.6875, 0.375, -0.125, 0.4375, 0.0, -0.4375], [-0.0, 0.0625, -0.25, -0.25, 0.875, 0.375, 0.875, 0.4375, 0.0]]}, "path": {"eta": [[0.0, 0.04758952339965567, 0.5186572572443231, 0.14701300073228016, 0.966751731146543, 0.7051689355703724, 0.9663941347529934, 0.8492390956833794, 0.4741623750665733], [0.09879462017507024, 0.0, 0.5630644719287754, 0.1757125014212435, 0.921627052125954, 0.6660052990187112, 0.9213615621212463, 0.8106899951935483, 0.49633454895644363], [0.7725624100651595, 0.8393070701885463, 0.0, 0.4983840959416364, 1.4178648292232197, 1.1289313855098941, 1.4168744569489857, 1.2673370137327526, 0.5356120933779177], [0.3580619044982676, 0.4568565246733378, 0.7976998221565914, 0.0, 1.0518286692250465, 0.7467372180955911, 1.0530450487493233, 0.879013688140493, 0.3760292649703736], [2.0991478018051173, 2.0003531816300466, 2.7771602518185934, 2.3947097063033844, 0.0, 0.4689422145085314, 0.02103901310313534, 0.4795616548576562, 1.2343284486830304], [1.0818752290035754, 0.9830806088285051, 1.8223876790170512, 1.377437133501843, 1.0172725728015415, 0.0, 0.4808005687373391, 0.15448454892696858, 0.8242960811152987], [2.063647908543956, 2.027353288368886, 2.8041603585574326, 2.4217098130422237, 0.027000106738839236, 1.0442726795403807, 0.0, 0.49475430245605956, 1.239845786753867], [1.1952660246861555, 1.0964714045110853, 1.8732784746996316, 1.490827929184423, 0.9038817771189613, 0.17824247135440885, 0.9308818838578006, 0.0, 0.9303378422931553], [0.7231063611164502, 0.8219009812915203, 1.145394925523263, 0.46980415089652183, 2.822254162921567, 1.8049815901200255, 2.786754269660406, 1.9183723858026058, 0.0]], "shift": [[0.0, 0.0625, -0.5625000000000001, -0.1875, 1.25, 0.75, 1.1875000000000002, 0.875, -0.3125], [-0.0625, 0.0, -0.625, -0.25, 1.1875000000000002, 0.6875, 1.1875000000000002, 0.8125000000000001, -0.375], [0.5625000000000001, 0.625, 0.0, 0.375, 1.7500000000000002, 1.3124999999999998, 1.7500000000000002, 1.375, 0.25], [0.1875, 0.25, -0.375, 0.0, 1.375, 0.875, 1.375, 1.0, -0.125], [-1.25, -1.1875000000000002, -1.7500000000000002, -1.375, 0.0, -0.5, 0.0, -0.375, -1.5625], [-0.75, -0.6875, -1.3124999999999998, -0.875, 0.5, 0.0, 0.5, 0.125, -1.0625], [-1.1875000000000002, -1.1875000000000002, -1.7500000000000002, -1.375, -0.0, -0.5, 0.0, -0.375, -1.5], [-0.875, -0.8125000000000001, -1.375, -1.0, 0.375, -0.125, 0.375, 0.0, -1.1875000000000002], [0.3125, 0.375, -0.25, 0.125, 1.5625, 1.0625, 1.5, 1.1875000000000002, 0.0]]}}, "v10_distance": {"grid": {"eta": [[0.0, 1.8371758624852894, 188.62838999033087, 115.23026166466103, 19.829163686884268, 184.00602123475443, 19.951471550336194, 183.9988288839955, 208.66001260945828], [8.299676836893582, 0.0, 187.3378512184557, 113.62927221611959, 18.00571205737739, 182.69365710149958, 18.127952356033198, 182.68641251143862, 207.45181272725992], [889.178706780514, 884.5773063258646, 0.0, 88.76785344915103, 174.29999621272808, 6.348298390058957, 174.19254795794393, 6.365186278907886, 26.30108109717627], [617.1735537854361, 610.3597402603369, 400.40218687886136, 0.0, 97.71703814099727, 83.03166795334293, 97.59544844417441, 83.02221494918464, 113.57500017392192], [89.59559820063137, 81.67529804375532, 834.8415493135661, 449.11225054705164, 0.0, 169.43255158621693, 0.13486893942971195, 169.42465939664487, 195.20328356199425], [854.5764607800338, 849.9750603248639, 27.15031469387479, 413.8553924206488, 800.364303313086, 0.0, 169.3241473041255, 0.06607419836669631, 32.39333218430284], [90.17006600499758, 82.24976584812153, 834.5027287727277, 448.6511569959172, 0.5119678043662077, 799.9629827722475, 0.0, 169.31625117476963, 195.10014695076723], [854.46156174013, 849.7976612869603, 27.273855059358723, 413.7404933926377, 800.2494042731821, 0.25044679883912124, 799.8480837323438, 0.0, 32.40597295596826], [1035.4158559781697, 1030.7519555229999, 126.21355449139385, 496.28504852870554, 824.8228282548, 153.36386918526864, 824.4548338069935, 153.42490955075257, 0.0]], "shift": [[0.0, 0.8125000000000001, 116.75000000000007, 61.31250000000003, 8.562500000000002, 112.25000000000007, 8.562500000000002, 112.25000000000007, 133.00000000000009], [-0.8125000000000001, 0.0, 116.12500000000007, 60.56250000000003, 7.750000000000003, 111.62500000000007, 7.750000000000003, 111.68750000000009, 132.43750000000009], [-116.75000000000007, -116.12500000000007, 0.0, -61.562500000000014, -110.50000000000004, -5.125000000000001, -110.43750000000004, -5.062500000000001, 18.750000000000007], [-61.31250000000003, -60.56250000000003, 61.562500000000014, 0.0, -53.68750000000001, 56.56250000000002, -53.68750000000001, 56.56250000000002, 79.75000000000004], [-8.562500000000002, -7.750000000000003, 110.50000000000004, 53.68750000000001, 0.0, 105.87500000000007, 0.0625, 105.87500000000007, 127.06250000000009], [-112.25000000000007, -111.62500000000007, 5.125000000000001, -56.56250000000002, -105.87500000000007, 0.0, -105.87500000000004, 0.0, 23.875], [-8.562500000000002, -7.750000000000003, 110.43750000000004, 53.68750000000001, -0.0625, 105.87500000000004, 0.0, 105.87500000000007, 127.06250000000009], [-112.25000000000007, -111.68750000000009, 5.062500000000001, -56.56250000000002, -105.87500000000007, -0.0, -105.87500000000007, 0.0, 23.875], [-133.00000000000009, -132.43750000000009, -18.750000000000007, -79.75000000000004, -127.06250000000009, -23.875, -127.06250000000009, -23.875, 0.0]]},