{"pseudos": ["PSL-US-v1-high (Z=30)", "PSL-US-v1-low (Z=11)", "PSL-PAW-v1-high (Z=30)", "PSL-PAW-v1-low (Z=11)", "JTH-1.1-std (Z=20)", "Wentzcovitch (Z=20)"], "v_distance": {"grid": {"eta": [[0.0, 1286.7518939284407, 8.231770186598013, 1286.6656970121446, 11.136914713043058, 8.823769888869439], [3946.7902555619976, 0.0, 1286.7365468232492, 0.10820607755776507, 1285.8486141155017, 1286.1094388041074], [22.99386139743865, 3952.9565811080774, 0.0, 1286.6503944262404, 8.904784627714129, 4.243810242546427], [3946.6079512435035, 0.24480431849423923, 3952.711776789584, 0.0, 1285.7624018539366, 1286.0232639456865], [42.563116946243085, 3949.501139833045, 49.86616266509818, 3949.2563355145503, 0.0, 5.405204359098698], [28.493136583236918, 3951.6185561525062, 19.609949982374328, 3951.4362518340117, 30.193712682723856, 0.0]], "shift": [[0.0, 973.125000000001, 1.1875000000000002, 973.000000000001, 3.125000000000001, 1.375], [-973.125000000001, 0.0, 972.875000000001, 0.0625, 974.4375000000009, 973.375000000001], [-1.1875000000000002, -972.875000000001, 0.0, 972.812500000001, 4.312500000000001, 2.5625000000000004], [-973.000000000001, -0.0625, -972.812500000001, 0.0, 974.375000000001, 973.250000000001], [-3.125000000000001, -974.4375000000009, -4.312500000000001, -974.375000000001, 0.0, 1.8125000000000002], [-1.375, -973.375000000001, -2.5625000000000004, -973.250000000001, -1.8125000000000002, 0.0]]}, "path": {"eta": [[0.0, 1731.6849979151868, 9.780302901972139, 1731.5712792816826, 14.207273940012428, 10.361527134186966], [3372.1118284858453, 0.0, 1732.564418752724, 0.13867530402473732, 1731.3919913731831, 1731.8830175041278], [22.8819620117615, 3380.851103355, 0.0, 1732.4508488360552, 11.656029713121917, 4.836801167162404], [3371.910027849622, 0.2039860290577593, 3380.649302718767, 0.0, 1731.2783042704173, 1731.7693904907107], [46.953373365079386, 3377.516078669508, 52.4025090359968, 3377.3142780332746, 0.0, 7.374203020475189], [28.34311502812227, 3379.6033102962006, 21.82936534201482, 3379.401509659979, 30.573143693981972, 0.0]], "shift": [[0.0, 1549.1250000000014, 1.6250000000000002, 1549.0000000000016, 3.6875000000000013, 0.625], [-1549.1250000000014, 0.0, 1546.5000000000016, 0.125, 1548.0000000000014, 1547.0625000000016], [-1.6250000000000002, -1546.5000000000016, 0.0, 1546.3750000000016, 5.312500000000001, 2.250000000000001], [-1549.0000000000016, -0.125, -1546.3750000000016, 0.0, 1547.8750000000014, 1546.9375000000016], [-3.6875000000000013, -1548.0000000000014, -5.312500000000001, -1547.8750000000014, 0.0, 3.062500000000001], [-0.625, -1547.0625000000016, -2.250000000000001, -1546.9375000000016, -3.062500000000001, 0.0]]}}, "v10_distance": {"grid": {"eta": [[0.0, 2346.0791256658595, 7.893262315967927, 2346.0040723054803, 32.2212289094297, 17.198531204500956], [7057.227755562, 0.0, 2344.091141385604, 0.1390995612289184, 2356.0752973580743, 2352.203557417434], [20.30636139743865, 7059.95658110808, 0.0, 2344.0160094110715, 35.92012444850582, 20.19193302099588], [7056.857951243506, 0.3698043184942392, 7059.586776789587, 0.0, 2356.000472685685, 2352.1286052303917], [198.78528232832298, 7074.063639833048, 199.5746717608593, 7073.693835514554, 0.0, 17.653343565905992], [132.52911540358753, 7070.118556152509, 133.31850483612382, 7069.811251834015, 92.98620297788763, 0.0]], "shift": [[0.0, -2137.312500000002, 3.875000000000001, -2137.2500000000023, 17.937500000000007, 10.312500000000002], [2137.312500000002, 0.0, -2134.1250000000023, -0.0625, -2150.1250000000023, -2145.125000000002], [-3.875000000000001, 2134.1250000000023, 0.0, -2134.0625000000023, 21.812500000000007, 14.187500000000002], [2137.2500000000023, 0.0625, 2134.0625000000023, 0.0, -2150.0625000000023, -2145.125000000002], [-17.937500000000007, 2150.1250000000023, -21.812500000000007, 2150.0625000000023, 0.0, 7.6250000000000036], [-10.312500000000002, 2145.125000000002, -14.187500000000002, 2145.125000000002, -7.6250000000000036, 0.0]]}, "path": {"eta": [[0.0, 2536.0416492958, 9.306457933710975, 2535.950485179981, 43.06972642490347, 21.85048372542855], [6851.1118284858485, 0.0, 2534.4303189818775, 0.1836734777563731, 2541.3124387577022, 2539.737984967302], [20.4444620117615, 6853.913603355004, 0.0, 2534.3390209888016, 47.22295949128075, 25.05463346129129], [6850.722527849624, 0.3893006362331377, 6853.524302718771, 0.0, 2541.2216357561165, 2539.6469278256905], [199.35225076370946, 6873.453578669511, 200.3082990519403, 6873.064278033277, 0.0, 25.10825678249435], [132.97261838615043, 6867.353310296205, 133.99116667440973, 6866.964009659982, 101.33369529386697, 0.0]], "shift": [[0.0, -1929.875000000002, 4.062500000000001, -1929.8125000000018, 17.875000000000007, 9.937500000000002], [1929.875000000002, 0.0, -1926.562500000002, -0.0625, -1947.9375000000018, -1940.6875000000018], [-4.062500000000001, 1926.562500000002, 0.0, -1926.500000000002, 21.937500000000007, 14.062500000000002], [1929.8125000000018, 0.0625, 1926.500000000002, 0.0, -1947.875000000002, -1940.625000000002], [-17.875000000000007, 1947.9375000000018, -21.937500000000007, 1947.875000000002, 0.0, 7.875000000000002], [-9.937500000000002, 1940.6875000000018, -14.062500000000002, 1940.625000000002, -7.875000000000002, 0.0]]}}}