{"pseudos": ["PSL-US-v1-high (Z=32)", "PSL-US-v1-low (Z=11)", "PSL-PAW-v1-high (Z=32)", "PSL-PAW-v1-low (Z=11)", "JTH-1.1-std (Z=22)", "Wentzcovitch (Z=22)"], "average": {"grid": {"eta": [[0.0, 1749.2120280633549, 2.9442549259807964, 1749.195049269041, 41.77019028483616, 27.58897942790161], [1368.0322554571992, 0.0, 1748.241003817192, 0.03785575649692659, 1763.9492817190142, 1762.3908845818241], [1.4399985863872722, 1368.0306526844017, 0.0, 1748.2240221690777, 44.258644048795354, 30.074823084481466], [1368.0011554147275, 0.04611284925307429, 1367.9995546941277, 0.0, 1763.9323065823646, 1762.3739528143496], [9.704921689426516, 1366.9855465324142, 9.468697958159042, 1366.954440160802, 0.0, 22.76263405899315], [5.8158516960233815, 1367.7947397069318, 5.257386180304045, 1367.7636444912957, 5.887455865440003, 0.0]], "shift": [[0.0, -1216.8750000000014, 1.5000000000000002, -1216.8125000000011, 20.500000000000004, 21.000000000000004], [983.312500000001, 0.0, -1214.6250000000011, 0.0, -1244.5000000000014, -1243.4375000000011], [-0.125, 983.437500000001, 0.0, -1214.6250000000011, 22.000000000000007, 22.500000000000007], [983.250000000001, 0.0625, 983.437500000001, 0.0, -1244.4375000000011, -1243.4375000000011], [4.187500000000001, 986.000000000001, 4.000000000000001, 986.000000000001, 0.0, -0.5], [3.3125000000000013, 984.000000000001, 3.187500000000001, 983.937500000001, 0.8125000000000001, 0.0]]}, "path": {"eta": [[0.0, 2076.836106326878, 3.440103527333154, 2076.384527927019, 59.838160300166145, 31.97574865853531], [1823.9693845340328, 0.0, 2076.369724352716, 1.0003582418667178, 2086.0624532317456, 2085.31920914648], [1.6844901228201943, 1823.8273328985274, 0.0, 2075.918188875948, 62.53609687337853, 34.74425639171183], [1823.5833197978943, 0.44219990549932675, 1823.4413085036874, 0.0, 2085.6088448368455, 2084.8652894310976], [13.292378796200607, 1822.8647614013823, 13.036182680102137, 1822.4787528001623, 0.0, 36.65799719657158], [6.32261827142812, 1823.6750441717213, 5.948955762179182, 1823.2890843482503, 8.332587502675974, 0.0]], "shift": [[0.0, -1020.500000000001, 1.7500000000000002, -1019.8125000000009, 19.812500000000004, 20.312500000000004], [1496.7500000000014, 0.0, -1017.8125000000009, -0.6875, -1052.6250000000011, -1049.125000000001], [0.1875, 1497.2500000000016, 0.0, -1017.187500000001, 21.562500000000004, 22.062500000000007], [1496.3125000000016, 0.4375, 1496.8125000000014, 0.0, -1051.9375000000011, -1048.5000000000011], [5.812500000000002, 1498.2500000000014, 5.937500000000002, 1497.8125000000016, 0.0, -0.5625000000000001], [2.4375000000000004, 1497.5625000000014, 2.6250000000000004, 1497.1250000000014, 3.3125000000000013, 0.0]]}}, "maximum": {"grid": {"eta": [[0.0, 6388.937050863824, 8.969447826237044, 6388.771774905301, 342.6206238380656, 125.45006912855882], [4188.749550863821, 0.0, 6387.123626600058, 0.10277595852237198, 6423.123726303827, 6418.8455188480875], [3.832847760540645, 4189.061126600055, 0.0, 6387.020850641536, 345.41769896225617, 128.24714425274937], [4188.709274905299, 0.08349278657929915, 4188.958350641533, 0.0, 6422.958450345304, 6418.742742889565], [63.98919107999258, 4192.623726303826, 66.98624827261801, 4192.5209503453025, 0.0, 217.1705547095068], [28.781823163279977, 4191.408018848086, 31.71638035590541, 4191.367742889563, 35.2698679167126, 0.0]], "shift": [[0.0, 1216.8750000000014, -1.5000000000000002, 1216.8125000000011, -20.500000000000004, -21.000000000000004], [-983.312500000001, 0.0, 1214.6250000000011, -0.0, 1244.5000000000014, 1243.4375000000011], [0.125, -983.437500000001, 0.0, 1214.6250000000011, -22.000000000000007, -22.500000000000007], [-983.250000000001, -0.0625, -983.437500000001, 0.0, 1244.4375000000011, 1243.4375000000011], [-4.187500000000001, -986.000000000001, -4.000000000000001, -986.000000000001, 0.0, 0.5], [-3.3125000000000013, -984.000000000001, -3.187500000000001, -983.937500000001, -0.8125000000000001, 0.0]]}, "path": {"eta": [[0.0, 6193.37753419942, 8.795124240213255, 6191.5297517454865, 342.7755616747095, 124.87996267954921], [3676.1275341994174, 0.0, 6191.401285099668, 2.3069030919596254, 6232.045427475782, 6226.145441673509], [4.125958251425914, 3676.338785099666, 0.0, 6189.6160026457355, 345.7918210177216, 127.89622202256137], [3675.4047517454837, 0.7227824539442835, 3675.6160026457324, 0.0, 6230.197645021849, 6224.360159219565], [62.05227155035975, 3681.17042747578, 64.77226813379914, 3680.4476450218463, 0.0, 217.83309899523843], [29.591458719990893, 3679.4579416735055, 32.24895530343029, 3678.7351592195614, 32.52331283037063, 0.0]], "shift": [[0.0, 1020.500000000001, -1.7500000000000002, 1019.8125000000009, -19.812500000000004, -20.312500000000004], [-1496.7500000000014, 0.0, 1017.8125000000009, 0.6875, 1052.6250000000011, 1049.125000000001], [-0.1875, -1497.2500000000016, 0.0, 1017.187500000001, -21.562500000000004, -22.062500000000007], [-1496.3125000000016, -0.4375, -1496.8125000000014, 0.0, 1051.9375000000011, 1048.5000000000011], [-5.812500000000002, -1498.2500000000014, -5.937500000000002, -1497.8125000000016, 0.0, 0.5625000000000001], [-2.4375000000000004, -1497.5625000000014, -2.6250000000000004, -1497.1250000000014, -3.3125000000000013, 0.0]]}}}