{"pseudos": ["PSL-US-v1-high-27", "PSL-US-v1-low-11", "PSL-US-v1-low-10", "PSL-PAW-v1-high-27", "PSL-PAW-v1-low-11", "PSL-PAW-v1-low-10", "JTH-1.1-std-17", "Wentzcovitch-17"], "v_distance": {"grid": {"eta": [[0.0, 1067.9600146956923, 906.1090676932885, 1.8416765185013062, 1067.7018127274548, 905.9386889363516, 6.648593500132893, 4.984636291690526], [3375.064823545365, 0.0, 65.18699330780605, 1068.5366229660917, 0.2967742453404237, 65.10849222754008, 1067.489936816885, 1068.2100269253947], [2995.739359145471, 146.14270230876758, 0.0, 906.8241715619724, 65.25308219218641, 0.25937359441644703, 906.1382991549082, 906.6505846681582], [3.511067570308626, 3378.6949097499114, 2999.056945350018, 0.0, 1068.278452507721, 906.6536402301766, 6.78318150013573, 4.597466849591028], [3374.2107818747763, 0.8540416705888275, 146.4667887232598, 3377.8408680793227, 0.0, 65.17353595840724, 1067.2317486582033, 1067.9518576325772], [2995.0159401335386, 146.13202162466465, 0.723419011932819, 2998.396026338085, 146.10900685192752, 0.0, 905.9676412425617, 906.4800272983837], [20.470368313948182, 3377.877425449322, 2999.1144610494275, 23.369543152403534, 3377.0233837787328, 2998.453542037495, 0.0, 3.6486130129505776], [16.50288772089361, 3379.6406191741175, 3000.252654774224, 13.97347513253223, 3378.7240775035284, 2999.529235762291, 15.211534321487306, 0.0]], "shift": [[0.0, 1023.937500000001, 625.5000000000006, 0.625, 1023.6250000000011, 625.2500000000006, 3.062500000000001, 1.5625], [-1023.937500000001, 0.0, -909.1875000000009, 1023.875000000001, 0.3125, -909.3750000000009, 1023.6250000000011, 1023.8125000000009], [-625.5000000000006, 909.1875000000009, 0.0, 625.7500000000006, -908.7500000000008, 0.25, 624.6250000000007, 625.4375000000006], [-0.625, -1023.875000000001, -625.7500000000006, 0.0, 1023.562500000001, 625.4375000000006, 3.6875000000000013, 2.1875000000000004], [-1023.6250000000011, -0.3125, 908.7500000000008, -1023.562500000001, 0.0, -908.9375000000008, 1023.3125000000011, 1023.562500000001], [-625.2500000000006, 909.3750000000009, -0.25, -625.4375000000006, 908.9375000000008, 0.0, 624.3125000000006, 625.1875000000006], [-3.062500000000001, -1023.6250000000011, -624.6250000000007, -3.6875000000000013, -1023.3125000000011, -624.3125000000006, 0.0, 1.5000000000000002], [-1.5625, -1023.8125000000009, -625.4375000000006, -2.1875000000000004, -1023.562500000001, -625.1875000000006, -1.5000000000000002, 0.0]]}, "path": {"eta": [[0.0, 1382.1803439106613, 1208.255821913395, 2.345132423837242, 1381.8742487443849, 1207.9194628230696, 8.319955211328558, 5.989082039758899], [2930.435615358272, 0.0, 87.87657139729401, 1382.4694499585385, 0.3711213046837554, 87.71354159808892, 1381.337691310975, 1382.0558152983601], [2412.1761968386813, 213.46280897401104, 0.0, 1208.7046370282965, 87.94177678648516, 0.4838118093267109, 1207.9643850271477, 1208.5595405087693], [3.6079645732014285, 2933.9715471806976, 2415.8996286611077, 0.0, 1382.1634683118848, 1208.3680690031429, 8.603329157993265, 5.5594955136660325], [2929.5811620559016, 0.791953302369933, 213.88921347352263, 2933.179593878328, 0.0, 87.77687069780049, 1381.031682413585, 1381.7498247104395], [2411.246948966905, 212.74293058069372, 0.9917478718989088, 2415.032880789331, 213.16933508020531, 0.0, 1207.627565271719, 1208.2228361886914], [19.97279464093462, 2932.291405018691, 2415.4069864991, 22.985917488044763, 2931.499451716321, 2414.540238627276, 0.0, 4.621079544642385], [15.953408114837655, 2934.3874933143707, 2416.878074794781, 13.53293759933895, 2933.595540012001, 2415.9488269229755, 15.241030167060401, 0.0]], "shift": [[0.0, 1468.6250000000014, 1209.8125000000014, 0.5625000000000001, 1468.3125000000014, 1209.3125000000011, 3.5625000000000013, 1.8750000000000004], [-1468.6250000000014, 0.0, -862.1250000000008, 1468.5000000000014, 0.375, -862.5000000000008, 1469.1875000000014, 1468.8750000000016], [-1209.8125000000014, 862.1250000000008, 0.0, 1209.5000000000011, -861.6250000000008, 0.4375, 1209.0000000000011, 1209.3125000000011], [-0.5625000000000001, -1468.5000000000014, -1209.5000000000011, 0.0, 1468.1250000000014, 1208.9375000000011, 4.062500000000001, 2.3750000000000004], [-1468.3125000000014, -0.375, 861.6250000000008, -1468.1250000000014, 0.0, -862.0000000000008, 1468.8125000000014, 1468.5000000000014], [-1209.3125000000011, 862.5000000000008, -0.4375, -1208.9375000000011, 862.0000000000008, 0.0, 1208.4375000000011, 1208.8125000000011], [-3.5625000000000013, -1469.1875000000014, -1209.0000000000011, -4.062500000000001, -1468.8125000000014, -1208.4375000000011, 0.0, 1.6875000000000002], [-1.8750000000000004, -1468.8750000000016, -1209.3125000000011, -2.3750000000000004, -1468.5000000000014, -1208.8125000000011, -1.6875000000000002, 0.0]]}}, "v10_distance": {"grid": {"eta": [[0.0, 3207.778524242237, 3150.822297184507, 3.282230738750963, 3207.470821648806, 3150.5330144627073, 10.191264265300775, 8.377730385236855], [7150.252323545368, 0.0, 227.84166964214012, 3207.150381829292, 0.496624298140397, 227.36872445950286, 3206.2905361226917, 3207.2428285053393], [7167.989359145475, 742.6729748583635, 0.0, 3150.305259869848, 228.25858325422038, 0.5275108186206893, 3149.6826323473797, 3150.0897383097235], [10.142469353303369, 7152.9449097499155, 7170.744445350022, 0.0, 3206.842678642711, 3150.0158669821935, 11.841831738804157, 7.9592555993914935], [7148.96078187478, 1.732114068849981, 744.0916873307613, 7151.590868079326, 0.0, 227.78555062575322, 3205.9825553818027, 3206.935247944804], [7166.703440133542, 740.7590814765466, 1.8774491201505867, 7169.521026338089, 742.2402939489441, 0.0, 3149.3930466289758, 3149.800421593291], [83.49358113105208, 7151.1274254493255, 7169.176961049432, 91.18471198449834, 7149.773383778736, 7167.9535420375, 0.0, 8.958977443243507], [61.93190992654793, 7153.453119174121, 7171.190154774227, 67.11166995631827, 7152.1615775035325, 7169.904235762295, 54.62072615097081, 0.0]], "shift": [[0.0, -2751.2500000000027, -3546.750000000003, 2.3125000000000004, -2751.1250000000027, -3546.437500000003, 1.375, -2.2500000000000004], [2751.2500000000027, 0.0, -1197.750000000001, -2750.3750000000027, -0.1875, -1197.3125000000011, -2749.6250000000027, -2750.0000000000027], [3546.750000000003, 1197.750000000001, 0.0, -3545.9375000000036, -1197.937500000001, -0.5, -3545.437500000003, -3545.500000000003], [-2.3125000000000004, 2750.3750000000027, 3545.9375000000036, 0.0, -2750.1875000000027, -3545.687500000003, 3.6875000000000013, 0.0625], [2751.1250000000027, 0.1875, 1197.937500000001, 2750.1875000000027, 0.0, -1197.4375000000014, -2749.4375000000027, -2749.8750000000027], [3546.437500000003, 1197.3125000000011, 0.5, 3545.687500000003, 1197.4375000000014, 0.0, -3545.1875000000036, -3545.1875000000036], [-1.375, 2749.6250000000027, 3545.437500000003, -3.6875000000000013, 2749.4375000000027, 3545.1875000000036, 0.0, 3.6250000000000013], [2.2500000000000004, 2750.0000000000027, 3545.500000000003, -0.0625, 2749.8750000000027, 3545.1875000000036, -3.6250000000000013, 0.0]]},