{"pseudos": ["PSL-US-v1-high (Z=27)", "PSL-US-v1-low (Z=11)", "PSL-US-v1-low (Z=10)", "PSL-PAW-v1-high (Z=27)", "PSL-PAW-v1-low (Z=11)", "PSL-PAW-v1-low (Z=10)", "JTH-1.1-std (Z=17)", "Wentzcovitch (Z=17)"], "average": {"grid": {"eta": [[0.0, 3207.778524242237, 3150.822297184507, 3.282230738750963, 3207.470821648806, 3150.5330144627073, 10.191264265300775, 8.377730385236855], [1067.9600146956923, 0.0, 227.84166964214012, 3207.150381829292, 0.496624298140397, 227.36872445950286, 3206.2905361226917, 3207.2428285053393], [906.1090676932885, 65.18699330780605, 0.0, 3150.305259869848, 228.25858325422038, 0.5275108186206893, 3149.6826323473797, 3150.0897383097235], [1.8416765185013062, 1068.5366229660917, 906.8241715619724, 0.0, 3206.842678642711, 3150.0158669821935, 11.841831738804157, 7.9592555993914935], [1067.7018127274548, 0.2967742453404237, 65.25308219218641, 1068.278452507721, 0.0, 227.78555062575322, 3205.9825553818027, 3206.935247944804], [905.9386889363516, 65.10849222754008, 0.25937359441644703, 906.6536402301766, 65.17353595840724, 0.0, 3149.3930466289758, 3149.800421593291], [6.648593500132893, 1067.489936816885, 906.1382991549082, 6.78318150013573, 1067.2317486582033, 905.9676412425617, 0.0, 8.958977443243507], [4.984636291690526, 1068.2100269253947, 906.6505846681582, 4.597466849591028, 1067.9518576325772, 906.4800272983837, 3.6486130129505776, 0.0]], "shift": [[0.0, -2751.2500000000027, -3546.750000000003, 2.3125000000000004, -2751.1250000000027, -3546.437500000003, 1.375, -2.2500000000000004], [1023.937500000001, 0.0, -1197.750000000001, -2750.3750000000027, -0.1875, -1197.3125000000011, -2749.6250000000027, -2750.0000000000027], [625.5000000000006, -909.1875000000009, 0.0, -3545.9375000000036, -1197.937500000001, -0.5, -3545.437500000003, -3545.500000000003], [0.625, 1023.875000000001, 625.7500000000006, 0.0, -2750.1875000000027, -3545.687500000003, 3.6875000000000013, 0.0625], [1023.6250000000011, 0.3125, -908.7500000000008, 1023.562500000001, 0.0, -1197.4375000000014, -2749.4375000000027, -2749.8750000000027], [625.2500000000006, -909.3750000000009, 0.25, 625.4375000000006, -908.9375000000008, 0.0, -3545.1875000000036, -3545.1875000000036], [3.062500000000001, 1023.6250000000011, 624.6250000000007, 3.6875000000000013, 1023.3125000000011, 624.3125000000006, 0.0, 3.6250000000000013], [1.5625, 1023.8125000000009, 625.4375000000006, 2.1875000000000004, 1023.562500000001, 625.1875000000006, 1.5000000000000002, 0.0]]}, "path": {"eta": [[0.0, 3345.817387845033, 3401.503503982345, 3.863388409267835, 3345.536866148528, 3401.074140242871, 15.613965226684204, 12.233444266021024], [1382.1803439106613, 0.0, 249.75718022483593, 3345.0285843580878, 0.6052112125684918, 248.97899111872565, 3344.6046296390423, 3345.562530408368], [1208.255821913395, 87.87657139729401, 0.0, 3400.818591937474, 250.16406470767643, 0.9607904193604453, 3400.279927490469, 3401.0243533052544], [2.345132423837242, 1382.4694499585385, 1208.7046370282965, 0.0, 3344.7481710912994, 3400.3893559407184, 17.870443797889987, 13.120382969411356], [1381.8742487443849, 0.3711213046837554, 87.94177678648516, 1382.1634683118848, 0.0, 249.38567707733634, 3344.3232250428014, 3345.281925834854], [1207.9194628230696, 87.71354159808892, 0.4838118093267109, 1208.3680690031429, 87.77687069780049, 0.0, 3399.8488923325795, 3400.5947343240105], [8.319955211328558, 1381.337691310975, 1207.9643850271477, 8.603329157993265, 1381.031682413585, 1207.627565271719, 0.0, 10.383959678115515], [5.989082039758899, 1382.0558152983601, 1208.5595405087693, 5.5594955136660325, 1381.7498247104395, 1208.2228361886914, 4.621079544642385, 0.0]], "shift": [[0.0, -2758.1875000000027, -3654.8125000000045, 2.1875000000000004, -2757.9375000000027, -3654.2500000000045, 1.6250000000000002, -1.9375], [1468.6250000000014, 0.0, -1194.7500000000011, -2757.1250000000027, -0.125, -1194.0625000000011, -2757.0000000000027, -2757.1875000000027], [1209.8125000000014, -862.1250000000008, 0.0, -3653.9375000000045, -1194.9375000000011, -0.6875, -3654.0000000000045, -3654.0000000000045], [0.5625000000000001, 1468.5000000000014, 1209.5000000000011, 0.0, -2756.9375000000027, -3653.3750000000045, 3.875000000000001, 0.3125], [1468.3125000000014, 0.375, -861.6250000000008, 1468.1250000000014, 0.0, -1194.2500000000011, -2756.7500000000027, -2756.9375000000027], [1209.3125000000011, -862.5000000000008, 0.4375, 1208.9375000000011, -862.0000000000008, 0.0, -3653.4375000000045, -3653.4375000000045], [3.5625000000000013, 1469.1875000000014, 1209.0000000000011, 4.062500000000001, 1468.8125000000014, 1208.4375000000011, 0.0, 3.5625000000000013], [1.8750000000000004, 1468.8750000000016, 1209.3125000000011, 2.3750000000000004, 1468.5000000000014, 1208.8125000000011, 1.6875000000000002, 0.0]]}}, "maximum": {"grid": {"eta": [[0.0, 7150.252323545368, 7167.989359145475, 10.142469353303369, 7148.96078187478, 7166.703440133542, 83.49358113105208, 61.93190992654793], [3375.064823545365, 0.0, 742.6729748583635, 7152.9449097499155, 1.732114068849981, 740.7590814765466, 7151.1274254493255, 7153.453119174121], [2995.739359145471, 146.14270230876758, 0.0, 7170.744445350022, 744.0916873307613, 1.8774491201505867, 7169.176961049432, 7171.190154774227], [3.511067570308626, 3378.6949097499114, 2999.056945350018, 0.0, 7151.590868079326, 7169.521026338089, 91.18471198449834, 67.11166995631827], [3374.2107818747763, 0.8540416705888275, 146.4667887232598, 3377.8408680793227, 0.0, 742.2402939489441, 7149.773383778736, 7152.1615775035325], [2995.0159401335386, 146.13202162466465, 0.723419011932819, 2998.396026338085, 146.10900685192752, 0.0, 7167.9535420375, 7169.904235762295], [20.470368313948182, 3377.877425449322, 2999.1144610494275, 23.369543152403534, 3377.0233837787328, 2998.453542037495, 0.0, 54.62072615097081], [16.50288772089361, 3379.6406191741175, 3000.252654774224, 13.97347513253223, 3378.7240775035284, 2999.529235762291, 15.211534321487306, 0.0]], "shift": [[0.0, 2751.2500000000027, 3546.750000000003, -2.3125000000000004, 2751.1250000000027, 3546.437500000003, -1.375, 2.2500000000000004], [-1023.937500000001, 0.0, 1197.750000000001, 2750.3750000000027, 0.1875, 1197.3125000000011, 2749.6250000000027, 2750.0000000000027], [-625.5000000000006, 909.1875000000009, 0.0, 3545.9375000000036, 1197.937500000001, 0.5, 3545.437500000003, 3545.500000000003], [-0.625, -1023.875000000001, -625.7500000000006, 0.0, 2750.1875000000027, 3545.687500000003, -3.6875000000000013, -0.0625], [-1023.6250000000011, -0.3125, 908.7500000000008, -1023.562500000001, 0.0, 1197.4375000000014, 2749.4375000000027, 2749.8750000000027], [-625.2500000000006, 909.3750000000009, -0.25, -625.4375000000006, 908.9375000000008, 0.0, 3545.1875000000036, 3545.1875000000036], [-3.062500000000001, -1023.6250000000011, -624.6250000000007, -3.6875000000000013, -1023.3125000000011, -624.3125000000006, 0.0, -3.6250000000000013], [-1.5625, -1023.8125000000009, -625.4375000000006, -2.1875000000000004, -1023.562500000001, -625.1875000000006, -1.5000000000000002, 0.0]]},