{"pseudos": ["DOJO-041-std-7", "SPMS-7", "SG15-7", "GBRV-1.X-7", "PSL-US-v1-high-7", "PSL-US-v0.x-7", "PSL-PAW-v0.x-7", "PSL-PAW-v1-high-7", "JTH-1.1-std-7"], "v_distance": {"grid": {"eta": [[0.0, 0.24913541139450698, 0.6382693693518808, 1.0895137992545052, 0.5836679737464238, 0.8586784088644711, 0.7168805544230302, 0.7108314826385294, 0.8539744064148426], [0.48822795671199515, 0.0, 0.8581968304188389, 0.9404014892523529, 0.4516769896890847, 0.7040207658705009, 0.5813153613342175, 0.5661649872379159, 0.7206462605631591], [1.0885560688643634, 1.5767840255763585, 0.0, 1.7075604621188445, 1.202902548599037, 1.483185835564857, 1.3365257776104018, 1.3314037293487744, 1.4678720646099621], [1.7967252286211988, 1.6338961077392078, 2.819788439127677, 0.0, 0.5117412963254863, 0.23748445021142672, 0.37427406308399874, 0.38616584929086334, 0.25430586263689636], [0.9910171096468225, 0.993686495044436, 1.9339171272437172, 0.8858713118839603, 0.0, 0.2826886530601555, 0.1447149702402251, 0.1294649170672598, 0.2934426692142708], [1.3849941352471828, 1.2861847616815114, 2.408057345753661, 0.4117310933740157, 0.4741402185099446, 0.0, 0.1510286283713013, 0.1578507248916134, 0.12310132954315796], [1.161758066103225, 1.164594758509086, 2.168929651857951, 0.6508587872697262, 0.30696471775958045, 0.26524346722627, 0.0, 0.06381687548904531, 0.1625576182904391], [1.1441534533523985, 1.146822838750012, 2.1627031996247297, 0.6570852395029476, 0.22878607238101267, 0.3020151073091917, 0.2022014640609413, 0.0, 0.19087917578126226], [1.4095785140495138, 1.1378041067770648, 2.370141724555992, 0.5699058537971808, 0.674001940695355, 0.29309294532649943, 0.3822804123771242, 0.5067386870082622, 0.0]], "shift": [[0.0, 0.0, -0.625, 1.5625, 0.6875, 1.1875000000000002, 1.0625, 0.8125000000000001, 1.0625], [-0.0, 0.0, -0.625, 1.5625, 0.6875, 1.1875000000000002, 1.0625, 0.8125000000000001, 1.1250000000000002], [0.625, 0.625, 0.0, 2.1875000000000004, 1.3124999999999998, 1.8125000000000002, 1.6875000000000002, 1.4375, 1.7500000000000002], [-1.5625, -1.5625, -2.1875000000000004, 0.0, -0.875, -0.375, -0.5, -0.75, -0.5], [-0.6875, -0.6875, -1.3124999999999998, 0.875, 0.0, 0.5, 0.375, 0.125, 0.4375], [-1.1875000000000002, -1.1875000000000002, -1.8125000000000002, 0.375, -0.5, 0.0, -0.125, -0.375, -0.0625], [-1.0625, -1.0625, -1.6875000000000002, 0.5, -0.375, 0.125, 0.0, -0.25, 0.0625], [-0.8125000000000001, -0.8125000000000001, -1.4375, 0.75, -0.125, 0.375, 0.25, 0.0, 0.25], [-1.0625, -1.1250000000000002, -1.7500000000000002, 0.5, -0.4375, 0.0625, -0.0625, -0.25, 0.0]]}, "path": {"eta": [[0.0, 0.0249135411394507, 0.06382693693518808, 0.10895137992545052, 0.05836679737464238, 0.08586784088644711, 0.07168805544230303, 0.07108314826385294, 0.08539744064148426], [0.048822795671199515, 0.0, 0.08581968304188389, 0.0940401489252353, 0.04516769896890847, 0.07040207658705008, 0.05813153613342174, 0.05661649872379158, 0.0720646260563159], [0.10885560688643633, 0.15767840255763585, 0.0, 0.17075604621188445, 0.1202902548599037, 0.1483185835564857, 0.13365257776104017, 0.13314037293487743, 0.14678720646099622], [0.17967252286211988, 0.16338961077392078, 0.2819788439127677, 0.0, 0.05117412963254862, 0.02374844502114267, 0.03742740630839987, 0.03861658492908633, 0.025430586263689638], [0.09910171096468226, 0.0993686495044436, 0.19339171272437172, 0.08858713118839603, 0.0, 0.02826886530601555, 0.01447149702402251, 0.012946491706725979, 0.02934426692142708], [0.13849941352471828, 0.12861847616815114, 0.2408057345753661, 0.04117310933740157, 0.047414021850994456, 0.0, 0.015102862837130129, 0.01578507248916134, 0.012310132954315796], [0.1161758066103225, 0.11645947585090859, 0.2168929651857951, 0.06508587872697262, 0.030696471775958044, 0.026524346722627, 0.0, 0.006381687548904532, 0.01625576182904391], [0.11441534533523985, 0.11468228387500119, 0.21627031996247298, 0.06570852395029476, 0.022878607238101267, 0.030201510730919166, 0.020220146406094132, 0.0, 0.019087917578126227], [0.14095785140495137, 0.11378041067770647, 0.2370141724555992, 0.05699058537971809, 0.0674001940695355, 0.029309294532649945, 0.038228041237712417, 0.05067386870082622, 0.0]], "shift": [[0.0, 0.0, -0.0625, 0.15625, 0.06875, 0.11875000000000002, 0.10625, 0.08125000000000002, 0.10625], [-0.0, 0.0, -0.0625, 0.15625, 0.06875, 0.11875000000000002, 0.10625, 0.08125000000000002, 0.11250000000000002], [0.0625, 0.0625, 0.0, 0.21875000000000006, 0.13124999999999998, 0.18125000000000002, 0.16875, 0.14375, 0.17500000000000002], [-0.15625, -0.15625, -0.21875000000000006, 0.0, -0.0875, -0.0375, -0.05, -0.075, -0.05], [-0.06875, -0.06875, -0.13124999999999998, 0.0875, 0.0, 0.05, 0.0375, 0.0125, 0.04375], [-0.11875000000000002, -0.11875000000000002, -0.18125000000000002, 0.0375, -0.05, 0.0, -0.0125, -0.0375, -0.00625], [-0.10625, -0.10625, -0.16875, 0.05, -0.0375, 0.0125, 0.0, -0.025, 0.00625], [-0.08125000000000002, -0.08125000000000002, -0.14375, 0.075, -0.0125, 0.0375, 0.025, 0.0, 0.025], [-0.10625, -0.11250000000000002, -0.17500000000000002, 0.05, -0.04375, 0.00625, -0.00625, -0.025, 0.0]]}}, "v10_distance": {"grid": {"eta": [[0.0, 0.2340133302106353, 0.6333480319111553, 1.1347378534396881, 0.6104104144664535, 0.8912417714380637, 0.753131884807467, 0.7401804607012052, 0.8771743443659756], [0.531820068578881, 0.0, 0.8304662349831015, 1.0122212909720425, 0.5054649508757666, 0.764015870769942, 0.6440215854045331, 0.6230143775850236, 0.7657361894374086], [1.1510560688643636, 1.6392840255763588, 0.0, 1.7479426654134245, 1.2248787970512969, 1.5101922381914354, 1.3674221120438175, 1.3555654066424379, 1.4883820699710113], [1.9842252286211988, 2.502580054588492, 3.0975533123850734, 0.0, 0.5298488624557305, 0.2507341072070237, 0.38394385030434114, 0.4017125350012203, 0.2775844806243908], [1.3978008713886538, 1.9296209399675348, 2.5245941977641166, 0.9483713118839602, 0.0, 0.2893846910757029, 0.15603226643116408, 0.13091701510144094, 0.2940711763369137], [1.6952037852317687, 2.2270238538106497, 2.8219971116072315, 0.4742310933740157, 0.5366402185099446, 0.0, 0.1470959993332643, 0.16301395946101296, 0.12720511221591713], [1.6933293965762175, 2.2251494651550985, 2.8201227229516803, 0.7133587872697262, 0.3580285251875637, 0.26524346722627, 0.0, 0.06687350610032763, 0.16364618675552398], [1.6022650180482287, 2.13408508662711, 2.729058344423691, 0.7195852395029476, 0.22878607238101267, 0.3020151073091917, 0.2022014640609413, 0.0, 0.190356540233305], [1.5345785140495138, 1.231333639308275, 2.5576417245559924, 1.9599702753335464, 1.3870111607125892, 1.7469140745557041, 1.745039685900153, 1.5914753073721641, 0.0]], "shift": [[0.0, 0.0, -0.5625000000000001, 1.375, 0.5625000000000001, 1.0625, 0.9375, 0.6875, 0.9375], [-0.0, 0.0, -0.5625000000000001, 1.375, 0.5625000000000001, 1.0625, 0.9375, 0.6875, 1.0], [0.5625000000000001, 0.5625000000000001, 0.0, 1.9375000000000004, 1.1250000000000002, 1.6250000000000002, 1.5, 1.25, 1.5625], [-1.375, -1.375, -1.9375000000000004, 0.0, -0.8125000000000001, -0.3125, -0.4375, -0.6875, -0.4375], [-0.5625000000000001, -0.5625000000000001, -1.1250000000000002, 0.8125000000000001, 0.0, 0.4375, 0.3125, 0.125, 0.375], [-1.0625, -1.0625, -1.6250000000000002, 0.3125, -0.4375, 0.0, -0.125, -0.375, -0.0625], [-0.9375, -0.9375, -1.5, 0.4375, -0.3125, 0.125, 0.0, -0.25, 0.0625], [-0.6875, -0.6875, -1.25, 0.6875, -0.125, 0.375, 0.25, 0.0, 0.25], [-0.9375, -1.0, -1.5625, 0.4375, -0.375, 0.0625, -0.0625, -0.25, 0.0]]},