{"pseudos": ["DOJO-041-std (Z=7)", "SPMS (Z=7)", "SG15 (Z=7)", "GBRV-1.X (Z=7)", "PSL-US-v1-high (Z=7)", "PSL-US-v0.x (Z=7)", "PSL-PAW-v0.x (Z=7)", "PSL-PAW-v1-high (Z=7)", "JTH-1.1-std (Z=7)"], "v_distance": {"grid": {"eta": [[0.0, 0.10150544867937397, 0.18076399749179964, 0.5737788789362614, 0.30426096694101123, 0.40922801234983575, 0.38777266075882305, 0.35352244826815565, 0.48979752150187916], [0.19033669240586093, 0.0, 0.1277744617742178, 0.6725121658353737, 0.40092115113647236, 0.5082025573909074, 0.4860208388760644, 0.45040940667681556, 0.5884269755228423], [0.3906810960530862, 0.337256407564837, 0.0, 0.7265618071625666, 0.4452171599233705, 0.563983309833566, 0.5430177734178548, 0.49468535819763837, 0.6428371346604913], [1.0060594153333469, 1.196396107739208, 1.2001797521891044, 0.0, 0.28492509333578164, 0.16669878529497542, 0.18770996422828373, 0.23711732325728557, 0.12442145970627065], [0.6160171096468227, 0.806186495044436, 0.8361208448272173, 0.4788527748186411, 0.0, 0.12941606886936524, 0.10731900622703146, 0.050054561041334836, 0.2264752232390613], [0.7833480692756503, 0.9736847616815112, 0.9814012231252534, 0.28192600285267844, 0.2817783610078308, 0.0, 0.027268209650594264, 0.08965244297425042, 0.12801627238520955], [0.724258066103225, 0.914594758509086, 0.9239940193433291, 0.29316656829807997, 0.24446471775958045, 0.0590900031724253, 0.0, 0.07148089112499681, 0.14113725222016837], [0.7066534533523985, 0.896822838750012, 0.9268791386712252, 0.4348476757818141, 0.09075829384400791, 0.19879370467532098, 0.2022014640609413, 0.0, 0.18846670566632248], [0.8356771271332697, 0.9661438719427088, 1.088602524685637, 0.38240585379718084, 0.486501940695355, 0.29309294532649943, 0.3197804123771242, 0.4442386870082622, 0.0]], "shift": [[0.0, -0.1875, -0.25, 0.9375, 0.3125, 0.6875, 0.625, 0.375, 0.625], [0.1875, 0.0, -0.125, 1.1250000000000002, 0.5, 0.875, 0.8125000000000001, 0.5625000000000001, 0.8125000000000001], [0.25, 0.125, 0.0, 1.1875000000000002, 0.625, 0.9375, 0.875, 0.6875, 0.875], [-0.9375, -1.1250000000000002, -1.1875000000000002, 0.0, -0.625, -0.25, -0.3125, -0.5625000000000001, -0.3125], [-0.3125, -0.5, -0.625, 0.625, 0.0, 0.375, 0.3125, 0.0625, 0.25], [-0.6875, -0.875, -0.9375, 0.25, -0.375, 0.0, -0.0625, -0.25, -0.0625], [-0.625, -0.8125000000000001, -0.875, 0.3125, -0.3125, 0.0625, 0.0, -0.25, 0.0], [-0.375, -0.5625000000000001, -0.6875, 0.5625000000000001, -0.0625, 0.25, 0.25, 0.0, 0.1875], [-0.625, -0.8125000000000001, -0.875, 0.3125, -0.25, 0.0625, -0.0, -0.1875, 0.0]]}, "path": {"eta": [[0.0, 0.08200775647059304, 0.2016526446957675, 0.4883943960458471, 0.21678644898878777, 0.3247507149779277, 0.30567673557366926, 0.2605629135928782, 0.488231943333293], [0.20566271217455068, 0.0, 0.1636357919307536, 0.5502303243479457, 0.2776639111567681, 0.389712934436426, 0.37062007208815356, 0.32180166059501997, 0.5459841851305106], [0.4467207737874972, 0.3691781189719343, 0.0, 0.649507930600631, 0.34728570611500237, 0.4865533429774696, 0.46789037785561594, 0.3935438853072344, 0.6518088128863717], [0.9441234758651156, 1.0763019758964063, 1.1056350629852574, 0.0, 0.3175620150543582, 0.1828172818547282, 0.2017955773701746, 0.2733214602957389, 0.10211281609003119], [0.6734660266644319, 0.8681252649683984, 0.7602259274286922, 0.6124975380748516, 0.0, 0.1482934707057823, 0.13332680189932136, 0.04832866478433002, 0.3418770529089487], [0.806611323863372, 0.9387898238946626, 0.9167568486150586, 0.3886441748730469, 0.2675738530954419, 0.0, 0.032515351027113705, 0.11070674195860761, 0.21862000734593182], [0.8040964206337052, 0.9362749206649958, 0.8558795159707984, 0.3898046543055962, 0.2686597453290531, 0.06501835121378718, 0.0, 0.09911596049067936, 0.2333501165258789], [0.766807112265795, 0.9614515336913705, 0.8535670130300553, 0.56940284079867, 0.093341085626232, 0.2033471034999792, 0.20443299573359042, 0.0, 0.3037277675678795], [0.8738171150756706, 1.034003562393124, 1.1847113243323513, 0.34853855196917394, 0.7461037834276816, 0.5156048236501718, 0.49751464950750085, 0.7035300985345145, 0.0]], "shift": [[0.0, -0.125, -0.1875, 0.75, 0.25, 0.5625000000000001, 0.5625000000000001, 0.3125, 0.5], [0.125, 0.0, -0.0625, 0.875, 0.4375, 0.6875, 0.6875, 0.5, 0.625], [0.1875, 0.0625, 0.0, 0.9375, 0.5, 0.75, 0.75, 0.5625000000000001, 0.6875], [-0.75, -0.875, -0.9375, 0.0, -0.5, -0.1875, -0.1875, -0.4375, -0.25], [-0.25, -0.4375, -0.5, 0.5, 0.0, 0.3125, 0.25, 0.0625, 0.25], [-0.5625000000000001, -0.6875, -0.75, 0.1875, -0.3125, 0.0, -0.0625, -0.25, -0.0625], [-0.5625000000000001, -0.6875, -0.75, 0.1875, -0.25, 0.0625, 0.0, -0.1875, -0.0625], [-0.3125, -0.5, -0.5625000000000001, 0.4375, -0.0625, 0.25, 0.1875, 0.0, 0.1875], [-0.5, -0.625, -0.6875, 0.25, -0.25, 0.0625, 0.0625, -0.1875, 0.0]]}}, "v10_distance": {"grid": {"eta": [[0.0, 0.10772141207841457, 0.1965931324882665, 0.6258061774095897, 0.3370501039657802, 0.4544629426078808, 0.4305706889833273, 0.3914866886762771, 0.5059480367577714], [0.406820068578881, 0.0, 0.1279949308825284, 0.731827854951886, 0.4431153428415304, 0.5606486649780479, 0.5357628032226145, 0.4973517572558426, 0.6111199462862503], [1.4392933263754628, 1.0949732577965818, 0.0, 0.7971616671010499, 0.49945437021466826, 0.6271143467025897, 0.6031786862539957, 0.5547711232849298, 0.6748442401093374], [2.533259986009611, 2.940080054588492, 4.035053312385074, 0.0, 0.30223208899678683, 0.17596156902633403, 0.19832953277246676, 0.24833019926810065, 0.16727461017495682], [1.7103008713886538, 2.117120939967535, 3.1495941977641166, 0.822959114620957, 0.0, 0.1339680624418777, 0.11475408184194306, 0.056270109970818445, 0.21897080839029068], [2.1952037852317687, 2.5395238538106497, 3.6344971116072315, 0.33805620077784226, 0.4849029138431149, 0.0, 0.03299134893232334, 0.0878170466591479, 0.13249443445942127], [2.0683293965762175, 2.475149465155099, 3.5701227229516803, 0.4649305894333935, 0.4205285251875637, 0.06437438865555123, 0.0, 0.0739716522127997, 0.141920606127957], [1.977265018048229, 2.3840850866271097, 3.4165583444236916, 0.5559949679613823, 0.2669641466595749, 0.21793876718354, 0.2022014640609413, 0.0, 0.18381610339385185], [0.9606771271332697, 1.091143871942709, 1.8937456398387127, 2.0849702753335464, 1.2620111607125892, 1.7469140745557041, 1.682539685900153, 1.5289753073721641, 0.0]], "shift": [[0.0, -0.125, -0.25, 0.8125000000000001, 0.25, 0.5625000000000001, 0.5625000000000001, 0.3125, 0.5], [0.125, 0.0, -0.0625, 0.9375, 0.375, 0.75, 0.6875, 0.4375, 0.6875], [0.25, 0.0625, 0.0, 1.0, 0.5, 0.8125000000000001, 0.75, 0.5625000000000001, 0.75], [-0.8125000000000001, -0.9375, -1.0, 0.0, -0.5625000000000001, -0.25, -0.25, -0.5, -0.3125], [-0.25, -0.375, -0.5, 0.5625000000000001, 0.0, 0.3125, 0.25, 0.0625, 0.25], [-0.5625000000000001, -0.75, -0.8125000000000001, 0.25, -0.3125, 0.0, -0.0625, -0.25, -0.0625], [-0.5625000000000001, -0.6875, -0.75, 0.25, -0.25, 0.0625, 0.0, -0.25, 0.0], [-0.3125, -0.4375, -0.5625000000000001, 0.5, -0.0625, 0.25, 0.25, 0.0, 0.1875], [-0.5, -0.6875, -0.75, 0.3125, -0.25, 0.0625, -0.0, -0.1875, 0.0]]},