{"pseudos": ["PSL-US-v1-high (Z=19)", "PSL-PAW-v1-high (Z=19)"], "average": {"grid": {"eta": [[0.0, 0.08704679269163001], [0.050945743691553684, 0.0]], "shift": [[0.0, -0.125], [-0.0625, 0.0]]}, "path": {"eta": [[0.0, 0.10532727118808696], [0.057125416187005285, 0.0]], "shift": [[0.0, -0.125], [-0.125, 0.0]]}}, "maximum": {"grid": {"eta": [[0.0, 0.2811899825575921], [0.09164512226759314, 0.0]], "shift": [[0.0, 0.125], [0.0625, 0.0]]}, "path": {"eta": [[0.0, 0.2929098793652969], [0.14268343896402236, 0.0]], "shift": [[0.0, 0.125], [0.125, 0.0]]}}}