{"pseudos": ["PSL-US-v1-high (Z=28)", "PSL-US-v1-low (Z=11)", "PSL-PAW-v1-high (Z=28)", "PSL-PAW-v1-low (Z=11)", "JTH-1.1-std (Z=18)", "Wentzcovitch (Z=18)"], "average": {"grid": {"eta": [[0.0, 3109.836630696007, 5.911836524374786, 3109.6241094138422, 22.177725491588454, 7.942026398452425], [1175.2344369830444, 0.0, 3108.7345857001387, 0.4266968820082446, 3113.8239057278083, 3111.693199685235], [3.8606244156955136, 1175.7702918283337, 0.0, 3108.522072207795, 26.622667815252747, 11.010081497662542], [1174.9374042655547, 0.3514962994345801, 1175.4735363923269, 0.0, 3113.6108061134532, 3111.4806112147817], [12.369712474944562, 1174.3522021798206, 11.932831153819114, 1174.0554118504965, 0.0, 17.02295018559267], [6.816023835435029, 1175.1931636217926, 5.302744708816262, 1174.896405373844, 7.00838647853402, 0.0]], "shift": [[0.0, -2775.7500000000027, 3.2500000000000013, -2775.6250000000023, 16.000000000000004, 4.875000000000001], [990.187500000001, 0.0, -2774.6875000000027, 0.0, -2780.4375000000027, -2778.0000000000027], [0.375, 988.875000000001, 0.0, -2774.5625000000027, 19.250000000000007, 8.125000000000002], [989.937500000001, 0.375, 988.625000000001, 0.0, -2780.3125000000027, -2777.8750000000027], [6.562500000000003, 988.750000000001, 6.937500000000003, 988.437500000001, 0.0, 11.062500000000004], [3.2500000000000013, 988.2500000000009, 3.6875000000000013, 987.937500000001, 3.3125000000000013, 0.0]]}, "path": {"eta": [[0.0, 3168.6935835460595, 7.109689330497265, 3168.512522577243, 25.194290376712843, 10.281861431138053], [1457.5625298798143, 0.0, 3167.3156357863127, 0.5521024585480901, 3171.58680827152, 3170.0164108226527], [4.700328558138497, 1457.8242630754667, 0.0, 3167.134619587745, 30.54788661071987, 14.161587106321534], [1457.2199643003764, 0.4502366569183028, 1457.4820766714308, 0.0, 3171.404628173577, 3169.8352189316647], [13.971990531490189, 1456.1515851569968, 14.019051413505455, 1455.809207883709, 0.0, 18.791313088868314], [7.450303145077145, 1456.9840324286156, 5.996103705484938, 1456.6417509488792, 8.509654949599605, 0.0]], "shift": [[0.0, -2707.3125000000027, 3.5000000000000013, -2707.2500000000027, 15.312500000000004, 4.250000000000001], [1358.6250000000014, 0.0, -2705.4375000000027, 0.0, -2713.6875000000023, -2709.5000000000027], [0.625, 1357.4375000000014, 0.0, -2705.3750000000027, 18.812500000000007, 7.750000000000003], [1358.3125000000014, 0.375, 1357.1250000000011, 0.0, -2713.6250000000027, -2709.4375000000027], [6.625000000000003, 1358.4375000000014, 7.250000000000003, 1358.1250000000014, 0.0, 11.062500000000004], [2.4375000000000004, 1357.9375000000014, 3.125000000000001, 1357.5625000000014, 4.187500000000001, 0.0]]}}, "maximum": {"grid": {"eta": [[0.0, 7463.7476860524375, 16.806800122908665, 7462.4786572825105, 73.07565865055741, 91.98057839012623], [3697.8101860524334, 0.0, 7469.331843171085, 1.5299488779536574, 7472.3569888781985, 7471.361850078391], [7.338736889842309, 3705.769343171081, 0.0, 7468.062814401158, 84.24733012640618, 98.26026404785567], [3696.916157282507, 0.7690287699269192, 3704.8753144011544, 0.0, 7471.087960108272, 7470.092821308464], [32.24054360713538, 3703.1694888781954, 36.34527104960776, 3702.3379601082684, 0.0, 63.97468295087674], [16.597011209993322, 3705.1118500783878, 11.593558399502, 3704.2803213084603, 24.986699290712448, 0.0]], "shift": [[0.0, 2775.7500000000027, -3.2500000000000013, 2775.6250000000023, -16.000000000000004, -4.875000000000001], [-990.187500000001, 0.0, 2774.6875000000027, -0.0, 2780.4375000000027, 2778.0000000000027], [-0.375, -988.875000000001, 0.0, 2774.5625000000027, -19.250000000000007, -8.125000000000002], [-989.937500000001, -0.375, -988.625000000001, 0.0, 2780.3125000000027, 2777.8750000000027], [-6.562500000000003, -988.750000000001, -6.937500000000003, -988.437500000001, 0.0, -11.062500000000004], [-3.2500000000000013, -988.2500000000009, -3.6875000000000013, -987.937500000001, -3.3125000000000013, 0.0]]}, "path": {"eta": [[0.0, 7396.770111957563, 18.014757200716158, 7395.464936496657, 72.63726727592761, 92.47794145741497], [3330.83261195756, 0.0, 7401.452336015477, 1.6665100888300088, 7407.032020929511, 7404.439172900859], [6.947964114723106, 3338.577336015474, 0.0, 7400.147160554572, 84.20477405346915, 98.76934820705537], [3329.9024364966535, 0.8676754609151658, 3337.647160554568, 0.0, 7405.726845468605, 7403.1339974399525], [31.582026096015888, 3334.907020929508, 36.02370358898896, 3333.976845468602, 0.0, 63.90534032407349], [17.024964290333156, 3337.001672900855, 12.461603329007074, 3336.133997439949, 23.911328869776327, 0.0]], "shift": [[0.0, 2707.3125000000027, -3.5000000000000013, 2707.2500000000027, -15.312500000000004, -4.250000000000001], [-1358.6250000000014, 0.0, 2705.4375000000027, -0.0, 2713.6875000000023, 2709.5000000000027], [-0.625, -1357.4375000000014, 0.0, 2705.3750000000027, -18.812500000000007, -7.750000000000003], [-1358.3125000000014, -0.375, -1357.1250000000011, 0.0, 2713.6250000000027, 2709.4375000000027], [-6.625000000000003, -1358.4375000000014, -7.250000000000003, -1358.1250000000014, 0.0, -11.062500000000004], [-2.4375000000000004, -1357.9375000000014, -3.125000000000001, -1357.5625000000014, -4.187500000000001, 0.0]]}}}