{"pseudos": ["PSL-US-v1-high-31", "PSL-US-v1-low-11", "PSL-PAW-v1-high-31", "PSL-PAW-v1-low-11", "JTH-1.1-std-21", "Wentzcovitch-21"], "v_distance": {"grid": {"eta": [[0.0, 16362.554398970484, 7.466152913389422, 16362.325919696921, 94.51600839358578, 75.88496473124623], [27450.692453657823, 0.0, 16361.121119345838, 0.2984948358132037, 16360.327014754692, 16360.615039280845], [11.19347179627084, 27459.691796046693, 0.0, 16360.892738007593, 95.38648496092328, 77.00506924044937], [27450.112127504737, 0.6428658857542473, 27459.04896989361, 0.0, 16360.098283364568, 16360.386496542169], [122.63938325202237, 27400.947020595217, 134.0688579524486, 27400.304184618042, 0.0, 19.61852047879168], [110.74745247905487, 27427.17283427873, 122.17692717948111, 27426.59250812565, 30.90876288911112, 0.0]], "shift": [[0.0, 21708.562500000022, 5.000000000000001, 21708.312500000025, 83.50000000000004, 66.93750000000004], [-21708.562500000022, 0.0, 21704.812500000025, 0.1875, 21731.750000000025, 21717.687500000025], [-5.000000000000001, -21704.812500000025, 0.0, 21704.625000000025, 83.87500000000004, 67.31250000000003], [-21708.312500000025, -0.1875, -21704.625000000025, 0.0, 21731.562500000025, 21717.437500000025], [-83.50000000000004, -21731.750000000025, -83.87500000000004, -21731.562500000025, 0.0, 16.562500000000004], [-66.93750000000004, -21717.687500000025, -67.31250000000003, -21717.437500000025, -16.562500000000004, 0.0]]}, "path": {"eta": [[0.0, 1636.2554398970483, 0.7466152913389422, 1636.232591969692, 9.451600839358578, 7.588496473124623], [2745.069245365782, 0.0, 1636.112111934584, 0.02984948358132037, 1636.0327014754691, 1636.0615039280844], [1.119347179627084, 2745.969179604669, 0.0, 1636.0892738007592, 9.538648496092328, 7.700506924044937], [2745.0112127504735, 0.06428658857542473, 2745.904896989361, 0.0, 1636.0098283364568, 1636.038649654217], [12.263938325202236, 2740.0947020595218, 13.406885795244861, 2740.0304184618044, 0.0, 1.9618520478791681], [11.074745247905486, 2742.7172834278726, 12.217692717948111, 2742.659250812565, 3.090876288911112, 0.0]], "shift": [[0.0, 2170.856250000002, 0.5000000000000001, 2170.8312500000025, 8.350000000000005, 6.693750000000004], [-2170.856250000002, 0.0, 2170.4812500000025, 0.01875, 2173.1750000000025, 2171.7687500000025], [-0.5000000000000001, -2170.4812500000025, 0.0, 2170.4625000000024, 8.387500000000005, 6.731250000000003], [-2170.8312500000025, -0.01875, -2170.4625000000024, 0.0, 2173.1562500000027, 2171.7437500000024], [-8.350000000000005, -2173.1750000000025, -8.387500000000005, -2173.1562500000027, 0.0, 1.6562500000000004], [-6.693750000000004, -2171.7687500000025, -6.731250000000003, -2171.7437500000024, -1.6562500000000004, 0.0]]}}, "v10_distance": {"grid": {"eta": [[0.0, 16338.036603359238, 6.56477381684825, 16337.832595858763, 80.64754451777242, 61.36493852207008], [39537.62995365783, 0.0, 16336.624081850676, 0.254669428363249, 16344.559070097244, 16345.902948150364], [11.380971796270842, 39540.37929604671, 0.0, 16336.42007401646, 81.32300545813858, 62.206800521853644], [39536.862127504755, 0.7678658857542473, 39539.61146989363, 0.0, 16344.35502018863, 16345.698943666051], [379.5786561825198, 39522.38452059523, 383.33847553048184, 39521.61668461805, 0.0, 24.376953779749847], [143.29696475749378, 39535.92283427875, 147.05678410545588, 39535.155008125665, 236.21919142502597, 0.0]], "shift": [[0.0, 9621.625000000013, 4.812500000000001, 9621.562500000013, 53.31250000000002, 46.312500000000014], [-9621.625000000013, 0.0, 9624.125000000011, 0.0625, 9610.312500000011, 9608.937500000011], [-4.812500000000001, -9624.125000000011, 0.0, 9624.062500000011, 55.62500000000002, 48.625000000000014], [-9621.562500000013, -0.0625, -9624.062500000011, 0.0, 9610.250000000011, 9608.875000000011], [-53.31250000000002, -9610.312500000011, -55.62500000000002, -9610.250000000011, 0.0, 6.937500000000003], [-46.312500000000014, -9608.937500000011, -48.625000000000014, -9608.875000000011, -6.937500000000003, 0.0]]}, "path": {"eta": [[0.0, 1633.8036603359237, 0.6564773816848251, 1633.7832595858763, 8.064754451777242, 6.136493852207008], [3953.762995365783, 0.0, 1633.6624081850675, 0.0254669428363249, 1634.4559070097243, 1634.5902948150365], [1.1380971796270842, 3954.0379296046713, 0.0, 1633.642007401646, 8.132300545813859, 6.220680052185364], [3953.6862127504755, 0.07678658857542472, 3953.961146989363, 0.0, 1634.435502018863, 1634.5698943666052], [37.95786561825198, 3952.2384520595233, 38.33384755304819, 3952.1616684618048, 0.0, 2.437695377974985], [14.329696475749378, 3953.5922834278745, 14.705678410545588, 3953.5155008125666, 23.6219191425026, 0.0]], "shift": [[0.0, 962.1625000000013, 0.48125000000000007, 962.1562500000013, 5.3312500000000025, 4.631250000000001], [-962.1625000000013, 0.0, 962.412500000001, 0.00625, 961.0312500000011, 960.8937500000011], [-0.48125000000000007, -962.412500000001, 0.0, 962.4062500000011, 5.562500000000002, 4.862500000000002], [-962.1562500000013, -0.00625, -962.4062500000011, 0.0, 961.0250000000011, 960.8875000000011], [-5.3312500000000025, -961.0312500000011, -5.562500000000002, -961.0250000000011, 0.0, 0.6937500000000003], [-4.631250000000001, -960.8937500000011, -4.862500000000002, -960.8875000000011, -0.6937500000000003, 0.0]]}}}