{"pseudos": ["DOJO-041-std-13", "DOJO-041-str-21", "SPMS-13", "SG15-13", "GBRV-1.X-13", "PSL-US-v1-high-13", "PSL-US-v0.x-13", "PSL-PAW-v0.x-13", "PSL-PAW-v1-high-13", "JTH-1.1-std-13", "JTH-1.1-str-3"], "v_distance": {"grid": {"eta": [[0.0, 0.6572516558146072, 0.8099619022442573, 0.7484364722142633, 2.027728312447451, 1.274201576770227, 0.29797613146706264, 0.2997302946869065, 1.2339452770753732, 1.3565719378605772, 13.419358767024367], [1.506557123105836, 0.0, 1.32177794639428, 0.9985905933271289, 1.9558281663731867, 1.8272029505392293, 0.8308148643762021, 0.8696246094476544, 1.7943361308845989, 1.3948599195382343, 13.869403839691916], [2.010117873317583, 3.516674996423419, 0.0, 0.5300975133175001, 2.3643351914043893, 1.3145621778615721, 0.9662884037296723, 0.9214467124036744, 1.2564277529972354, 1.6488447690224366, 13.216662431945338], [2.3002887887087695, 2.8724171815499915, 1.1494370487229446, 0.0, 2.230634034118733, 1.6342195035596896, 1.0023045530891852, 0.9791107175635373, 1.5817566348937067, 1.5761075958351662, 13.564890025203786], [7.477609943848292, 7.784751833485274, 9.212989493306416, 9.655283519013473, 0.0, 2.005907744228293, 2.104913876300114, 2.0682422503555524, 2.007628271619749, 0.8899293869201178, 14.946284758984621], [4.525683586608395, 5.451627909864897, 4.578344324952333, 4.9581383506593895, 8.089298617686609, 0.0, 1.14802306390567, 1.0784724185691184, 0.06510122371182071, 1.5050342681280595, 13.09810201844817], [1.3145921759066326, 2.102422481496376, 2.9581942838884245, 3.5847294791180175, 8.213063426398463, 4.864909169957457, 0.0, 0.08378901035495026, 1.1167934560704966, 1.4734756599738275, 13.246569437618806], [1.0869093801897236, 2.121389650516946, 2.7305114881715156, 3.3570466834011086, 8.169530595419033, 4.633584513262136, 0.2313246566953211, 0.0, 1.045687200896973, 1.4360298288504822, 13.254667930933119], [4.522131033693441, 5.448075356949944, 4.348836503654695, 4.791130529361752, 8.045637583647164, 0.1670078212976378, 4.798856617042503, 4.567531960347182, 0.0, 1.4859294983176585, 13.099644640356816], [6.035236214004016, 6.9611805372605176, 7.125395141288499, 7.418226188240048, 3.198910652566312, 5.5721588369597015, 6.4958162477338135, 6.3306334520169045, 5.4667760878672595, 0.0, 14.417472711542986], [50.05411205381288, 50.71753659780155, 51.697714161794664, 52.32424935702426, 56.15858329590258, 49.66317728868036, 48.73951987790624, 48.967202673623156, 49.831060037772794, 55.29783612564006, 0.0]], "shift": [[0.0, 1.1250000000000002, -0.9375, 0.0625, 1.4375, -1.9375, -0.3125, -0.375, -1.9375, 0.4375, 19.312500000000007], [-1.1250000000000002, 0.0, 2.0625000000000004, 1.0625, -0.375, 3.062500000000001, 1.375, 1.5, 3.062500000000001, 0.6875, 20.437500000000004], [0.9375, -2.0625000000000004, 0.0, 1.0, 2.3750000000000004, -1.0625, 0.625, 0.5625000000000001, -1.0, 1.375, 18.375000000000007], [-0.0625, -1.0625, -1.0, 0.0, 1.375, -2.0, -0.375, -0.4375, -2.0, 0.375, 19.375000000000007], [-1.4375, 0.375, -2.3750000000000004, -1.375, 0.0, -3.4375000000000004, -1.75, -1.8124999999999998, -3.3750000000000004, -1.0625, 20.750000000000004], [1.9375, -3.062500000000001, 1.0625, 2.0, 3.4375000000000004, 0.0, 1.6875000000000002, 1.6250000000000002, 0.0, 2.3750000000000004, 17.312500000000004], [0.3125, -1.375, -0.625, 0.375, 1.75, -1.6875000000000002, 0.0, -0.0625, -1.6250000000000002, 0.6875, 19.000000000000007], [0.375, -1.5, -0.5625000000000001, 0.4375, 1.8124999999999998, -1.6250000000000002, 0.0625, 0.0, -1.5625, 0.8125000000000001, 18.937500000000007], [1.9375, -3.062500000000001, 1.0, 2.0, 3.3750000000000004, -0.0, 1.6250000000000002, 1.5625, 0.0, 2.3750000000000004, 17.375000000000004], [-0.4375, -0.6875, -1.375, -0.375, 1.0625, -2.3750000000000004, -0.6875, -0.8125000000000001, -2.3750000000000004, 0.0, 19.750000000000007], [-19.312500000000007, -20.437500000000004, -18.375000000000007, -19.375000000000007, -20.750000000000004, -17.312500000000004, -19.000000000000007, -18.937500000000007, -17.375000000000004, -19.750000000000007, 0.0]]}, "path": {"eta": [[0.0, 0.6164370066726524, 1.1204810179907496, 1.4445655385970313, 3.4335462880427943, 1.787155062532395, 0.6596322566536095, 0.8482443691486773, 1.7072174876347241, 2.371655675880225, 16.2954181236308], [1.543599575033582, 0.0, 1.5738609086454702, 1.7192992946600045, 3.3038080488777024, 2.0514345483261347, 0.9175884952507323, 1.0527738885892526, 1.9833328172754214, 2.324189315189922, 16.551342620424087], [2.0322915852241863, 3.5758911602577688, 0.0, 0.599700847824926, 3.9744908546775672, 2.27110984071067, 1.6369242781207458, 1.8013026891074273, 2.18460398708685, 2.8899881940598613, 16.25665389687844], [2.5315980439985992, 3.0085247625773945, 1.4656694381072484, 0.0, 4.135135434693989, 2.660725291111113, 2.005928301448979, 2.1700046302952964, 2.5783292683257444, 3.132399132111964, 16.456798265209823], [8.05200940740513, 8.487993855637768, 9.670526828129184, 10.180243073644588, 0.0, 2.4173202789032104, 3.2047651587303254, 3.0962855895111803, 2.452922631687292, 1.4372421131123858, 18.63726207066058], [5.04692075552903, 6.071220907387755, 4.583772118482514, 5.093488364000585, 6.054011779097067, 0.0, 1.3803532221373978, 1.261241320594824, 0.09245430025703703, 1.7915915898528776, 16.577069673463978], [1.5782838360769986, 1.9018314612602367, 3.069708212489253, 3.9429736046955597, 7.621487158108892, 4.89143348395568, 0.0, 0.20131099681326636, 1.3170897143410922, 2.2762416520416013, 16.15410307070512], [1.7912870433986825, 2.1773346685819206, 3.345211419810937, 4.218476812017244, 7.550923978255313, 4.840339096545179, 0.36009999635192713, 0.0, 1.2064330637884575, 2.2241773771645916, 16.182100597383062], [5.030799154456247, 5.992599306314973, 4.457958998508786, 4.905175244024193, 5.940003117580582, 0.18831311998705047, 4.812811882882897, 4.761717495472396, 0.0, 1.778685650985644, 16.561990976928353], [6.571766375384001, 7.430880531781057, 6.583563647240332, 7.152202841241767, 3.0869631809146085, 5.6203078481872595, 6.689763442769447, 6.965266650091131, 5.568799186670773, 0.0, 18.040241776719103], [50.17444403019587, 50.34800494666346, 49.00315529049853, 48.52936279033579, 57.011545878407816, 52.513359978809575, 50.81522818998545, 51.143191110225985, 52.36033443313312, 55.24151081105294, 0.0]], "shift": [[0.0, 1.0, -0.9375, -0.1875, 0.8125000000000001, -2.1875, -0.5, -0.5625000000000001, -2.1875, 0.0625, 15.250000000000004], [-1.0, 0.0, 1.9375000000000004, 1.1875000000000002, 0.125, 3.187500000000001, 1.4375, 1.5625, 3.125000000000001, 0.9375, 16.250000000000004], [0.9375, -1.9375000000000004, 0.0, 0.75, 1.8125000000000002, -1.25, 0.5, 0.375, -1.25, 1.0, 14.312500000000002], [0.1875, -1.1875000000000002, -0.75, 0.0, 1.0625, -2.0, -0.25, -0.375, -1.9375, 0.25, 15.062500000000004], [-0.8125000000000001, -0.125, -1.8125000000000002, -1.0625, 0.0, -3.0625, -1.3124999999999998, -1.375, -3.0000000000000004, -0.8125000000000001, 16.062500000000004], [2.1875, -3.187500000000001, 1.25, 2.0, 3.0625, 0.0, 1.7500000000000002, 1.6875000000000002, 0.0625, 2.2500000000000004, 13.000000000000005], [0.5, -1.4375, -0.5, 0.25, 1.3124999999999998, -1.7500000000000002, 0.0, -0.0625, -1.6875000000000002, 0.5, 14.750000000000004], [0.5625000000000001, -1.5625, -0.375, 0.375, 1.375, -1.6875000000000002, 0.0625, 0.0, -1.6250000000000002, 0.625, 14.687500000000002], [2.1875, -3.125000000000001, 1.25, 1.9375, 3.0000000000000004, -0.0625, 1.6875000000000002, 1.6250000000000002, 0.0, 2.250000000000001, 13.062500000000005], [-0.0625, -0.9375, -1.0, -0.25, 0.8125000000000001, -2.2500000000000004, -0.5, -0.625, -2.250000000000001, 0.0, 15.312500000000004], [-15.250000000000004, -16.250000000000004, -14.312500000000002, -15.062500000000004, -16.062500000000004, -13.000000000000005, -14.750000000000004, -14.687500000000002, -13.062500000000005, -15.312500000000004, 0.0]]}},