{"pseudos": ["DOJO-041-std-9", "SPMS-9", "SG15-9", "GBRV-1.X-9", "PSL-US-v1-high-9", "PSL-PAW-v1-high-9", "JTH-1.1-std-9"], "v_distance": {"grid": {"eta": [[0.0, 0.06957650094569366, 0.02194342051709323, 0.06989116605272104, 0.025956693237233607, 0.025200509939472402, 0.2503032036636772], [0.18774852138955112, 0.0, 0.07632237189603427, 0.12559812875747525, 0.07463516185761174, 0.07314081777101755, 0.3152131637376848], [0.03425021293890218, 0.16639270433035236, 0.0, 0.05426881112804768, 0.03738898566549629, 0.038101460447964475, 0.24091901666430857], [0.07551910061387446, 0.26326762200342557, 0.09687491767307321, 0.0, 0.06250833635377892, 0.06508531832541789, 0.20326147895237617], [0.026815097770173324, 0.1649847033233094, 0.04664731558704638, 0.09179185169960746, 0.0, 0.002716980923414415, 0.24937056559384846], [0.0268883251134735, 0.16610209706528778, 0.04705512877137963, 0.09678295707571394, 0.004991105376106475, 0.0, 0.2512104189465521], [0.4506193605605944, 0.6049114695711387, 0.4385187652407865, 0.41097708515050435, 0.4905070576494417, 0.49471510284707065, 0.0]], "shift": [[0.0, 0.0625, 0.0, 0.0, -0.0625, -0.0625, -0.25], [-0.0625, 0.0, -0.0625, -0.0625, -0.125, -0.125, -0.3125], [-0.0, 0.0625, 0.0, 0.0, -0.0625, -0.0625, -0.25], [-0.0, 0.0625, -0.0, 0.0, 0.0, 0.0, -0.25], [0.0625, 0.125, 0.0625, -0.0, 0.0, 0.0, -0.25], [0.0625, 0.125, 0.0625, -0.0, -0.0, 0.0, -0.25], [0.25, 0.3125, 0.25, 0.25, 0.25, 0.25, 0.0]]}, "path": {"eta": [[0.0, 0.09273649283189715, 0.10442649833320264, 0.09973576677920055, 0.016181138550611818, 0.017941264171746425, 0.4170292616862392], [0.14710885042841504, 0.0, 0.16221651815065036, 0.16790213670989293, 0.08589930544893448, 0.08501294144564285, 0.496748221931108], [0.2569605195731697, 0.33847185688150994, 0.0, 0.02685670385273634, 0.10394365475173704, 0.10688409765304346, 0.34805701400600697], [0.23515818168166192, 0.3166695189900022, 0.041300332928706496, 0.0, 0.10266844935516478, 0.10578281148704484, 0.3401192977216272], [0.020066388812578495, 0.14411766869611142, 0.23689413076059118, 0.21509179286908342, 0.0, 0.0034637705551348384, 0.4198649107851495], [0.019956885170202554, 0.14166908321462657, 0.24188871036782267, 0.2200863724763149, 0.004994579607231486, 0.0, 0.42181449092337786], [1.1244920859442422, 1.2060034232525823, 0.8675315663710724, 0.8893339042625802, 1.1044256971316637, 1.1094202767388952, 0.0]], "shift": [[0.0, 0.125, -0.0625, -0.0625, 0.0, 0.0, -0.625], [-0.125, 0.0, -0.1875, -0.1875, -0.125, -0.125, -0.75], [0.0625, 0.1875, 0.0, 0.0, 0.0625, 0.0625, -0.5625000000000001], [0.0625, 0.1875, -0.0, 0.0, 0.0625, 0.0625, -0.5625000000000001], [-0.0, 0.125, -0.0625, -0.0625, 0.0, 0.0, -0.625], [-0.0, 0.125, -0.0625, -0.0625, -0.0, 0.0, -0.625], [0.625, 0.75, 0.5625000000000001, 0.5625000000000001, 0.625, 0.625, 0.0]]}}, "v10_distance": {"grid": {"eta": [[0.0, 0.982567509656905, 1.183765347489569, 3.2407041449379883, 0.2196517806113012, 0.1863595383976619, 21.612894359192172], [4.655128818159909, 0.0, 0.4685744044261322, 3.914550534560398, 0.9953162239571406, 0.9453985698695663, 21.730083911195774], [6.472956134546848, 2.020422571154598, 0.0, 3.7755416015629053, 1.1162459671016989, 1.0854838491511238, 21.514211257748308], [9.353861433290731, 10.49830901234489, 11.101269760843472, 0.0, 3.080670941151579, 3.1411406723701307, 19.47813163260159], [0.7013399873650741, 4.128083285703632, 5.852115399297503, 8.753351061341789, 0.0, 0.06844119607793177, 21.44391462334099], [0.7754581845459825, 4.011242157885938, 5.79777427147981, 8.830781206050787, 0.16370336005907404, 0.0, 21.476847667128936], [151.52845085320422, 152.27768744317868, 151.39822220565608, 142.92489268250364, 150.9046971889191, 150.97446881278125, 0.0]], "shift": [[0.0, -0.25, 0.5, 4.250000000000001, 0.25, 0.125, 17.437500000000004], [0.25, 0.0, 0.6875, 4.500000000000002, 0.5, 0.375, 17.687500000000004], [-0.5, -0.6875, 0.0, 3.812500000000001, -0.25, -0.3125, 16.937500000000004], [-4.250000000000001, -4.500000000000002, -3.812500000000001, 0.0, -4.000000000000001, -4.125000000000001, 13.187500000000005], [-0.25, -0.5, 0.25, 4.000000000000001, 0.0, -0.0625, 17.187500000000004], [-0.125, -0.375, 0.3125, 4.125000000000001, 0.0625, 0.0, 17.312500000000004], [-17.437500000000004, -17.687500000000004, -16.937500000000004, -13.187500000000005, -17.187500000000004, -17.312500000000004, 0.0]]}, "path": {"eta": [[0.0, 1.1297439154891276, 3.619851059723243, 4.114744896922106, 0.25122890553049443, 0.21213986921536565, 24.69752768781678], [4.33048636340537, 0.0, 3.4553389855143917, 4.464932813319731, 1.0356772257240923, 1.0075860307104965, 24.403041479836972], [12.158160186016971, 10.555418377077828, 0.0, 2.0280578141758845, 3.3840314309359987, 3.4387313330472233, 21.90542086619598], [11.603511864355255, 9.78321852053007, 7.67797778852794, 0.0, 3.932992537641059, 3.9972619838126566, 21.96523203013502], [0.6043247874174682, 3.8212911498737014, 11.654194528006371, 11.037046206344655, 0.0, 0.06701066204090053, 24.5305957083717], [0.601215060917454, 3.7921077413664506, 11.805660525862763, 11.188512204201047, 0.15146599785639125, 0.0, 24.56954627074511], [173.18943328354163, 171.71354610940793, 161.5633803219866, 162.52670478216405, 172.65773018472817, 172.799148063073, 0.0]], "shift": [[0.0, 0.625, 4.875000000000001, 4.625000000000002, 0.375, 0.25, 16.437500000000004], [-0.625, 0.0, 4.250000000000001, 4.062500000000001, -0.25, -0.3125, 15.812500000000004], [-4.875000000000001, -4.250000000000001, 0.0, -0.25, -4.500000000000001, -4.562500000000001, 11.562500000000004], [-4.625000000000002, -4.062500000000001, 0.25, 0.0, -4.312500000000001, -4.375000000000001, 11.750000000000004], [-0.375, 0.25, 4.500000000000001, 4.312500000000001, 0.0, -0.0625, 16.062500000000004], [-0.25, 0.3125, 4.562500000000001, 4.375000000000001, 0.0625, 0.0, 16.125000000000004], [-16.437500000000004, -15.812500000000004, -11.562500000000004, -11.750000000000004, -16.062500000000004, -16.125000000000004, 0.0]]}}}