{"pseudos": ["DOJO-041-std-9", "SPMS-9", "SG15-9", "GBRV-1.X-9", "PSL-US-v1-high-9", "PSL-PAW-v1-high-9", "JTH-1.1-std-9"], "v_distance": {"grid": {"eta": [[0.0, 1.0599654935996314, 0.5670496401824138, 0.08208219907962454, 0.5353395964202428, 0.4905321730945179, 0.4750287793675562], [1.586239768036137, 0.0, 0.556647525283413, 1.135477741417635, 0.995456424599506, 1.0192177448267292, 1.0733982245651859], [0.9905457137223267, 1.2288927043303524, 0.0, 0.6315674524109144, 0.45998596985944545, 0.4740515460106406, 0.5246291579906271], [0.20051910061387446, 1.6831539987916244, 1.087451512751386, 0.0, 0.5466476614993179, 0.49833641565039155, 0.47119464140094675], [1.0398876970888473, 2.41498470332331, 1.1991379100277497, 0.9667918516996075, 0.0, 0.0621989454446195, 0.14285183658188422], [0.9815957422864763, 2.4161020970652882, 1.2033459552253787, 0.909282957075714, 0.13226674816024797, 0.0, 0.10394486984021811], [1.4171629481815877, 2.8549114695711393, 1.6260187652407865, 1.2166438475677135, 0.4905070576494417, 0.43880937250585106, 0.0]], "shift": [[0.0, -1.1250000000000002, -0.125, 0.125, 1.0, 0.9375, 0.75], [1.1250000000000002, 0.0, 1.0, 1.25, 2.1250000000000004, 2.1250000000000004, 1.9375000000000004], [0.125, -1.0, 0.0, 0.25, 1.1250000000000002, 1.1250000000000002, 0.9375], [-0.125, -1.25, -0.25, 0.0, 0.875, 0.8125000000000001, 0.625], [-1.0, -2.1250000000000004, -1.1250000000000002, -0.875, 0.0, 0.0, -0.25], [-0.9375, -2.1250000000000004, -1.1250000000000002, -0.8125000000000001, -0.0, 0.0, -0.1875], [-0.75, -1.9375000000000004, -0.9375, -0.625, 0.25, 0.1875, 0.0]]}, "path": {"eta": [[0.0, 0.10599654935996314, 0.05670496401824138, 0.008208219907962454, 0.05353395964202427, 0.049053217309451794, 0.04750287793675562], [0.1586239768036137, 0.0, 0.0556647525283413, 0.1135477741417635, 0.0995456424599506, 0.10192177448267292, 0.10733982245651859], [0.09905457137223267, 0.12288927043303524, 0.0, 0.06315674524109144, 0.045998596985944544, 0.04740515460106406, 0.05246291579906272], [0.020051910061387446, 0.16831539987916244, 0.10874515127513859, 0.0, 0.054664766149931786, 0.04983364156503915, 0.04711946414009467], [0.10398876970888474, 0.241498470332331, 0.11991379100277497, 0.09667918516996074, 0.0, 0.00621989454446195, 0.014285183658188422], [0.09815957422864763, 0.24161020970652883, 0.12033459552253786, 0.09092829570757141, 0.013226674816024797, 0.0, 0.010394486984021812], [0.14171629481815878, 0.2854911469571139, 0.16260187652407865, 0.12166438475677135, 0.04905070576494417, 0.0438809372505851, 0.0]], "shift": [[0.0, -0.11250000000000002, -0.0125, 0.0125, 0.1, 0.09375, 0.075], [0.11250000000000002, 0.0, 0.1, 0.125, 0.21250000000000005, 0.21250000000000005, 0.19375000000000003], [0.0125, -0.1, 0.0, 0.025, 0.11250000000000002, 0.11250000000000002, 0.09375], [-0.0125, -0.125, -0.025, 0.0, 0.0875, 0.08125000000000002, 0.0625], [-0.1, -0.21250000000000005, -0.11250000000000002, -0.0875, 0.0, 0.0, -0.025], [-0.09375, -0.21250000000000005, -0.11250000000000002, -0.08125000000000002, -0.0, 0.0, -0.01875], [-0.075, -0.19375000000000003, -0.09375, -0.0625, 0.025, 0.01875, 0.0]]}}, "v10_distance": {"grid": {"eta": [[0.0, 1.106971101030966, 1.0929577356472049, 3.318940793847749, 0.4863964760222204, 0.48512059374278416, 19.78488719704957], [4.96762881815991, 0.0, 0.4964331566927453, 3.640046276147992, 1.2614439744442287, 1.2600529306289059, 19.70401383941111], [6.660456134546848, 2.030113921720151, 0.0, 3.583679251854934, 1.1728132981111457, 1.1703474080968768, 19.59940145628479], [10.47886143329073, 11.373309012344889, 10.659554033195846, 0.0, 3.4587463195157317, 3.5124137099627846, 17.439254041105844], [1.3331919747325287, 4.628083285703632, 6.289615399297503, 10.12835106134179, 0.0, 0.06723033913862299, 19.80351511283621], [1.2634252338979763, 4.573742157885938, 6.23527427147981, 10.268281206050789, 0.16370336005907404, 0.0, 19.839318507339218], [156.1534508532042, 156.59018744317868, 155.83572220565605, 146.42489268250364, 155.7796971889191, 155.91196881278128, 0.0]], "shift": [[0.0, -0.5625000000000001, 0.3125, 3.125000000000001, 0.5, 0.4375, 12.812500000000004], [0.5625000000000001, 0.0, 0.8125000000000001, 3.6250000000000013, 1.0, 0.9375, 13.375000000000005], [-0.3125, -0.8125000000000001, 0.0, 2.812500000000001, 0.1875, 0.125, 12.500000000000004], [-3.125000000000001, -3.6250000000000013, -2.812500000000001, 0.0, -2.6249999999999996, -2.6875, 9.687500000000004], [-0.5, -1.0, -0.1875, 2.6249999999999996, 0.0, -0.0625, 12.312500000000004], [-0.4375, -0.9375, -0.125, 2.6875, 0.0625, 0.0, 12.375000000000004], [-12.812500000000004, -13.375000000000005, -12.500000000000004, -9.687500000000004, -12.312500000000004, -12.375000000000004, 0.0]]}, "path": {"eta": [[0.0, 0.1106971101030966, 0.10929577356472049, 0.3318940793847749, 0.048639647602222044, 0.04851205937427842, 1.978488719704957], [0.496762881815991, 0.0, 0.04964331566927453, 0.3640046276147992, 0.12614439744442288, 0.1260052930628906, 1.9704013839411112], [0.6660456134546848, 0.20301139217201508, 0.0, 0.3583679251854934, 0.11728132981111457, 0.11703474080968768, 1.959940145628479], [1.047886143329073, 1.1373309012344888, 1.0659554033195846, 0.0, 0.3458746319515732, 0.35124137099627845, 1.7439254041105845], [0.13331919747325288, 0.46280832857036314, 0.6289615399297503, 1.0128351061341792, 0.0, 0.006723033913862299, 1.980351511283621], [0.12634252338979762, 0.45737421578859383, 0.6235274271479809, 1.0268281206050789, 0.016370336005907406, 0.0, 1.9839318507339219], [15.615345085320419, 15.659018744317867, 15.583572220565605, 14.642489268250364, 15.57796971889191, 15.591196881278128, 0.0]], "shift": [[0.0, -0.05625000000000001, 0.03125, 0.3125000000000001, 0.05, 0.04375, 1.2812500000000004], [0.05625000000000001, 0.0, 0.08125000000000002, 0.36250000000000016, 0.1, 0.09375, 1.3375000000000006], [-0.03125, -0.08125000000000002, 0.0, 0.2812500000000001, 0.01875, 0.0125, 1.2500000000000004], [-0.3125000000000001, -0.36250000000000016, -0.2812500000000001, 0.0, -0.26249999999999996, -0.26875, 0.9687500000000003], [-0.05, -0.1, -0.01875, 0.26249999999999996, 0.0, -0.00625, 1.2312500000000004], [-0.04375, -0.09375, -0.0125, 0.26875, 0.00625, 0.0, 1.2375000000000003], [-1.2812500000000004, -1.3375000000000006, -1.2500000000000004, -0.9687500000000003, -1.2312500000000004, -1.2375000000000003, 0.0]]}}}