{"pseudos": ["DOJO-041-std (Z=8)", "SPMS (Z=8)", "SG15 (Z=8)", "PSL-US-v1-high (Z=18)", "PSL-PAW-v1-high (Z=18)", "JTH-1.1-std (Z=8)"], "v_distance": {"grid": {"eta": [[0.0, 0.031236009695694445, 0.019823797043640207, 0.032148457877993995, 0.03798766070870246, 0.06731919773026583], [0.03324095936848437, 0.0, 0.012911844461441098, 0.03646106949238131, 0.027272316097624337, 0.06371215100604373], [0.03148078547144176, 0.027648275284081897, 0.0, 0.029529449746329588, 0.025827177837293533, 0.06005983096363474], [0.07663630089282947, 0.06587985176875755, 0.05661842569315567, 0.0, 0.016679952985855156, 0.04208448417988127], [0.0930358752859739, 0.06331601952513921, 0.06914299618343556, 0.03087552325888379, 0.0, 0.03948555899534498], [0.22307355386081557, 0.1933536981001266, 0.19918067475838824, 0.14643725296803467, 0.13003767857489024, 0.0]], "shift": [[0.0, -0.0625, -7.000000000000003, 1467.0000000000014, 1473.4375000000016, 24.75], [0.0625, 0.0, -6.937500000000003, 1467.0625000000016, 1473.5000000000014, 24.8125], [7.000000000000003, 6.937500000000003, 0.0, 1474.0000000000016, 1480.4375000000014, 31.750000000000007], [-1467.0000000000014, -1467.0625000000016, -1474.0000000000016, 0.0, 6.437500000000003, 1442.2500000000014], [-1473.4375000000016, -1473.5000000000014, -1480.4375000000014, -6.437500000000003, 0.0, 1448.6875000000014], [-24.75, -24.8125, -31.750000000000007, -1442.2500000000014, -1448.6875000000014, 0.0]]}, "path": {"eta": [[0.0, 0.007391961697672489, 0.012092079789315226, 0.03663882577576285, 0.03789983151757132, 0.07807001861608623], [0.011482102182526434, 0.0, 0.009262661635243068, 0.03461845200223372, 0.03326700878699174, 0.0741474621346011], [0.025873127301911242, 0.016807784290837763, 0.0, 0.028605553963724724, 0.029108534707122893, 0.06852354059210004], [0.09195879928469708, 0.08347984726997382, 0.06833648600501618, 0.0, 0.015354554575009727, 0.04831162556785417], [0.09820643244728977, 0.08972748043234446, 0.07458411916760888, 0.027300649785056558, 0.0, 0.0444459099398799], [0.2087453801949135, 0.20026642818004453, 0.1851230669152812, 0.11704444715587847, 0.11069584398315513, 0.0]], "shift": [[0.0, 0.0625, -6.687500000000003, 1467.3750000000014, 1473.5625000000014, 24.6875], [-0.0625, 0.0, -6.750000000000003, 1467.3125000000016, 1473.5000000000014, 24.625], [6.687500000000003, 6.750000000000003, 0.0, 1474.0625000000014, 1480.2500000000014, 31.375000000000007], [-1467.3750000000014, -1467.3125000000016, -1474.0625000000014, 0.0, 6.187500000000002, 1442.6875000000014], [-1473.5625000000014, -1473.5000000000014, -1480.2500000000014, -6.187500000000002, 0.0, 1448.8750000000014], [-24.6875, -24.625, -31.375000000000007, -1442.6875000000014, -1448.8750000000014, 0.0]]}}, "v10_distance": {"grid": {"eta": [[0.0, 0.11948643326106938, 1.7961138614240293, 0.34702659644855005, 1.2438894718460844, 8.77256745383937], [0.5495870754869543, 0.0, 1.798365167038353, 0.36643446085321135, 1.2110002822502945, 8.742625409052222], [7.783585863303886, 7.9012275635204805, 0.0, 0.8003024559524627, 1.6468071387274772, 9.104987125353194], [1.4197821605050898, 1.6552961840690106, 3.3356025088884245, 0.0, 1.2796218648987805, 8.801436860828884], [5.75795220754971, 5.941484758491766, 6.0528036104110505, 5.96107911493347, 0.0, 7.545636406129028], [41.854759367156156, 42.03829191809828, 41.746621968606796, 42.12038627454007, 36.15930715960647, 0.0]], "shift": [[0.0, -0.125, -6.062500000000002, 1467.1250000000016, 1472.5000000000014, 18.125000000000007], [0.125, 0.0, -5.937500000000002, 1467.2500000000016, 1472.6250000000014, 18.250000000000007], [6.062500000000002, 5.937500000000002, 0.0, 1473.6250000000016, 1479.0000000000014, 24.25], [-1467.1250000000016, -1467.2500000000016, -1473.6250000000016, 0.0, 5.375000000000001, 1448.9375000000014], [-1472.5000000000014, -1472.6250000000014, -1479.0000000000014, -5.375000000000001, 0.0, 1454.3125000000014], [-18.125000000000007, -18.250000000000007, -24.25, -1448.9375000000014, -1454.3125000000014, 0.0]]}, "path": {"eta": [[0.0, 0.17774329109719708, 1.8755479194136677, 0.344078341869393, 1.4996348484733355, 10.55798661693789], [0.5551654788632163, 0.0, 1.8927452180151465, 0.37174227778660646, 1.4064943051419039, 10.472128295341252], [9.19907267413703, 9.231178288103822, 0.0, 0.7823890694321454, 1.7492049250276616, 10.868420946037812], [2.064734221533193, 2.618699450182449, 4.832850097241437, 0.0, 1.4810477672993723, 10.318045565615645], [6.046436189345306, 5.967543565429612, 7.263358451487401, 6.070327121132892, 0.0, 8.86720315991856], [43.04053744034555, 42.961644816429775, 42.73089752738273, 42.87692837213308, 36.806601251005546, 0.0]], "shift": [[0.0, -0.0625, -6.062500000000002, 1467.3750000000014, 1472.6250000000014, 19.062500000000007], [0.0625, 0.0, -6.000000000000002, 1467.4375000000016, 1472.6875000000016, 19.125000000000007], [6.062500000000002, 6.000000000000002, 0.0, 1473.8125000000016, 1479.0625000000016, 25.125], [-1467.3750000000014, -1467.4375000000016, -1473.8125000000016, 0.0, 5.250000000000001, 1448.5000000000014], [-1472.6250000000014, -1472.6875000000016, -1479.0625000000016, -5.250000000000001, 0.0, 1453.7500000000014], [-19.062500000000007, -19.125000000000007, -25.125, -1448.5000000000014, -1453.7500000000014, 0.0]]}}}