{"pseudos": ["DOJO-041-std-25", "PSL-US-v1-high-35", "PSL-US-v1-low-11", "PSL-PAW-v1-high-35", "PSL-PAW-v1-low-11", "JTH-1.1-std-25", "Wentzcovitch-25"], "v_distance": {"grid": {"eta": [[0.0, 18.876213829278754, 124.23709981522092, 20.643701124215102, 124.21163714882623, 1475.7525469086813, 30.55517124354405], [42.2356878111565, 0.0, 116.2897307291115, 1.7714882348269498, 116.26524608190101, 1493.0680108159659, 11.688065414380514], [1309.769778238172, 1262.0906737824157, 0.0, 115.56313011522214, 0.08670192878352767, 1419.0890367822685, 111.43962312578604], [46.16538592540603, 3.9296981142495193, 1257.6390848298167, 0.0, 115.53873777337802, 1494.6814461876584, 9.92346588741295], [1309.610064723161, 1261.930960267405, 0.15971351501094944, 1257.4793713148058, 0.0, 1419.0163862237628, 111.41633178685181], [2775.16739999861, 2797.6981181545943, 4532.6056100633705, 2799.82649441076, 4532.44589654836, 0.0, 1504.1659496377802], [70.36779542355684, 28.440857607002275, 1232.1120922154544, 24.5136873316332, 1232.0148787004434, 2814.2170671530184, 0.0]], "shift": [[0.0, -41.06250000000001, 15.250000000000004, -44.937500000000014, 15.187500000000004, 2102.4375000000023, -67.81250000000003], [41.06250000000001, 0.0, 13.125000000000005, -3.875000000000001, 13.062500000000005, -2125.0625000000023, 26.750000000000004], [-15.250000000000004, -13.125000000000005, 0.0, 12.937500000000005, 0.0625, 1323.3125000000014, 10.562500000000002], [44.937500000000014, 3.875000000000001, -12.937500000000005, 0.0, 12.875000000000005, -2127.1875000000023, 22.875000000000007], [-15.187500000000004, -13.062500000000005, -0.0625, -12.875000000000005, 0.0, 1323.2500000000014, 10.437500000000002], [-2102.4375000000023, 2125.0625000000023, -1323.3125000000014, 2127.1875000000023, -1323.2500000000014, 0.0, -2140.6875000000023], [67.81250000000003, -26.750000000000004, -10.562500000000002, -22.875000000000007, -10.437500000000002, 2140.6875000000023, 0.0]]}, "path": {"eta": [[0.0, 18.537905042743663, 383.8805784378643, 20.266303110157317, 383.8110326601926, 1571.2307977437333, 28.249056680045577], [42.80775262125423, 0.0, 366.6700304205154, 1.7412124485841451, 366.60134811676403, 1586.6306309725767, 9.740170019190723], [1172.4816057762444, 1131.7961616695661, 0.0, 365.0896016705395, 0.11626691382028932, 2037.027719483466, 357.50904192961445], [46.80088536747202, 3.993132746338575, 1128.0336671400087, 0.0, 365.02099751979034, 1588.0274690241195, 8.012811604371878], [1172.329360018339, 1131.6439159116612, 0.16679231664558358, 1127.8814213821036, 0.0, 2036.9296042365895, 357.4409801890687], [3045.3306547802954, 3073.710973935648, 3839.297946955658, 3076.286878313252, 3839.1457011977527, 0.0, 1595.0825141006148], [67.80821360553705, 25.32768206507422, 1109.8765175264443, 21.33859791664945, 1109.7242717685256, 3091.6643449520925, 0.0]], "shift": [[0.0, -41.62500000000001, 153.6250000000001, -45.562500000000014, 153.5000000000001, 2299.3750000000027, -65.31250000000003], [41.62500000000001, 0.0, 144.37500000000009, -3.937500000000001, 144.2500000000001, -2327.6875000000023, 23.687500000000007], [-153.6250000000001, -144.37500000000009, 0.0, 143.5000000000001, 0.125, 1993.1875000000023, 137.9375000000001], [45.562500000000014, 3.937500000000001, -143.5000000000001, 0.0, 143.37500000000009, -2330.2500000000023, 19.750000000000004], [-153.5000000000001, -144.2500000000001, -0.125, -143.37500000000009, 0.0, 1993.0625000000025, 137.81250000000009], [-2299.3750000000027, 2327.6875000000023, -1993.1875000000023, 2330.2500000000023, -1993.0625000000025, 0.0, -2344.4375000000023], [65.31250000000003, -23.687500000000007, -137.9375000000001, -19.750000000000004, -137.81250000000009, 2344.4375000000023, 0.0]]}}, "v10_distance": {"grid": {"eta": [[0.0, 25.834265315111452, 74.31814654662851, 28.22999928868759, 74.28020693970763, 2343.0058439089617, 43.11992142793333], [32.64171290165938, 0.0, 70.69439803957442, 2.3981529009359197, 70.65705209072377, 2355.835397336279, 17.35801771860855], [1325.832278238172, 1274.653173782416, 0.0, 70.36884743805372, 0.09356601620710656, 2026.08477631725, 69.69285255425893], [35.285546182517486, 2.7573493930944157, 1269.9515848298167, 0.0, 70.33157852281006, 2357.032612233293, 14.98077953643355], [1325.610064723161, 1274.4309602674048, 0.3573185538403578, 1269.6668713148058, 0.0, 2026.0241789102217, 69.65714320260282], [4985.5758339158665, 4998.589517513261, 6524.168110063373, 4999.7235172319215, 6523.945896548362, 0.0, 2365.6448581213804], [75.52503336587347, 55.73958084415856, 1240.1120922154546, 53.85637741096924, 1239.8273787004434, 5004.668894375541, 0.0]], "shift": [[0.0, -24.187500000000007, -0.8125000000000001, -26.50000000000001, -0.8125000000000001, -46.500000000000014, -39.250000000000014], [24.187500000000007, 0.0, 0.5625000000000001, -2.3125000000000004, 0.5625000000000001, 38.875000000000014, 15.062500000000004], [0.8125000000000001, -0.5625000000000001, 0.0, 0.625, 0.0, -668.2500000000006, 2.5625000000000004], [26.50000000000001, 2.3125000000000004, -0.625, 0.0, 0.6875, 38.125000000000014, 12.750000000000004], [0.8125000000000001, -0.5625000000000001, -0.0, -0.6875, 0.0, -668.2500000000006, 2.6250000000000004], [46.500000000000014, -38.875000000000014, 668.2500000000006, -38.125000000000014, 668.2500000000006, 0.0, 34.87500000000001], [39.250000000000014, -15.062500000000004, -2.5625000000000004, -12.750000000000004, -2.6250000000000004, -34.87500000000001, 0.0]]}, "path": {"eta": [[0.0, 25.90694324682082, 203.0124842301935, 28.305126280589953, 202.94568699701736, 2812.2238385360124, 41.26959934414219], [32.87320876599181, 0.0, 194.5123934218008, 2.404359539110956, 194.44619793731562, 2825.126053124455, 15.611728191856804], [1296.5441057762446, 1246.6711616695663, 0.0, 193.73982843023185, 0.12937074625754139, 2597.5645186366564, 191.32533514420692], [35.5064552996679, 2.76640630108777, 1242.096167140009, 0.0, 193.67369447643424, 2826.3078621084246, 13.281174574275067], [1296.2668600183395, 1246.393915911661, 0.4143492999677534, 1241.7564213821036, 0.0, 2597.5101921344417, 191.25979089237762], [5818.967073696736, 5862.405473456287, 7632.610446955661, 5866.418783483945, 7632.333201197756, 0.0, 2831.771931009766], [73.70337728859785, 53.95127090365393, 1216.876517526444, 52.068020775935466, 1216.5992717685256, 5884.7200470950675, 0.0]], "shift": [[0.0, -24.125000000000007, 29.562500000000007, -26.43750000000001, 29.562500000000007, -1196.9375000000011, -37.000000000000014], [24.125000000000007, 0.0, 29.500000000000007, -2.3125000000000004, 29.500000000000007, 1190.4375000000011, 12.812500000000004], [-29.562500000000007, -29.500000000000007, 0.0, 29.437500000000007, 0.0, -1800.1250000000018, 30.937500000000007], [26.43750000000001, 2.3125000000000004, -29.437500000000007, 0.0, 29.500000000000007, 1189.8125000000014, 10.500000000000002], [-29.562500000000007, -29.500000000000007, -0.0, -29.500000000000007, 0.0, -1800.1250000000018, 30.937500000000007], [1196.9375000000011, -1190.4375000000011, 1800.1250000000018, -1189.8125000000014, 1800.1250000000018, 0.0, 1184.3750000000011], [37.000000000000014, -12.812500000000004, -30.937500000000007, -10.500000000000002, -30.937500000000007, -1184.3750000000011, 0.0]]}}}