{"pseudos": ["DOJO-041-std (Z=10)", "SPMS (Z=10)", "SG15 (Z=10)", "GBRV-1.X (Z=10)", "PSL-US-v1-high (Z=10)", "PSL-US-v1-low (Z=10)", "PSL-PAW-v1-high (Z=10)", "PSL-PAW-v1-low (Z=10)", "JTH-1.1-std (Z=10)"], "v_distance": {"grid": {"eta": [[0.0, 1.3678129414448914, 1.0085617710734305, 1.4863810739080605, 0.7959955531431269, 1.7423088342376425, 0.6161883132140227, 1.693533282802457, 2.403575291731836], [3.187569816088946, 0.0, 0.4121036801927886, 0.19325980690853733, 1.6231353983266958, 0.3934451526314193, 0.7623806192271079, 0.3330985193539697, 1.1263737141792791], [2.5186535011789815, 1.3592876002214285, 0.0, 0.5694433865546878, 1.4047913876456695, 0.7448647332373567, 0.39748681533372165, 0.7068636369875355, 1.4006543600514598], [3.6453232740651775, 1.087463887632076, 2.0244708116736447, 0.0, 1.6564507432396411, 0.373662573980469, 0.8934811827591449, 0.28949297771461036, 1.1001610719129513], [4.101817183676928, 3.486172960396978, 3.821514891614612, 3.4443714972308115, 0.0, 2.0045184241141287, 1.079736483524289, 1.9304094544244095, 2.7198234582430043], [3.9976556022461915, 1.1469832439292347, 1.73522035840589, 1.0682452624358945, 4.238327418472928, 0.0, 1.1287790445217294, 0.08889512622093475, 0.744249736357802], [1.5740028694356525, 1.8577666306616436, 0.944650631743329, 2.5110250744495772, 3.6027310859350408, 2.494472311016743, 0.0, 1.0820900285546728, 1.7943555861440224], [3.9142347439480014, 1.0239227114355316, 1.8640896141048489, 0.791642429655667, 4.115266885979225, 0.30018460748474496, 2.510628341094361, 0.0, 0.820514352549502], [6.536996548069654, 3.6937711674378733, 4.018343046890671, 3.3407438447507545, 6.785115341981567, 2.5467879235086386, 4.9629936786340005, 2.6698484560023417, 0.0]], "shift": [[0.0, 2.2500000000000004, 1.6250000000000002, 2.3750000000000004, -0.125, 2.812500000000001, 1.0, 2.750000000000001, 3.6875000000000013], [-2.2500000000000004, 0.0, -0.625, 0.125, -2.3750000000000004, 0.5625000000000001, -1.25, 0.5, 1.4375], [-1.6250000000000002, 0.625, 0.0, 0.75, -1.75, 1.1875000000000002, -0.625, 1.1250000000000002, 2.0625000000000004], [-2.3750000000000004, -0.125, -0.75, 0.0, -2.5, 0.4375, -1.4375, 0.375, 1.3124999999999998], [0.125, 2.3750000000000004, 1.75, 2.5, 0.0, 2.937500000000001, 1.0625, 2.875000000000001, 3.812500000000001], [-2.812500000000001, -0.5625000000000001, -1.1875000000000002, -0.4375, -2.937500000000001, 0.0, -1.8124999999999998, -0.0625, 0.875], [-1.0, 1.25, 0.625, 1.4375, -1.0625, 1.8124999999999998, 0.0, 1.7500000000000002, 2.6875000000000004], [-2.750000000000001, -0.5, -1.1250000000000002, -0.375, -2.875000000000001, 0.0625, -1.7500000000000002, 0.0, 0.9375], [-3.6875000000000013, -1.4375, -2.0625000000000004, -1.3124999999999998, -3.812500000000001, -0.875, -2.6875000000000004, -0.9375, 0.0]]}, "path": {"eta": [[0.0, 1.6879639313606714, 2.0213881182755817, 2.0143406284467216, 4.822409520733569, 2.2948926861303627, 3.021243541088563, 2.250000710167778, 2.9788373585875303], [4.13849185288565, 0.0, 2.276189290979849, 0.6147775019166091, 4.54233872690067, 1.2676220782807333, 2.769581457864418, 1.1144804781025481, 2.144978686228646], [5.06847700206641, 4.408169116771908, 0.0, 1.9858717622981068, 6.562698909146096, 1.5837086624198922, 4.7314119851774485, 1.7043894865105755, 1.6134137286067058], [4.355799296889637, 1.6071376638505726, 4.562976560775894, 0.0, 5.095181808476681, 0.6941261398679811, 3.3485734747455975, 0.5266179985350538, 1.5515141542187474], [10.545112420979562, 9.059726259735434, 13.023716758816699, 9.88070204718836, 0.0, 5.785101312113326, 1.8372250549043598, 5.619164922699289, 6.600592174746824], [5.03375224444178, 2.753252992442278, 4.170595165536604, 1.3362886593662395, 11.154490706554599, 0.0, 4.027185930665663, 0.17699041045357877, 0.9208545030577077], [6.735723191502423, 5.439304178838704, 9.249676888111253, 6.838066276611422, 3.8303084472351827, 7.921681605203127, 0.0, 3.8688537261783, 4.8618042724767365], [4.934983661305013, 2.5218341712559393, 4.376619307592151, 0.9899047331227494, 10.870606780311109, 0.3773393662778872, 7.75276278401679, 0.0, 1.0624881917477016], [8.1918600297587, 5.9113607777592, 3.9427196251688983, 4.304223113908627, 13.46787296727572, 3.158107785316922, 11.07978939052005, 3.38952660650326, 0.0]], "shift": [[0.0, 2.0625000000000004, 2.6875000000000004, 2.937500000000001, -2.6249999999999996, 3.5625000000000013, -1.25, 3.5000000000000013, 4.625000000000002], [-2.0625000000000004, 0.0, 0.5625000000000001, 0.8125000000000001, -4.687500000000001, 1.5000000000000002, -3.3125000000000004, 1.375, 2.5625000000000004], [-2.6875000000000004, -0.5625000000000001, 0.0, 0.25, -5.312500000000001, 0.9375, -3.937500000000001, 0.8125000000000001, 2.0000000000000004], [-2.937500000000001, -0.8125000000000001, -0.25, 0.0, -5.562500000000002, 0.6875, -4.187500000000001, 0.5625000000000001, 1.7500000000000002], [2.6249999999999996, 4.687500000000001, 5.312500000000001, 5.562500000000002, 0.0, 6.187500000000002, 1.375, 6.125000000000002, 7.250000000000003], [-3.5625000000000013, -1.5000000000000002, -0.9375, -0.6875, -6.187500000000002, 0.0, -4.812500000000001, -0.125, 1.0625], [1.25, 3.3125000000000004, 3.937500000000001, 4.187500000000001, -1.375, 4.812500000000001, 0.0, 4.750000000000002, 5.875000000000002], [-3.5000000000000013, -1.375, -0.8125000000000001, -0.5625000000000001, -6.125000000000002, 0.125, -4.750000000000002, 0.0, 1.1875000000000002], [-4.625000000000002, -2.5625000000000004, -2.0000000000000004, -1.7500000000000002, -7.250000000000003, -1.0625, -5.875000000000002, -1.1875000000000002, 0.0]]}}, "v10_distance": {"grid": {"eta": [[0.0, 8.460766943201996, 5.851253529875883, 9.867799034226271, 4.522448941822492, 10.452036379358024, 4.340196915134081, 10.496553888613851, 11.734870012664086], [38.474494246879125, 0.0, 2.6573693570792343, 2.2160005866271124, 4.5794834908341375, 2.223133580031871, 4.151521340119181, 2.276392541160462, 5.326886872726366], [26.875748481881814, 11.598745764997318, 0.0, 4.185302816600927, 2.2792618951827954, 4.620082185006228, 1.553967778208184, 4.668697259195176, 6.591339317769419], [52.11917329401314, 13.582179047134005, 25.180924812131323, 0.0, 5.562185667275814, 1.3822957808331093, 5.674688016473115, 1.322909179713725, 3.8006352180232446], [24.778561252784343, 13.758432994094788, 5.679495992920238, 27.34061204122879, 0.0, 6.33998307013874, 1.672230173709381, 6.359646174069247, 7.730273500895016], [51.09447330796435, 12.619979061085216, 24.218724826082536, 6.33969228470859, 26.315912055180007, 0.0, 6.13956712595906, 0.11732675609875959, 3.7734171131685437], [19.545701838012647, 18.99129240886648, 7.392546643869167, 32.57347145600049, 6.002192727294187, 31.6112714699517, 0.0, 6.187945850257231, 7.883674831785231], [51.56761195260303, 13.093117705723897, 24.691863470721216, 5.985590823103209, 26.789050699818688, 0.4731386446386807, 32.084410114590376, 0.0, 3.747779434058608], [62.54637006280959, 32.9743879034267, 35.67062158092779, 32.72644327012547, 37.83030881002526, 26.925196465406373, 43.063168224796954, 27.223244735391035, 0.0]],