{"pseudos": ["DOJO-041-std-14", "SPMS-14", "SG15-14", "GBRV-1.X-14", "PSL-US-v1-high-14", "PSL-US-v0.x-14", "PSL-PAW-v0.x-14", "PSL-PAW-v1-high-14", "JTH-1.1-std-14"], "v_distance": {"grid": {"eta": [[0.0, 1.6471609731596455, 2.3832695862070694, 1.965566687603653, 1.8730222941076227, 1.1694160909539866, 1.2105622515973424, 2.033823274256231, 3.403802208187412], [4.351331961415212, 0.0, 2.411519007445418, 3.0405146497567106, 3.238450325294706, 2.6677866895663334, 2.73449837392095, 3.523642415344203, 4.810436577472467], [8.236567694789812, 10.631482128423642, 0.0, 4.1759660943627255, 3.4388494263369007, 2.32732387853607, 2.424835286011816, 3.4459585237862194, 5.431067120764716], [7.164406074348308, 9.00892032855725, 14.152865078776161, 0.0, 2.5742534711965566, 2.3882650095106914, 2.262394908683292, 2.478700214966593, 2.0980560987950407], [8.26556025156043, 11.45244521713741, 12.319181101710086, 9.76450923827477, 0.0, 1.6127004479035976, 1.6680211958803601, 0.8080403192921213, 2.860082366757364], [4.338488386191045, 7.309742102582304, 6.266204088903647, 9.029882718502506, 6.6886904395285, 0.0, 0.255535687640581, 1.4694140042307655, 3.2216012486558228], [4.338020362662093, 7.615329847216913, 6.778436706879133, 9.029414694973553, 6.590936975790953, 0.7484191129517797, 0.0, 1.4193418069835575, 3.0769591150426874], [8.559004249077788, 11.715943583694951, 12.58267946826763, 10.57635660905126, 2.007645194627088, 7.064510194336832, 6.854435342348495, 0.0, 2.544434133130434], [10.802784012749399, 15.15411597416461, 15.16071764767332, 6.242685845662323, 8.6016097844346, 8.894513558769672, 8.382280940794187, 7.682186793186362, 0.0]], "shift": [[0.0, -1.25, -4.312500000000001, 4.187500000000001, 0.375, -0.6875, -0.25, 0.6875, 4.750000000000002], [1.25, 0.0, -3.125, 5.437500000000002, 1.6250000000000002, 0.5625000000000001, 1.0, 1.9375000000000004, 6.000000000000002], [4.312500000000001, 3.125, 0.0, 8.500000000000002, 4.687500000000002, 3.6250000000000013, 4.062500000000001, 5.000000000000001, 9.062500000000004], [-4.187500000000001, -5.437500000000002, -8.500000000000002, 0.0, -3.812500000000001, -4.875000000000001, -4.437500000000002, -3.5000000000000004, 0.5625000000000001], [-0.375, -1.6250000000000002, -4.687500000000002, 3.812500000000001, 0.0, -1.0625, -0.625, 0.3125, 4.375000000000001], [0.6875, -0.5625000000000001, -3.6250000000000013, 4.875000000000001, 1.0625, 0.0, 0.4375, 1.375, 5.437500000000002], [0.25, -1.0, -4.062500000000001, 4.437500000000002, 0.625, -0.4375, 0.0, 0.9375, 5.000000000000001], [-0.6875, -1.9375000000000004, -5.000000000000001, 3.5000000000000004, -0.3125, -1.375, -0.9375, 0.0, 4.062500000000001], [-4.750000000000002, -6.000000000000002, -9.062500000000004, -0.5625000000000001, -4.375000000000001, -5.437500000000002, -5.000000000000001, -4.062500000000001, 0.0]]}, "path": {"eta": [[0.0, 2.4835231189267164, 2.3397477978496943, 2.320845482025731, 2.044413770026205, 1.9530387995976863, 1.8863710050393472, 2.343168698667773, 4.460730265605063], [5.557147006379935, 0.0, 2.675824752061367, 3.9618182382684752, 3.774227610179335, 4.023977438028009, 4.042762721768556, 4.311812930602922, 6.795945066450209], [9.091238605592908, 11.109302769150617, 0.0, 4.217162181008595, 3.1887037375377014, 2.716742345762699, 2.690900900695674, 3.3589008596130228, 6.233236788187041], [7.791481224708037, 10.008777533308661, 15.570191252622894, 0.0, 3.626393396694763, 3.524264136315184, 3.3540487516848443, 3.4023859666092804, 3.6535980792915304], [9.267709681521893, 11.663413319128608, 14.057510626194075, 10.96651974156768, 0.0, 2.103446329636592, 2.0996816894092634, 1.0894718140398099, 4.163164658972612], [5.994272305263564, 10.544925020776489, 6.960536866063806, 11.015137752338036, 8.963668026887829, 0.0, 0.271245908771974, 2.2912973280975226, 4.197468523392198], [6.0282614112798, 10.24097023813033, 6.654380403711543, 11.088654378550219, 8.864426300921565, 0.5698482887946456, 0.0, 2.168799368492535, 4.044549736187066], [9.943820277183448, 12.339523914790163, 13.75381731538795, 11.382148862328194, 2.1579481914824896, 9.577278622549386, 9.54053689658312, 0.0, 3.6363838887258093], [10.242598678409408, 14.76268299731984, 14.325682687789854, 8.89566652583585, 8.577829019734935, 9.361826064721068, 9.00056816388661, 8.059102084253155, 0.0]], "shift": [[0.0, -1.5, -5.000000000000001, 3.937500000000001, 0.375, -2.3125000000000004, -2.0625, 0.625, 4.750000000000002], [1.5, 0.0, -3.5000000000000004, 5.437500000000002, 1.8750000000000004, -0.875, -0.5625000000000001, 2.1250000000000004, 6.250000000000002], [5.000000000000001, 3.5000000000000004, 0.0, 8.937500000000004, 5.375000000000001, 2.6250000000000004, 2.937500000000001, 5.625000000000002, 9.750000000000004], [-3.937500000000001, -5.437500000000002, -8.937500000000004, 0.0, -3.5625000000000004, -6.312500000000002, -6.000000000000002, -3.3125000000000004, 0.8125000000000001], [-0.375, -1.8750000000000004, -5.375000000000001, 3.5625000000000004, 0.0, -2.75, -2.4375000000000004, 0.25, 4.375000000000001], [2.3125000000000004, 0.875, -2.6250000000000004, 6.312500000000002, 2.75, 0.0, 0.3125, 2.937500000000001, 7.125000000000003], [2.0625, 0.5625000000000001, -2.937500000000001, 6.000000000000002, 2.4375000000000004, -0.3125, 0.0, 2.6875000000000004, 6.812500000000003], [-0.625, -2.1250000000000004, -5.625000000000002, 3.3125000000000004, -0.25, -2.937500000000001, -2.6875000000000004, 0.0, 4.125000000000001], [-4.750000000000002, -6.250000000000002, -9.750000000000004, -0.8125000000000001, -4.375000000000001, -7.125000000000003, -6.812500000000003, -4.125000000000001, 0.0]]}}, "v10_distance": {"grid": {"eta": [[0.0, 2.439379418747173, 4.433205353192505, 5.028313215496918, 3.431591008130097, 1.6701864878611614, 1.7318648945973403, 3.8997141726848503, 4.314914442934313], [6.038831961415212, 0.0, 4.858768810873376, 6.318491031708549, 4.925110156564145, 3.265871697481861, 3.613538484874469, 5.494214787519944, 4.603322039256859], [38.614352031138594, 40.95825483890437, 0.0, 8.907429070687126, 5.904244307622697, 3.81271056729311, 3.902181026612514, 5.9813294015292096, 7.51348459563634], [45.819797409697145, 44.69046657616917, 84.49664944083574, 0.0, 4.971716871262735, 5.391332427405406, 5.2174457957322495, 4.893940979463437, 5.2341644005045165], [18.19267598828725, 21.07125307272196, 52.519609197444595, 52.22813389430959, 0.0, 3.026708776181816, 3.018861007377857, 1.2144475435778772, 5.436069466149937], [4.632442879655287, 8.953508574660873, 35.428258341663394, 49.068391099172345, 20.5148629332011, 0.0, 0.5410439791764761, 3.11426673282337, 4.4180881424126115], [5.177474008954221, 10.237606205621177, 34.68401312844381, 49.81263631239193, 20.997394062500035, 1.4779448726223166, 0.0, 3.0034528247037393, 4.574001210570382], [18.79784099865961, 21.615436524674493, 52.63364014643605, 52.320424483028745, 2.861796230667096, 20.62889388197584, 21.111425011221485, 0.0, 5.567577538600192], [30.96072959768253, 29.831398764154557, 69.57508162882112, 31.579505144349692, 37.369066082294985, 34.20932328715773, 34.953568500377315, 37.46135667101414, 0.0]],