{"pseudos": ["DOJO-041-std (Z=5)", "SPMS (Z=5)", "SG15 (Z=5)", "GBRV-1.X (Z=5)", "PSL-US-v1-high (Z=5)", "PSL-US-v0.x (Z=5)", "PSL-PAW-v0.x (Z=5)", "PSL-PAW-v1-high (Z=5)", "JTH-1.1-std (Z=5)"], "average": {"grid": {"eta": [[0.0, 0.03949687339155422, 0.9836431243628295, 6.691938502562984, 1.657689631859307, 4.041122461026166, 3.657277430041937, 1.0279321379372486, 4.4441341037807085], [0.03394416282036922, 0.0, 1.0120665696520676, 6.724131319964013, 1.6897086031645483, 4.075829550532982, 3.691214473414828, 1.0591939680320808, 4.477222537462668], [0.7386167303346316, 0.7577033482381537, 0.0, 5.947910450648885, 1.4909560282603562, 3.385157052466555, 2.959013087709489, 0.9230241400715119, 3.7413758837091753], [7.00485865714029, 7.024111560238947, 6.452506060367333, 0.0, 6.277418737966014, 5.5351656485634875, 5.506413899141455, 6.387594835015027, 5.7266139417605855], [1.0017389293456325, 1.0046585995663035, 1.2185982677594327, 7.497394414220511, 0.0, 2.5604669919727585, 2.2697364805965137, 0.6946269402752469, 3.0345953619051658], [2.3404881344272175, 2.351970449536257, 2.0784523216087862, 7.443053092207499, 1.5454466221406318, 0.0, 0.5035984157580115, 3.0522141541796564, 0.6368439561947996], [2.194798734140465, 2.2059251678287413, 1.9088044725753444, 7.355480561427222, 1.4557208342116321, 0.24079535036137328, 0.0, 2.6864146348519404, 0.8182459675831486], [0.7030610902421031, 0.705120334244018, 0.9503845721842451, 7.340446589606247, 0.3573512365960039, 1.7289493753584646, 1.597505729678783, 0.0, 3.465907527939201], [2.835125133969378, 2.8451827471580264, 2.573541715032707, 7.749297853029737, 2.01579565725668, 0.5308562028859021, 0.6663871385944846, 2.2034015766263537, 0.0]], "shift": [[0.0, 0.0, 0.25, -3.750000000000001, 0.375, 0.8125000000000001, 1.0, 0.4375, 1.5625], [0.0, 0.0, 0.25, -3.750000000000001, 0.375, 0.8125000000000001, 1.0, 0.4375, 1.5625], [0.75, 0.75, 0.0, -4.062500000000001, 0.125, 0.5, 0.75, 0.1875, 1.25], [-0.5, -0.5, -1.25, 0.0, 4.187500000000001, 4.562500000000002, 4.812500000000001, 4.187500000000001, 5.312500000000001], [1.8750000000000004, 1.8750000000000004, 1.1250000000000002, 2.3750000000000004, 0.0, 0.375, 0.625, 0.0625, 1.1250000000000002], [4.125000000000001, 4.125000000000001, 3.3750000000000013, 4.625000000000002, 2.2500000000000004, 0.0, 0.25, -0.375, 0.75], [3.937500000000001, 3.937500000000001, 3.187500000000001, 4.437500000000002, 2.0625000000000004, -0.1875, 0.0, -0.5625000000000001, 0.5], [1.3124999999999998, 1.3124999999999998, 0.5625000000000001, 1.8125000000000002, -0.5625000000000001, -2.8125, -2.6249999999999996, 0.0, 1.1250000000000002], [5.000000000000001, 5.000000000000001, 4.250000000000001, 5.500000000000002, 3.125000000000001, 0.875, 1.0625, 3.6875000000000013, 0.0]]}, "path": {"eta": [[0.0, 0.062354243197788276, 1.290292155680468, 7.799140827428567, 1.5367454250008756, 4.256031847866734, 3.5423810743511566, 1.1924358377659792, 4.152442903999779], [0.062433389829119196, 0.0, 1.3226683108757693, 7.848154764986173, 1.5573626533664497, 4.3023685697163865, 3.579484105945827, 1.1928756178358175, 4.180979445722321], [1.0717763933790896, 1.1151286028682712, 0.0, 7.009191931674667, 1.8574125527468703, 3.4978067952228216, 2.670789208689271, 1.5811251361184802, 3.2031810105999554], [9.589927148324021, 9.642092206561928, 8.823047993856736, 0.0, 8.240218088728911, 6.973518871625484, 7.264998216904999, 8.35294576247851, 7.656767810234372], [1.5105266477950097, 1.4912250780020817, 1.805476317386083, 10.525890751012982, 0.0, 3.275396757710809, 2.650417785189769, 0.6784447977577106, 3.3278225523829303], [3.252059951638177, 3.278033861097529, 2.505289702582337, 9.163513064790425, 2.634923604367952, 0.0, 1.215728953046626, 3.6879855521068823, 1.8584207001883744], [2.935307056292332, 2.951212619196984, 2.2919585116449706, 9.651632083992205, 2.1342240671761012, 0.76651636504799, 0.0, 2.8842889771547595, 1.0296436749595248], [1.4357096016612472, 1.4084533172636695, 1.815826733248672, 10.602642448116946, 0.3092505026563755, 2.842061010198174, 2.301055407711616, 0.0, 3.441872801444458], [3.5973946145425946, 3.6080527260162256, 3.025074232649851, 10.124963081251993, 2.6046143198089244, 1.1086487227875883, 0.7798540484565925, 2.774982737963282, 0.0]], "shift": [[0.0, 0.0, 0.25, -2.6875, 0.875, 0.5625000000000001, 0.9375, 0.875, 1.6250000000000002], [-0.0625, 0.0, 0.25, -2.6875, 0.875, 0.5625000000000001, 0.9375, 0.875, 1.6250000000000002], [0.4375, 0.5, 0.0, -2.875, 0.625, 0.3125, 0.6875, 0.625, 1.375], [-0.9375, -0.9375, -1.375, 0.0, 3.5625000000000013, 3.187500000000001, 3.5625000000000013, 3.5625000000000013, 4.312500000000001], [1.8125000000000002, 1.8125000000000002, 1.375, 2.750000000000001, 0.0, -0.3125, 0.0625, 0.0, 0.75], [3.3125000000000013, 3.3750000000000013, 2.875000000000001, 4.250000000000001, 1.5000000000000002, 0.0, 0.375, 0.3125, 1.0625], [2.812500000000001, 2.812500000000001, 2.3750000000000004, 3.7500000000000013, 1.0, -0.5, 0.0, -0.0625, 0.6875], [1.3124999999999998, 1.3124999999999998, 0.875, 2.2500000000000004, -0.5, -2.0, -1.5, 0.0, 0.75], [3.3125000000000013, 3.3750000000000013, 2.875000000000001, 4.250000000000001, 1.5000000000000002, 0.0, 0.5, 2.0000000000000004, 0.0]]}}, "maximum": {"grid": {"eta": [[0.0, 0.1649045932179405, 4.102789019534953, 45.10711889656246, 2.9031435865567587, 7.069009750440564, 6.7295176191187736, 1.7742553282701152, 8.15381568677207], [0.1649045932179405, 0.0, 4.267693612752893, 45.2720234897804, 2.940610680435732, 7.133831624485005, 6.794339493163214, 1.8113333741588207, 8.21863756081651], [3.602789019534953, 3.7676936127528933, 0.0, 41.066829877027516, 3.735620268103659, 6.227639859819945, 5.42987970030498, 4.27982514190272, 7.04209205872683], [41.85711889656246, 42.0220234897804, 38.25432987702751, 0.0, 44.7312303304197, 39.42782861382142, 40.15686291262111, 45.284155018930235, 39.998245919619926], [2.5263851796885466, 2.5683713869514695, 4.664400453392183, 42.91873033041969, 0.0, 5.30340171659828, 5.186347110231928, 1.2886821807803415, 6.835864771684143], [9.062536312677793, 9.090181754596593, 6.08202141866508, 39.49032861382142, 6.6683753860762565, 0.0, 1.0271447718347702, 5.856326405108817, 2.0949986520406867], [9.018008036833464, 9.045653478752264, 5.9138634790841715, 39.781862912621115, 6.623847110231928, 0.5896447718347702, 0.0, 5.207103915898494, 1.6495176614522151], [2.237944190224667, 2.2655896321434668, 4.6548251419027205, 42.90915501893023, 0.7697255969505222, 6.84576784190039, 6.7800638466087975, 0.0, 6.63140198355179], [11.230025698285681, 11.257671140204481, 8.125881140536386, 40.18574591961993, 8.835864771684145, 2.1674893856078867, 2.212017661452215, 8.992081508061014, 0.0]], "shift": [[0.0, -0.0, -0.25, 3.750000000000001, -0.375, -0.8125000000000001, -1.0, -0.4375, -1.5625], [-0.0, 0.0, -0.25, 3.750000000000001, -0.375, -0.8125000000000001, -1.0, -0.4375, -1.5625], [-0.75, -0.75, 0.0, 4.062500000000001, -0.125, -0.5, -0.75, -0.1875, -1.25], [0.5, 0.5, 1.25, 0.0, -4.187500000000001, -4.562500000000002, -4.812500000000001, -4.187500000000001, -5.312500000000001], [-1.8750000000000004, -1.8750000000000004, -1.1250000000000002, -2.3750000000000004, 0.0, -0.375, -0.625, -0.0625, -1.1250000000000002], [-4.125000000000001, -4.125000000000001, -3.3750000000000013, -4.625000000000002, -2.2500000000000004, 0.0, -0.25, 0.375, -0.75], [-3.937500000000001, -3.937500000000001, -3.187500000000001, -4.437500000000002, -2.0625000000000004, 0.1875, 0.0, 0.5625000000000001, -0.5], [-1.3124999999999998, -1.3124999999999998, -0.5625000000000001, -1.8125000000000002, 0.5625000000000001, 2.8125, 2.6249999999999996, 0.0, -1.1250000000000002], [-5.000000000000001, -5.000000000000001, -4.250000000000001, -5.500000000000002, -3.125000000000001, -0.875, -1.0625, -3.6875000000000013, 0.0]]},