{"pseudos": ["DOJO-041-std-9", "SPMS-9", "SG15-9", "GBRV-1.X-9", "PSL-US-v1-high-9", "PSL-US-v1-low-9", "PSL-US-v0.x-9", "PSL-PAW-v0.x-9", "PSL-PAW-v1-high-9", "PSL-PAW-v1-low-9", "JTH-1.1-std-9"], "v_distance": {"grid": {"eta": [[0.0, 8.230603158984513, 3.518037877013462, 3.9338878641549737, 1.661353201066675, 2.4826020898839176, 35.481013311546874, 5.041228063863437, 3.308256437823536, 3.8485431339142395, 4.782223037853515], [29.04733352884712, 0.0, 5.385505079480102, 11.893408322153777, 9.665286611114801, 10.682697788721004, 29.16664719678948, 12.935553832034188, 10.596836202955679, 11.57892146407396, 12.601388166775935], [6.445906015941253, 22.817128890960685, 0.0, 7.449473904854802, 5.134884578289031, 5.893594771409344, 33.82725911254003, 8.558538271120307, 6.676847736824949, 7.343628043598166, 8.295796442453586], [8.089772424630219, 36.21030912018956, 14.535678440571472, 0.0, 2.362427920411038, 1.7913182258919245, 37.78757641066936, 1.1236482604178726, 1.7682677749505546, 0.8138144384308738, 0.91431468973866], [6.143206933541435, 30.158486425886164, 12.651612949482688, 6.114322694303388, 0.0, 1.1612138155976086, 36.45881138241628, 3.481648280154566, 2.036425965025984, 2.39552799846419, 3.190796322124954], [6.722984504657002, 35.6747436698382, 13.082138575599958, 2.991891179032507, 5.578757243952032, 0.0, 37.47986947227343, 2.8607639562891993, 2.378365040192301, 2.13296569015456, 2.681343666327885], [102.5435289760056, 84.95963452786391, 96.25082433811917, 109.70650456734803, 103.59218187304465, 109.17093911699668, 0.0, 38.368746034113975, 36.056558989255706, 37.07904586168764, 38.101213638092034], [9.786904486554846, 38.578132037999964, 16.2085585574978, 2.379256943006397, 8.482145612113795, 4.427540601449153, 112.07432748515848, 0.0, 2.492942915311982, 1.417840012108818, 0.4942601339474374], [5.619974668684204, 29.59760037059893, 12.065880684625458, 6.612708749590624, 3.7865917983390887, 6.139643299239269, 103.03129581775744, 9.043031667401031, 0.0, 1.1660715027316138, 2.1620300505349697], [6.163411774595891, 35.10962405956927, 12.522565845538846, 3.005291585379272, 4.951137633683104, 3.9996784461715715, 108.5433195067278, 3.955331340992953, 5.5120236889703405, 0.0, 1.1977433760023928], [9.690055944968659, 36.56698402409131, 16.124428710568043, 1.8031778860797196, 6.470997598205141, 4.3071764502847145, 110.06317947124982, 3.215910749511537, 6.969383653492377, 4.5940418553758455, 0.0]], "shift": [[0.0, -27.18750000000001, -6.312500000000002, 7.312500000000003, 1.6250000000000002, 6.562500000000003, -101.50000000000003, 9.625000000000004, 1.1250000000000002, 6.000000000000002, 7.250000000000003], [27.18750000000001, 0.0, 20.875000000000004, 34.50000000000001, 28.875000000000004, 33.75000000000001, -74.25000000000003, 36.812500000000014, 28.312500000000004, 33.18750000000001, 34.43750000000001], [6.312500000000002, -20.875000000000004, 0.0, 13.625000000000005, 8.000000000000002, 12.875000000000005, -95.12500000000003, 16.000000000000004, 7.4375000000000036, 12.312500000000004, 13.562500000000005], [-7.312500000000003, -34.50000000000001, -13.625000000000005, 0.0, -5.687500000000002, -0.75, -108.81250000000003, 2.3125000000000004, -6.187500000000002, -1.3124999999999998, -0.0625], [-1.6250000000000002, -28.875000000000004, -8.000000000000002, 5.687500000000002, 0.0, 4.937500000000001, -103.12500000000004, 8.000000000000002, -0.5625000000000001, 4.312500000000001, 5.625000000000002], [-6.562500000000003, -33.75000000000001, -12.875000000000005, 0.75, -4.937500000000001, 0.0, -108.06250000000003, 3.062500000000001, -5.500000000000002, -0.5625000000000001, 0.6875], [101.50000000000003, 74.25000000000003, 95.12500000000003, 108.81250000000003, 103.12500000000004, 108.06250000000003, 0.0, 111.12500000000007, 102.56250000000006, 107.43750000000007, 108.75000000000007], [-9.625000000000004, -36.812500000000014, -16.000000000000004, -2.3125000000000004, -8.000000000000002, -3.062500000000001, -111.12500000000007, 0.0, -8.562500000000002, -3.687500000000001, -2.3750000000000004], [-1.1250000000000002, -28.312500000000004, -7.4375000000000036, 6.187500000000002, 0.5625000000000001, 5.500000000000002, -102.56250000000006, 8.562500000000002, 0.0, 4.875000000000001, 6.125000000000002], [-6.000000000000002, -33.18750000000001, -12.312500000000004, 1.3124999999999998, -4.312500000000001, 0.5625000000000001, -107.43750000000007, 3.687500000000001, -4.875000000000001, 0.0, 1.25], [-7.250000000000003, -34.43750000000001, -13.562500000000005, 0.0625, -5.625000000000002, -0.6875, -108.75000000000007, 2.3750000000000004, -6.125000000000002, -1.25, 0.0]]}, "path": {"eta": [[0.0, 0.8230603158984513, 0.3518037877013462, 0.39338878641549735, 0.16613532010666748, 0.24826020898839177, 3.5481013311546876, 0.5041228063863437, 0.33082564378235363, 0.38485431339142395, 0.4782223037853515], [2.904733352884712, 0.0, 0.5385505079480102, 1.1893408322153776, 0.9665286611114802, 1.0682697788721005, 2.916664719678948, 1.2935553832034188, 1.059683620295568, 1.1578921464073961, 1.2601388166775935], [0.6445906015941253, 2.2817128890960685, 0.0, 0.7449473904854802, 0.5134884578289032, 0.5893594771409344, 3.3827259112540027, 0.8558538271120307, 0.6676847736824949, 0.7343628043598166, 0.8295796442453586], [0.8089772424630219, 3.6210309120189557, 1.4535678440571471, 0.0, 0.2362427920411038, 0.17913182258919244, 3.778757641066936, 0.11236482604178726, 0.17682677749505546, 0.08138144384308738, 0.091431468973866], [0.6143206933541435, 3.015848642588616, 1.265161294948269, 0.6114322694303388, 0.0, 0.11612138155976086, 3.645881138241628, 0.3481648280154566, 0.2036425965025984, 0.239552799846419, 0.3190796322124954], [0.6722984504657001, 3.56747436698382, 1.3082138575599958, 0.2991891179032507, 0.5578757243952033, 0.0, 3.747986947227343, 0.28607639562891995, 0.23783650401923012, 0.21329656901545602, 0.2681343666327885], [10.25435289760056, 8.495963452786391, 9.625082433811917, 10.970650456734804, 10.359218187304466, 10.917093911699668, 0.0, 3.8368746034113976, 3.6056558989255705, 3.707904586168764, 3.8101213638092033], [0.9786904486554846, 3.8578132037999966, 1.6208558557497799, 0.23792569430063967, 0.8482145612113795, 0.4427540601449153, 11.207432748515847, 0.0, 0.2492942915311982, 0.1417840012108818, 0.04942601339474374], [0.5619974668684204, 2.959760037059893, 1.2065880684625458, 0.6612708749590623, 0.37865917983390884, 0.6139643299239269, 10.303129581775744, 0.9043031667401031, 0.0, 0.11660715027316138, 0.21620300505349696], [0.6163411774595892, 3.510962405956927, 1.2522565845538847, 0.30052915853792717, 0.4951137633683104, 0.3999678446171572, 10.85433195067278, 0.3955331340992953, 0.551202368897034, 0.0, 0.11977433760023928], [0.9690055944968659, 3.6566984024091314, 1.6124428710568044, 0.18031778860797196, 0.6470997598205142, 0.43071764502847143, 11.006317947124982, 0.3215910749511537, 0.6969383653492377, 0.45940418553758455, 0.0]],