{"pseudos": ["DOJO-041-std-13", "SPMS-13", "SG15-13", "GBRV-1.X-13", "PSL-US-v1-high-13", "PSL-US-v0.x-13", "PSL-PAW-v0.x-13", "PSL-PAW-v1-high-13", "JTH-1.1-std-13"], "v_distance": {"grid": {"eta": [[0.0, 5.245601644390538, 3.475144278495452, 4.637997610644167, 2.219992196368164, 3.1045232075913156, 3.3171445968419833, 2.688382743875417, 2.7208648366414865], [8.619138282028187, 0.0, 8.59357347302093, 9.865718197913983, 7.2970106649776705, 8.226762317117242, 8.411588061834797, 7.75193835008011, 7.598075073783927], [7.454975656702914, 15.627204778698625, 0.0, 1.8033257131685245, 1.3037380575405564, 0.4790163481080578, 0.29993858925796785, 0.8805282671285426, 1.5810681741619288], [9.02535226975958, 16.608742291803708, 4.604957780861639, 0.0, 2.8195836643165118, 2.013779865973238, 1.9429918863379632, 2.461903739199486, 2.763542461939665], [6.031541873969132, 13.087919814934365, 2.53928496376426, 6.096233745945838, 0.0, 0.9447522138895353, 1.1304290248980293, 0.4957886052564601, 1.2355538863806306], [8.045929178566041, 14.614003814640396, 1.0757009640582282, 4.946578522873807, 2.0143873045969087, 0.0, 0.3028683613294574, 0.5303838121766824, 1.48413158115649], [8.048841667340639, 15.318026192934097, 0.8046314677283419, 4.949491011648405, 2.167606377999732, 0.7040223782937005, 0.0, 0.6609556372967389, 1.4394438343180467], [7.1838930552469265, 14.11740517346635, 1.5722996052322742, 5.215780764335264, 1.152351181277794, 0.9906949676192482, 1.2006210194677465, 0.0, 1.1579896718174496], [6.14067386465797, 14.759812146686157, 8.123295938305462, 4.007195027092366, 6.57578935939739, 8.47308639807031, 8.475998886844907, 7.611050274751193, 0.0]], "shift": [[0.0, 5.437500000000002, -3.750000000000001, -3.687500000000001, -2.3750000000000004, -3.3750000000000004, -3.3750000000000004, -2.6249999999999996, -0.25], [-5.437500000000002, 0.0, -9.187500000000004, -9.125000000000004, -7.875000000000002, -8.812500000000002, -8.812500000000002, -8.062500000000002, -5.687500000000002], [3.750000000000001, 9.187500000000004, 0.0, 0.0625, 1.3124999999999998, 0.3125, 0.375, 1.0625, 3.5000000000000013], [3.687500000000001, 9.125000000000004, -0.0625, 0.0, 1.25, 0.25, 0.25, 1.0, 3.4375000000000013], [2.3750000000000004, 7.875000000000002, -1.3124999999999998, -1.25, 0.0, -1.0, -1.0, -0.25, 2.1875000000000004], [3.3750000000000004, 8.812500000000002, -0.3125, -0.25, 1.0, 0.0, 0.0, 0.75, 3.187500000000001], [3.3750000000000004, 8.812500000000002, -0.375, -0.25, 1.0, -0.0, 0.0, 0.75, 3.187500000000001], [2.6249999999999996, 8.062500000000002, -1.0625, -1.0, 0.25, -0.75, -0.75, 0.0, 2.4375000000000004], [0.25, 5.687500000000002, -3.5000000000000013, -3.4375000000000013, -2.1875000000000004, -3.187500000000001, -3.187500000000001, -2.4375000000000004, 0.0]]}, "path": {"eta": [[0.0, 0.5245601644390538, 0.34751442784954517, 0.46379976106441667, 0.2219992196368164, 0.31045232075913154, 0.3317144596841983, 0.2688382743875417, 0.27208648366414867], [0.8619138282028187, 0.0, 0.859357347302093, 0.9865718197913983, 0.729701066497767, 0.8226762317117242, 0.8411588061834797, 0.775193835008011, 0.7598075073783928], [0.7454975656702915, 1.5627204778698625, 0.0, 0.18033257131685246, 0.13037380575405563, 0.04790163481080578, 0.029993858925796785, 0.08805282671285426, 0.15810681741619287], [0.902535226975958, 1.6608742291803709, 0.46049577808616393, 0.0, 0.2819583664316512, 0.2013779865973238, 0.1942991886337963, 0.2461903739199486, 0.2763542461939665], [0.6031541873969133, 1.3087919814934366, 0.253928496376426, 0.6096233745945838, 0.0, 0.09447522138895353, 0.11304290248980293, 0.049578860525646015, 0.12355538863806306], [0.8045929178566041, 1.4614003814640397, 0.10757009640582282, 0.4946578522873807, 0.20143873045969088, 0.0, 0.03028683613294574, 0.05303838121766824, 0.14841315811564898], [0.8048841667340639, 1.5318026192934098, 0.0804631467728342, 0.4949491011648405, 0.2167606377999732, 0.07040223782937005, 0.0, 0.06609556372967389, 0.14394438343180466], [0.7183893055246926, 1.411740517346635, 0.1572299605232274, 0.5215780764335264, 0.1152351181277794, 0.09906949676192482, 0.12006210194677465, 0.0, 0.11579896718174496], [0.614067386465797, 1.4759812146686158, 0.8123295938305463, 0.4007195027092366, 0.657578935939739, 0.847308639807031, 0.8475998886844908, 0.7611050274751193, 0.0]], "shift": [[0.0, 0.5437500000000002, -0.3750000000000001, -0.3687500000000001, -0.23750000000000004, -0.3375, -0.3375, -0.26249999999999996, -0.025], [-0.5437500000000002, 0.0, -0.9187500000000004, -0.9125000000000003, -0.7875000000000002, -0.8812500000000002, -0.8812500000000002, -0.8062500000000001, -0.5687500000000002], [0.3750000000000001, 0.9187500000000004, 0.0, 0.00625, 0.13124999999999998, 0.03125, 0.0375, 0.10625, 0.35000000000000014], [0.3687500000000001, 0.9125000000000003, -0.00625, 0.0, 0.125, 0.025, 0.025, 0.1, 0.3437500000000001], [0.23750000000000004, 0.7875000000000002, -0.13124999999999998, -0.125, 0.0, -0.1, -0.1, -0.025, 0.21875000000000006], [0.3375, 0.8812500000000002, -0.03125, -0.025, 0.1, 0.0, 0.0, 0.075, 0.3187500000000001], [0.3375, 0.8812500000000002, -0.0375, -0.025, 0.1, -0.0, 0.0, 0.075, 0.3187500000000001], [0.26249999999999996, 0.8062500000000001, -0.10625, -0.1, 0.025, -0.075, -0.075, 0.0, 0.24375000000000005], [0.025, 0.5687500000000002, -0.35000000000000014, -0.3437500000000001, -0.21875000000000006, -0.3187500000000001, -0.3187500000000001, -0.24375000000000005, 0.0]]}}, "v10_distance": {"grid": {"eta": [[0.0, 4.912904000011806, 3.8004468588196056, 4.656164648045744, 2.763570745977349, 3.724709439647936, 3.688512255808746, 3.1892114200359534, 3.5555131631248873], [14.934061879551336, 0.0, 8.273515947572145, 9.395824390925519, 7.178868343931483, 8.190019308064045, 8.170039917432653, 7.611135978557857, 7.550214673608614], [16.36554268994783, 18.939704778698626, 0.0, 3.835490673084186, 1.1694703730452556, 0.7037227241675401, 0.5964401722539016, 0.9062395058177258, 4.590264175021164], [29.32642947434468, 44.26049135389601, 45.20747308529556, 0.0, 3.939485745347273, 3.6807920126594778, 3.598213492883347, 3.7498443640003214, 2.6645907836030864], [13.358472060387982, 16.087919814934367, 3.4381013830563347, 41.769371702239226, 0.0, 1.0643192888033708, 1.0754219707642887, 0.5547807437277112, 4.097440625925371], [13.991917742133353, 17.989003814640398, 3.2414525107921293, 41.96602057450343, 2.1475033698718846, 0.0, 0.3850385469742696, 0.6331889870000837, 4.395578864372971], [14.34361583654902, 18.5680261929341, 3.155308834645126, 42.233903416397254, 2.4801063779997325, 0.9477848789627501, 0.0, 0.5934194451312634, 4.25900389001513], [13.597033667801698, 17.179905173466352, 3.1884643273650113, 42.01900875793055, 1.266390034931078, 0.8811133349408067, 1.3256210194677462, 0.0, 4.089434470367283], [32.84991059903203, 47.78397247858336, 48.73095420998291, 3.651317076170073, 45.29285282692658, 45.42700169919078, 45.694884541084605, 45.5424898826179, 0.0]], "shift": [[0.0, 3.875000000000001, -2.0, -2.875, -1.0, -1.5625, -1.6875000000000002, -1.1250000000000002, -0.5], [-3.875000000000001, 0.0, -5.875000000000002, -6.750000000000003, -4.875000000000001, -5.437500000000002, -5.562500000000002, -5.000000000000001, -4.375000000000001], [2.0, 5.875000000000002, 0.0, -0.875, 1.0, 0.4375, 0.25, 0.875, 1.5], [2.875, 6.750000000000003, 0.875, 0.0, 1.8750000000000004, 1.3124999999999998, 1.1250000000000002, 1.7500000000000002, 2.3750000000000004], [1.0, 4.875000000000001, -1.0, -1.8750000000000004, 0.0, -0.5625000000000001, -0.6875, -0.125, 0.5], [1.5625, 5.437500000000002, -0.4375, -1.3124999999999998, 0.5625000000000001, 0.0, -0.1875, 0.4375, 1.0], [1.6875000000000002, 5.562500000000002, -0.25, -1.1250000000000002, 0.6875, 0.1875, 0.0, 0.625, 1.1875000000000002], [1.1250000000000002, 5.000000000000001, -0.875, -1.7500000000000002, 0.125, -0.4375, -0.625, 0.0, 0.625], [0.5, 4.375000000000001, -1.5, -2.3750000000000004, -0.5, -1.0, -1.1875000000000002, -0.625, 0.0]]},