{"pseudos": ["PSL-US-v1-high-15", "PSL-PAW-v1-high-15", "MARBURG-15"], "v_distance": {"grid": {"eta": [[0.0, 4.275361068660569, 19.054930958075147], [8.207355931716963, 0.0, 14.878951419927711], [38.69071036965901, 31.093712152779347, 0.0]], "shift": [[0.0, 6.625000000000003, 30.875000000000007], [-6.625000000000003, 0.0, 24.25], [-30.875000000000007, -24.25, 0.0]]}, "path": {"eta": [[0.0, 0.4275361068660569, 1.9054930958075147], [0.8207355931716963, 0.0, 1.487895141992771], [3.869071036965901, 3.1093712152779345, 0.0]], "shift": [[0.0, 0.6625000000000003, 3.087500000000001], [-0.6625000000000003, 0.0, 2.425], [-3.087500000000001, -2.425, 0.0]]}}, "v10_distance": {"grid": {"eta": [[0.0, 4.914355219193597, 21.90873634766687], [9.347707308567722, 0.0, 17.341607490373285], [65.21721338622058, 56.03609718941075, 0.0]], "shift": [[0.0, 3.6250000000000013, 22.187500000000007], [-3.6250000000000013, 0.0, 18.562500000000007], [-22.187500000000007, -18.562500000000007, 0.0]]}, "path": {"eta": [[0.0, 0.4914355219193597, 2.190873634766687], [0.9347707308567722, 0.0, 1.7341607490373285], [6.521721338622058, 5.603609718941074, 0.0]], "shift": [[0.0, 0.36250000000000016, 2.218750000000001], [-0.36250000000000016, 0.0, 1.8562500000000006], [-2.218750000000001, -1.8562500000000006, 0.0]]}}}