{"pseudos": ["PSL-US-v1-high (Z=15)", "PSL-PAW-v1-high (Z=15)", "MARBURG (Z=15)"], "average": {"grid": {"eta": [[0.0, 3.2776224970550394, 21.90873634766687], [1.8763605657773694, 0.0, 17.341607490373285], [19.054930958075147, 14.878951419927711, 0.0]], "shift": [[0.0, 1.25, 22.187500000000007], [2.3750000000000004, 0.0, 18.562500000000007], [30.875000000000007, 24.25, 0.0]]}, "path": {"eta": [[0.0, 3.6207789708611573, 2.190873634766687], [2.1897143732786626, 0.0, 1.7341607490373285], [1.9054930958075147, 1.487895141992771, 0.0]], "shift": [[0.0, 0.9375, 2.218750000000001], [2.0000000000000004, 0.0, 1.8562500000000006], [3.087500000000001, 2.425, 0.0]]}}, "maximum": {"grid": {"eta": [[0.0, 11.556116196809825, 65.21721338622058], [5.345087770554329, 0.0, 56.03609718941075], [38.69071036965901, 31.093712152779347, 0.0]], "shift": [[0.0, -1.25, -22.187500000000007], [-2.3750000000000004, 0.0, -18.562500000000007], [-30.875000000000007, -24.25, 0.0]]}, "path": {"eta": [[0.0, 10.420167306405972, 6.521721338622058], [5.438436821445293, 0.0, 5.603609718941074], [3.869071036965901, 3.1093712152779345, 0.0]], "shift": [[0.0, -0.9375, -2.218750000000001], [-2.0000000000000004, 0.0, -1.8562500000000006], [-3.087500000000001, -2.425, 0.0]]}}}