{"pseudos": ["DOJO-041-std (Z=16)", "SPMS (Z=16)", "SG15 (Z=16)", "GBRV-1.X (Z=16)", "PSL-US-v1-high (Z=30)", "PSL-US-v1-low (Z=16)", "PSL-PAW-v1-high (Z=30)", "PSL-PAW-v1-low (Z=16)", "JTH-1.1-std (Z=8)"], "v_distance": {"grid": {"eta": [[0.0, 2.6590953153572925, 0.7074552375841363, 0.9340827157343545, 0.5268714373653932, 1.7287005653412109, 0.6117175489189157, 1.5418229127583951, 8.204017901167255], [7.5988143589294594, 0.0, 3.0497527160566267, 2.2457941952889415, 2.506371676645325, 1.9451627375882226, 2.6989496744737616, 2.150581201670557, 9.78432184147486], [2.2798522068839873, 9.527966668619712, 0.0, 1.0040381643710912, 0.7161371831952814, 2.0194236261258136, 0.46621242172367927, 1.720236686945108, 8.174283190239189], [2.6087026925172836, 6.932587117663417, 2.5953795510380075, 0.0, 0.5023892933163029, 1.1695028117554196, 0.5747216034473395, 0.9201537603918941, 8.515829728294968], [1.9429147412959935, 7.7320233391665445, 1.8136834581116832, 1.5430514054743867, 0.0, 1.4020801769963263, 0.30702951672397755, 1.1882561272386718, 8.381843459760045], [7.182511032069726, 8.196113764917044, 7.246582605256606, 4.819824854046516, 6.028554102007604, 0.0, 1.5952738834523483, 0.42859541699163106, 8.950389917942509], [2.236693117656813, 8.715668925098527, 1.2823478378942923, 1.78308180743511, 1.0053886716176805, 5.9642347673623135, 0.0, 1.316911990550262, 8.296262909732013], [7.308773860875676, 8.644715072717219, 7.372845434062555, 4.946087682852465, 6.217316930813553, 1.4522614567837593, 6.090497596168262, 0.0, 8.770185740773462], [25.3164713374758, 32.504303799687904, 26.377689760374775, 26.880719212452192, 26.59063919843842, 27.339551155489346, 26.71926708542804, 26.845743322348966, 0.0]], "shift": [[0.0, -1.6875000000000002, 0.8125000000000001, -0.5, -0.3125, -2.125, 0.25, -1.4375, -7.062500000000003], [1.6875000000000002, 0.0, 2.5000000000000004, 1.1875000000000002, 1.375, -0.4375, 1.9375000000000004, 0.25, -8.750000000000002], [-0.8125000000000001, -2.5000000000000004, 0.0, -1.3124999999999998, -1.1250000000000002, -2.9375, -0.5625000000000001, -2.2500000000000004, -6.250000000000002], [0.5, -1.1875000000000002, 1.3124999999999998, 0.0, 0.1875, -1.6250000000000002, 0.75, -0.9375, -7.562500000000002], [0.3125, -1.375, 1.1250000000000002, -0.1875, 0.0, 1.8750000000000004, 0.5625000000000001, 1.1250000000000002, -7.375000000000003], [2.125, 0.4375, 2.9375, 1.6250000000000002, -1.8750000000000004, 0.0, 2.3750000000000004, 0.75, -9.187500000000004], [-0.25, -1.9375000000000004, 0.5625000000000001, -0.75, -0.5625000000000001, -2.3750000000000004, 0.0, 1.6875000000000002, -6.812500000000003], [1.4375, -0.25, 2.2500000000000004, 0.9375, -1.1250000000000002, -0.75, -1.6875000000000002, 0.0, -8.500000000000002], [7.062500000000003, 8.750000000000002, 6.250000000000002, 7.562500000000002, 7.375000000000003, 9.187500000000004, 6.812500000000003, 8.500000000000002, 0.0]]}, "path": {"eta": [[0.0, 4.263565413397326, 1.1203187246236799, 1.7520026057101035, 1.1917535874526204, 3.531112736363785, 1.4156987947598707, 3.428853789206131, 11.339403007631809], [10.88403173279086, 0.0, 4.409705363938715, 3.288368546193291, 3.5942172699671144, 2.604327501713375, 3.722507319273739, 2.837511148018616, 13.97961108753103], [3.234221667025423, 12.821345574314165, 0.0, 1.566475301572869, 1.1994806478147846, 3.298230346434004, 1.154415813137842, 3.0568291446927907, 11.510589976755494], [5.297997652170949, 7.384901261490398, 5.438067942681884, 0.0, 0.68976726062883, 2.0492109599083106, 0.7889992790878745, 1.8949369655009567, 12.036925361763046], [4.086005049345885, 8.267693298702355, 4.617972697547671, 2.206169798836754, 0.0, 2.494812561299865, 0.4578021453447129, 2.3413023003544016, 11.649103545727328], [13.035209363580861, 9.408873833596289, 9.800987696555438, 7.737211711409913, 8.949204314234976, 0.0, 2.5674444456097443, 0.6177520122606635, 13.104476405430232], [4.815171773317729, 8.453421984866225, 4.805322820728847, 2.809809730448933, 1.0226574489854559, 8.22003759026313, 0.0, 2.306274256757625, 11.535254028163012], [13.544623871015517, 9.855788341030944, 10.247902203990094, 8.184126218844568, 9.458618821669631, 1.6254162995317643, 8.729452097697788, 0.0, 12.844373235864053], [26.734398832091387, 30.91007253193411, 28.173149797778024, 29.059100998506576, 27.97551693222135, 29.53029900327934, 27.99186722370709, 29.425846156886593, 0.0]], "shift": [[0.0, -1.375, 0.3125, -1.0625, -0.5625000000000001, -2.9375, 0.0625, -2.0, -5.812500000000002], [1.375, 0.0, 1.7500000000000002, 0.375, 0.8125000000000001, -1.5, 1.4375, -0.625, -7.187500000000003], [-0.3125, -1.7500000000000002, 0.0, -1.375, -0.875, -3.2500000000000004, -0.25, -2.3750000000000004, -5.500000000000002], [1.0625, -0.375, 1.375, 0.0, 0.5, -1.875, 1.1250000000000002, -1.0, -6.875000000000003], [0.5625000000000001, -0.8125000000000001, 0.875, -0.5, 0.0, 2.3750000000000004, 0.625, 1.4375, -6.375000000000002], [2.9375, 1.5, 3.2500000000000004, 1.875, -2.3750000000000004, 0.0, 3.000000000000001, 0.875, -8.750000000000002], [-0.0625, -1.4375, 0.25, -1.1250000000000002, -0.625, -3.000000000000001, 0.0, 2.0625000000000004, -5.750000000000002], [2.0, 0.625, 2.3750000000000004, 1.0, -1.4375, -0.875, -2.0625000000000004, 0.0, -7.812500000000002], [5.812500000000002, 7.187500000000003, 5.500000000000002, 6.875000000000003, 6.375000000000002, 8.750000000000002, 5.750000000000002, 7.812500000000002, 0.0]]}}, "v10_distance": {"grid": {"eta": [[0.0, 3.225517067645142, 0.8082442613160012, 1.09150419570469, 0.8769303232550721, 5.038819107936354, 0.9763252581027059, 4.973287070339591, 25.173713057938446], [10.04508459348466, 0.0, 3.3605172889400126, 2.7377452710988717, 3.4405715020535963, 5.0214980548297685, 3.6102963980658322, 5.1356404036869545, 25.55995330508085], [2.4048522068839873, 9.672516441980521, 0.0, 0.9763697081773306, 0.968632264944607, 5.120373159316173, 0.8547326546659958, 5.010325014530105, 25.22759439709041], [3.069475285128874, 10.06546760376014, 2.863424612480827, 0.0, 0.9496421424626456, 4.820086163595951, 1.044060123076383, 4.773157747717644, 25.43311352449243], [3.243258738990278, 12.721240252878317, 3.3199270332164583, 4.678694605583615, 0.0, 5.371840721945132, 0.32551440565220396, 5.310606801542138, 25.727906246477886], [35.88295799180969, 36.45510811831946, 36.65612932644649, 36.56232575019183, 38.14972108568071, 0.0, 5.454985583963438, 0.47700334915811016, 21.67211053777076], [3.6262588627054697, 12.76915336633698, 3.523360930368085, 4.789107719042278, 1.1240440359078434, 38.262165025453896, 0.0, 5.366710988375861, 25.70639462178161], [36.0507731882569, 36.622923314766666, 36.7614445228937, 36.73014094663904, 38.25503628212792, 1.6748953419343025, 38.367480221901104, 0.0, 21.546148026950075], [166.25625698701515, 168.64472862048268, 167.02942832165195, 166.93562474539726, 168.52302008088614, 134.01546184670408, 168.63546402065936, 133.74930303686187, 0.0]], "shift": [[0.0, -0.25, 0.9375, -0.0625, -0.3125, -0.3125, 0.125, 0.1875, -8.875000000000004], [0.25, 0.0, 1.1875000000000002, 0.1875, -0.0625, -0.0625, 0.375, 0.4375, -9.125000000000004], [-0.9375, -1.1875000000000002, 0.0, -0.9375, -1.25, -1.25, -0.8125000000000001, -0.6875, -7.937500000000002], [0.0625, -0.1875, 0.9375, 0.0, -0.3125, -0.25, 0.1875, 0.25, -8.937500000000004], [0.3125, 0.0625, 1.25, 0.3125, 0.0, 0.0, 0.4375, -0.5625000000000001, -9.187500000000004], [0.3125, 0.0625, 1.25, 0.25, -0.0, 0.0, 0.4375, 0.5625000000000001, -9.187500000000004], [-0.125, -0.375, 0.8125000000000001, -0.1875, -0.4375, -0.4375, 0.0, -0.125, -8.750000000000002], [-0.1875, -0.4375, 0.6875, -0.25, 0.5625000000000001, -0.5625000000000001, 0.125, 0.0, -8.687500000000002], [8.875000000000004, 9.125000000000004, 7.937500000000002, 8.937500000000004, 9.187500000000004, 9.187500000000004, 8.750000000000002, 8.687500000000002, 0.0]]},