{"pseudos": ["PSL-US-v1-high-13", "PSL-PAW-v1-high-13", "MARBURG-13"], "v_distance": {"grid": {"eta": [[0.0, 4.418533887423289, 10.757467302647292], [10.21797356032093, 0.0, 5.444849564191638], [22.140626448604905, 12.08360835437725, 0.0]], "shift": [[0.0, 6.375000000000002, 9.375000000000004], [-6.375000000000002, 0.0, 5.562500000000002], [-9.375000000000004, -5.562500000000002, 0.0]]}, "path": {"eta": [[0.0, 5.097699504887486, 1.0757467302647292], [10.078106588862285, 0.0, 0.5444849564191638], [2.2140626448604905, 1.2083608354377249, 0.0]], "shift": [[0.0, 5.937500000000002, 0.9375000000000003], [-5.937500000000002, 0.0, 0.5562500000000001], [-0.9375000000000003, -0.5562500000000001, 0.0]]}}, "v10_distance": {"grid": {"eta": [[0.0, 6.3691854350353605, 14.752690833927776], [15.16614377009546, 0.0, 9.41128185571439], [71.6698783566147, 77.12047881936238, 0.0]], "shift": [[0.0, 0.3125, 0.5], [-0.3125, 0.0, -0.25], [-0.5, 0.25, 0.0]]}, "path": {"eta": [[0.0, 7.664831077970275, 1.4752690833927775], [15.428644399474194, 0.0, 0.9411281855714391], [7.1669878356614705, 7.712047881936238, 0.0]], "shift": [[0.0, 0.75, 0.05], [-0.75, 0.0, -0.025], [-0.05, 0.025, 0.0]]}}}