{"pseudos": ["DOJO-041-std (Z=16)", "DOJO-041-str (Z=24)", "DOJO-050-std (Z=16)", "PSL-US-v1-high (Z=16)", "PSL-PAW-v1-high (Z=16)", "JTH-1.1-std (Z=6)"], "v_distance": {"grid": {"eta": [[0.0, 2.074509251519432, 132.93805721560463, 0.29002299420749117, 0.37027841589737487, 13.446945706323076], [9.879466487928823, 0.0, 133.88747249089246, 2.190939479215158, 2.2552205220683272, 14.697740136723787], [465.5787710055045, 466.3125220062648, 0.0, 132.8405982764405, 132.88858667057386, 134.60794392793426], [0.6565398445511903, 9.380032849108972, 465.6577091411328, 0.0, 0.12926041961046528, 13.576532010351855], [0.855993400257347, 9.593627020602769, 466.01821591653135, 0.4230067753985196, 0.0, 13.544930136478802], [62.115634390446736, 71.93260087837555, 477.79927067849866, 62.552568029266595, 62.33897385777279, 0.0]], "shift": [[0.0, 2.6250000000000004, -75.31250000000003, -0.25, -0.4375, 12.562500000000004], [-2.6250000000000004, 0.0, 77.87500000000004, 2.875000000000001, 3.062500000000001, 15.125000000000004], [75.31250000000003, -77.87500000000004, 0.0, 75.00000000000004, 74.87500000000004, -62.750000000000014], [0.25, -2.875000000000001, -75.00000000000004, 0.0, -0.1875, 12.250000000000004], [0.4375, -3.062500000000001, -74.87500000000004, 0.1875, 0.0, 12.062500000000004], [-12.562500000000004, -15.125000000000004, 62.750000000000014, -12.250000000000004, -12.062500000000004, 0.0]]}, "path": {"eta": [[0.0, 2.746176886533139, 138.29023437526757, 0.3181309514141274, 0.3726044333798857, 23.374239047218964], [9.31348450202833, 0.0, 139.40544528745863, 2.672717031575826, 2.7158815001066268, 25.61847381259049], [510.65664245275434, 512.4493677990172, 0.0, 138.2692550007041, 138.34262402228856, 138.09616910773994], [0.7701579354882427, 8.80718231165163, 510.607062573786, 0.0, 0.1381478114921724, 23.59785214623724], [0.9757074812644646, 9.075756051467138, 510.99916644508016, 0.44883167716550076, 0.0, 23.569438288569707], [59.24991544351951, 68.50089994554784, 516.3051040460211, 59.69371763389621, 59.425143894080705, 0.0]], "shift": [[0.0, 1.8750000000000004, -44.875000000000014, -0.3125, -0.5, 8.562500000000002], [-1.8750000000000004, 0.0, 46.687500000000014, 2.1250000000000004, 2.3750000000000004, 10.375000000000002], [44.875000000000014, -46.687500000000014, 0.0, 44.562500000000014, 44.312500000000014, -36.375000000000014], [0.3125, -2.1250000000000004, -44.562500000000014, 0.0, -0.25, 8.250000000000002], [0.5, -2.3750000000000004, -44.312500000000014, 0.25, 0.0, 8.000000000000002], [-8.562500000000002, -10.375000000000002, 36.375000000000014, -8.250000000000002, -8.000000000000002, 0.0]]}}, "v10_distance": {"grid": {"eta": [[0.0, 50.71567007828348, 184.1616153351, 2.4684192701294507, 2.540941922313784, 175.56512970061968], [306.58691903163935, 0.0, 169.29579377801718, 48.641712542761454, 48.55164947884364, 218.95558746675223], [1717.6322450857979, 1758.1049621371255, 0.0, 183.6019078768358, 183.57334504799027, 303.38112260987106], [18.965727112997072, 287.5586919186423, 1719.891573434638, 0.0, 0.19673855676470656, 176.9998800159942], [19.513599313122313, 287.01081971851704, 1720.5688582333087, 0.7070727248551094, 0.0, 177.0891053652082], [719.3973560212037, 942.1133631384333, 1593.31599198515, 732.6064216382916, 733.1175240145947, 0.0]], "shift": [[0.0, -28.625000000000004, -134.87500000000009, -0.75, -0.875, -116.68750000000006], [28.625000000000004, 0.0, 105.81250000000006, -27.937500000000004, -27.812500000000004, -142.00000000000006], [134.87500000000009, -105.81250000000006, 0.0, 134.1250000000001, 134.00000000000009, -248.06250000000017], [0.75, 27.937500000000004, -134.1250000000001, 0.0, -0.125, -117.31250000000004], [0.875, 27.812500000000004, -134.00000000000009, 0.125, 0.0, -117.43750000000006], [116.68750000000006, 142.00000000000006, 248.06250000000017, 117.31250000000004, 117.43750000000006, 0.0]]}, "path": {"eta": [[0.0, 60.77019176739189, 297.6134461543213, 3.1074983115701658, 3.2034670052359964, 177.60641461334203], [358.7013231900286, 0.0, 291.43928730727913, 58.24685264713984, 58.09736884036929, 226.20156072402153], [1711.8148589852665, 1751.3751600842702, 0.0, 297.27436146452186, 297.29946473670765, 375.98260324451866], [19.829221309904597, 336.3490505788247, 1713.735440369754, 0.0, 0.30416754551547726, 179.4342066846284], [20.39710988439643, 335.67181348723875, 1714.2752982357817, 0.6499147988732261, 0.0, 179.57300345940047], [753.3225846588305, 994.8668463257882, 1616.0937323155272, 766.7757851783718, 767.3566393921154, 0.0]], "shift": [[0.0, -26.62500000000001, -140.81250000000006, -0.625, -0.875, -88.18750000000003], [26.62500000000001, 0.0, 113.37500000000007, -26.00000000000001, -25.81250000000001, -109.75000000000004], [140.81250000000006, -113.37500000000007, 0.0, 140.1250000000001, 139.9375000000001, -225.37500000000017], [0.625, 26.00000000000001, -140.1250000000001, 0.0, -0.1875, -88.68750000000003], [0.875, 25.81250000000001, -139.9375000000001, 0.1875, 0.0, -88.87500000000003], [88.18750000000003, 109.75000000000004, 225.37500000000017, 88.68750000000003, 88.87500000000003, 0.0]]}}}