{"pseudos": ["DOJO-041-std (Z=16)", "DOJO-041-str (Z=24)", "DOJO-050-std (Z=16)", "PSL-US-v1-high (Z=16)", "PSL-PAW-v1-high (Z=16)", "JTH-1.1-std (Z=6)"], "average": {"grid": {"eta": [[0.0, 50.71567007828348, 184.1616153351, 2.4684192701294507, 2.540941922313784, 175.56512970061968], [2.074509251519432, 0.0, 169.29579377801718, 48.641712542761454, 48.55164947884364, 218.95558746675223], [132.93805721560463, 133.88747249089246, 0.0, 183.6019078768358, 183.57334504799027, 303.38112260987106], [0.29002299420749117, 2.190939479215158, 132.8405982764405, 0.0, 0.19673855676470656, 176.9998800159942], [0.37027841589737487, 2.2552205220683272, 132.88858667057386, 0.12926041961046528, 0.0, 177.0891053652082], [13.446945706323076, 14.697740136723787, 134.60794392793426, 13.576532010351855, 13.544930136478802, 0.0]], "shift": [[0.0, -28.625000000000004, -134.87500000000009, -0.75, -0.875, -116.68750000000006], [2.6250000000000004, 0.0, 105.81250000000006, -27.937500000000004, -27.812500000000004, -142.00000000000006], [-75.31250000000003, 77.87500000000004, 0.0, 134.1250000000001, 134.00000000000009, -248.06250000000017], [-0.25, 2.875000000000001, 75.00000000000004, 0.0, -0.125, -117.31250000000004], [-0.4375, 3.062500000000001, 74.87500000000004, -0.1875, 0.0, -117.43750000000006], [12.562500000000004, 15.125000000000004, -62.750000000000014, 12.250000000000004, 12.062500000000004, 0.0]]}, "path": {"eta": [[0.0, 60.77019176739189, 297.6134461543213, 3.1074983115701658, 3.2034670052359964, 177.60641461334203], [2.746176886533139, 0.0, 291.43928730727913, 58.24685264713984, 58.09736884036929, 226.20156072402153], [138.29023437526757, 139.40544528745863, 0.0, 297.27436146452186, 297.29946473670765, 375.98260324451866], [0.3181309514141274, 2.672717031575826, 138.2692550007041, 0.0, 0.30416754551547726, 179.4342066846284], [0.3726044333798857, 2.7158815001066268, 138.34262402228856, 0.1381478114921724, 0.0, 179.57300345940047], [23.374239047218964, 25.61847381259049, 138.09616910773994, 23.59785214623724, 23.569438288569707, 0.0]], "shift": [[0.0, -26.62500000000001, -140.81250000000006, -0.625, -0.875, -88.18750000000003], [1.8750000000000004, 0.0, 113.37500000000007, -26.00000000000001, -25.81250000000001, -109.75000000000004], [-44.875000000000014, 46.687500000000014, 0.0, 140.1250000000001, 139.9375000000001, -225.37500000000017], [-0.3125, 2.1250000000000004, 44.562500000000014, 0.0, -0.1875, -88.68750000000003], [-0.5, 2.3750000000000004, 44.312500000000014, -0.25, 0.0, -88.87500000000003], [8.562500000000002, 10.375000000000002, -36.375000000000014, 8.250000000000002, 8.000000000000002, 0.0]]}}, "maximum": {"grid": {"eta": [[0.0, 306.58691903163935, 1717.6322450857979, 18.965727112997072, 19.513599313122313, 719.3973560212037], [9.879466487928823, 0.0, 1758.1049621371255, 287.5586919186423, 287.01081971851704, 942.1133631384333], [465.5787710055045, 466.3125220062648, 0.0, 1719.891573434638, 1720.5688582333087, 1593.31599198515], [0.6565398445511903, 9.380032849108972, 465.6577091411328, 0.0, 0.7070727248551094, 732.6064216382916], [0.855993400257347, 9.593627020602769, 466.01821591653135, 0.4230067753985196, 0.0, 733.1175240145947], [62.115634390446736, 71.93260087837555, 477.79927067849866, 62.552568029266595, 62.33897385777279, 0.0]], "shift": [[0.0, 28.625000000000004, 134.87500000000009, 0.75, 0.875, 116.68750000000006], [-2.6250000000000004, 0.0, -105.81250000000006, 27.937500000000004, 27.812500000000004, 142.00000000000006], [75.31250000000003, -77.87500000000004, 0.0, -134.1250000000001, -134.00000000000009, 248.06250000000017], [0.25, -2.875000000000001, -75.00000000000004, 0.0, 0.125, 117.31250000000004], [0.4375, -3.062500000000001, -74.87500000000004, 0.1875, 0.0, 117.43750000000006], [-12.562500000000004, -15.125000000000004, 62.750000000000014, -12.250000000000004, -12.062500000000004, 0.0]]}, "path": {"eta": [[0.0, 358.7013231900286, 1711.8148589852665, 19.829221309904597, 20.39710988439643, 753.3225846588305], [9.31348450202833, 0.0, 1751.3751600842702, 336.3490505788247, 335.67181348723875, 994.8668463257882], [510.65664245275434, 512.4493677990172, 0.0, 1713.735440369754, 1714.2752982357817, 1616.0937323155272], [0.7701579354882427, 8.80718231165163, 510.607062573786, 0.0, 0.6499147988732261, 766.7757851783718], [0.9757074812644646, 9.075756051467138, 510.99916644508016, 0.44883167716550076, 0.0, 767.3566393921154], [59.24991544351951, 68.50089994554784, 516.3051040460211, 59.69371763389621, 59.425143894080705, 0.0]], "shift": [[0.0, 26.62500000000001, 140.81250000000006, 0.625, 0.875, 88.18750000000003], [-1.8750000000000004, 0.0, -113.37500000000007, 26.00000000000001, 25.81250000000001, 109.75000000000004], [44.875000000000014, -46.687500000000014, 0.0, -140.1250000000001, -139.9375000000001, 225.37500000000017], [0.3125, -2.1250000000000004, -44.562500000000014, 0.0, 0.1875, 88.68750000000003], [0.5, -2.3750000000000004, -44.312500000000014, 0.25, 0.0, 88.87500000000003], [-8.562500000000002, -10.375000000000002, 36.375000000000014, -8.250000000000002, -8.000000000000002, 0.0]]}}}