{"pseudos": ["PSL-US-v1-high (Z=23)", "PSL-US-v1-low (Z=11)", "PSL-PAW-v1-high (Z=23)", "PSL-PAW-v1-low (Z=11)", "JTH-1.1-std (Z=13)", "Wentzcovitch (Z=13)"], "v_distance": {"grid": {"eta": [[0.0, 749.2346774757305, 2.873715458057875, 749.071768835258, 10.201769874108825, 8.518401639715044], [2148.9543755428326, 0.0, 749.4668692778797, 0.5453768898895459, 750.7223230238778, 750.5113965796613], [6.901970540490169, 2146.217687124364, 0.0, 749.3037167897634, 7.516295389896346, 5.955514679957676], [2149.1982095892754, 1.9053359550375575, 2146.461521170807, 0.0, 750.5580297061108, 750.3472204264372], [14.207454794490216, 2135.3869424234204, 10.818346012331146, 2135.630776469863, 0.0, 2.424371420163825], [15.072017347068565, 2138.5349699533026, 11.9532003968786, 2138.7788039997454, 9.581127859840848, 0.0]], "shift": [[0.0, 733.5000000000008, 1.9375000000000004, 732.9375000000008, -7.687500000000002, -5.750000000000002], [-733.5000000000008, 0.0, 735.5625000000008, 0.5, 742.8125000000008, 741.0000000000008], [-1.9375000000000004, -735.5625000000008, 0.0, 735.0000000000008, -5.750000000000002, -3.875000000000001], [-732.9375000000008, -0.5, -735.0000000000008, 0.0, 742.2500000000008, 740.4375000000008], [7.687500000000002, -742.8125000000008, 5.750000000000002, -742.2500000000008, 0.0, -1.875], [5.750000000000002, -741.0000000000008, 3.875000000000001, -740.4375000000008, 1.875, 0.0]]}, "path": {"eta": [[0.0, 1037.722606505183, 3.330144125420205, 1037.4691272786813, 10.18268090400084, 7.673107886788268], [1781.228118306761, 0.0, 1037.4780339514991, 0.8307559992879451, 1037.8532668694174, 1038.3593144988004], [6.769689432162352, 1782.132439504898, 0.0, 1037.2247434708545, 7.335777775165162, 5.394264259215371], [1779.8673435899987, 1.5345628119873425, 1780.7716647881357, 0.0, 1037.5995659624177, 1038.1051367704797], [15.575951819500629, 1786.0074911739468, 12.581895040692956, 1784.6467164571845, 0.0, 3.700253014032263], [15.495364003484895, 1785.332645385065, 12.675390346870245, 1783.971870668303, 10.459082801887803, 0.0]], "shift": [[0.0, 1132.9375000000011, 2.0625000000000004, 1131.8750000000011, -6.875000000000003, -4.500000000000001], [-1132.9375000000011, 0.0, 1135.1250000000014, 0.875, 1142.5000000000011, 1140.4375000000011], [-2.0625000000000004, -1135.1250000000014, 0.0, 1134.0625000000011, -4.812500000000001, -2.4375000000000004], [-1131.8750000000011, -0.875, -1134.0625000000011, 0.0, 1141.4375000000011, 1139.3750000000011], [6.875000000000003, -1142.5000000000011, 4.812500000000001, -1141.4375000000011, 0.0, -2.3750000000000004], [4.500000000000001, -1140.4375000000011, 2.4375000000000004, -1139.3750000000011, 2.3750000000000004, 0.0]]}}, "v10_distance": {"grid": {"eta": [[0.0, 3435.139411915428, 2.664489775593057, 3434.1510945336126, 11.804387603457148, 10.2258977454429], [7049.353542612477, 0.0, 3436.805287798539, 2.046864888663356, 3441.126655872692, 3440.5516627381494], [13.869982827795752, 7051.636068509113, 0.0, 3435.816911027841, 10.77966105241119, 9.109029667661577], [7050.445902462779, 6.6808360823064845, 7052.6659283594145, 0.0, 3440.138143497219, 3439.5631057819514], [21.262349552839424, 7057.732556162112, 34.8792791444954, 7058.762416012412, 0.0, 3.568416291959636], [24.114115371648325, 7056.691285132633, 23.783732344411817, 7057.721144982933, 19.70622497370485, 0.0]], "shift": [[0.0, -3104.812500000003, -0.75, -3103.7500000000027, -5.062500000000001, -3.1875000000000004], [3104.812500000003, 0.0, -3105.562500000003, -1.0625, -3106.687500000003, -3107.0000000000027], [0.75, 3105.562500000003, 0.0, -3104.5625000000027, -5.812500000000002, -3.937500000000001], [3103.7500000000027, 1.0625, 3104.5625000000027, 0.0, -3105.6875000000027, -3106.000000000003], [5.062500000000001, 3106.687500000003, 5.812500000000002, 3105.6875000000027, 0.0, -1.875], [3.1875000000000004, 3107.0000000000027, 3.937500000000001, 3106.000000000003, 1.875, 0.0]]}, "path": {"eta": [[0.0, 3488.3393663911193, 3.26706793736139, 3487.222478933256, 12.467351760803098, 9.727363238352106], [7034.386451254283, 0.0, 3489.892788442151, 2.729403836549919, 3494.1837460285833, 3493.312174131375], [14.129582353045123, 7036.425021823344, 0.0, 3488.7760315526434, 11.27110851809886, 8.495383237211376], [7030.363876765268, 6.579018115623455, 7032.402447334328, 0.0, 3493.067324191006, 3492.195465024044], [22.43942966002274, 7042.324874508879, 36.27501852531051, 7038.302300019863, 0.0, 5.02263840893129], [24.788194316561203, 7041.029374933195, 24.56456399623039, 7037.006800444179, 19.208838629794027, 0.0]], "shift": [[0.0, -3127.187500000003, -0.5, -3126.062500000003, -5.062500000000001, -2.8125], [3127.187500000003, 0.0, -3128.062500000003, -1.1875000000000002, -3129.812500000003, -3129.562500000003], [0.5, 3128.062500000003, 0.0, -3126.937500000003, -5.500000000000002, -3.2500000000000004], [3126.062500000003, 1.1875000000000002, 3126.937500000003, 0.0, -3128.6875000000027, -3128.437500000003], [5.062500000000001, 3129.812500000003, 5.500000000000002, 3128.6875000000027, 0.0, -2.2500000000000004], [2.8125, 3129.562500000003, 3.2500000000000004, 3128.437500000003, 2.2500000000000004, 0.0]]}}}