{"pseudos": ["DOJO-041-std (Z=9)", "DOJO-050-std (Z=9)", "SPMS (Z=9)", "SG15 (Z=9)", "GBRV-1.X (Z=9)", "PSL-US-v1-high (Z=9)", "PSL-PAW-v1-high (Z=9)", "JTH-1.1-std (Z=9)"], "v_distance": {"grid": {"eta": [[0.0, 0.01118033892887375, 0.07595720761326824, 0.03325995352027787, 0.051665021491685725, 0.02572945486664287, 0.024840668739034705, 3.9586555627022686], [0.03286724807938235, 0.0, 0.37425882378662584, 0.48449538965496114, 0.6518250855306235, 0.3945688025056828, 0.3707470064881576, 1.6397057989749255], [0.25270785775891724, 0.7180399694490802, 0.0, 0.05758636010306041, 0.11285164831613255, 0.08316322248432033, 0.08399769092228279, 3.886920179956733], [0.07471823691851398, 0.9016727866194287, 0.22625068131346815, 0.0, 0.07200211685842493, 0.035387672640175026, 0.03965558705729021, 3.9330698846314003], [0.085899704749405, 1.188962730370065, 0.23211939956387084, 0.1132850144215034, 0.0, 0.059040898443772735, 0.06104126756820717, 3.9913563220502333], [0.06809729845969059, 0.9085165362733357, 0.32080515621860783, 0.09455447490513968, 0.10171606569694269, 0.0, 0.008369172271207313, 3.963181462819691], [0.06541242589985785, 0.9048481297372409, 0.3181202836587751, 0.09186960234530694, 0.10124561931427323, 0.009321167745657277, 0.0, 3.965173938041822], [9.758492796414465, 11.356557092577084, 9.505784938655548, 9.669535619969016, 9.675404338219419, 9.826590094874156, 9.823905222314323, 0.0]], "shift": [[0.0, 0.0, -0.0625, 0.0, 0.0625, 0.0, 0.0, -2.75], [-0.0, 0.0, 0.0, 0.25, 0.1875, 0.8125000000000001, 0.8125000000000001, -4.375000000000001], [0.0625, -0.0, 0.0, 0.0625, 0.125, 0.0625, 0.0625, -2.6875], [-0.0, -0.25, -0.0625, 0.0, 0.0625, 0.0, 0.0, -2.6875], [-0.0625, -0.1875, -0.125, -0.0625, 0.0, -0.0625, -0.0625, -2.75], [-0.0, -0.8125000000000001, -0.0625, -0.0, 0.0625, 0.0, 0.0, -2.75], [-0.0, -0.8125000000000001, -0.0625, -0.0, 0.0625, -0.0, 0.0, -2.75], [2.75, 4.375000000000001, 2.6875, 2.6875, 2.75, 2.75, 2.75, 0.0]]}, "path": {"eta": [[0.0, 0.001118033892887375, 0.1175790894791188, 0.05155200162092852, 0.04587224239314278, 0.05003102665058135, 0.04987268539926547, 5.1004628151037465], [0.003286724807938235, 0.0, 0.03742588237866258, 0.048449538965496114, 0.06518250855306235, 0.03945688025056828, 0.03707470064881576, 0.16397057989749256], [0.29731322958196493, 0.07180399694490802, 0.0, 0.08458092769683193, 0.1292405336634842, 0.12720848258200357, 0.12974128209045357, 4.986547152077131], [0.11293973402329982, 0.09016727866194288, 0.27440284803052073, 0.0, 0.08289575491937175, 0.050803765267268215, 0.05339319370747898, 5.060879383996376], [0.07784903343602956, 0.11889627303700649, 0.25661848396769926, 0.1525645491221166, 0.0, 0.0857253277649158, 0.08566406298436874, 5.109412788086103], [0.10391747441906851, 0.09085165362733358, 0.3964791881162846, 0.1354709379477459, 0.14824811193111387, 0.0, 0.003161964730530397, 5.102332740017745], [0.10793005358022967, 0.0904848129737241, 0.4006944005986792, 0.13948351710890705, 0.15246332441350852, 0.004215212482394648, 0.0, 5.1050830634066235], [11.774329953690554, 1.1356557092577084, 11.505829154483925, 11.742776490161877, 11.762447638451624, 11.878247428109622, 11.882260007270784, 0.0]], "shift": [[0.0, 0.0, -0.0625, -0.0625, 0.0625, 0.0, 0.0, -3.6250000000000004], [-0.0, 0.0, 0.0, 0.025, 0.01875, 0.08125000000000002, 0.08125000000000002, -0.4375000000000001], [0.0625, -0.0, 0.0, 0.0625, 0.125, 0.0625, 0.0625, -3.5625000000000004], [0.0625, -0.025, -0.0625, 0.0, 0.125, 0.0, 0.0, -3.6250000000000004], [-0.0625, -0.01875, -0.125, -0.125, 0.0, -0.0625, -0.0625, -3.687500000000001], [-0.0, -0.08125000000000002, -0.0625, -0.0, 0.0625, 0.0, 0.0, -3.6250000000000004], [-0.0, -0.08125000000000002, -0.0625, -0.0, 0.0625, -0.0, 0.0, -3.6250000000000004], [3.6250000000000004, 0.4375000000000001, 3.5625000000000004, 3.6250000000000004, 3.687500000000001, 3.6250000000000004, 3.6250000000000004, 0.0]]}}, "v10_distance": {"grid": {"eta": [[0.0, 3.5323107554452995, 0.9522154220641516, 1.744714573806721, 3.858553899296275, 2.90855551786966, 2.9054092132266627, 41.38133209556772], [19.85377924469644, 0.0, 2.7126758979419145, 5.069020016892379, 0.3825282403357747, 0.8977686882739631, 0.8987110453898879, 46.56486335740706], [5.01679534575112, 14.945343950358009, 0.0, 2.6643055772810302, 2.960561297275194, 2.0189448461070194, 2.0145039778813527, 41.42606487793661], [8.352960827917185, 28.456740072613623, 13.312597543807087, 0.0, 5.598480469850331, 4.646741832641854, 4.643338841847864, 41.565253464483014], [18.794286671111294, 1.376462730370065, 14.073351376772862, 27.14724749902848, 0.0, 0.9640083011813624, 0.9656580623942143, 41.33087579655359], [14.346665597473546, 4.757113647222894, 9.625730303135112, 22.699626425390733, 4.447621073637748, 0.0, 0.04206354294065575, 41.250058526929216], [14.298877940047987, 4.742401304648453, 9.640442645709554, 22.714338767965174, 4.495408731063307, 0.0819123805368207, 0.0, 41.278495852932025], [102.1543507469102, 118.03574111937725, 101.86932548420525, 103.32071973418985, 99.68716438333186, 100.14991086985306, 100.19216474348802, 0.0]], "shift": [[0.0, -1.8124999999999998, -0.6875, 1.1250000000000002, -2.5624999999999996, -1.8124999999999998, -1.875, 61.37500000000003], [1.8124999999999998, 0.0, 1.3124999999999998, 2.6875000000000004, 0.0, 0.75, 0.75, 45.375000000000014], [0.6875, -1.3124999999999998, 0.0, 1.8125000000000002, -1.875, -1.1250000000000002, -1.1250000000000002, 62.06250000000003], [-1.1250000000000002, -2.6875000000000004, -1.8125000000000002, 0.0, -3.687500000000001, -2.9375, -2.9375, 60.31250000000003], [2.5624999999999996, -0.0, 1.875, 3.687500000000001, 0.0, 0.75, 0.6875, 63.937500000000036], [1.8124999999999998, -0.75, 1.1250000000000002, 2.9375, -0.75, 0.0, -0.0625, 63.187500000000036], [1.875, -0.75, 1.1250000000000002, 2.9375, -0.6875, 0.0625, 0.0, 63.25000000000003], [-61.37500000000003, -45.375000000000014, -62.06250000000003, -60.31250000000003, -63.937500000000036, -63.187500000000036, -63.25000000000003, 0.0]]}, "path": {"eta": [[0.0, 0.3532310755445299, 1.1113076964544375, 1.9015319981013599, 4.135886537138996, 3.125584461201062, 3.1154343477563833, 48.077950358414206], [1.9853779244696441, 0.0, 0.27126758979419147, 0.5069020016892379, 0.03825282403357747, 0.0897768688273963, 0.08987110453898879, 4.6564863357407065], [5.072033260004446, 1.4945343950358008, 0.0, 2.9690943545554678, 3.093056511124224, 2.0880494637379106, 2.0784054897206286, 47.82038249517774], [8.26242808611704, 2.8456740072613624, 13.334461346121486, 0.0, 6.029709568934596, 5.016439760386035, 5.006946602265503, 48.487267952051916], [18.593306483275384, 0.1376462730370065, 13.521273223308242, 26.855734569362227, 0.0, 1.025706593374629, 1.035301797735075, 47.25115749657044], [14.249052801007892, 0.4757113647222894, 9.177019541003446, 22.511480887124932, 4.344253682313678, 0.0, 0.042353429422352415, 47.393032144277015], [14.1889463967686, 0.4742401304648453, 9.116913136801458, 22.451374482855442, 4.404360086773238, 0.07831195654054568, 0.0, 47.425958310049616], [108.27962835197376, 11.803574111937724, 107.79087415632463, 109.38657525890352, 105.55197380724299, 106.10134787335801, 106.21517901537258, 0.0]],