{"pseudos": ["DOJO-041-std-9", "DOJO-050-std-9", "SPMS-9", "SG15-9", "GBRV-1.X-9", "PSL-US-v1-high-9", "PSL-PAW-v1-high-9", "JTH-1.1-std-9"], "v_distance": {"eta": [[0.0, 0.01118033892887375, 0.3678597896692495, 0.4779221084654259, 0.6461487166247142, 0.38721401033983, 0.36355325443222175, 1.6343600802790088], [0.03286724807938235, 0.0, 0.37425882378662584, 0.48449538965496114, 0.6518250855306235, 0.3945688025056828, 0.3707470064881576, 1.6397057989749255], [0.70428615483209, 0.7180399694490802, 0.0, 0.12731829272571427, 0.28182036998291576, 0.3131681931376654, 0.30827281298608755, 1.5063503520935377], [0.8879189720024385, 0.9016727866194287, 0.41375068131346815, 0.0, 0.18473447151333214, 0.32196501717144166, 0.32382599173613963, 1.5300226963241106], [1.1752089157530747, 1.188962730370065, 0.5334240728066959, 0.28729225686211635, 0.0, 0.49101923815673143, 0.4976458419903349, 1.5104978060635632], [0.8805972984596907, 0.9085165362733357, 1.0708051562186078, 0.7195544749051397, 0.8517160656969427, 0.0, 0.035795552195519435, 1.6964273703827297], [0.877912425899858, 0.9048481297372409, 1.068120283658775, 0.654369602345307, 0.7807297427157156, 0.07182116774565728, 0.0, 1.6931416534010486], [11.383492796414467, 11.356557092577084, 11.25578493865555, 11.607035619969018, 11.48790433821942, 12.32659009487416, 12.261405222314327, 0.0]], "shift": [[0.0, 0.0, 0.0, 0.25, 0.1875, 0.8125000000000001, 0.8125000000000001, -4.375000000000001], [-0.0, 0.0, 0.0, 0.25, 0.1875, 0.8125000000000001, 0.8125000000000001, -4.375000000000001], [-0.0, -0.0, 0.0, 0.25, 0.125, 0.8125000000000001, 0.8125000000000001, -4.437500000000002], [-0.25, -0.25, -0.25, 0.0, -0.0625, 0.625, 0.5625000000000001, -4.625000000000001], [-0.1875, -0.1875, -0.125, 0.0625, 0.0, 0.6875, 0.625, -4.562500000000001], [-0.8125000000000001, -0.8125000000000001, -0.8125000000000001, -0.625, -0.6875, 0.0, -0.0625, -5.250000000000001], [-0.8125000000000001, -0.8125000000000001, -0.8125000000000001, -0.5625000000000001, -0.625, 0.0625, 0.0, -5.187500000000001], [4.375000000000001, 4.375000000000001, 4.437500000000002, 4.625000000000001, 4.562500000000001, 5.250000000000001, 5.187500000000001, 0.0]]}, "v10_distance": {"eta": [[0.0, 3.5323107554452995, 0.8983325639935855, 1.5588510978836887, 3.5310373289935737, 2.7757709964678625, 2.771135929033146, 45.923352135559995], [19.85377924469644, 0.0, 2.7126758979419145, 5.069020016892379, 0.3825282403357747, 0.8977686882739631, 0.8987110453898879, 46.56486335740706], [5.20429534575112, 14.945343950358009, 0.0, 2.3817953615417635, 2.6861483378258595, 1.9503293169172322, 1.9454816862929414, 46.155852769215485], [8.602960827917187, 28.456740072613623, 13.750097543807087, 0.0, 5.0412944342383295, 4.2843550181410714, 4.280385330049392, 45.810824304710835], [19.544286671111294, 1.376462730370065, 14.635851376772862, 28.14724749902848, 0.0, 0.8552201630139203, 0.8593689951340047, 46.659883649934265], [15.096665597473544, 4.757113647222894, 10.188230303135114, 23.699626425390733, 4.447621073637748, 0.0, 0.03880833834355569, 46.623046424232186], [15.048877940047985, 4.742401304648453, 10.140442645709555, 23.651838767965174, 4.495408731063307, 0.0819123805368207, 0.0, 46.638830700988095], [119.96685074691021, 118.03574111937725, 119.86932548420526, 120.94571973418985, 118.24966438333189, 118.71241086985309, 118.75466474348804, 0.0]], "shift": [[0.0, -1.8124999999999998, -0.5, 0.875, -1.8124999999999998, -1.0625, -1.1250000000000002, 43.562500000000014], [1.8124999999999998, 0.0, 1.3124999999999998, 2.6875000000000004, 0.0, 0.75, 0.75, 45.375000000000014], [0.5, -1.3124999999999998, 0.0, 1.375, -1.3124999999999998, -0.5625000000000001, -0.625, 44.062500000000014], [-0.875, -2.6875000000000004, -1.375, 0.0, -2.6875, -1.9375, -2.0, 42.68750000000001], [1.8124999999999998, -0.0, 1.3124999999999998, 2.6875, 0.0, 0.75, 0.6875, 45.375000000000014], [1.0625, -0.75, 0.5625000000000001, 1.9375, -0.75, 0.0, -0.0625, 44.625000000000014], [1.1250000000000002, -0.75, 0.625, 2.0, -0.6875, 0.0625, 0.0, 44.687500000000014], [-43.562500000000014, -45.375000000000014, -44.062500000000014, -42.68750000000001, -45.375000000000014, -44.625000000000014, -44.687500000000014, 0.0]]}}