{"pseudos": ["DOJO-041-std-9", "DOJO-050-std-9", "SPMS-9", "SG15-9", "GBRV-1.X-9", "PSL-US-v1-high-9", "PSL-PAW-v1-high-9", "JTH-1.1-std-9"], "v_distance": {"grid": {"eta": [[0.0, 0.01118033892887375, 0.3678597896692495, 0.4779221084654259, 0.6461487166247142, 0.38721401033983, 0.36355325443222175, 1.6343600802790088], [0.03286724807938235, 0.0, 0.37425882378662584, 0.48449538965496114, 0.6518250855306235, 0.3945688025056828, 0.3707470064881576, 1.6397057989749255], [0.70428615483209, 0.7180399694490802, 0.0, 0.12731829272571427, 0.28182036998291576, 0.3131681931376654, 0.30827281298608755, 1.5063503520935377], [0.8879189720024385, 0.9016727866194287, 0.41375068131346815, 0.0, 0.18473447151333214, 0.32196501717144166, 0.32382599173613963, 1.5300226963241106], [1.1752089157530747, 1.188962730370065, 0.5334240728066959, 0.28729225686211635, 0.0, 0.49101923815673143, 0.4976458419903349, 1.5104978060635632], [0.8805972984596907, 0.9085165362733357, 1.0708051562186078, 0.7195544749051397, 0.8517160656969427, 0.0, 0.035795552195519435, 1.6964273703827297], [0.877912425899858, 0.9048481297372409, 1.068120283658775, 0.654369602345307, 0.7807297427157156, 0.07182116774565728, 0.0, 1.6931416534010486], [11.383492796414467, 11.356557092577084, 11.25578493865555, 11.607035619969018, 11.48790433821942, 12.32659009487416, 12.261405222314327, 0.0]], "shift": [[0.0, 0.0, 0.0, 0.25, 0.1875, 0.8125000000000001, 0.8125000000000001, -4.375000000000001], [-0.0, 0.0, 0.0, 0.25, 0.1875, 0.8125000000000001, 0.8125000000000001, -4.375000000000001], [-0.0, -0.0, 0.0, 0.25, 0.125, 0.8125000000000001, 0.8125000000000001, -4.437500000000002], [-0.25, -0.25, -0.25, 0.0, -0.0625, 0.625, 0.5625000000000001, -4.625000000000001], [-0.1875, -0.1875, -0.125, 0.0625, 0.0, 0.6875, 0.625, -4.562500000000001], [-0.8125000000000001, -0.8125000000000001, -0.8125000000000001, -0.625, -0.6875, 0.0, -0.0625, -5.250000000000001], [-0.8125000000000001, -0.8125000000000001, -0.8125000000000001, -0.5625000000000001, -0.625, 0.0625, 0.0, -5.187500000000001], [4.375000000000001, 4.375000000000001, 4.437500000000002, 4.625000000000001, 4.562500000000001, 5.250000000000001, 5.187500000000001, 0.0]]}, "path": {"eta": [[0.0, 0.001118033892887375, 0.03678597896692495, 0.04779221084654259, 0.06461487166247142, 0.038721401033983, 0.036355325443222175, 0.16343600802790087], [0.003286724807938235, 0.0, 0.03742588237866258, 0.048449538965496114, 0.06518250855306235, 0.03945688025056828, 0.03707470064881576, 0.16397057989749256], [0.070428615483209, 0.07180399694490802, 0.0, 0.012731829272571427, 0.028182036998291575, 0.03131681931376654, 0.030827281298608754, 0.15063503520935378], [0.08879189720024386, 0.09016727866194288, 0.041375068131346816, 0.0, 0.018473447151333214, 0.032196501717144166, 0.03238259917361396, 0.15300226963241106], [0.11752089157530747, 0.11889627303700649, 0.05334240728066959, 0.028729225686211633, 0.0, 0.049101923815673146, 0.04976458419903349, 0.15104978060635632], [0.08805972984596908, 0.09085165362733358, 0.10708051562186079, 0.07195544749051397, 0.08517160656969427, 0.0, 0.0035795552195519434, 0.16964273703827298], [0.0877912425899858, 0.0904848129737241, 0.10681202836587751, 0.0654369602345307, 0.07807297427157156, 0.007182116774565728, 0.0, 0.16931416534010485], [1.1383492796414467, 1.1356557092577084, 1.125578493865555, 1.1607035619969017, 1.1487904338219421, 1.232659009487416, 1.2261405222314328, 0.0]], "shift": [[0.0, 0.0, 0.0, 0.025, 0.01875, 0.08125000000000002, 0.08125000000000002, -0.4375000000000001], [-0.0, 0.0, 0.0, 0.025, 0.01875, 0.08125000000000002, 0.08125000000000002, -0.4375000000000001], [-0.0, -0.0, 0.0, 0.025, 0.0125, 0.08125000000000002, 0.08125000000000002, -0.4437500000000002], [-0.025, -0.025, -0.025, 0.0, -0.00625, 0.0625, 0.05625000000000001, -0.4625000000000001], [-0.01875, -0.01875, -0.0125, 0.00625, 0.0, 0.06875, 0.0625, -0.4562500000000001], [-0.08125000000000002, -0.08125000000000002, -0.08125000000000002, -0.0625, -0.06875, 0.0, -0.00625, -0.5250000000000001], [-0.08125000000000002, -0.08125000000000002, -0.08125000000000002, -0.05625000000000001, -0.0625, 0.00625, 0.0, -0.51875], [0.4375000000000001, 0.4375000000000001, 0.4437500000000002, 0.4625000000000001, 0.4562500000000001, 0.5250000000000001, 0.51875, 0.0]]}}, "v10_distance": {"grid": {"eta": [[0.0, 3.5323107554452995, 0.8983325639935855, 1.5588510978836887, 3.5310373289935737, 2.7757709964678625, 2.771135929033146, 45.923352135559995], [19.85377924469644, 0.0, 2.7126758979419145, 5.069020016892379, 0.3825282403357747, 0.8977686882739631, 0.8987110453898879, 46.56486335740706], [5.20429534575112, 14.945343950358009, 0.0, 2.3817953615417635, 2.6861483378258595, 1.9503293169172322, 1.9454816862929414, 46.155852769215485], [8.602960827917187, 28.456740072613623, 13.750097543807087, 0.0, 5.0412944342383295, 4.2843550181410714, 4.280385330049392, 45.810824304710835], [19.544286671111294, 1.376462730370065, 14.635851376772862, 28.14724749902848, 0.0, 0.8552201630139203, 0.8593689951340047, 46.659883649934265], [15.096665597473544, 4.757113647222894, 10.188230303135114, 23.699626425390733, 4.447621073637748, 0.0, 0.03880833834355569, 46.623046424232186], [15.048877940047985, 4.742401304648453, 10.140442645709555, 23.651838767965174, 4.495408731063307, 0.0819123805368207, 0.0, 46.638830700988095], [119.96685074691021, 118.03574111937725, 119.86932548420526, 120.94571973418985, 118.24966438333189, 118.71241086985309, 118.75466474348804, 0.0]], "shift": [[0.0, -1.8124999999999998, -0.5, 0.875, -1.8124999999999998, -1.0625, -1.1250000000000002, 43.562500000000014], [1.8124999999999998, 0.0, 1.3124999999999998, 2.6875000000000004, 0.0, 0.75, 0.75, 45.375000000000014], [0.5, -1.3124999999999998, 0.0, 1.375, -1.3124999999999998, -0.5625000000000001, -0.625, 44.062500000000014], [-0.875, -2.6875000000000004, -1.375, 0.0, -2.6875, -1.9375, -2.0, 42.68750000000001], [1.8124999999999998, -0.0, 1.3124999999999998, 2.6875, 0.0, 0.75, 0.6875, 45.375000000000014], [1.0625, -0.75, 0.5625000000000001, 1.9375, -0.75, 0.0, -0.0625, 44.625000000000014], [1.1250000000000002, -0.75, 0.625, 2.0, -0.6875, 0.0625, 0.0, 44.687500000000014], [-43.562500000000014, -45.375000000000014, -44.062500000000014, -42.68750000000001, -45.375000000000014, -44.625000000000014, -44.687500000000014, 0.0]]}, "path": {"eta": [[0.0, 0.3532310755445299, 0.08983325639935855, 0.15588510978836886, 0.35310373289935737, 0.27757709964678623, 0.2771135929033146, 4.592335213556], [1.9853779244696441, 0.0, 0.27126758979419147, 0.5069020016892379, 0.03825282403357747, 0.0897768688273963, 0.08987110453898879, 4.6564863357407065], [0.520429534575112, 1.4945343950358008, 0.0, 0.23817953615417636, 0.26861483378258594, 0.19503293169172323, 0.19454816862929414, 4.615585276921548], [0.8602960827917187, 2.8456740072613624, 1.3750097543807087, 0.0, 0.5041294434238329, 0.42843550181410717, 0.4280385330049392, 4.581082430471083], [1.9544286671111295, 0.1376462730370065, 1.4635851376772862, 2.8147247499028483, 0.0, 0.08552201630139203, 0.08593689951340047, 4.665988364993426], [1.5096665597473544, 0.4757113647222894, 1.0188230303135115, 2.369962642539073, 0.4447621073637748, 0.0, 0.0038808338343555688, 4.662304642423218], [1.5048877940047984, 0.4742401304648453, 1.0140442645709555, 2.365183876796517, 0.44954087310633073, 0.008191238053682071, 0.0, 4.66388307009881], [11.99668507469102, 11.803574111937724, 11.986932548420526, 12.094571973418985, 11.824966438333188, 11.871241086985309, 11.875466474348803, 0.0]],