{"pseudos": ["DOJO-041-std (Z=15)", "SPMS (Z=15)", "SG15 (Z=15)", "GBRV-1.X (Z=15)", "PSL-US-v1-high (Z=29)", "PSL-US-v1-low (Z=15)", "PSL-PAW-v1-high (Z=29)", "PSL-PAW-v1-low (Z=15)", "JTH-1.1-std (Z=15)"], "average": {"grid": {"eta": [[0.0, 3.6172973442621346, 1.0654183992284287, 2.113374121199479, 1.8975953426061125, 4.009998850570951, 2.1124037121697303, 4.1597576394294355, 6.755622023139128], [1.6679204576842355, 0.0, 3.5614036890335727, 2.9922867236726836, 4.698379752111197, 6.071329929758114, 4.796090029010337, 6.274086949712077, 4.677182115773812], [0.7699487005086864, 1.4302337309485986, 0.0, 1.760498323088007, 1.861044744074939, 3.9268530191723974, 1.9552809735519867, 4.024069122957317, 6.958374550267664], [1.712675909373294, 1.1075038168946219, 1.6134098330187752, 0.0, 2.3582800232042667, 4.129216613052883, 2.3690052391086773, 4.262159696054047, 6.962793116324173], [1.0259739787963076, 1.6320355729453788, 1.1165706364439012, 1.40763233530141, 0.0, 3.5931334607472816, 0.29919709828565505, 3.6254881027266648, 7.774274468730705], [2.008998486221021, 2.382021174074778, 2.271817637846539, 2.9229032391179763, 2.278696763600143, 0.0, 3.562983731322225, 0.3857430935217394, 9.873143013856858], [1.2086237721767312, 1.6171174421281216, 1.1982402680667683, 1.3376515313228399, 0.23721297740378633, 2.361672237663946, 0.0, 3.5700405378494464, 7.917795471167826], [2.0680352522565806, 2.3753236381842098, 2.2701305678611217, 2.8994776869049415, 2.246592956505317, 0.27319325140079986, 2.305755120718355, 0.0, 10.04824553261979], [1.776815941577739, 1.0932895553526498, 1.6280070764824726, 1.9379835767049751, 1.823815290259522, 2.1017304788436104, 1.8782908672915084, 2.1386034410129824, 0.0]], "shift": [[0.0, -0.1875, -0.875, -1.4375, -1.25, 0.125, -1.5, -0.1875, 0.8125000000000001], [-2.6249999999999996, 0.0, -0.6875, -1.25, -1.1250000000000002, 0.3125, -1.3124999999999998, 0.0, 1.0], [-1.1250000000000002, 1.5, 0.0, -0.5625000000000001, -0.4375, 1.0, -0.625, 0.6875, 1.6875000000000002], [-2.5, 0.125, -1.375, 0.0, 0.1875, 1.5625, -0.0625, 1.25, 2.250000000000001], [-0.9375, 1.6875000000000002, 0.1875, 1.5625, 0.0, -1.375, -0.1875, -1.0625, -2.0625], [1.375, 3.937500000000001, 2.5000000000000004, 3.812500000000001, -2.2500000000000004, 0.0, -1.6250000000000002, -0.3125, 0.6875], [-1.1250000000000002, 1.4375, 0.0, 1.3124999999999998, -0.25, -2.5, 0.0, -1.3124999999999998, -2.3125000000000004], [1.1875000000000002, 3.812500000000001, 2.3125000000000004, 3.6875000000000013, -2.125, -0.1875, -2.3125000000000004, 0.0, 1.0], [-2.6249999999999996, 0.0, -1.5, -0.125, 1.6875000000000002, -4.000000000000001, 1.5, -3.812500000000001, 0.0]]}, "path": {"eta": [[0.0, 4.465901095350014, 2.027908738400059, 2.671097971014492, 2.894580684657037, 5.200118745860444, 3.2042181595141814, 5.387718281439005, 7.698924226316011], [1.8562301896752509, 0.0, 4.116620639792634, 3.291830648954898, 5.827477445430414, 7.4169276642118644, 6.088745455020652, 7.642430566469108, 3.876197576918597], [1.9979028584572773, 2.6248005087816644, 0.0, 3.255789267540848, 3.659619998198069, 5.707659981846077, 3.893085650841442, 5.838695512725267, 7.393334558774241], [1.8209368628983102, 1.2343196647209356, 3.2155657059518616, 0.0, 3.9842311338712486, 5.570009748323658, 4.207222361098495, 5.773640363878627, 6.276919285322853], [1.7039426848436356, 2.135399530592927, 2.9844849924925994, 2.078966962897871, 0.0, 4.339981653675431, 0.41544460220053064, 4.3679019392000775, 8.25603236348954], [2.7456274985207028, 2.4370998081312227, 3.383288322524023, 3.1929891102088512, 2.743914288787491, 0.0, 4.295118957646463, 0.4854603837823375, 9.997546619098078], [1.896886011293204, 2.2520404203197155, 3.130516007821037, 2.1986662424324868, 0.26517204387041715, 2.8192588347903444, 0.0, 4.278373884535584, 8.452445943777308], [2.79862451125232, 2.480565805933353, 3.412619325949135, 3.244741103848999, 2.6825525191447404, 0.319980720714866, 2.730090943318872, 0.0, 10.181352406587537], [3.397095528590252, 1.9344070584456594, 4.273225997728218, 2.171900862947543, 2.8784212713122797, 3.1838793827560834, 2.9161162347646394, 3.2041539291352055, 0.0]], "shift": [[0.0, 0.5, -0.1875, -0.75, -1.5625, 1.0625, -1.75, 0.75, 0.3125], [-2.1875, 0.0, -0.6875, -1.25, -2.125, 0.5, -2.2500000000000004, 0.25, -0.1875], [-0.625, 1.6250000000000002, 0.0, -0.5625000000000001, -1.4375, 1.1875000000000002, -1.5625, 0.9375, 0.5], [-2.5624999999999996, -0.375, -1.9375, 0.0, -0.8125000000000001, 1.8125000000000002, -0.9375, 1.5000000000000002, 1.0625], [-1.1250000000000002, 1.0625, -0.5, 1.4375, 0.0, -2.6249999999999996, -0.125, -2.3125000000000004, -1.875], [2.1875000000000004, 4.375000000000001, 2.812500000000001, 4.750000000000002, -3.3125000000000004, 0.0, -2.75, -0.3125, -0.75], [-1.1875000000000002, 1.0, -0.5625000000000001, 1.375, -0.0625, -3.3750000000000004, 0.0, -2.5, -2.0625], [2.0000000000000004, 4.187500000000001, 2.6250000000000004, 4.562500000000002, -3.125, -0.1875, -3.1875000000000004, 0.0, -0.4375], [-4.250000000000001, -2.0625, -3.687500000000001, -1.6875000000000002, 3.125000000000001, -6.437500000000003, 3.125000000000001, -6.312500000000002, 0.0]]}}, "maximum": {"grid": {"eta": [[0.0, 16.44074862548183, 4.02941980416864, 6.132372435432502, 10.972141425613842, 25.340255218583366, 11.421699189547553, 25.65549031016002, 48.76150446706828], [4.202427894101646, 0.0, 18.31970725873839, 14.564861092160015, 19.47314620095679, 27.880012255046722, 20.090492237895546, 28.13932242808903, 45.10775689985047], [2.5041572808443675, 4.553141975748019, 0.0, 4.837973953653061, 10.380238170661784, 23.5400340588493, 10.866438028592427, 23.855269150425954, 50.77423435551782], [4.483166400068796, 4.638102970848948, 4.025473953653063, 0.0, 11.242290060736508, 19.612271820244587, 11.665989918667151, 19.92750691182124, 54.89387690250078], [6.518976181669558, 6.949602940374547, 7.625719508635768, 4.723156004287432, 0.0, 23.235403674441642, 0.8205203254769629, 23.577944869817713, 53.98136591778976], [7.69852629217081, 8.576008332963198, 9.828962301002662, 9.677376842665012, 10.7587914907227, 0.0, 22.52985241773621, 0.9959809240737626, 72.9877691548972], [7.048829748876926, 7.416956507581914, 8.155573075843137, 4.653380893258457, 0.648651255210325, 11.171966989243884, 0.0, 22.87239361311228, 54.68604725527587], [7.3000166741433645, 8.16099985284913, 9.351453820888594, 9.262368362550946, 10.343783010608632, 0.6242767169917158, 10.694458509129817, 0.0, 73.2470793279395], [7.445397725136871, 7.29046115435672, 7.903090171552606, 11.928564125205668, 7.205408120918236, 9.341640308873963, 7.682553271365521, 8.864131828759895, 0.0]], "shift": [[0.0, 0.1875, 0.875, 1.4375, 1.25, -0.125, 1.5, 0.1875, -0.8125000000000001], [2.6249999999999996, 0.0, 0.6875, 1.25, 1.1250000000000002, -0.3125, 1.3124999999999998, -0.0, -1.0], [1.1250000000000002, -1.5, 0.0, 0.5625000000000001, 0.4375, -1.0, 0.625, -0.6875, -1.6875000000000002], [2.5, -0.125, 1.375, 0.0, -0.1875, -1.5625, 0.0625, -1.25, -2.250000000000001], [0.9375, -1.6875000000000002, -0.1875, -1.5625, 0.0, 1.375, 0.1875, 1.0625, 2.0625], [-1.375, -3.937500000000001, -2.5000000000000004, -3.812500000000001, 2.2500000000000004, 0.0, 1.6250000000000002, 0.3125, -0.6875], [1.1250000000000002, -1.4375, -0.0, -1.3124999999999998, 0.25, 2.5, 0.0, 1.3124999999999998, 2.3125000000000004], [-1.1875000000000002, -3.812500000000001, -2.3125000000000004, -3.6875000000000013, 2.125, 0.1875, 2.3125000000000004, 0.0, -1.0], [2.6249999999999996, -0.0, 1.5, 0.125, -1.6875000000000002, 4.000000000000001, -1.5, 3.812500000000001, 0.0]]},