{"pseudos": ["DOJO-041-std (Z=17)", "SPMS (Z=17)", "SG15 (Z=17)", "GBRV-1.X (Z=15)", "PSL-US-v1-high (Z=17)", "PSL-US-v0.x (Z=17)", "PSL-PAW-v0.x (Z=17)", "PSL-PAW-v1-high (Z=17)", "JTH-1.1-std (Z=17)"], "average": {"grid": {"eta": [[0.0, 4.013688447738457, 12.236918649183439, 4.552985069943729, 2.964115667656985, 6.5987381564287695, 6.366541133972174, 2.791743927909329, 10.733959258405287], [3.0200250632717394, 0.0, 15.644068545837893, 6.823340547857669, 4.400903753567779, 8.543299378991364, 8.495031816690023, 4.472155962809952, 11.962513487304157], [9.38302574878613, 12.11849409045663, 0.0, 11.813175229333394, 14.247053933520057, 11.797925973065281, 11.664766925167449, 14.00060434613722, 17.252080489235613], [2.174906604604698, 2.521179589213386, 11.115744418093655, 0.0, 7.023500729263276, 2.552410936329054, 2.306613672028996, 6.900776753859283, 14.364521123080525], [0.653380612584587, 3.2288728991543816, 9.498729440360792, 2.2475480707418574, 0.0, 9.15435337354709, 8.86121102239194, 0.5763583650606463, 8.88594648215324], [2.2482144644109847, 2.2352874805097014, 11.246376064931013, 1.347344780389909, 2.4669018282054695, 0.0, 0.5494862892820538, 8.984699958612369, 16.564406962525904], [2.0532339001566076, 2.407410663146573, 11.042214456003574, 1.2131154819434022, 2.229214987296668, 0.3272763413638264, 0.0, 8.694087193406453, 16.24930093295627], [0.9211838122999303, 3.5819472035740927, 9.314475865646926, 2.5217063399723054, 0.5604942012079966, 2.630415636716447, 2.3887200222285174, 0.0, 8.922812608600333], [5.060250325578498, 7.918579315131024, 6.64276773862164, 6.504164418558203, 4.774979078649157, 6.8843920998947405, 6.60484882144479, 4.474927915817994, 0.0]], "shift": [[0.0, -5.000000000000001, 14.062500000000002, -0.0625, -0.75, -0.25, 0.125, -0.4375, 4.187500000000001], [-5.937500000000002, 0.0, 19.062500000000007, -5.062500000000001, 4.250000000000001, 4.750000000000002, 5.125000000000001, 4.562500000000002, 9.187500000000004], [13.687500000000005, 19.625000000000007, 0.0, 14.000000000000002, -14.812500000000007, -14.312500000000005, -13.937500000000005, -14.500000000000005, -9.875000000000002], [0.75, -5.187500000000001, 14.437500000000002, 0.0, -0.8125000000000001, -0.3125, 0.0625, -0.5, 4.125000000000001], [0.375, 6.312500000000002, -13.312500000000005, 1.1250000000000002, 0.0, 0.5, 0.875, 0.3125, 4.937500000000001], [-1.8124999999999998, 4.125000000000001, -15.437500000000007, -1.0, -2.125, 0.0, 0.375, -0.1875, 4.375000000000001], [-1.1875000000000002, 4.750000000000002, -14.812500000000007, -0.375, -1.5, 0.625, 0.0, -0.5625000000000001, 4.062500000000001], [0.5625000000000001, 6.562500000000003, -13.062500000000005, 1.375, 0.25, 2.3750000000000004, 1.7500000000000002, 0.0, 4.562500000000002], [7.6250000000000036, 13.562500000000005, -6.062500000000002, 8.375000000000002, 7.250000000000003, 9.375000000000004, 8.750000000000002, 7.000000000000003, 0.0]]}, "path": {"eta": [[0.0, 4.991422773059806, 16.099645702458478, 5.3145827225209565, 3.2506650676244306, 7.977675794410733, 7.671976824007117, 3.180234753271314, 9.019337655383222], [3.7336102970894145, 0.0, 20.318925213564896, 7.29819646036454, 4.92065138449875, 10.269901227292971, 10.149885676232353, 4.941103398369966, 11.928532133641488], [12.587035058548265, 15.824291150629644, 0.0, 17.133530435000157, 18.528974149894303, 15.117117547353878, 14.982727281738077, 18.470179824607616, 17.022790371256765], [4.181470990075025, 3.4655008672824383, 16.141688913106105, 0.0, 7.4422281537174495, 4.6385195867187, 4.32853427830077, 7.393765644608224, 12.053673806830636], [1.129805860649998, 3.7696298376340502, 13.233610552677904, 3.944212316032326, 0.0, 10.849048268663596, 10.518864728503749, 0.7141087424905826, 9.114784532533807], [3.1006858177508083, 3.196947397184377, 14.814644264437248, 2.6761037033192676, 3.350067793177739, 0.0, 0.5350800022853851, 10.66947401779872, 14.070002625357318], [2.9052402904685843, 3.312399477616675, 14.646516003428527, 2.6065519870151173, 3.1207982655133018, 0.33505750095894266, 0.0, 10.344220976362047, 13.77157947389281], [1.411527805420544, 4.0890458297763566, 13.24993787715711, 4.1246862281623, 0.6603907952466039, 3.3392389975832524, 3.0999023957561227, 0.0, 9.087206172251163], [5.045600076344494, 8.473821715026574, 10.265930695650075, 7.62118076357185, 5.132638087175916, 7.099522198391425, 6.836676175950937, 4.949371836063061, 0.0]], "shift": [[0.0, -5.250000000000001, 13.125000000000005, 0.8125000000000001, -0.4375, -0.625, -0.25, -0.375, 4.812500000000001], [-6.125000000000002, 0.0, 18.375000000000007, -4.437500000000002, 4.812500000000001, 4.625000000000002, 5.000000000000001, 4.875000000000001, 10.062500000000002], [12.062500000000004, 18.187500000000007, 0.0, 13.937500000000002, -13.562500000000005, -13.750000000000005, -13.375000000000005, -13.500000000000005, -8.312500000000002], [1.6875000000000002, -4.500000000000002, 13.687500000000005, 0.0, 0.375, 0.1875, 0.5625000000000001, 0.4375, 5.625000000000002], [0.625, 6.750000000000003, -11.375000000000004, 2.3125000000000004, 0.0, -0.1875, 0.1875, 0.0625, 5.250000000000001], [-2.9375, 3.187500000000001, -15.000000000000007, -1.3124999999999998, -3.5625000000000004, 0.0, 0.375, 0.1875, 5.437500000000002], [-2.3125000000000004, 3.812500000000001, -14.375000000000005, -0.6875, -3.0, 0.625, 0.0, -0.125, 5.062500000000001], [0.5625000000000001, 6.687500000000003, -11.500000000000004, 2.1875000000000004, -0.125, 3.5000000000000013, 2.875000000000001, 0.0, 5.187500000000001], [6.250000000000002, 12.375000000000004, -5.812500000000002, 7.937500000000002, 5.625000000000002, 9.187500000000004, 8.625000000000002, 5.687500000000002, 0.0]]}}, "maximum": {"grid": {"eta": [[0.0, 22.50353707678954, 53.03459186947776, 46.25054186856866, 18.6171906243722, 66.73527239553204, 66.18652810725993, 17.80083160623778, 63.34111244049322], [8.045684326441888, 0.0, 75.53812894626729, 68.7540789453582, 10.773066660712118, 89.23880947232158, 88.69006518404947, 9.840085631162651, 51.682060503804735], [33.81892980163632, 40.57357571369158, 0.0, 50.380084846231256, 71.65178249384996, 41.57032064001326, 41.074955853933766, 70.81970911168328, 114.30030894946438], [16.612736234124654, 9.472911277500375, 49.94258484623125, 0.0, 64.86773249294086, 20.484730526963375, 19.93598623869127, 64.03565911077419, 107.51625894855528], [4.871451081649866, 8.552697550886338, 38.69038088328619, 15.78524652112638, 0.0, 85.35246301990423, 84.80371873163213, 1.6181785151626116, 45.38072726797134], [6.781144032607983, 9.487733338436954, 40.44532064001326, 9.972554029648805, 5.9356751548312445, 0.0, 1.6123319922538428, 84.52038963773757, 127.93848947551864], [6.577334594160774, 10.175364392817045, 40.199955853933766, 10.289204973297203, 5.666950245395043, 0.7105626506996998, 0.0, 83.97164534946546, 127.45224518724655], [3.973829506771921, 10.0750909724556, 37.85525930840824, 16.584486778286404, 1.5223934215692623, 6.678846132571763, 6.447499966112076, 0.0, 46.17068402978706], [11.067785568877209, 16.152158950419963, 34.01923231144774, 17.33852958641704, 10.10708245400502, 14.72844452517776, 14.578310544595608, 9.458536686464239, 0.0]],