{"pseudos": ["DOJO-041-std-16", "SPMS-16", "SG15-16", "GBRV-1.X-16", "PSL-US-v1-high-16", "PSL-PAW-v1-high-16", "JTH-1.1-std-16"], "v_distance": {"grid": {"eta": [[0.0, 6.022835329569428, 3.583705693003269, 1.8584003359438244, 0.6819248014234266, 0.8684021665947093, 8.71466094871929], [13.912982589956496, 0.0, 8.352457740571989, 7.72685634735687, 6.397412268403999, 6.527538552252605, 10.645427523688205], [13.886205459518264, 17.81572402699913, 0.0, 3.3165485444811402, 3.8789328919588413, 3.9919987143511677, 6.839359627448974], [5.624306621761122, 17.742476900195808, 15.821304435517561, 0.0, 1.6067691772450818, 1.5814611220692776, 8.787525116184845], [4.807752518789045, 14.83176816166329, 18.69395797830731, 5.141420044088363, 0.0, 0.21813882023227943, 9.238936310747052], [5.7253345782101235, 15.268417649875799, 19.61154003772839, 5.0667099912452045, 0.9175820594210791, 0.0, 9.353665745112634], [49.959203501602474, 47.72377190818931, 36.07299804208421, 51.83180247760177, 54.76695602039151, 55.68453807981259, 0.0]], "shift": [[0.0, -9.500000000000004, 3.5625000000000013, 3.125000000000001, 0.5625000000000001, 0.8125000000000001, 5.937500000000002], [9.500000000000004, 0.0, 13.062500000000005, 12.625000000000004, 10.062500000000002, 10.312500000000002, 15.437500000000004], [-3.5625000000000013, -13.062500000000005, 0.0, -0.375, -3.0, -2.75, 2.3750000000000004], [-3.125000000000001, -12.625000000000004, 0.375, 0.0, -2.6249999999999996, -2.3125000000000004, 2.812500000000001], [-0.5625000000000001, -10.062500000000002, 3.0, 2.6249999999999996, 0.0, 0.25, 5.375000000000001], [-0.8125000000000001, -10.312500000000002, 2.75, 2.3125000000000004, -0.25, 0.0, 5.125000000000001], [-5.937500000000002, -15.437500000000004, -2.3750000000000004, -2.812500000000001, -5.375000000000001, -5.125000000000001, 0.0]]}, "path": {"eta": [[0.0, 5.9312411480696134, 5.275695263517088, 1.6807278159877574, 0.9482765027033977, 1.2751984383969697, 9.79137799680484], [10.36107536820998, 0.0, 10.1433268066481, 7.24010770625023, 5.659897161505064, 5.543669549229677, 12.254203261334752], [15.910019616625616, 22.239306730313455, 0.0, 5.393353573854879, 6.115356451949468, 6.456694132617662, 7.613016192982956], [5.148487962537673, 14.835803225154113, 18.99818822316547, 0.0, 1.8458375484463887, 2.0417658396709144, 10.184701739087833], [5.597725061928287, 10.523343826347313, 21.507744678553905, 5.982442115081682, 0.0, 0.36243774900474296, 10.601389963743431], [6.894468704715308, 10.407402019645557, 22.804488321340926, 6.5827202763816794, 1.2967436427870211, 0.0, 10.852605385960837], [58.81607170536671, 59.97870656980882, 42.90605208874109, 61.90424031190656, 64.351296767295, 65.71054041008202, 0.0]], "shift": [[0.0, -8.375000000000002, 2.4375000000000004, 3.062500000000001, -0.3125, -0.4375, 3.2500000000000013], [8.375000000000002, 0.0, 10.875000000000004, 11.437500000000004, 8.062500000000002, 7.937500000000002, 11.687500000000004], [-2.4375000000000004, -10.875000000000004, 0.0, 0.625, -2.75, -2.875, 0.8125000000000001], [-3.062500000000001, -11.437500000000004, -0.625, 0.0, -3.3750000000000004, -3.5000000000000004, 0.1875], [0.3125, -8.062500000000002, 2.75, 3.3750000000000004, 0.0, -0.125, 3.6250000000000013], [0.4375, -7.937500000000002, 2.875, 3.5000000000000004, 0.125, 0.0, 3.6875000000000013], [-3.2500000000000013, -11.687500000000004, -0.8125000000000001, -0.1875, -3.6250000000000013, -3.6875000000000013, 0.0]]}}, "v10_distance": {"grid": {"eta": [[0.0, 6.6991613425052075, 5.690150713389592, 5.5520792488565816, 2.4076910219019156, 2.728146666970561, 13.041209210894216], [16.475482589956496, 0.0, 11.046228263928608, 9.445828994944483, 7.147653044309679, 7.355686721317466, 15.567658060418617], [47.61844414728847, 44.832158506960354, 0.0, 9.600365490704629, 7.342566631683706, 7.550817676382086, 12.83683868700151], [66.43353553475927, 69.1573211750874, 114.05197968204774, 0.0, 3.980674971476218, 3.8879595989569737, 11.584871929120252], [14.071119552207648, 18.269268161663287, 61.68956369949612, 52.362415982551624, 0.0, 0.3655947867308264, 13.110355806352402], [14.629999962309341, 18.893417649875797, 62.24844410959781, 51.74103557244993, 1.1577505283405856, 0.0, 13.160192380835177], [73.93058521599778, 69.98737584656809, 75.68616797522708, 76.87107918881168, 76.3948022498559, 77.61505277819649, 0.0]], "shift": [[0.0, -6.937500000000003, 2.750000000000001, 1.1875000000000002, -0.375, -0.3125, 2.1250000000000004], [6.937500000000003, 0.0, 9.750000000000004, 8.125000000000002, 6.625000000000003, 6.687500000000003, 9.062500000000004], [-2.750000000000001, -9.750000000000004, 0.0, -1.5625, -3.125, -3.0625, -0.625], [-1.1875000000000002, -8.125000000000002, 1.5625, 0.0, -1.5625, -1.4375, 0.9375], [0.375, -6.625000000000003, 3.125, 1.5625, 0.0, 0.0625, 2.5000000000000004], [0.3125, -6.687500000000003, 3.0625, 1.4375, -0.0625, 0.0, 2.3750000000000004], [-2.1250000000000004, -9.062500000000004, 0.625, -0.9375, -2.5000000000000004, -2.3750000000000004, 0.0]]}, "path": {"eta": [[0.0, 6.629484573281931, 7.621372974614984, 5.097209700081377, 2.6253481464745883, 3.0399602878412515, 16.904040349580367], [12.67357536820998, 0.0, 12.807915947814484, 8.881104513889579, 6.185614528606894, 6.111841586849917, 19.476445758258368], [48.25628207925811, 46.84823276160327, 0.0, 11.216991211784306, 9.938036952128027, 10.380572967467689, 14.913722257504615], [53.807142685106584, 55.21519200276143, 102.0634247643647, 0.0, 3.8050031712041434, 3.8731665427852975, 17.18486790310321], [11.94185772868505, 13.335843826347313, 60.01133625622265, 42.05208850814205, 0.0, 0.4824827768251285, 18.19083935861264], [12.992200099840403, 14.159710434175254, 61.00794319577852, 41.055481568586174, 1.7475768752574368, 0.0, 18.524171328140238], [72.74765967346332, 76.04095033250442, 75.27736599510192, 78.94971952830156, 78.88796716982247, 80.63554404503017, 0.0]], "shift": [[0.0, -6.062500000000002, 2.250000000000001, 1.25, -0.8125000000000001, -0.9375, 1.6250000000000002], [6.062500000000002, 0.0, 8.312500000000002, 7.312500000000003, 5.250000000000001, 5.125000000000001, 7.6875000000000036], [-2.250000000000001, -8.312500000000002, 0.0, -1.0, -3.0625, -3.1875000000000004, -0.625], [-1.25, -7.312500000000003, 1.0, 0.0, -2.0625, -2.1875, 0.375], [0.8125000000000001, -5.250000000000001, 3.0625, 2.0625, 0.0, -0.125, 2.4375000000000004], [0.9375, -5.125000000000001, 3.1875000000000004, 2.1875, 0.125, 0.0, 2.5625000000000004], [-1.6250000000000002, -7.6875000000000036, 0.625, -0.375, -2.4375000000000004, -2.5625000000000004, 0.0]]}}}