{"pseudos": ["DOJO-041-std (Z=11)", "SPMS (Z=11)", "SG15 (Z=11)", "GBRV-1.X (Z=11)", "PSL-US-v1-high (Z=11)", "PSL-US-v0.x (Z=11)", "PSL-PAW-v0.x (Z=11)", "PSL-PAW-v1-high (Z=11)", "JTH-1.1-std (Z=11)"], "v_distance": {"grid": {"eta": [[0.0, 1.180064060348956, 1.034994912111097, 0.2647326228438241, 1.9314393131201189, 0.4663870167803826, 0.4643321506308947, 1.9088405815020413, 0.6508161451553247], [3.0302936641681413, 0.0, 0.8281440749548836, 1.0772947571733267, 2.522785421095417, 1.3187285117133514, 1.2068744614920393, 2.4335711849973136, 0.5831400113423393], [1.9324635796920404, 2.497496731051527, 0.0, 0.9869872396177923, 2.0511807425670447, 1.3128082743176528, 1.2022623132915256, 1.9480672737097728, 0.6831058639270668], [1.0055615995817888, 2.96960657046462, 2.9380251792738292, 0.0, 1.9675133258488948, 0.6065650525718285, 0.5897172134957649, 1.9406245356154592, 0.5138426447277576], [11.037524969321254, 14.067818633489395, 11.570321902437868, 11.098212063024775, 0.0, 2.3321946764003147, 2.356388336905218, 0.17633453807939795, 2.1825156187855725], [2.190906908865898, 3.1118743585951876, 2.8313914522284875, 2.130219815162377, 13.228431878187152, 0.0, 0.14879025967058207, 2.3197195514181708, 0.8787193371976402], [2.532826127296161, 2.945059110955313, 2.6230560858004632, 2.47213903359264, 13.570351096617415, 0.34191921843026307, 0.0, 2.3333590873095376, 0.7835806462366702], [10.742104977364988, 13.70989864153313, 11.212401910481603, 10.80279207106851, 0.35791999195626545, 12.933011886230886, 13.21243110466115, 0.0, 2.1181695851637103], [1.4603598723337825, 1.6503004661601182, 2.4612443957326704, 1.319306104304502, 12.417518167329277, 1.830548942516586, 1.6017446376969104, 12.122098175373013, 0.0]], "shift": [[0.0, 0.875, 0.75, 0.25, 1.5000000000000002, -0.5625000000000001, -0.5, 1.6875000000000002, 0.5], [-0.875, 0.0, -0.125, -0.625, 0.625, -1.4375, -1.375, 0.75, -0.375], [-0.75, 0.125, 0.0, -0.5, 0.75, -1.3124999999999998, -1.25, 0.875, -0.25], [-0.25, 0.625, 0.5, 0.0, 1.25, -0.8125000000000001, -0.75, 1.4375, 0.25], [-1.5000000000000002, -0.625, -0.75, -1.25, 0.0, -2.0625, -2.0, 0.125, -1.0], [0.5625000000000001, 1.4375, 1.3124999999999998, 0.8125000000000001, 2.0625, 0.0, 0.0625, 2.250000000000001, 1.0625], [0.5, 1.375, 1.25, 0.75, 2.0, -0.0625, 0.0, 2.1250000000000004, 1.0], [-1.6875000000000002, -0.75, -0.875, -1.4375, -0.125, -2.250000000000001, -2.1250000000000004, 0.0, -1.1875000000000002], [-0.5, 0.375, 0.25, -0.25, 1.0, -1.0625, -1.0, 1.1875000000000002, 0.0]]}, "path": {"eta": [[0.0, 1.2174173751525095, 1.2381782915461437, 0.43218420214705566, 3.129165734188356, 0.6146104526849437, 0.6085319351081464, 2.978118553665043, 1.699022064621255], [3.5452936153781707, 0.0, 1.1185992172372226, 1.2148711623195598, 4.055582357985963, 1.3336279524051655, 1.1979886563413273, 3.8715465479741726, 2.629639797285131], [1.8530128824274925, 3.2113282714754803, 0.0, 1.3977303463652544, 3.6148574844493986, 1.6257959115342082, 1.4918187254725854, 3.3971516287754717, 2.8800462809276697], [0.9745815801890032, 3.0682823153164236, 2.7330635388409874, 0.0, 3.2965992616403756, 0.5901747763077445, 0.5992923340915233, 3.161117697311729, 1.5404896668182138], [14.281276705548905, 17.889070320927075, 14.677742049451597, 15.115827870904553, 0.0, 3.5467461802411013, 3.642061292695886, 0.2778855352392129, 3.206104738036081], [2.24590657015726, 3.9035144959431847, 2.5713153124419534, 1.748890709840751, 16.589683275706165, 0.0, 0.18579789652465872, 3.4242217518148372, 1.4823594861760092], [2.6248990394031466, 3.691489130969927, 2.3825817707515213, 1.790347874047498, 16.90617574495205, 0.3164924692458868, 0.0, 3.50858577698613, 1.656521015250847], [13.883092108148446, 17.428385723526617, 14.217057452051137, 14.655143273504095, 0.46068459740045853, 16.12899867830571, 16.445491147551596, 0.0, 3.1968300559416556], [3.114394643812851, 5.242294287382208, 4.935376602473717, 2.2023130636327295, 13.88653954711944, 2.703143728586724, 3.019636197832611, 13.425854949718982, 0.0]], "shift": [[0.0, 0.75, 0.875, -0.0625, 2.0000000000000004, -0.875, -0.875, 2.250000000000001, -1.3124999999999998], [-0.75, 0.0, 0.125, -0.8125000000000001, 1.3124999999999998, -1.6250000000000002, -1.5625, 1.5000000000000002, -2.0], [-0.875, -0.125, 0.0, -0.9375, 1.1875000000000002, -1.75, -1.6875000000000002, 1.375, -2.125], [0.0625, 0.8125000000000001, 0.9375, 0.0, 2.1250000000000004, -0.8125000000000001, -0.75, 2.3125000000000004, -1.1875000000000002], [-2.0000000000000004, -1.3124999999999998, -1.1875000000000002, -2.1250000000000004, 0.0, -2.9375, -2.875, 0.1875, -3.3125000000000004], [0.875, 1.6250000000000002, 1.75, 0.8125000000000001, 2.9375, 0.0, 0.0625, 3.125000000000001, -0.375], [0.875, 1.5625, 1.6875000000000002, 0.75, 2.875, -0.0625, 0.0, 3.062500000000001, -0.4375], [-2.250000000000001, -1.5000000000000002, -1.375, -2.3125000000000004, -0.1875, -3.125000000000001, -3.062500000000001, 0.0, -3.5000000000000004], [1.3124999999999998, 2.0, 2.125, 1.1875000000000002, 3.3125000000000004, 0.375, 0.4375, 3.5000000000000004, 0.0]]}}, "v10_distance": {"grid": {"eta": [[0.0, 2.607493377473378, 4.079995799378599, 1.2155161881967484, 3.804867173943785, 3.2791953060529724, 3.379645889571262, 3.648903869645756, 1.09867857559436], [6.342257404608161, 0.0, 2.3710176007542887, 2.563240064677853, 5.539439823120833, 2.929470035429203, 2.9298887449769144, 5.374382022273049, 2.0631327395239323], [22.469198706672174, 16.940794334443808, 0.0, 4.062053037051737, 6.858226600800913, 2.511186634857863, 2.4457932548212566, 6.708547155126902, 3.7695253908627975], [3.558954448421929, 7.718371382786117, 22.16187493395516, 0.0, 3.5060037203534553, 3.8974928083523572, 3.985323707568809, 3.368578169360003, 0.7341492623558024], [17.248639488855744, 22.774419546437628, 39.715213880881436, 17.63537938658048, 0.0, 6.711769722865791, 6.829887746170893, 0.21378393181405583, 3.8341043284791945], [22.55444325433797, 17.0260388821096, 6.3313914522284875, 22.247119481457528, 39.80045842854723, 0.0, 0.18796161658991772, 6.562989398625388, 3.638834854897147], [22.87927339677009, 17.350869023344455, 6.060556085800464, 22.571949624450976, 40.125288569782086, 0.44083261284733055, 0.0, 6.678342405963729, 3.7064156774550745], [16.999009694149407, 22.527414114410462, 39.46820840082158, 17.36535149014199, 0.4734040652204925, 39.490952948487376, 39.81578308972223, 0.0, 3.672202219032299], [3.067493198008023, 6.3778329636405005, 23.31862729808431, 3.117334479742169, 16.396586582797127, 23.403871845750103, 23.72870198698496, 16.149581164561596, 0.0]], "shift": [[0.0, -1.4375, -1.375, -1.375, -0.5, 0.8125000000000001, 0.8125000000000001, -0.3125, -1.1875000000000002], [1.4375, 0.0, 0.0625, 0.0625, 0.9375, 2.2500000000000004, 2.2500000000000004, 1.1250000000000002, 0.25], [1.375, -0.0625, 0.0, 0.0, 0.875, 2.1875000000000004, 2.1875000000000004, 1.0625, 0.1875], [1.375, -0.0625, -0.0, 0.0, 0.875, 2.1875000000000004, 2.1875000000000004, 1.0625, 0.1875], [0.5, -0.9375, -0.875, -0.875, 0.0, 1.3124999999999998, 1.3124999999999998, 0.125, -0.6875], [-0.8125000000000001, -2.2500000000000004, -2.1875000000000004, -2.1875000000000004, -1.3124999999999998, 0.0, 0.0, -1.1875000000000002, -2.0], [-0.8125000000000001, -2.2500000000000004, -2.1875000000000004, -2.1875000000000004, -1.3124999999999998, -0.0, 0.0, -1.1875000000000002, -2.0], [0.3125, -1.1250000000000002, -1.0625, -1.0625, -0.125, 1.1875000000000002, 1.1875000000000002, 0.0, -0.875], [1.1875000000000002, -0.25, -0.1875, -0.1875, 0.6875, 2.0, 2.0, 0.875, 0.0]]},