{"pseudos": ["DOJO-041-std-11", "SPMS-11", "SG15-11", "GBRV-1.X-11", "PSL-US-v1-high-11", "PSL-US-v0.x-11", "PSL-PAW-v0.x-11", "PSL-PAW-v1-high-11", "JTH-1.1-std-11"], "v_distance": {"grid": {"eta": [[0.0, 3.7509279640361237, 7.8692907695627206, 0.8702250858956353, 1.305905822332905, 0.6852058704915509, 0.8039401041512236, 1.1020738377113826, 1.0876977427103354], [7.780293664168142, 0.0, 4.686610785227192, 3.2982852582135243, 3.165451670302236, 3.6857354843141725, 4.362494908527103, 3.7840507353751383, 4.117195885233717], [14.307463579692044, 9.394273602411007, 0.0, 7.136680943380861, 7.15986829677366, 7.534468519758422, 8.60934087860525, 7.947257311571608, 8.543091623143251], [1.7503709786880892, 6.407106570464621, 13.938025179273831, 0.0, 1.2473711513448913, 0.5065203659613869, 1.6440000115319517, 1.5503804570537882, 1.876915377382758], [9.975024969321254, 17.755318633489395, 22.820321902437872, 11.348212063024775, 0.0, 1.5184733884398431, 1.9512907040914, 0.8215038959879578, 1.900664252798968], [3.003406908865898, 6.918167297388833, 14.39389145222849, 1.8013042470655662, 12.915931878187152, 0.0, 1.3315942600421757, 1.6124122175513542, 1.7339336218994061], [2.225887517086605, 7.449465056025774, 16.248056085800467, 3.8790548117181705, 11.195351096617415, 2.291304304819676, 0.0, 1.4366606054162525, 0.7176561517115658], [10.929604977364988, 18.70989864153313, 23.837401910481606, 12.365292071068511, 1.6474105739678322, 13.933011886230888, 12.212431104661151, 0.0, 1.320837183623123], [2.835359872333783, 7.77530046616012, 16.148744395732674, 3.781120155380976, 9.980018167329277, 3.955548942516587, 1.6642446376969104, 10.934598175373011, 0.0]], "shift": [[0.0, -3.875000000000001, -11.625000000000004, -1.1250000000000002, 0.4375, -1.375, 0.75, 1.8750000000000004, 1.8750000000000004], [3.875000000000001, 0.0, -7.687500000000002, 2.812500000000001, 4.312500000000001, 2.5625000000000004, 4.687500000000002, 5.750000000000002, 5.750000000000002], [11.625000000000004, 7.687500000000002, 0.0, 10.500000000000002, 12.000000000000004, 10.250000000000002, 12.375000000000004, 13.500000000000005, 13.437500000000005], [1.1250000000000002, -2.812500000000001, -10.500000000000002, 0.0, 1.5000000000000002, -0.25, 1.8750000000000004, 3.000000000000001, 2.937500000000001], [-0.4375, -4.312500000000001, -12.000000000000004, -1.5000000000000002, 0.0, -1.75, 0.375, 1.5, 1.4375], [1.375, -2.5625000000000004, -10.250000000000002, 0.25, 1.75, 0.0, 2.1250000000000004, 3.2500000000000013, 3.187500000000001], [-0.75, -4.687500000000002, -12.375000000000004, -1.8750000000000004, -0.375, -2.1250000000000004, 0.0, 1.1250000000000002, 1.0625], [-1.8750000000000004, -5.750000000000002, -13.500000000000005, -3.000000000000001, -1.5, -3.2500000000000013, -1.1250000000000002, 0.0, 0.0], [-1.8750000000000004, -5.750000000000002, -13.437500000000005, -2.937500000000001, -1.4375, -3.187500000000001, -1.0625, -0.0, 0.0]]}, "path": {"eta": [[0.0, 0.37509279640361237, 0.786929076956272, 0.08702250858956354, 0.1305905822332905, 0.06852058704915509, 0.08039401041512237, 0.11020738377113826, 0.10876977427103354], [0.7780293664168142, 0.0, 0.46866107852271915, 0.3298285258213524, 0.3165451670302236, 0.36857354843141726, 0.4362494908527103, 0.37840507353751385, 0.4117195885233717], [1.4307463579692044, 0.9394273602411006, 0.0, 0.7136680943380861, 0.715986829677366, 0.7534468519758422, 0.860934087860525, 0.7947257311571608, 0.8543091623143251], [0.17503709786880892, 0.6407106570464621, 1.3938025179273832, 0.0, 0.12473711513448912, 0.05065203659613869, 0.16440000115319517, 0.15503804570537882, 0.1876915377382758], [0.9975024969321253, 1.7755318633489394, 2.282032190243787, 1.1348212063024774, 0.0, 0.15184733884398433, 0.19512907040914002, 0.08215038959879578, 0.19006642527989678], [0.3003406908865898, 0.6918167297388833, 1.4393891452228489, 0.18013042470655663, 1.2915931878187152, 0.0, 0.13315942600421757, 0.16124122175513542, 0.17339336218994061], [0.2225887517086605, 0.7449465056025775, 1.6248056085800466, 0.38790548117181706, 1.1195351096617414, 0.2291304304819676, 0.0, 0.14366606054162526, 0.07176561517115658], [1.0929604977364988, 1.870989864153313, 2.383740191048161, 1.2365292071068512, 0.1647410573967832, 1.3933011886230888, 1.2212431104661152, 0.0, 0.1320837183623123], [0.2835359872333783, 0.777530046616012, 1.6148744395732675, 0.3781120155380976, 0.9980018167329276, 0.3955548942516587, 0.16642446376969106, 1.0934598175373011, 0.0]], "shift": [[0.0, -0.38750000000000007, -1.1625000000000003, -0.11250000000000002, 0.04375, -0.1375, 0.075, 0.18750000000000006, 0.18750000000000006], [0.38750000000000007, 0.0, -0.7687500000000002, 0.2812500000000001, 0.4312500000000001, 0.25625000000000003, 0.46875000000000017, 0.5750000000000002, 0.5750000000000002], [1.1625000000000003, 0.7687500000000002, 0.0, 1.0500000000000003, 1.2000000000000004, 1.0250000000000001, 1.2375000000000003, 1.3500000000000005, 1.3437500000000004], [0.11250000000000002, -0.2812500000000001, -1.0500000000000003, 0.0, 0.15000000000000002, -0.025, 0.18750000000000006, 0.3000000000000001, 0.29375000000000007], [-0.04375, -0.4312500000000001, -1.2000000000000004, -0.15000000000000002, 0.0, -0.175, 0.0375, 0.15, 0.14375], [0.1375, -0.25625000000000003, -1.0250000000000001, 0.025, 0.175, 0.0, 0.21250000000000005, 0.3250000000000001, 0.3187500000000001], [-0.075, -0.46875000000000017, -1.2375000000000003, -0.18750000000000006, -0.0375, -0.21250000000000005, 0.0, 0.11250000000000002, 0.10625], [-0.18750000000000006, -0.5750000000000002, -1.3500000000000005, -0.3000000000000001, -0.15, -0.3250000000000001, -0.11250000000000002, 0.0, 0.0], [-0.18750000000000006, -0.5750000000000002, -1.3437500000000004, -0.29375000000000007, -0.14375, -0.3187500000000001, -0.10625, -0.0, 0.0]]}}, "v10_distance": {"grid": {"eta": [[0.0, 3.3192301633666332, 7.963104608453991, 0.9964777812375256, 3.0842053138207164, 2.9058394517118593, 2.723451852003016, 3.1471633820499134, 1.956576332270483], [7.842257404608161, 0.0, 5.432063340681273, 3.3090741870655664, 5.149592755349597, 3.118390965267311, 3.5931188739060906, 5.486262039656263, 4.240762530336342], [27.719198706672177, 20.690794334443808, 0.0, 7.888000503908895, 9.248040247101981, 6.4882719570603005, 7.694044869927672, 9.890007813384988, 9.370818036830972], [3.496454448421929, 9.155871382786117, 27.34937493395516, 0.0, 2.8787941180932117, 3.316465107328616, 3.222907674681776, 3.0012375784937406, 1.9849467888545924], [17.436139488855744, 24.46191954643763, 45.152713880881436, 17.88537938658048, 0.0, 5.611275298895721, 5.498965230774793, 0.8882375864524517, 3.415100044503121], [23.42944325433797, 16.4010388821096, 12.936816029417455, 23.05961948145753, 40.86295842854723, 0.0, 1.4212684568890321, 5.780637895025606, 4.167859674142631], [22.69177339677009, 15.663369023344458, 13.857336972212575, 22.321949624450976, 40.125288569782086, 2.1927388091744433, 0.0, 5.452361701997207, 3.3618621319579636], [17.811509694149407, 24.839914114410465, 45.53070840082159, 18.24035149014199, 1.2035131361848244, 41.240952948487376, 40.50328308972223, 0.0, 3.014056385121866], [2.748423718513436, 9.127832963640502, 29.818627298084312, 3.106759751368372, 15.334086582797127, 25.528871845750103, 24.79120198698496, 15.712081164561596, 0.0]],