{"pseudos": ["PSL-US-v1-high (Z=26)", "PSL-US-v1-low (Z=11)", "PSL-PAW-v1-high (Z=26)", "PSL-PAW-v1-low (Z=11)", "JTH-1.1-std (Z=16)", "Wentzcovitch (Z=16)"], "v_distance": {"grid": {"eta": [[0.0, 1000.3165478907418, 3.9825843347953787, 999.7798061085502, 4.63653485847375, 5.447696318280615], [3063.3050259033007, 0.0, 1000.0763084889309, 1.2570384518257247, 1000.04798204648, 1000.2822766881578], [6.98020392952796, 3054.4713953034793, 0.0, 999.5411019321507, 3.3004692732258865, 3.3089352720982075], [3059.4066825360733, 3.8358433672275254, 3050.573051936252, 0.0, 999.5128441752692, 999.7469675519916], [12.546927460979319, 3053.757351914994, 15.780013616346379, 3049.8590085477667, 0.0, 3.813544137373315], [20.811529541060366, 3053.8326958136013, 16.28889081744589, 3049.934352446374, 15.831905863956907, 0.0]], "shift": [[0.0, 1061.6250000000011, -1.1250000000000002, 1060.8750000000011, 2.5625000000000004, 1.1875000000000002], [-1061.6250000000011, 0.0, 1062.8750000000011, 0.8125000000000001, 1062.7500000000011, 1063.6875000000011], [1.1250000000000002, -1062.8750000000011, 0.0, 1062.1250000000011, 1.4375, 0.0], [-1060.8750000000011, -0.8125000000000001, -1062.1250000000011, 0.0, 1062.0000000000011, 1062.9375000000011], [-2.5625000000000004, -1062.7500000000011, -1.4375, -1062.0000000000011, 0.0, 1.4375], [-1.1875000000000002, -1063.6875000000011, -0.0, -1062.9375000000011, -1.4375, 0.0]]}, "path": {"eta": [[0.0, 1369.8362462269833, 4.791899181812761, 1369.0341243677085, 5.923085719651747, 7.323435354001954], [2541.8114890289517, 0.0, 1370.450202831881, 1.7389761442387235, 1370.5428582963395, 1370.6944996676852], [6.497171150330701, 2539.2200026148435, 0.0, 1369.6499682012684, 4.777335530730694, 5.322671879662285], [2540.644540871592, 3.1223884234993307, 2538.0530544574835, 0.0, 1369.7425948927198, 1369.8942308934743], [11.685522024670389, 2539.847655686945, 15.756772681764813, 2538.6807075295856, 0.0, 4.721539849291737], [19.123751773007353, 2538.696500405291, 15.269711313653616, 2537.529552247931, 15.78240194512992, 0.0]], "shift": [[0.0, 1742.8750000000018, -1.875, 1741.6250000000018, 3.6875000000000013, 2.6875000000000004], [-1742.8750000000018, 0.0, 1743.0000000000016, 1.1875000000000002, 1743.1875000000016, 1743.9375000000016], [1.875, -1743.0000000000016, 0.0, 1741.7500000000016, 1.7500000000000002, 0.8125000000000001], [-1741.6250000000018, -1.1875000000000002, -1741.7500000000016, 0.0, 1741.9375000000016, 1742.6875000000018], [-3.6875000000000013, -1743.1875000000016, -1.7500000000000002, -1741.9375000000016, 0.0, 1.0], [-2.6875000000000004, -1743.9375000000016, -0.8125000000000001, -1742.6875000000018, -1.0, 0.0]]}}, "v10_distance": {"grid": {"eta": [[0.0, 3561.7242808913743, 5.58172092108424, 3560.8855058551794, 7.523537103445578, 12.65082450170884], [7171.367525903305, 0.0, 3563.6582948508403, 1.4771901552053062, 3563.0394073256284, 3564.030553501916], [14.723512266956618, 7169.475104885691, 0.0, 3562.8196119839126, 6.445608009522372, 8.466751792268482], [7166.219182536077, 5.023343367227525, 7168.603114756319, 0.0, 3562.2007654964814, 3563.1919941491083], [42.43618351990784, 7169.071909036223, 56.075236825678985, 7168.199918906851, 0.0, 9.12731198835121], [39.76218650894261, 7170.125667108478, 33.1126344691118, 7169.191176979107, 44.90026514538954, 0.0]], "shift": [[0.0, -3046.437500000003, 0.5, -3045.937500000003, -1.6250000000000002, -4.750000000000001], [3046.437500000003, 0.0, -3048.0000000000027, -0.375, -3047.500000000003, -3048.0000000000027], [-0.5, 3048.0000000000027, 0.0, -3047.500000000003, -1.1250000000000002, -4.250000000000001], [3045.937500000003, 0.375, 3047.500000000003, 0.0, -3047.000000000003, -3047.5625000000027], [1.6250000000000002, 3047.500000000003, 1.1250000000000002, 3047.000000000003, 0.0, 3.125000000000001], [4.750000000000001, 3048.0000000000027, 4.250000000000001, 3047.5625000000027, -3.125000000000001, 0.0]]}, "path": {"eta": [[0.0, 3676.683191956971, 6.6457837869600125, 3675.7777366296905, 8.826140242907885, 12.58621389625506], [7413.008341777456, 0.0, 3677.4941977330923, 1.8223537140811403, 3677.2735831266295, 3677.7949688224016], [14.610443223875933, 7419.678336556796, 0.0, 3676.5890514491434, 9.153136693377233, 8.563507407229979], [7412.575344007443, 4.747388423499331, 7419.245338786784, 0.0, 3676.3686812730352, 3676.890038297936], [45.172026575971074, 7419.553048691141, 59.266472583025205, 7419.1200509211285, 0.0, 10.25647914476459], [41.184473625986016, 7420.680246144062, 36.1997189729351, 7420.184748374049, 45.59983711401668, 0.0]], "shift": [[0.0, -3045.375000000003, 0.625, -3044.937500000003, -0.8125000000000001, -3.750000000000001], [3045.375000000003, 0.0, -3046.7500000000027, -0.4375, -3046.1875000000027, -3046.125000000003], [-0.625, 3046.7500000000027, 0.0, -3046.312500000003, -0.1875, -3.125], [3044.937500000003, 0.4375, 3046.312500000003, 0.0, -3045.750000000003, -3045.750000000003], [0.8125000000000001, 3046.1875000000027, 0.1875, 3045.750000000003, 0.0, 2.937500000000001], [3.750000000000001, 3046.125000000003, 3.125, 3045.750000000003, -2.937500000000001, 0.0]]}}}