{"pseudos": ["PSL-US-v1-high (Z=29)", "PSL-US-v1-low (Z=11)", "PSL-PAW-v1-high (Z=29)", "PSL-PAW-v1-low (Z=11)", "JTH-1.1-std (Z=19)", "Wentzcovitch (Z=19)"], "average": {"grid": {"eta": [[0.0, 2416.78124600482, 5.735356387168643, 2416.680128065634, 30.12030332770542, 12.871520429872001], [1254.352113505137, 0.0, 2414.443597630968, 0.25592943513908034, 2429.117998504222, 2422.6446440992167], [3.9828587737731294, 1254.069339465871, 0.0, 2414.3424791280318, 34.49859242621291, 16.719236616166853], [1254.1672838499612, 0.22547103982336936, 1253.8844130667253, 0.0, 2429.0167601065405, 2422.5435291387134], [14.020196699914585, 1252.666771358601, 13.81441755756878, 1252.4818220940333, 0.0, 18.811952732603597], [7.584838549792942, 1253.4299838019554, 6.530567791822245, 1253.24504642438, 7.652632534298429, 0.0]], "shift": [[0.0, -2091.187500000002, 3.3125000000000013, -2091.187500000002, 21.937500000000007, 9.562500000000004], [988.312500000001, 0.0, -2088.500000000002, 0.0, -2107.750000000002, -2098.8750000000023], [0.4375, 988.687500000001, 0.0, -2088.4375000000023, 25.3125, 12.875000000000005], [988.125000000001, 0.1875, 988.500000000001, 0.0, -2107.6875000000023, -2098.812500000002], [7.125000000000003, 991.062500000001, 7.5625000000000036, 990.875000000001, 0.0, 12.437500000000004], [3.2500000000000013, 989.687500000001, 3.6875000000000013, 989.500000000001, 3.875000000000001, 0.0]]}, "path": {"eta": [[0.0, 2565.9935724116035, 6.442268420271054, 2565.885298568971, 33.866761580896295, 14.791051899625948], [1518.8094642193387, 0.0, 2563.5070802863884, 0.3385447558396136, 2576.029900610988, 2570.408583142472], [4.7774442815017855, 1518.3344673678082, 0.0, 2563.398866823917, 38.57033101739473, 18.79967493360726], [1518.5949715670024, 0.2915003552225615, 1518.1197327808984, 0.0, 2575.9207397878067, 2570.299990997202], [16.315459050426604, 1516.794602774968, 16.411184596223677, 1516.5798495461302, 0.0, 21.670933668377028], [8.14523097061189, 1517.5332982485904, 7.053743031995485, 1517.318558171529, 9.815474665623398, 0.0]], "shift": [[0.0, -1968.8750000000018, 3.187500000000001, -1968.812500000002, 21.562500000000004, 9.687500000000004], [1285.3125000000011, 0.0, -1966.062500000002, 0.0, -1986.062500000002, -1977.437500000002], [0.5625000000000001, 1286.9375000000014, 0.0, -1966.000000000002, 24.75, 12.875000000000005], [1285.1250000000011, 0.25, 1286.7500000000014, 0.0, -1986.062500000002, -1977.375000000002], [8.062500000000002, 1288.8125000000011, 8.625000000000002, 1288.6250000000011, 0.0, 11.875000000000004], [3.000000000000001, 1288.0000000000011, 3.5625000000000013, 1287.8125000000011, 5.062500000000001, 0.0]]}}, "maximum": {"grid": {"eta": [[0.0, 7219.305546635404, 14.690746572838803, 7218.646609853868, 110.47495209894193, 75.35492596648704], [4139.805546635402, 0.0, 7212.255558491012, 0.9149831663428643, 7236.1980732552365, 7224.959172775904], [6.776424839546678, 4135.068058491009, 0.0, 7211.534121709475, 115.90763945296693, 80.72511332051205], [4139.334109853865, 0.4715119969631658, 4134.596621709472, 0.0, 7235.476636473699, 7224.237735994367], [40.01295811303, 4137.385573255234, 45.23233597844958, 4136.914136473696, 0.0, 73.12967853435305], [15.726567789175999, 4136.396672775901, 15.156365394169155, 4135.925235994363, 30.26664605902137, 0.0]], "shift": [[0.0, 2091.187500000002, -3.3125000000000013, 2091.187500000002, -21.937500000000007, -9.562500000000004], [-988.312500000001, 0.0, 2088.500000000002, -0.0, 2107.750000000002, 2098.8750000000023], [-0.4375, -988.687500000001, 0.0, 2088.4375000000023, -25.3125, -12.875000000000005], [-988.125000000001, -0.1875, -988.500000000001, 0.0, 2107.6875000000023, 2098.812500000002], [-7.125000000000003, -991.062500000001, -7.5625000000000036, -990.875000000001, 0.0, -12.437500000000004], [-3.2500000000000013, -989.687500000001, -3.6875000000000013, -989.500000000001, -3.875000000000001, 0.0]]}, "path": {"eta": [[0.0, 7098.906807497391, 15.321780443169017, 7098.084819309882, 112.44114369837641, 77.23162772084528], [3844.7193074973884, 0.0, 7091.640517646665, 1.0757437708175388, 7115.885662189324, 7105.444558207804], [6.996003287574639, 3838.6405176466615, 0.0, 7090.818529459155, 117.9336087630753, 82.72409278554419], [3844.147319309879, 0.5094900240732727, 3838.0685294591517, 0.0, 7115.126174001825, 7104.622570020306], [39.5942082588879, 3841.01066218932, 44.6619444468318, 3840.438674001822, 0.0, 78.596441049161], [16.352397093440384, 3840.0070582078, 15.591394513090462, 3839.435070020302, 29.217789202696324, 0.0]], "shift": [[0.0, 1968.8750000000018, -3.187500000000001, 1968.812500000002, -21.562500000000004, -9.687500000000004], [-1285.3125000000011, 0.0, 1966.062500000002, -0.0, 1986.062500000002, 1977.437500000002], [-0.5625000000000001, -1286.9375000000014, 0.0, 1966.000000000002, -24.75, -12.875000000000005], [-1285.1250000000011, -0.25, -1286.7500000000014, 0.0, 1986.062500000002, 1977.375000000002], [-8.062500000000002, -1288.8125000000011, -8.625000000000002, -1288.6250000000011, 0.0, -11.875000000000004], [-3.000000000000001, -1288.0000000000011, -3.5625000000000013, -1287.8125000000011, -5.062500000000001, 0.0]]}}}