{"pseudos": ["DOJO-041-std-16", "DOJO-041-str-24", "DOJO-050-std-16", "SPMS-16", "SG15-16", "GBRV-1.X-6", "PSL-US-v1-high-16", "PSL-US-v1-low-6", "PSL-PAW-v1-high-16", "PSL-PAW-v1-low-6", "JTH-1.1-std-6"], "v_distance": {"eta": [[0.0, 7.05198455287968, 1045.3185480183538, 2.2201656846475273, 3.723784735180166, 8.336754851774398, 12.329239008699348, 1.7509335743643943, 7.868537535589911, 1.6696705551418376, 7.938722983395249], [10.264191280525909, 0.0, 1050.0746312788006, 5.047215746522033, 3.4220994056833485, 8.530764117035671, 5.396325498218206, 2.1205425632093275, 1.264136564600529, 1.9846565022595704, 8.353642077027281], [3341.3060963782327, 3351.1899061858967, 0.0, 1046.9648631428836, 1047.8862711989023, 1286.5467421080893, 1053.0840117341595, 1287.2733013269499, 1050.2434477525856, 1287.3122848788782, 1282.9968979900718], [3.782959944632637, 9.253708800988209, 3344.833862429645, 0.0, 1.657579882169051, 8.664548591100154, 10.31343655828517, 2.2730335431423057, 5.907798416352537, 2.1564842710159775, 8.522970975803881], [5.394361022064126, 5.376374065834811, 3346.601123921337, 4.694437383853227, 0.0, 8.317761968386186, 8.678317954859578, 1.8445095676954533, 4.2697775326436505, 1.7294214884427144, 8.10639542389336], [42.096525812303994, 46.14949578095338, 2453.6495358392685, 44.50637048955843, 42.692976015955935, 0.0, 8.059506971304852, 6.709022158568752, 8.04787039068731, 6.755300732382462, 4.63729165936342], [20.074816412397315, 15.065286381046693, 3356.29864102101, 19.73466108965174, 15.921266616049257, 37.89670939990668, 0.0, 1.5237114478358906, 4.469681657550903, 1.5608575960207127, 7.243990445881588], [7.136946332149506, 11.127416300798885, 2457.7270882786247, 9.484291009403933, 7.733396535801447, 35.02207948015449, 4.51259932460097, 0.0, 1.4686086143449335, 0.31433504701077153, 6.394744301982979], [14.03939047123571, 8.967360439885086, 3350.9004675515966, 13.699235148490134, 9.82334067488765, 38.24463534106829, 6.159000433645732, 4.268007314772504, 0.0, 1.4871308430104215, 7.371461473195747], [6.391343523126459, 10.381813491775837, 2456.9986151401035, 8.738688200380885, 6.987793726778398, 35.767682289177536, 4.296824633392731, 0.8230108841796664, 4.052232623564265, 0.0, 6.468479503279925], [35.22773648954949, 39.28070645819887, 2447.1189376086872, 37.57508116680392, 35.82418669320143, 14.019880373706103, 31.027920077152185, 28.090790157399987, 31.313346018313787, 28.836392966423034, 0.0]], "shift": [[0.0, -8.000000000000002, -72.18750000000001, -1.6250000000000002, -4.375000000000001, 3.5000000000000013, -17.687500000000004, 1.5, -11.625000000000004, 1.0625, 9.062500000000004], [8.000000000000002, 0.0, 64.18750000000004, -6.437500000000003, -3.6250000000000004, 4.562500000000002, 9.687500000000004, 2.5000000000000004, 3.5625000000000013, 2.0625000000000004, 10.125000000000002], [72.18750000000001, -64.18750000000004, 0.0, 70.62500000000003, 67.81250000000003, -952.9375000000009, 54.50000000000002, -954.9375000000009, 60.62500000000003, -955.375000000001, -947.3750000000009], [1.6250000000000002, 6.437500000000003, -70.62500000000003, 0.0, -2.8125, 4.625000000000002, -16.062500000000004, 2.5625000000000004, -10.000000000000002, 2.1250000000000004, 10.125000000000002], [4.375000000000001, 3.6250000000000004, -67.81250000000003, 2.8125, 0.0, 3.875000000000001, -13.312500000000005, 1.8750000000000004, -7.187500000000003, 1.4375, 9.437500000000004], [-3.5000000000000013, -4.562500000000002, 952.9375000000009, -4.625000000000002, -3.875000000000001, 0.0, 1.6875000000000002, 2.0625000000000004, 2.0625000000000004, 2.5000000000000004, -5.500000000000002], [17.687500000000004, -9.687500000000004, -54.50000000000002, 16.062500000000004, 13.312500000000005, -1.6875000000000002, 0.0, -0.3125, 6.062500000000002, -0.75, 7.250000000000003], [-1.5, -2.5000000000000004, 954.9375000000009, -2.5625000000000004, -1.8750000000000004, -2.0625000000000004, 0.3125, 0.0, 0.0, 0.4375, -7.562500000000002], [11.625000000000004, -3.5625000000000013, -60.62500000000003, 10.000000000000002, 7.187500000000003, -2.0625000000000004, -6.062500000000002, -0.0, 0.0, -0.4375, 7.5625000000000036], [-1.0625, -2.0625000000000004, 955.375000000001, -2.1250000000000004, -1.4375, -2.5000000000000004, 0.75, -0.4375, 0.4375, 0.0, -8.000000000000002], [-9.062500000000004, -10.125000000000002, 947.3750000000009, -10.125000000000002, -9.437500000000004, 5.500000000000002, -7.250000000000003, 7.562500000000002, -7.5625000000000036, 8.000000000000002, 0.0]]}, "v10_distance": {"eta": [[0.0, 9.280862193817105, 891.5436726454734, 4.269480210992648, 4.166536565287403, 42.97615981066146, 15.61132667927302, 6.823558198937435, 11.030202103625342, 7.18887334520987, 116.29472053084845], [67.90553853069972, 0.0, 894.9690602777962, 5.806203468901462, 8.54000092787265, 51.361624979974884, 16.85262947923733, 17.637856701012677, 14.107935535294956, 18.087758907797706, 125.85464193289353], [3335.868596378233, 3346.4399061858967, 0.0, 892.5627142559835, 893.793402332356, 1008.4942694310697, 898.6317338730463, 1006.8503653101841, 896.1534096917377, 1006.8308843435778, 989.2267313298415], [33.45428481629823, 43.167467366252545, 3340.5838624296453, 0.0, 5.899247576219457, 46.89612897806138, 17.056335406403164, 12.27203361669566, 13.062307434288106, 12.69990848131652, 121.3179774925309], [12.895220420774292, 71.1206758484532, 3339.601123921337, 38.86215219316617, 0.0, 42.88558879248162, 11.727966211585022, 6.495921106204408, 7.428932781402465, 6.831868761149448, 115.64355158818026], [277.0563319004319, 335.9939866457777, 2885.7745358392685, 306.76122425582247, 276.18478505396797, 0.0, 38.409649626514074, 37.52200430188421, 38.34916981304531, 37.45443058873097, 107.67816277131261], [55.23593183517838, 123.1414703658781, 3344.11114102101, 87.21237729731405, 52.0207945174249, 241.7796758586202, 0.0, 1.9018982718833304, 4.849447937001967, 1.6070991842156968, 110.30834347142562], [44.229444572429244, 116.07248310312897, 2892.9770882786247, 76.5808900345649, 44.70180725467577, 240.56032156547175, 10.900024428467617, 0.0, 1.6919366838361671, 0.732717777652008, 110.94386795250895], [50.67261562467326, 118.57815415537299, 3340.6504675515966, 82.64906108680891, 47.45747830691978, 242.03969751051642, 6.942097074945111, 10.59456403037818, 0.0, 1.5192811668085426, 110.8443023685088], [46.38330428834328, 118.22634281904301, 2891.936115140104, 78.73474975047894, 46.85566697058981, 238.84756397952302, 9.291459718965264, 2.1538597159140385, 8.923499130613799, 0.0, 110.41300154995808], [382.0418180462343, 438.7593844086062, 2802.4314376086872, 411.65280648537464, 381.0393013281186, 458.2752708360733, 349.03414136003573, 347.5003592420083, 350.7360068564795, 347.45184705105237, 0.0]],