{"pseudos": ["DOJO-041-std (Z=12)", "SPMS (Z=12)", "SG15 (Z=12)", "GBRV-1.X (Z=12)", "PSL-US-v1-high (Z=12)", "PSL-PAW-v1-high (Z=12)", "JTH-1.1-std (Z=12)"], "average": {"grid": {"eta": [[0.0, 1.6548097181281785, 1.3156453583536385, 2.0830414324027697, 9.895692444515896, 10.068837931046424, 5.391089820750386], [0.48780394278607914, 0.0, 1.172254335089783, 1.9213148094926829, 9.37899649071782, 9.540033128804108, 4.837199718532045], [0.6433702340241314, 0.619614781195873, 0.0, 2.4814097191322078, 9.440901306680304, 9.60872528827938, 5.413300953507667], [1.292137278317685, 1.2383904296776393, 1.6083839094224432, 0.0, 8.90998809370532, 9.06215311977317, 3.861915350079902], [6.432428393369464, 6.579458875450052, 6.473624021749462, 5.92370233195834, 0.0, 0.2719207730862093, 6.49841975108284], [6.53139805788256, 6.669427198789054, 6.582804785553778, 5.985766491931246, 0.2496647644027147, 0.0, 6.643272741168245], [4.270129037971064, 4.310644570073466, 4.479706776042979, 3.3158387984073996, 3.3739534736811585, 3.3237589966660845, 0.0]], "shift": [[0.0, -0.1875, 0.5, -0.75, -1.8124999999999998, -1.6875000000000002, -2.9375], [0.4375, 0.0, 0.6875, -0.5625000000000001, -1.6875000000000002, -1.5, -2.75], [-0.0625, -0.4375, 0.0, -1.25, -2.3125000000000004, -2.1875, -3.4375000000000004], [0.9375, 0.5, 1.0, 0.0, -1.1250000000000002, -0.9375, -2.1875], [-2.875, -3.3125000000000004, -2.8125, -3.812500000000001, 0.0, 0.1875, -1.1250000000000002], [-2.75, -3.1875000000000004, -2.6875, -3.687500000000001, 0.125, 0.0, -1.25], [0.1875, -0.1875, 0.25, -0.75, 3.062500000000001, 2.937500000000001, 0.0]]}, "path": {"eta": [[0.0, 2.7712736925808414, 2.9293023580115585, 2.5652840265202372, 16.51780601894549, 16.53645372014437, 7.51424436589481], [0.6246174637150743, 0.0, 2.718741897757421, 3.183010057699005, 15.162191203415734, 15.176018933538902, 6.436697988619341], [0.9708697044885145, 1.0557427458621773, 0.0, 3.733085632541074, 15.0847570350245, 15.090896964562718, 7.506989208057995], [1.7506978325699905, 1.7810599623460457, 1.8292391720668726, 0.0, 15.365762983082528, 15.38108921660187, 5.972494982005861], [8.694252432960084, 9.044252298617732, 8.393500419307502, 8.015210557304009, 0.0, 0.14278649880249022, 11.096309496935211], [8.683159803549948, 9.030326937274875, 8.388349192073981, 7.98853617460589, 0.13200354542217255, 0.0, 11.124263517410869], [5.291342747429481, 5.50860209002527, 5.23383651009781, 4.112605684344102, 4.9291906652360895, 4.852529609469789, 0.0]], "shift": [[0.0, 0.6875, 2.6250000000000004, -0.125, 0.5, 0.6875, -2.875], [0.5, 0.0, 1.8750000000000004, -0.8125000000000001, -0.1875, 0.0, -3.5625000000000004], [0.1875, -0.3125, 0.0, -2.75, -2.0625, -1.9375, -5.500000000000002], [1.3124999999999998, 0.8125000000000001, 1.1250000000000002, 0.0, 0.6875, 0.8125000000000001, -2.75], [-5.500000000000002, -6.062500000000002, -5.687500000000002, -6.875000000000003, 0.0, 0.125, -3.3750000000000004], [-5.437500000000002, -6.000000000000002, -5.625000000000002, -6.812500000000003, 0.0625, 0.0, -3.5625000000000004], [-0.6875, -1.25, -0.875, -2.0, 4.812500000000001, 4.750000000000002, 0.0]]}}, "maximum": {"grid": {"eta": [[0.0, 12.569106896193276, 8.762571328289226, 6.177896455582726, 59.91324672070975, 60.530335142803196, 27.651744060831447], [1.71032651271328, 0.0, 4.970735213657477, 12.82795005574313, 50.536855330357724, 51.09144375238722, 26.69031925451756], [2.308433839779113, 3.2118336093599282, 0.0, 7.8572148420856545, 51.15067539262658, 51.767763814730685, 27.694601984941798], [3.3496378151757966, 4.331651310159501, 5.565278124905703, 0.0, 58.867763678534814, 59.422352100557205, 21.473847605248725], [26.204826618335048, 26.65950307078208, 26.333397585067146, 24.02515314425591, 0.0, 0.6190320674273124, 40.140142839208124], [26.534126143944206, 26.98880259639124, 26.662697110676305, 24.35445266986507, 0.5347504793948161, 0.0, 40.75723126131223], [13.898930193914978, 14.29110664636201, 14.027501160647077, 11.71925671983584, 12.305896424420071, 12.635195950029228, 0.0]], "shift": [[0.0, 0.1875, -0.5, 0.75, 1.8124999999999998, 1.6875000000000002, 2.9375], [-0.4375, 0.0, -0.6875, 0.5625000000000001, 1.6875000000000002, 1.5, 2.75], [0.0625, 0.4375, 0.0, 1.25, 2.3125000000000004, 2.1875, 3.4375000000000004], [-0.9375, -0.5, -1.0, 0.0, 1.1250000000000002, 0.9375, 2.1875], [2.875, 3.3125000000000004, 2.8125, 3.812500000000001, 0.0, -0.1875, 1.1250000000000002], [2.75, 3.1875000000000004, 2.6875, 3.687500000000001, -0.125, 0.0, 1.25], [-0.1875, 0.1875, -0.25, 0.75, -3.062500000000001, -2.937500000000001, 0.0]]}, "path": {"eta": [[0.0, 14.15437859352204, 7.321724296518993, 7.3327518431115095, 57.40162328871595, 57.294907980954775, 29.393299977480453], [1.7589434003480449, 0.0, 8.17351205213697, 14.359237149580977, 48.599851163003464, 48.49313585521742, 29.12613560612418], [2.2146179807647144, 2.8860453280904963, 0.0, 9.22450487715062, 50.546619640535894, 50.502404332771164, 31.285053011517792], [4.321548310135143, 4.840065380339425, 6.228083884257842, 0.0, 55.036211592030156, 54.99199628424411, 22.060548134368943], [29.091320941232397, 29.672338011436683, 28.71140713966851, 24.832272631097258, 0.0, 0.4370051886605637, 36.13663152703785], [29.165064551963454, 29.74608162216774, 28.785150750399566, 24.906016241828315, 0.28354731908149944, 0.0, 36.02991621929799], [16.12747491280713, 16.708491983011413, 15.747561111243243, 11.805926602671988, 12.963846028425266, 13.037589639156323, 0.0]], "shift": [[0.0, -0.6875, -2.6250000000000004, 0.125, -0.5, -0.6875, 2.875], [-0.5, 0.0, -1.8750000000000004, 0.8125000000000001, 0.1875, -0.0, 3.5625000000000004], [-0.1875, 0.3125, 0.0, 2.75, 2.0625, 1.9375, 5.500000000000002], [-1.3124999999999998, -0.8125000000000001, -1.1250000000000002, 0.0, -0.6875, -0.8125000000000001, 2.75], [5.500000000000002, 6.062500000000002, 5.687500000000002, 6.875000000000003, 0.0, -0.125, 3.3750000000000004], [5.437500000000002, 6.000000000000002, 5.625000000000002, 6.812500000000003, -0.0625, 0.0, 3.5625000000000004], [0.6875, 1.25, 0.875, 2.0, -4.812500000000001, -4.750000000000002, 0.0]]}}}