{"pseudos": ["PSL-US-v1-high (Z=33)", "PSL-US-v1-low (Z=11)", "PSL-PAW-v1-high (Z=33)", "PSL-PAW-v1-low (Z=11)", "JTH-1.1-std (Z=23)", "Wentzcovitch (Z=23)"], "v_distance": {"grid": {"eta": [[0.0, 1340.0160463263112, 1.4615919535339366, 1340.0022663495517, 11.614115084305535, 7.034464800034114], [4069.394582915379, 0.0, 1339.6210324508895, 0.025906907932590765, 1340.3556522591034, 1340.8731387730227], [3.2971149736864476, 4072.027995695013, 0.0, 1339.6072576006693, 11.41417436684782, 6.707940815691814], [4069.342572589701, 0.052010325679141545, 4071.975985369333, 0.0, 1340.3418666638686, 1340.8593617952013], [76.31490480048421, 4077.78782759706, 79.54951977417066, 4077.7358172713816, 0.0, 6.488247540625899], [36.32765057196386, 4077.4908521807997, 39.624765545650305, 4077.4388418551207, 39.92475422852036, 0.0]], "shift": [[0.0, 1141.3125000000011, -0.1875, 1141.3125000000011, 5.375000000000001, 4.000000000000001], [-1141.3125000000011, 0.0, 1140.7500000000011, 0.0, 1140.9375000000011, 1138.2500000000011], [0.1875, -1140.7500000000011, 0.0, 1140.7500000000011, 5.250000000000001, 3.812500000000001], [-1141.3125000000011, -0.0, -1140.7500000000011, 0.0, 1140.9375000000011, 1138.2500000000011], [-5.375000000000001, -1140.9375000000011, -5.250000000000001, -1140.9375000000011, 0.0, 1.4375], [-4.000000000000001, -1138.2500000000011, -3.812500000000001, -1138.2500000000011, -1.4375, 0.0]]}, "path": {"eta": [[0.0, 1809.6340820015503, 1.707469269295095, 1809.4580041925697, 16.005877855340465, 7.65485477603646], [3575.0675154087294, 0.0, 1809.3764211629236, 0.2502998440149623, 1811.119153007828, 1810.885809723437], [3.284798947935201, 3577.8182695078167, 0.0, 1809.2004296980854, 15.90299876676599, 7.484200845143151], [3574.7105450102385, 0.966634082729442, 3577.4612991093263, 0.0, 1810.944309192003, 1810.7102357930548], [74.38726363323556, 3585.8322848579655, 77.67206258112635, 3585.475314459475, 0.0, 9.708405185483624], [36.951969062290885, 3584.349299599528, 40.29926801018168, 3583.9923292010376, 38.08215561036228, 0.0]], "shift": [[0.0, 1636.3750000000014, -0.1875, 1636.0000000000014, 7.000000000000003, 3.875000000000001], [-1636.3750000000014, 0.0, 1635.6250000000016, 0.375, 1633.7500000000016, 1632.1875000000014], [0.1875, -1635.6250000000016, 0.0, 1635.2500000000016, 6.812500000000003, 3.6250000000000013], [-1636.0000000000014, -0.375, -1635.2500000000016, 0.0, 1633.3750000000016, 1631.8125000000014], [-7.000000000000003, -1633.7500000000016, -6.812500000000003, -1633.3750000000016, 0.0, 3.125000000000001], [-3.875000000000001, -1632.1875000000014, -3.6250000000000013, -1631.8125000000014, -3.125000000000001, 0.0]]}}, "v10_distance": {"grid": {"eta": [[0.0, 1291.7198532840139, 3.413488669350097, 1291.7137941933283, 48.35577791487502, 33.10170893883506], [5382.582082915381, 0.0, 1290.7368942792266, 0.016207959390406656, 1304.0743815709968, 1302.7149528540322], [10.260048261280687, 5381.0904956950135, 0.0, 1290.730834268153, 51.26916942697779, 36.180256281874456], [5382.530072589701, 0.052010325679141545, 5381.038485369334, 0.0, 1304.0683184201844, 1302.7089058545498], [317.29951193992014, 5437.037827597062, 321.20230228187114, 5436.985817271383, 0.0, 23.436063194867856], [123.51980058100962, 5429.678352180801, 127.36009092296061, 5429.626341855122, 193.7797113589105, 0.0]], "shift": [[0.0, -171.8750000000001, 2.0000000000000004, -171.8750000000001, 28.250000000000004, 26.000000000000004], [171.8750000000001, 0.0, -168.31250000000009, 0.0, -218.31250000000014, -213.93750000000014], [-2.0000000000000004, 168.31250000000009, 0.0, -168.31250000000009, 30.312500000000007, 28.000000000000004], [171.8750000000001, -0.0, 168.31250000000009, 0.0, -218.31250000000014, -213.93750000000014], [-28.250000000000004, 218.31250000000014, -30.312500000000007, 218.31250000000014, 0.0, 2.250000000000001], [-26.000000000000004, 213.93750000000014, -28.000000000000004, 213.93750000000014, -2.250000000000001, 0.0]]}, "path": {"eta": [[0.0, 1714.5535881268877, 3.8351207186414933, 1714.4182788522912, 64.64756330652448, 37.433529189198], [5254.317515408731, 0.0, 1714.1551779752435, 0.8709837209490771, 1720.2613743377449, 1720.9602988595166], [10.174096025047675, 5252.5057695078185, 0.0, 1714.0205441621351, 67.70748955399361, 40.805051416391855], [5253.14804501024, 2.7489339518377847, 5251.336299109328, 0.0, 1720.1188633241459, 1720.8163842496406], [317.0097164939694, 5310.144784857967, 320.92086004285545, 5308.975314459477, 0.0, 36.04810570395548], [124.10582776400315, 5302.786799599529, 127.95447131293535, 5301.554829201039, 192.84138872999114, 0.0]], "shift": [[0.0, -42.87500000000001, 2.0625000000000004, -42.43750000000001, 27.750000000000004, 26.062500000000004], [42.87500000000001, 0.0, -39.062500000000014, -0.5, -90.56250000000001, -86.25000000000001], [-2.0625000000000004, 39.062500000000014, 0.0, -38.625000000000014, 29.812500000000007, 28.062500000000004], [42.43750000000001, 0.5, 38.625000000000014, 0.0, -90.12500000000003, -85.75000000000001], [-27.750000000000004, 90.56250000000001, -29.812500000000007, 90.12500000000003, 0.0, 1.6250000000000002], [-26.062500000000004, 86.25000000000001, -28.062500000000004, 85.75000000000001, -1.6250000000000002, 0.0]]}}}