{"pseudos": ["DOJO-041-std (Z=13)", "SPMS (Z=13)", "SG15 (Z=13)", "GBRV-1.X (Z=13)", "PSL-US-v1-high (Z=13)", "PSL-US-v1-low (Z=13)", "PSL-PAW-v1-high (Z=13)", "PSL-PAW-v1-low (Z=13)", "JTH-1.1-std (Z=13)"], "v_distance": {"grid": {"eta": [[0.0, 1.2102286692051165, 1.5590173079372587, 3.3455675923058594, 4.272616245557155, 4.11646441580081, 4.629420347728575, 4.358698146351066, 6.993636027530211], [3.583249377067375, 0.0, 0.47978519395697605, 4.531264104514782, 4.584220846154218, 4.249799749332828, 5.104376723518613, 4.691731903836182, 8.134242009276491], [3.697365115485468, 1.785199142523112, 0.0, 4.882419986124251, 4.806420185540373, 4.485555180089314, 5.339966777593396, 4.943537786751337, 8.508607226251549], [6.727262272072948, 10.1986623662399, 10.045191509318995, 0.0, 5.069213790456263, 5.291114263964165, 4.902348890530411, 5.014424743469294, 3.7798940272233144], [17.544301522879238, 17.872295141258377, 17.79930049286483, 20.36804153220845, 0.0, 0.9554182540112838, 1.0751472877979695, 0.977829265261508, 7.188123641180491], [16.527694236472726, 16.218280467672514, 16.145285819278968, 23.143107225645252, 2.779005882305313, 0.0, 1.7725276816220863, 1.0807165884217511, 7.543256956474359], [17.59355827971524, 17.92155189809438, 17.848557249700832, 18.553506039937034, 2.4479849638163955, 4.589601185708219, 0.0, 0.9285525763800947, 6.623096045598606], [15.973036297358988, 16.301029915738127, 16.22803526734458, 21.221582137846525, 2.8084675923271765, 2.465948662355146, 2.6740468296727187, 0.0, 6.920913687178252], [15.329295027486951, 16.95568110428934, 17.407982419409255, 8.693269217679756, 19.295901938200814, 22.070967631637615, 17.481366445929396, 20.149442543838887, 0.0]], "shift": [[0.0, -1.1250000000000002, -1.8124999999999998, 3.875000000000001, -0.625, -0.375, -0.0625, 0.0625, 8.062500000000002], [1.1250000000000002, 0.0, -0.6875, 5.000000000000001, 0.5, 0.75, 1.0625, 1.1875000000000002, 9.187500000000004], [1.8124999999999998, 0.6875, 0.0, 5.687500000000002, 1.1875000000000002, 1.4375, 1.7500000000000002, 1.8750000000000004, 9.875000000000002], [-3.875000000000001, -5.000000000000001, -5.687500000000002, 0.0, -4.500000000000002, -4.250000000000001, -3.937500000000001, -3.812500000000001, 4.187500000000001], [0.625, -0.5, -1.1875000000000002, 4.500000000000002, 0.0, 0.25, 0.5625000000000001, 0.6875, 8.687500000000002], [0.375, -0.75, -1.4375, 4.250000000000001, -0.25, 0.0, 0.3125, 0.4375, 8.437500000000002], [0.0625, -1.0625, -1.7500000000000002, 3.937500000000001, -0.5625000000000001, -0.3125, 0.0, 0.125, 8.125000000000002], [-0.0625, -1.1875000000000002, -1.8750000000000004, 3.812500000000001, -0.6875, -0.4375, -0.125, 0.0, 8.000000000000002], [-8.062500000000002, -9.187500000000004, -9.875000000000002, -4.187500000000001, -8.687500000000002, -8.437500000000002, -8.125000000000002, -8.000000000000002, 0.0]]}, "path": {"eta": [[0.0, 1.6135253685145388, 1.8060417542516891, 3.421201569816716, 5.539126999423994, 5.984084750404711, 5.477585163075224, 5.744696373667212, 6.778145387420008], [3.7467571377405875, 0.0, 0.5330853648227518, 4.938698969687064, 5.169064546174316, 5.619460320123318, 5.6128553193918655, 5.6259083260706095, 8.143478036551455], [4.491711455805387, 2.136628443066286, 0.0, 5.165661812939845, 5.311734960820615, 5.801910508424924, 5.792097047518139, 5.83576644936216, 8.429354331105053], [7.615786592656407, 9.782078798402951, 10.387924470429143, 0.0, 7.381523763555796, 7.632523862018173, 6.504967612972783, 7.009848699755229, 3.7032596603261156], [17.067401386169198, 17.38654821519748, 17.09032638308372, 21.24378059734269, 0.0, 0.9031947066539521, 1.9523561158663996, 1.6134643668157447, 8.994010043189137], [17.255477483557215, 17.183616457039363, 16.824894624925605, 22.69770274788999, 1.910437956444639, 0.0, 2.070329470701591, 1.2539255712158868, 8.979667142386432], [18.323725522043816, 18.6428723510721, 18.34665051895834, 18.58696954144898, 3.957259253740574, 4.485388990917556, 0.0, 1.2171302478755215, 7.584327272292429], [16.680529834806833, 16.999676663835118, 16.64095483172136, 20.823486248950672, 3.544272771665419, 2.4521534762437796, 2.6860480402603883, 0.0, 8.079108742187769], [15.945626749129048, 18.11191895487559, 18.11755981846483, 8.329840156472642, 19.53858958229196, 20.992511732862354, 16.874282804301004, 19.180795233899943, 0.0]], "shift": [[0.0, -1.5, -2.3750000000000004, 4.250000000000001, -2.3125000000000004, -1.5, -1.3124999999999998, -1.0, 8.250000000000002], [1.5, 0.0, -0.8125000000000001, 5.750000000000002, -0.8125000000000001, 0.0, 0.1875, 0.5, 9.750000000000004], [2.3750000000000004, 0.8125000000000001, 0.0, 6.625000000000003, 0.0, 0.875, 1.0, 1.375, 10.562500000000002], [-4.250000000000001, -5.750000000000002, -6.625000000000003, 0.0, -6.562500000000003, -5.750000000000002, -5.562500000000002, -5.250000000000001, 4.000000000000001], [2.3125000000000004, 0.8125000000000001, -0.0, 6.562500000000003, 0.0, 0.8125000000000001, 1.0, 1.3124999999999998, 10.562500000000002], [1.5, -0.0, -0.875, 5.750000000000002, -0.8125000000000001, 0.0, 0.1875, 0.5, 9.750000000000004], [1.3124999999999998, -0.1875, -1.0, 5.562500000000002, -1.0, -0.1875, 0.0, 0.375, 9.562500000000004], [1.0, -0.5, -1.375, 5.250000000000001, -1.3124999999999998, -0.5, -0.375, 0.0, 9.187500000000004], [-8.250000000000002, -9.750000000000004, -10.562500000000002, -4.000000000000001, -10.562500000000002, -9.750000000000004, -9.562500000000004, -9.187500000000004, 0.0]]}}, "v10_distance": {"grid": {"eta": [[0.0, 1.3563126447828713, 2.17901212156275, 6.833984970936127, 9.259859295408525, 9.579225346517413, 9.357770280474558, 9.685137381220724, 11.77935095982667], [6.99021124848602, 0.0, 0.9867833239197191, 8.044249626693468, 9.592524878324413, 9.818284789541572, 9.680781586151317, 9.910749021822161, 13.00833199008747], [19.415567558935663, 12.425356310481618, 0.0, 8.620165538305484, 9.548703993865587, 9.736043577233852, 9.666013983787904, 9.854268002818989, 13.574984879822455], [13.727262272072949, 18.3861623662399, 18.920191509318997, 0.0, 9.653672485079053, 10.351845794353823, 10.14385002826644, 10.851556417998932, 5.262896019191428], [61.244944427269644, 54.254733179011, 42.34249101272013, 54.04778983753056, 0.0, 1.241585832582386, 1.732588344763619, 2.2053648327646145, 11.536807267807013], [58.16157323898702, 51.17136199072837, 42.00513298609607, 50.96441864924793, 8.360295444901453, 0.0, 2.085975105325648, 1.7561149979617234, 12.276031633585479], [61.39282906604183, 54.40261781778318, 43.3477422760931, 54.19567447630274, 3.8137003196228534, 6.498549748082553, 0.0, 1.261415422651074, 11.9516818069678], [58.27790629928367, 51.287695051025025, 43.34978145639241, 51.420687953882066, 10.344867828807907, 3.866237931666489, 8.483122131989006, 0.0, 12.718181373647294], [23.97861336758612, 27.765888081946102, 28.779194056222025, 12.00336527828344, 45.7317812637435, 44.60902079335531, 45.87966590308767, 46.46656777231874, 0.0]], "shift": [[0.0, 0.125, 0.0625, -3.125, -2.125, -1.5, -0.8125000000000001, -0.25, -3.6250000000000004], [-0.125, 0.0, -0.0625, -3.1875000000000004, -2.2500000000000004, -1.6250000000000002, -0.9375, -0.375, -3.750000000000001], [-0.0625, 0.0625, 0.0, -3.1875000000000004, -2.1875, -1.5625, -0.875, -0.3125, -3.687500000000001], [3.125, 3.1875000000000004, 3.1875000000000004, 0.0, 1.0, 1.6250000000000002, 2.3125000000000004, 2.875000000000001, -0.5], [2.125, 2.2500000000000004, 2.1875, -1.0, 0.0, 0.625, 1.3124999999999998, 1.8750000000000004, -1.5], [1.5, 1.6250000000000002, 1.5625, -1.6250000000000002, -0.625, 0.0, 0.6875, 1.25, -2.125], [0.8125000000000001, 0.9375, 0.875, -2.3125000000000004, -1.3124999999999998, -0.6875, 0.0, 0.5625000000000001, -2.8125], [0.25, 0.375, 0.3125, -2.875000000000001, -1.8750000000000004, -1.25, -0.5625000000000001, 0.0, -3.3750000000000004], [3.6250000000000004, 3.750000000000001, 3.687500000000001, 0.5, 1.5, 2.125, 2.8125, 3.3750000000000004, 0.0]]},