{"pseudos": ["DOJO-041-std (Z=8)", "DOJO-050-std (Z=8)", "SPMS (Z=8)", "SG15 (Z=18)", "PSL-US-v1-high (Z=18)", "PSL-PAW-v1-high (Z=18)", "JTH-1.1-std (Z=8)"], "v_distance": {"grid": {"eta": [[0.0, 0.01609324324327059, 0.021798066373578364, 0.02699542900056515, 0.02497492986890736, 0.02426519179885279, 0.04743290440195753], [0.030033881584422273, 0.0, 0.050454782761904696, 0.06884097943987005, 0.23604177649925948, 0.2105809761579772, 0.43594761924666875], [0.030641724279457244, 0.06299392801265014, 0.0, 0.0057897700062257825, 0.026236509094349096, 0.03750166279085319, 0.04078839514731757], [0.03276402152940783, 0.11927180594595299, 0.010499476132075358, 0.0, 0.029134798189799416, 0.03504936781809882, 0.04024014490062021], [0.04705665906756806, 0.4266621398787418, 0.0647561348072756, 0.0670838211066331, 0.0, 0.017613136918169663, 0.036702775811830395], [0.06322601831820762, 0.34954129578501636, 0.08092549405791516, 0.062236067031987835, 0.018797759623094382, 0.0, 0.03135685350353504], [0.09662307530319825, 0.7258927758308151, 0.0816105686729171, 0.07773002323996359, 0.08345103017548539, 0.08345559871569819, 0.0]], "shift": [[0.0, 23.062500000000007, -6.187500000000002, 1753.1875000000016, 1758.5625000000018, 1758.7500000000018, -32.68750000000001], [-23.062500000000007, 0.0, -29.187500000000004, 1730.1875000000018, 1735.6250000000018, 1735.8125000000016, -55.500000000000014], [6.187500000000002, 29.187500000000004, 0.0, 1759.3750000000016, 1764.7500000000016, 1764.9375000000016, -26.56250000000001], [-1753.1875000000016, -1730.1875000000018, -1759.3750000000016, 0.0, 5.375000000000001, 5.500000000000002, 1785.9375000000018], [-1758.5625000000018, -1735.6250000000018, -1764.7500000000016, -5.375000000000001, 0.0, 0.1875, 1791.3125000000014], [-1758.7500000000018, -1735.8125000000016, -1764.9375000000016, -5.500000000000002, -0.1875, 0.0, 1791.4375000000016], [32.68750000000001, 55.500000000000014, 26.56250000000001, -1785.9375000000018, -1791.3125000000014, -1791.4375000000016, 0.0]]}, "path": {"eta": [[0.0, 0.0016093243243270592, 0.02608342291749876, 0.018200879329002922, 0.02395742575618279, 0.026272140920701036, 0.04818592371958655], [0.0030033881584422273, 0.0, 0.00504547827619047, 0.006884097943987005, 0.023604177649925947, 0.02105809761579772, 0.043594761924666874], [0.032850803696502645, 0.0062993928012650136, 0.0, 0.02416149210429234, 0.03388012642016724, 0.02987726682164232, 0.0503064899370597], [0.02759609638691707, 0.011927180594595299, 0.029760861778971304, 0.0, 0.02711348703606027, 0.026260776456180607, 0.05993638394785358], [0.03792207468644726, 0.04266621398787418, 0.08070542784621715, 0.06402088986628626, 0.0, 0.004760378140861891, 0.041736640313624], [0.036829429505225164, 0.034954129578501636, 0.07359871058643108, 0.056914172606569585, 0.007106717259716786, 0.0, 0.04527831237074798], [0.10062390958761463, 0.07258927758308151, 0.07947120479134123, 0.12640289308141206, 0.10507552485972127, 0.11038991430356582, 0.0]], "shift": [[0.0, 2.306250000000001, -6.250000000000002, 1753.0000000000016, 1758.5000000000018, 1758.6250000000016, -35.500000000000014], [-2.306250000000001, 0.0, -2.91875, 173.01875000000018, 173.56250000000017, 173.58125000000015, -5.550000000000002], [6.250000000000002, 2.91875, 0.0, 1759.3125000000018, 1764.8125000000016, 1764.9375000000016, -29.250000000000004], [-1753.0000000000016, -173.01875000000018, -1759.3125000000018, 0.0, 5.500000000000002, 5.625000000000002, 1788.5000000000018], [-1758.5000000000018, -173.56250000000017, -1764.8125000000016, -5.500000000000002, 0.0, 0.125, 1794.0000000000023], [-1758.6250000000016, -173.58125000000015, -1764.9375000000016, -5.625000000000002, -0.125, 0.0, 1794.1250000000023], [35.500000000000014, 5.550000000000002, 29.250000000000004, -1788.5000000000018, -1794.0000000000023, -1794.1250000000023, 0.0]]}}, "v10_distance": {"grid": {"eta": [[0.0, 17.73454508474743, 4.4929532997781765, 2.714564118037233, 1.4795058313037561, 1.4713572817383547, 42.57641532912232], [116.0675427828473, 0.0, 22.027616583190106, 11.407989638533303, 10.130775210491086, 10.127784995630421, 53.201455607357076], [28.223359132830268, 144.54090191567755, 0.0, 0.3463416753404237, 1.3092205085709758, 1.3091746872284642, 40.32494382822647], [28.94915528449826, 139.7860571022034, 1.3273251826912968, 0.0, 1.0656766057431997, 1.0665190250886363, 27.226323132328083], [9.391089208946823, 120.10299102665178, 19.0552424352175, 7.069316755231768, 0.0, 0.027853661852385338, 27.704141339236305], [9.331771148640478, 120.04367296634544, 19.05206049552377, 7.010576099563594, 0.07196517866336194, 0.0, 27.712652830911154], [141.0811273618847, 172.38907172890922, 142.53565712939576, 111.24882815616743, 109.99432092091243, 110.07497707864466, 0.0]], "shift": [[0.0, 14.500000000000002, -3.4375000000000004, 1755.0625000000018, 1760.0000000000016, 1760.1875000000016, 1.1875000000000002], [-14.500000000000002, 0.0, -18.187500000000007, 1735.9375000000016, 1741.0000000000016, 1741.1875000000016, -16.500000000000004], [3.4375000000000004, 18.187500000000007, 0.0, 1759.6875000000018, 1764.6875000000018, 1764.8125000000016, 4.625000000000002], [-1755.0625000000018, -1735.9375000000016, -1759.6875000000018, 0.0, 5.125000000000001, 5.250000000000001, 1767.5000000000018], [-1760.0000000000016, -1741.0000000000016, -1764.6875000000018, -5.125000000000001, 0.0, 0.1875, 1772.5000000000018], [-1760.1875000000016, -1741.1875000000016, -1764.8125000000016, -5.250000000000001, -0.1875, 0.0, 1772.6875000000018], [-1.1875000000000002, 16.500000000000004, -4.625000000000002, -1767.5000000000018, -1772.5000000000018, -1772.6875000000018, 0.0]]}, "path": {"eta": [[0.0, 1.773454508474743, 6.286952371496444, 3.627322831960376, 1.6721074235956337, 1.6681233897602004, 50.34936024093834], [11.606754278284729, 0.0, 2.2027616583190106, 1.1407989638533302, 1.0130775210491085, 1.012778499563042, 5.320145560735708], [29.582713915974665, 14.454090191567754, 0.0, 0.42645362226921546, 2.1112961608684166, 2.10494022466007, 48.591105889361955], [29.134272136437378, 13.97860571022034, 1.4416419779297307, 0.0, 1.5142719924681867, 1.5085634680697861, 34.54379586342363], [9.444630149390898, 12.010299102665178, 18.62953194496786, 7.1812139785598115, 0.0, 0.016130518117453, 34.60725725834625], [9.500344416342621, 12.004367296634545, 18.572558298896034, 7.228008947804229, 0.051881614639384566, 0.0, 34.62111513408634], [164.26718383110764, 17.238907172890922, 165.96415057408578, 134.4261188056475, 132.94852645761824, 133.0725974516258, 0.0]], "shift": [[0.0, 1.4500000000000002, -3.0000000000000004, 1754.9375000000018, 1760.0625000000016, 1760.1875000000016, 6.375000000000002], [-1.4500000000000002, 0.0, -1.8187500000000008, 173.59375000000017, 174.10000000000016, 174.11875000000015, -1.6500000000000004], [3.0000000000000004, 1.8187500000000008, 0.0, 1759.5625000000016, 1764.6875000000018, 1764.8125000000016, 9.375000000000004], [-1754.9375000000018, -173.59375000000017, -1759.5625000000016, 0.0, 5.312500000000001, 5.500000000000002, 1763.3750000000016], [-1760.0625000000016, -174.10000000000016, -1764.6875000000018, -5.312500000000001, 0.0, 0.125, 1768.5000000000018], [-1760.1875000000016, -174.11875000000015, -1764.8125000000016, -5.500000000000002, -0.125, 0.0, 1768.6875000000018], [-6.375000000000002, 1.6500000000000004, -9.375000000000004, -1763.3750000000016, -1768.5000000000018, -1768.6875000000018, 0.0]]}}}