{"pseudos": ["DOJO-041-std-11", "SPMS-11", "SG15-11", "GBRV-1.X-11", "PSL-US-v1-high-11", "PSL-PAW-v1-high-11", "JTH-1.1-std-11"], "v_distance": {"grid": {"eta": [[0.0, 2.348795305077309, 0.6223674739206971, 1.3550901989610542, 1.3578093718300577, 1.592997321913967, 2.280868147607313], [4.606325457254684, 0.0, 2.0573658249159243, 3.6947971632736634, 3.622199179459634, 3.8545865233705525, 4.460795638195386], [1.8569192174778664, 4.289941216543582, 0.0, 1.8237239645039194, 1.8946364148742216, 2.122699922558446, 2.839286366945812], [2.6972036013224856, 7.203825861767429, 4.554122818800353, 0.0, 0.42846495688054925, 0.5042817715894846, 1.1708191592065496], [2.3095783895119557, 6.739932179512835, 4.114728093048343, 0.8689273153074524, 0.0, 0.23663987444706885, 0.9547624711926104], [2.675959082851549, 7.084375274373302, 4.473996276036589, 1.2188279364867824, 0.3893827844319162, 0.0, 0.7454838887826266], [4.550686895781937, 9.161624950613106, 6.470106113259804, 2.0626911303577704, 2.4216927711002687, 2.014749676239802, 0.0]], "shift": [[0.0, -3.3750000000000004, -1.375, 2.1250000000000004, 2.0000000000000004, 2.3750000000000004, 3.937500000000001], [3.3750000000000004, 0.0, 2.0000000000000004, 5.500000000000002, 5.375000000000001, 5.750000000000002, 7.375000000000003], [1.375, -2.0000000000000004, 0.0, 3.5000000000000013, 3.3750000000000013, 3.7500000000000013, 5.375000000000001], [-2.1250000000000004, -5.500000000000002, -3.5000000000000013, 0.0, -0.125, 0.25, 1.8750000000000004], [-2.0000000000000004, -5.375000000000001, -3.3750000000000013, 0.125, 0.0, 0.375, 2.0000000000000004], [-2.3750000000000004, -5.750000000000002, -3.7500000000000013, -0.25, -0.375, 0.0, 1.5625], [-3.937500000000001, -7.375000000000003, -5.375000000000001, -1.8750000000000004, -2.0000000000000004, -1.5625, 0.0]]}, "path": {"eta": [[0.0, 0.23487953050773092, 0.06223674739206971, 0.13550901989610542, 0.13578093718300577, 0.1592997321913967, 0.22808681476073128], [0.4606325457254684, 0.0, 0.20573658249159243, 0.3694797163273663, 0.3622199179459634, 0.38545865233705523, 0.4460795638195386], [0.18569192174778665, 0.4289941216543582, 0.0, 0.18237239645039194, 0.18946364148742217, 0.2122699922558446, 0.2839286366945812], [0.26972036013224854, 0.7203825861767429, 0.45541228188003535, 0.0, 0.042846495688054924, 0.05042817715894846, 0.11708191592065495], [0.23095783895119557, 0.6739932179512835, 0.41147280930483426, 0.08689273153074524, 0.0, 0.023663987444706887, 0.09547624711926103], [0.2675959082851549, 0.7084375274373302, 0.44739962760365887, 0.12188279364867824, 0.03893827844319162, 0.0, 0.07454838887826266], [0.45506868957819374, 0.9161624950613106, 0.6470106113259804, 0.20626911303577705, 0.24216927711002686, 0.2014749676239802, 0.0]], "shift": [[0.0, -0.3375, -0.1375, 0.21250000000000005, 0.20000000000000004, 0.23750000000000004, 0.3937500000000001], [0.3375, 0.0, 0.20000000000000004, 0.5500000000000002, 0.5375000000000001, 0.5750000000000002, 0.7375000000000003], [0.1375, -0.20000000000000004, 0.0, 0.35000000000000014, 0.33750000000000013, 0.3750000000000001, 0.5375000000000001], [-0.21250000000000005, -0.5500000000000002, -0.35000000000000014, 0.0, -0.0125, 0.025, 0.18750000000000006], [-0.20000000000000004, -0.5375000000000001, -0.33750000000000013, 0.0125, 0.0, 0.0375, 0.20000000000000004], [-0.23750000000000004, -0.5750000000000002, -0.3750000000000001, -0.025, -0.0375, 0.0, 0.15625], [-0.3937500000000001, -0.7375000000000003, -0.5375000000000001, -0.18750000000000006, -0.20000000000000004, -0.15625, 0.0]]}}, "v10_distance": {"grid": {"eta": [[0.0, 10.899343929709069, 3.6346189751112954, 5.7680246266999315, 1.2888960191957146, 1.5091941663064377, 6.347936272456121], [108.11554765746762, 0.0, 7.321230875292171, 16.649559802086515, 11.387792278706309, 11.499055885147339, 17.147862575283696], [35.21340687289688, 72.90214078457073, 0.0, 9.38157503960785, 4.236032564942592, 4.380326227251747, 9.936946661208033], [54.49050713887411, 162.6060547963417, 89.70391401177099, 0.0, 5.4325584578048085, 5.386826540465174, 1.1566495889206636], [2.8280774052138895, 108.40687888139301, 35.44223809682228, 54.26167591494871, 0.0, 0.22183254387442108, 5.817951468312578], [3.3424585847784556, 108.61353040480726, 35.71138962023653, 53.99252439153446, 0.5143827844319162, 0.0, 5.736551078402453], [55.69971423684626, 163.8152618943139, 90.91312110974314, 1.723331755346635, 55.408383012920865, 55.139231489506614, 0.0]], "shift": [[0.0, 1.5000000000000002, 0.375, -0.6875, 1.1250000000000002, 1.375, 0.375], [-1.5000000000000002, 0.0, -1.1250000000000002, -2.1875, -0.375, -0.1875, -1.1250000000000002], [-0.375, 1.1250000000000002, 0.0, -1.0625, 0.6875, 0.9375, 0.0], [0.6875, 2.1875, 1.0625, 0.0, 1.7500000000000002, 2.0000000000000004, 1.0625], [-1.1250000000000002, 0.375, -0.6875, -1.7500000000000002, 0.0, 0.25, -0.75], [-1.375, 0.1875, -0.9375, -2.0000000000000004, -0.25, 0.0, -1.0], [-0.375, 1.1250000000000002, -0.0, -1.0625, 0.75, 1.0, 0.0]]}, "path": {"eta": [[0.0, 1.0899343929709069, 0.36346189751112956, 0.5768024626699931, 0.12888960191957147, 0.15091941663064376, 0.6347936272456121], [10.811554765746761, 0.0, 0.7321230875292171, 1.6649559802086515, 1.1387792278706308, 1.1499055885147338, 1.7147862575283697], [3.521340687289688, 7.2902140784570735, 0.0, 0.9381575039607849, 0.42360325649425923, 0.43803262272517474, 0.9936946661208033], [5.449050713887411, 16.260605479634172, 8.9703914011771, 0.0, 0.5432558457804808, 0.5386826540465174, 0.11566495889206636], [0.28280774052138896, 10.840687888139302, 3.544223809682228, 5.426167591494871, 0.0, 0.02218325438744211, 0.5817951468312578], [0.33424585847784555, 10.861353040480726, 3.571138962023653, 5.399252439153446, 0.05143827844319162, 0.0, 0.5736551078402453], [5.569971423684626, 16.38152618943139, 9.091312110974314, 0.17233317553466349, 5.540838301292086, 5.513923148950662, 0.0]], "shift": [[0.0, 0.15000000000000002, 0.0375, -0.06875, 0.11250000000000002, 0.1375, 0.0375], [-0.15000000000000002, 0.0, -0.11250000000000002, -0.21875, -0.0375, -0.01875, -0.11250000000000002], [-0.0375, 0.11250000000000002, 0.0, -0.10625, 0.06875, 0.09375, 0.0], [0.06875, 0.21875, 0.10625, 0.0, 0.17500000000000002, 0.20000000000000004, 0.10625], [-0.11250000000000002, 0.0375, -0.06875, -0.17500000000000002, 0.0, 0.025, -0.075], [-0.1375, 0.01875, -0.09375, -0.20000000000000004, -0.025, 0.0, -0.1], [-0.0375, 0.11250000000000002, -0.0, -0.10625, 0.075, 0.1, 0.0]]}}}