{"pseudos": ["DOJO-041-std (Z=11)", "SPMS (Z=11)", "SG15 (Z=11)", "GBRV-1.X (Z=11)", "PSL-US-v1-high (Z=11)", "PSL-PAW-v1-high (Z=11)", "JTH-1.1-std (Z=11)"], "v_distance": {"grid": {"eta": [[0.0, 0.8803598156580971, 0.3997084477933315, 0.4033304134617461, 0.14457110671883444, 0.1724705691416276, 0.3857946786613776], [2.168825457254684, 0.0, 0.49300915096159303, 1.2699889536083173, 0.9859665846144411, 1.0115826139005728, 1.2573563014501252], [0.9194192174778664, 1.3546946084724283, 0.0, 0.7885874575142252, 0.5217325382616816, 0.5494329946930627, 0.775978241062457], [1.0722036013224852, 3.1413258617674273, 1.9916228188003515, 0.0, 0.34783098646754695, 0.33771618973409057, 0.07294993539735785], [0.30957838951195527, 2.3649321795128344, 1.1772280930483419, 0.8388936822545929, 0.0, 0.029165653375404773, 0.31508511761896435], [0.3634590828515485, 2.3968752743733006, 1.223996276036587, 0.8069505873941267, 0.05388069333959322, 0.0, 0.3025842330591576], [1.1131868957819364, 3.2241249506131027, 2.032606113259803, 0.20957543162936076, 0.9216927711002683, 0.8897496762398021, 0.0]], "shift": [[0.0, -0.9375, -0.4375, 0.5, 0.0, 0.0625, 0.5], [0.9375, 0.0, 0.5, 1.4375, 1.0, 1.0625, 1.4375], [0.4375, -0.5, 0.0, 0.9375, 0.4375, 0.5, 0.9375], [-0.5, -1.4375, -0.9375, 0.0, -0.5, -0.4375, 0.0], [-0.0, -1.0, -0.4375, 0.5, 0.0, 0.0625, 0.5], [-0.0625, -1.0625, -0.5, 0.4375, -0.0625, 0.0, 0.4375], [-0.5, -1.4375, -0.9375, -0.0, -0.5, -0.4375, 0.0]]}, "path": {"eta": [[0.0, 0.8377151715765789, 0.39903708569535534, 1.2109776205402232, 0.07684001549276404, 0.1000178266653964, 0.24217025973157674], [2.492384988451903, 0.0, 0.4666381663743496, 0.8280593194491285, 0.8280746269593731, 0.8646509993560753, 0.8924755014432826], [0.9688593306951816, 1.5655209505803926, 0.0, 0.8904214840193837, 0.39336562004686254, 0.4357501547266482, 0.4541908923482495], [1.8530869554344918, 1.8005710714001708, 1.531098936192521, 0.0, 1.2214269844903456, 1.2676237464990467, 1.1321102355762918], [0.19585932455197508, 2.334981499438115, 0.8355000061432065, 1.8677855950045767, 0.0, 0.05413558521994651, 0.27555097540664786], [0.2064586210866679, 2.398084109209975, 0.8591927841298457, 1.9010170314711843, 0.09573143646660753, 0.0, 0.29612262120040633], [0.714304685894021, 3.2066896743459243, 1.705011654872294, 2.044582335083248, 0.871708174907809, 0.8711055651359487, 0.0]], "shift": [[0.0, -1.1250000000000002, -0.5, -0.5625000000000001, -0.125, -0.0625, 0.125], [1.1250000000000002, 0.0, 0.625, 0.5625000000000001, 1.0, 1.0625, 1.25], [0.5, -0.625, 0.0, 0.0, 0.4375, 0.4375, 0.6875], [0.5625000000000001, -0.5625000000000001, -0.0, 0.0, 0.4375, 0.4375, 0.6875], [0.125, -1.0, -0.4375, -0.4375, 0.0, 0.0625, 0.25], [0.0625, -1.0625, -0.4375, -0.4375, -0.0625, 0.0, 0.25], [-0.125, -1.25, -0.6875, -0.6875, -0.25, -0.25, 0.0]]}}, "v10_distance": {"grid": {"eta": [[0.0, 12.36432446306498, 4.067224242942061, 6.424089650489105, 0.2746428566215433, 0.3122567586715447, 6.4461161801848395], [104.92804765746762, 0.0, 8.307412700523873, 18.769982665144223, 12.23310539005758, 12.233238669697652, 18.789077772140615], [34.02590687289688, 70.90214078457073, 0.0, 10.486098043091136, 3.9416189299980275, 3.944031838479369, 10.504979774862605], [52.67800713887411, 157.6060547963417, 86.70391401177099, 0.0, 6.558482248613723, 6.559975506745212, 0.19851894014703425], [0.8124591391277249, 104.28187888139301, 33.37973809682228, 53.26167591494871, 0.0, 0.05391832365374144, 6.574595155089476], [0.9750592529546508, 104.42603040480726, 33.52388962023653, 53.18002439153446, 0.17838250732390293, 0.0, 6.5751376161020945], [53.01221423684626, 157.94026189431386, 87.03812110974314, 0.5218688630170902, 53.658383012920865, 53.514231489506614, 0.0]], "shift": [[0.0, 4.687500000000002, 1.5625, -2.5, 0.25, 0.3125, -2.3125000000000004], [-4.687500000000002, 0.0, -3.125, -7.187500000000003, -4.500000000000002, -4.375000000000001, -7.000000000000003], [-1.5625, 3.125, 0.0, -4.062500000000001, -1.375, -1.25, -3.875000000000001], [2.5, 7.187500000000003, 4.062500000000001, 0.0, 2.750000000000001, 2.812500000000001, 0.1875], [-0.25, 4.500000000000002, 1.375, -2.750000000000001, 0.0, 0.0625, -2.5], [-0.3125, 4.375000000000001, 1.25, -2.812500000000001, -0.0625, 0.0, -2.6249999999999996], [2.3125000000000004, 7.000000000000003, 3.875000000000001, -0.1875, 2.5, 2.6249999999999996, 0.0]]}, "path": {"eta": [[0.0, 19.94007936004289, 6.511754931939081, 11.663287035677046, 0.6604283581964769, 0.6981322335898519, 10.379734019780575], [102.89317502409078, 0.0, 13.446287217215819, 31.259687437983562, 20.043519214018847, 20.057588712169657, 30.249840319942606], [33.38255038572807, 69.54981096035652, 0.0, 17.943400011875323, 6.617701748902751, 6.6343737641290454, 16.844123098278278], [56.104579452949736, 158.99775447701208, 89.38544351665912, 0.0, 11.411855055121476, 11.39620091987798, 2.4771341046342132], [1.3467846142060722, 103.36638448442437, 33.8165735240714, 55.56886999258772, 0.0, 0.06307372366782706, 10.238138672883917], [1.4227407194003234, 103.4871954651048, 33.93738450474828, 55.4480590119215, 0.18772842070043794, 0.0, 10.223740885991946], [52.65795546138976, 155.5511304854805, 85.93881952512402, 4.971620213445263, 52.122246001077485, 52.00143502037574, 0.0]], "shift": [[0.0, 6.625000000000003, 2.3125000000000004, -0.875, 0.6875, 0.75, -2.5624999999999996], [-6.625000000000003, 0.0, -4.375000000000001, -7.500000000000003, -6.000000000000002, -5.937500000000002, -9.187500000000004], [-2.3125000000000004, 4.375000000000001, 0.0, -3.1875000000000004, -1.6250000000000002, -1.5625, -4.875000000000001], [0.875, 7.500000000000003, 3.1875000000000004, 0.0, 1.5625, 1.6250000000000002, -1.6875000000000002], [-0.6875, 6.000000000000002, 1.6250000000000002, -1.5625, 0.0, 0.0625, -3.2500000000000004], [-0.75, 5.937500000000002, 1.5625, -1.6250000000000002, -0.0625, 0.0, -3.3125000000000004], [2.5624999999999996, 9.187500000000004, 4.875000000000001, 1.6875000000000002, 3.2500000000000004, 3.3125000000000004, 0.0]]}}}