{"pseudos": ["PSL-US-v1-high-34", "PSL-US-v1-low-11", "PSL-US-v1-low-10", "PSL-PAW-v1-high-34", "PSL-PAW-v1-low-11", "PSL-PAW-v1-low-10", "JTH-1.1-std-24", "Wentzcovitch-24"], "v_distance": {"grid": {"eta": [[0.0, 1384.5136733834624, 1222.3188726176668, 1.9590672530720799, 1384.5278568149859, 1222.2298381074415, 14.519590748330018, 8.565906515012655], [4118.533802917398, 0.0, 112.93775869229984, 1384.0456709451635, 0.01805483845058587, 112.84137868369018, 1385.0977212333967, 1385.5192781211786], [3519.332695289907, 332.3231401047866, 0.0, 1222.8493699976043, 112.92673323183425, 0.10287757480413619, 1229.5383183339277, 1230.1134866186512], [3.2515622762228844, 4122.589249048284, 3522.7646358007955, 0.0, 1384.0598549658457, 1222.7603745230733, 14.359704166500643, 8.338217354828547], [4118.57155781248, 0.03775489508228702, 332.31179544346867, 4122.627003943366, 0.0, 112.83035395683058, 1385.1119293457782, 1385.5334791168007], [3519.2485227362163, 332.0070226672984, 0.17495606230817629, 3522.680463247105, 331.99567800598044, 0.0, 1229.4489484821543, 1230.0240548512481], [92.64836681459575, 4130.149695268981, 3536.2674523245, 95.7081864009472, 4130.187450164063, 3536.12077977081, 0.0, 7.728994311715943], [46.789728928763545, 4129.257113046778, 3537.812038746269, 49.849548515114996, 4129.2948679418605, 3537.665366192578, 46.02951384442724, 0.0]], "shift": [[0.0, 1125.6250000000011, 1416.0000000000014, 0.0625, 1125.6250000000011, 1415.8125000000014, 6.437500000000003, 4.187500000000001], [-1125.6250000000011, 0.0, -499.62500000000045, 1124.8125000000011, 0.0, -499.7500000000004, 1123.3750000000011, 1121.6250000000011], [-1416.0000000000014, 499.62500000000045, 0.0, 1415.8125000000014, -499.62500000000045, 0.125, 1408.4375000000014, 1404.2500000000014], [-0.0625, -1124.8125000000011, -1415.8125000000014, 0.0, 1124.8125000000011, 1415.6250000000014, 6.500000000000003, 4.250000000000001], [-1125.6250000000011, -0.0, 499.62500000000045, -1124.8125000000011, 0.0, -499.7500000000004, 1123.3750000000011, 1121.6250000000011], [-1415.8125000000014, 499.7500000000004, -0.125, -1415.6250000000014, 499.7500000000004, 0.0, 1408.3125000000014, 1404.1250000000014], [-6.437500000000003, -1123.3750000000011, -1408.4375000000014, -6.500000000000003, -1123.3750000000011, -1408.3125000000014, 0.0, 2.250000000000001], [-4.187500000000001, -1121.6250000000011, -1404.2500000000014, -4.250000000000001, -1121.6250000000011, -1404.1250000000014, -2.250000000000001, 0.0]]}, "path": {"eta": [[0.0, 1855.1403244497453, 1745.7685520941327, 2.2684188579003854, 1855.1538866144415, 1745.6505422504124, 19.610765581184353, 9.394562711278299], [3634.229033024267, 0.0, 140.36521561815758, 1855.0511110513864, 0.02480218792270351, 140.24468969286892, 1857.3998804752243, 1856.9454159147192], [2959.464081409185, 365.92881229472454, 0.0, 1746.6179557743565, 140.3542740386837, 0.13527860823085353, 1758.117107170475, 1755.863749527018], [3.237522757851906, 3638.579510831649, 2962.7535576395185, 0.0, 1855.0646684617584, 1746.4999377580868, 19.500569646127943, 9.187246113349785], [3634.2072380466193, 0.040705022401610336, 365.9267902122666, 3638.6202158540505, 0.0, 140.23375008552523, 1857.4134817266847, 1856.9589996761185], [2959.303127574879, 365.6084069341743, 0.181125810550256, 2962.592603805213, 365.60638485171637, 0.0, 1757.9989841731592, 1755.745522649607], [90.07278055486388, 3649.1122684175293, 2986.4161821377984, 93.18578342343763, 3649.152973439881, 2986.317728303505, 0.0, 11.692278672013723], [47.125739403017775, 3646.6586574066014, 2983.5872393319305, 50.176242271612836, 3646.699362429003, 2983.488785497625, 57.347953268856, 0.0]], "shift": [[0.0, 1610.1250000000016, 1976.4375000000023, 0.0625, 1610.1875000000016, 1976.3125000000023, 8.437500000000002, 3.6250000000000013], [-1610.1250000000016, 0.0, -478.75000000000034, 1609.0000000000016, 0.0, -478.8750000000004, 1604.1875000000014, 1604.6875000000016], [-1976.4375000000023, 478.75000000000034, 0.0, 1976.3750000000023, -478.75000000000034, 0.125, 1958.4375000000023, 1959.3125000000025], [-0.0625, -1609.0000000000016, -1976.3750000000023, 0.0, 1609.0000000000016, 1976.2500000000023, 8.437500000000002, 3.6875000000000013], [-1610.1875000000016, -0.0, 478.75000000000034, -1609.0000000000016, 0.0, -478.8750000000004, 1604.1875000000014, 1604.6875000000016], [-1976.3125000000023, 478.8750000000004, -0.125, -1976.2500000000023, 478.8750000000004, 0.0, 1958.2500000000023, 1959.1250000000025], [-8.437500000000002, -1604.1875000000014, -1958.4375000000023, -8.437500000000002, -1604.1875000000014, -1958.2500000000023, 0.0, 4.812500000000001], [-3.6250000000000013, -1604.6875000000016, -1959.3125000000025, -3.6875000000000013, -1604.6875000000016, -1959.1250000000025, -4.812500000000001, 0.0]]}}, "v10_distance": {"grid": {"eta": [[0.0, 1295.4217565999063, 763.0238086919779, 3.8340840546322257, 1295.4322968818092, 762.8785003676365, 56.65786788693353, 40.298365553288804], [5412.096302917399, 0.0, 447.7225145258203, 1294.3081758776552, 0.04763964834281628, 447.53880948223076, 1308.9413493900715, 1307.340477876811], [4881.020195289908, 1124.7289612294655, 0.0, 761.3519121575679, 447.68274501802136, 0.20852645560123084, 798.5168455113528, 789.459940328078], [11.34890608375352, 5411.089249048285, 4879.264635800797, 0.0, 1294.3186536666976, 761.2071493670861, 59.82784729067496, 43.71562248822661], [5412.134057812481, 0.11665107815487374, 1124.6206217811912, 5411.1895039433675, 0.0, 447.49904117398967, 1308.952681806812, 1307.3516769389535], [4880.561022736218, 1124.4625755998884, 0.5241306486434212, 4878.805463247107, 1124.354236151614, 0.0, 798.3630197353112, 789.3097838524169], [302.7675517350477, 5480.774695268982, 4956.204952324501, 306.91754888719174, 5480.874950164065, 4955.745779770811, 0.0, 24.601590979451895], [135.92303986888894, 5470.1946130467795, 4946.37453874627, 140.0730370210331, 5470.294867941862, 4945.915366192579, 166.84451186615868, 0.0]], "shift": [[0.0, -167.9375000000001, 54.31250000000002, 2.5625000000000004, -167.9375000000001, 54.50000000000002, 36.187500000000014, 31.562500000000007], [167.9375000000001, 0.0, -1083.437500000001, -163.68750000000009, 0.0625, -1083.250000000001, -227.25000000000014, -219.31250000000014], [-54.31250000000002, 1083.437500000001, 0.0, 59.31250000000003, -1083.3750000000011, -0.1875, -11.500000000000004, -4.312500000000001], [-2.5625000000000004, 163.68750000000009, -59.31250000000003, 0.0, -163.75000000000009, 59.50000000000003, 38.750000000000014, 34.12500000000001], [167.9375000000001, -0.0625, 1083.3750000000011, 163.75000000000009, 0.0, -1083.1875000000011, -227.31250000000014, -219.37500000000014], [-54.50000000000002, 1083.250000000001, 0.1875, -59.50000000000003, 1083.1875000000011, 0.0, -11.312500000000004, -4.125000000000001], [-36.187500000000014, 227.25000000000014, 11.500000000000004, -38.750000000000014, 227.31250000000014, 11.312500000000004, 0.0, 4.625000000000002], [-31.562500000000007, 219.31250000000014, 4.312500000000001, -34.12500000000001, 219.37500000000014, 4.125000000000001, -4.625000000000002, 0.0]]},