{"pseudos": ["DOJO-041-std (Z=12)", "SPMS (Z=12)", "SG15 (Z=12)", "GBRV-1.X (Z=12)", "PSL-US-v1-high (Z=12)", "PSL-US-v0.x (Z=12)", "PSL-PAW-v0.x (Z=12)", "PSL-PAW-v1-high (Z=12)", "JTH-1.1-std (Z=12)"], "average": {"grid": {"eta": [[0.0, 9.825746049490304, 0.6799547409154488, 5.707903986254049, 0.42009786087027423, 18.45377485972016, 18.418664719754997, 0.4230007428392154, 5.543621130039163], [1.3803943854549257, 0.0, 9.346001262023226, 15.49636531115317, 10.017560293358883, 8.718978084871182, 8.671915272818982, 10.029847403991472, 15.328423635277115], [0.5419692696829826, 1.0716454855209874, 0.0, 6.214985764370931, 0.9072048111113991, 17.98021101877998, 17.943775433720074, 0.8979981600121653, 6.043557268849886], [0.893177869842996, 2.2255117613558673, 1.3017287754549187, 0.0, 5.542472483095046, 24.10327316669961, 24.067693604496505, 5.5153649410605485, 0.366631290248342], [0.14752241375716826, 1.3855829380223776, 0.6261411201333336, 0.8789693789884471, 0.0, 18.627503492547284, 18.59541607083483, 0.14784619227280482, 5.358031769471092], [2.9723687044100977, 1.6531405550706444, 2.6543082444932944, 3.8497523780317264, 2.9817996787940415, 0.0, 0.19023306682349317, 18.649128908674697, 23.9298470717103], [2.9446848783085757, 1.619233066614247, 2.6243430526358704, 3.820680321444211, 2.9541172307069132, 0.053458117147450565, 0.0, 18.615927119342434, 23.89582771139661], [0.20260161559767997, 1.4001132257501672, 0.6535217716602799, 0.8542391732876552, 0.07339335582896898, 3.0063989027683227, 2.977838115910734, 0.0, 5.331524259161788], [0.7974768913631649, 2.110177970308512, 1.2018469430236003, 0.15681442924710653, 0.7717697522644082, 3.73672638590184, 3.7075093293608625, 0.7417714979384343, 0.0]], "shift": [[0.0, 2.5625000000000004, 0.0, -1.5625, 0.1875, 5.062500000000001, 5.000000000000001, 0.1875, -1.375], [-1.75, 0.0, -2.5624999999999996, -4.125000000000001, -2.3750000000000004, 2.5000000000000004, 2.4375000000000004, -2.3750000000000004, -3.937500000000001], [-0.25, 1.4375, 0.0, -1.5625, 0.1875, 5.125000000000001, 5.000000000000001, 0.1875, -1.3124999999999998], [1.3124999999999998, 3.000000000000001, 1.5625, 0.0, 1.7500000000000002, 6.625000000000003, 6.562500000000003, 1.7500000000000002, 0.1875], [-0.0625, 1.6250000000000002, 0.1875, -1.375, 0.0, 4.875000000000001, 4.812500000000001, 0.0, -1.5625], [-4.312500000000001, -2.5624999999999996, -4.000000000000001, -5.562500000000002, -4.187500000000001, 0.0, -0.0625, -4.875000000000001, -6.437500000000003], [-4.187500000000001, -2.4375000000000004, -3.937500000000001, -5.437500000000002, -4.125000000000001, 0.125, 0.0, -4.812500000000001, -6.312500000000002], [0.0, 1.7500000000000002, 0.25, -1.3124999999999998, 0.0625, 4.250000000000001, 4.187500000000001, 0.0, -1.5], [1.1250000000000002, 2.875000000000001, 1.375, -0.1875, 1.1875000000000002, 5.437500000000002, 5.312500000000001, 1.1250000000000002, 0.0]]}, "path": {"eta": [[0.0, 16.164627283287203, 1.25815982503883, 8.975395381518839, 1.0751032316522238, 28.689201349474214, 28.708510213171444, 1.0397230021813009, 8.85495046429768], [1.1112545939224174, 0.0, 15.108853655631549, 25.034327020760006, 16.667790728716625, 12.89114456081094, 12.884662028833784, 16.63683090007756, 24.888693992524228], [0.7190420900155687, 1.1965050482012618, 0.0, 10.095189705480744, 1.9309715773155638, 27.628348000342385, 27.64602088149053, 1.8921192910076186, 9.959915501506527], [0.888343531796333, 1.901425285594476, 1.3983096721599655, 0.0, 8.565755711639493, 37.421863269232574, 37.443507750992076, 8.578167832103142, 1.040782541660303], [0.18453329147457853, 1.0257551809402474, 0.7833806975542266, 0.9573625014514009, 0.0, 29.1062691268593, 29.13309599148561, 0.1878715302179125, 8.34370709401601], [4.210757561863625, 3.46609459185745, 3.729128621146661, 5.055325613091341, 4.166836809758504, 0.0, 0.25543263842512093, 29.08880214383379, 37.202640472447705], [4.16056001989269, 3.414478606784188, 3.67518495760355, 5.0033404922308105, 4.117339035579746, 0.08361938983175031, 0.0, 29.11465572301683, 37.23033960155716], [0.21888145413060092, 1.0397091125933353, 0.8186478860638007, 0.9137263967644811, 0.08983776753378417, 4.211952697479205, 4.161620204268518, 0.0, 8.362549850090684], [0.6112613414151787, 1.639988444544236, 1.0187969959106105, 0.4802401352169827, 0.672017195604381, 4.63649543556612, 4.585667471809443, 0.6411830521820966, 0.0]], "shift": [[0.0, 3.5625000000000013, 0.0625, -1.8124999999999998, 0.6875, 6.375000000000002, 6.187500000000002, 0.6875, -1.1875000000000002], [-1.875, 0.0, -3.5000000000000004, -5.312500000000001, -2.8125, 2.875000000000001, 2.6250000000000004, -2.875, -4.687500000000001], [-0.375, 1.5000000000000002, 0.0, -1.875, 0.625, 6.312500000000002, 6.125000000000002, 0.625, -1.25], [1.6250000000000002, 3.5000000000000013, 2.0000000000000004, 0.0, 2.5000000000000004, 8.062500000000002, 7.875000000000002, 2.5000000000000004, 0.625], [-0.125, 1.7500000000000002, 0.1875, -1.75, 0.0, 5.625000000000002, 5.437500000000002, -0.0625, -1.875], [-6.812500000000003, -4.937500000000001, -6.500000000000003, -8.437500000000002, -6.687500000000003, 0.0, -0.1875, -5.687500000000002, -7.500000000000003], [-6.750000000000003, -4.875000000000001, -6.375000000000002, -8.375000000000002, -6.625000000000003, 0.0625, 0.0, -5.500000000000002, -7.312500000000003], [-0.0625, 1.8125000000000002, 0.25, -1.6875000000000002, 0.0625, 6.750000000000003, 6.687500000000003, 0.0, -1.875], [0.9375, 2.812500000000001, 1.3124999999999998, -0.6875, 1.0625, 7.750000000000003, 7.6875000000000036, 1.0, 0.0]]}}, "maximum": {"grid": {"eta": [[0.0, 101.87540494031902, 7.994557871588981, 56.103173498343395, 1.997256505897653, 189.95725099601233, 190.38198060997124, 1.9045230403422693, 54.07705448236601], [3.6645573782157754, 0.0, 93.89237455240875, 158.14276665173227, 103.87266144621667, 88.0818460556933, 88.50657566965224, 103.77992798066128, 156.06433431794923], [1.4329501469750596, 3.1687466638124135, 0.0, 64.08620388625366, 9.980286893807914, 181.91172060810206, 182.398950222061, 9.88755342825253, 62.12258487027627], [2.0505932117388994, 5.652650589954676, 2.650399728316799, 0.0, 54.10591699244574, 246.06042449435571, 246.48515410831465, 54.198650458001126, 2.0784323337830273], [0.3566238295678801, 3.5382517523754444, 1.5562455091844356, 2.1143988375792304, 0.0, 191.95450750190997, 192.3792371158689, 0.4522715413433076, 52.079797976468356], [7.543584715570987, 3.8790273373552107, 7.0477740011676255, 9.531677927309888, 7.417279089730656, 0.0, 0.4549328195245437, 191.8617740363546, 244.03430547837831], [7.483046118085469, 3.8184887398696934, 7.049735403682107, 9.47113932982437, 7.419240492245138, 0.13112223341356355, 0.0, 192.28650365031353, 244.52153509233727], [0.40987804953829254, 3.5747324304319084, 1.598897943988348, 2.140418159522767, 0.14955195026692536, 7.39125976778712, 7.393221170301602, 0.0, 52.23503144202374], [1.9284160571597229, 5.455263282986551, 2.6181797332972394, 0.3964877294224749, 1.854511530611106, 9.334290620341763, 9.273752022856245, 1.8805308525546425, 0.0]],