{"conff": "DC", "pseudos": [{"name": "PSL-US-v1-high", "Z": 11, "color": "#ff0000", "quantities": {"metadata": {"avg_nu": 0.1008008376751028, "max_nu": 0.19749240685051, "avg_nu_wo_max": 0.09005732998894644, "max_conf": "XO3"}, "phonon_frequencies": {"cutoffs": [30, 35, 40, 45, 50, 55, 60, 65, 70, 75, 80, 90, 100, 120, 150, 200], "values": [0.010504769248569589, 0.007141066342828074, 0.0015601125619895259, 0.0014565374923732508, 0.0004515240881113047, 0.0011979074818518768, 0.0005831140860417621, 0.0005894556087843072, 0.0011148675371883854, 0.00033613586773643755, 0.001313387941615566, 0.0003085252331386041, 0.00023155426392069972, 0.00015162167665243176, 0.00013194994232229479, 0.0], "error": [0.0113324687813696, 0.005921239219778955, 0.001417802578734423, 0.0006566141765157977, 0.0005379443779874496, 0.000591861377205291, 0.00033903709497952635, 0.00023189056454282135, 0.0005393723915897886, 0.0003739333308146944, 0.0006949128495141021, 5.31841303074525e-05, 4.3952260205124905e-05, 5.0049216509238335e-05, 6.468590984864004e-05, 0.0], "ref": 74.279435}, "pressure": {"cutoffs": [30, 35, 40, 45, 50, 55, 60, 65, 70, 75, 80, 90, 100, 120, 150, 200], "values": [1.1963047981306814, 0.38158153814728557, 0.23536929158331615, 0.27823790888152805, 0.17983823580279082, 0.05062527917902339, 0.00804887455708759, 0.062141769398974325, 0.09210330841518476, 0.07596682002261183, 0.031056385601663024, 1.313159362414277e-13, 0.027604245228285185, 0.0022993211679866107, 0.003449279451357339, 1.313159362414277e-13]}, "cohesive_energy": {"cutoffs": [30, 35, 40, 45, 50, 55, 60, 65, 70, 80, 90, 100, 120, 150, 200], "values": [-0.42219111470508447, -0.08968991076732918, -0.024934183303933568, -0.0037090748534704373, -0.011884358968618655, -0.006933248184498163, -0.004324419067312399, -0.0019708017439253123, 0.0015142586871974375, 0.0006493744760670603, -0.0012703832042453126, -0.00023535842387634393, -0.0006550421917165564, 8.790907990756744e-05, -0.0], "ref": -2.3990123687172}, "eos": {"cutoffs": [30, 35, 40, 45, 50, 55, 60, 65, 70, 75, 80, 90, 100, 120, 150, 200], "values": [5.005230270553563, 0.6655696639939307, 0.174821073049332, 0.1462669539831956, 0.13383464372393977, 0.14324736407659294, 0.083457446044236, 0.03866318912875778, 0.028231184131071074, 0.022503900499574684, 0.02300130514183258, 0.020627996917403708, 0.010386301000298529, 0.005558776377518767, 0.0020130127638177606, 0.0]}, "bands": {"cutoffs": [30, 35, 40, 45, 50, 55, 60, 65, 70, 75, 80, 90, 100, 120, 150, 200], "eta_c": [158.68968297311343, 37.192268491726765, 7.315265306276004, 3.569438644031266, 3.514045089944369, 2.6960454866516255, 1.533427511087664, 0.7373599356167324, 0.4313058405701437, 0.38028338207224727, 0.38196168411530496, 0.258495695138649, 0.11806804519596578, 0.0812869231293708, 0.031819835191469616, 0.0], "max_diff_c": [344.8807530457153, 101.71356524197411, 17.187728572552917, 7.578118118982223, 7.446200081789626, 5.873928741725641, 3.5540290133002514, 1.5587714728019932, 0.8991429889242609, 0.8155967068817844, 0.8117719246814943, 0.5616967573540065, 0.24430365469819293, 0.18458070337364774, 0.05232461127328136, 0.0]}}}, {"name": "PSL-PAW-v1-high", "Z": 11, "color": "#008b00", "quantities": {"metadata": {"avg_nu": 0.13600183822674, "max_nu": 0.16995424274432, "avg_nu_wo_max": 0.1322293488358978, "max_conf": "X2O5"}, "phonon_frequencies": {"cutoffs": [30, 35, 40, 45, 50, 55, 60, 65, 70, 75, 80, 90, 100, 120, 150, 200], "values": [0.010333466450453792, 0.006663984344767812, 0.002197030509347164, 0.0008059930561056765, 0.001093738493431391, 0.0006115100321235292, 0.0004723748471250342, 0.0003217815623559982, 0.000490201954380739, 0.0009371982979442798, 0.0006741902473934458, 0.0004634868909397563, 0.0005396090165500574, 0.0004689069621185852, 0.0006903513825288353, 0.0], "error": [0.010775399756834038, 0.005725210767838228, 0.0015380742627483053, 0.000633659633439967, 0.0007625208389874794, 0.0005359351741082407, 0.00017145557376766396, 0.00011848746323734943, 0.0003785158798600449, 0.0006328523113759717, 0.0005400469723413017, 0.00020410583141688656, 0.00028573236310294443, 0.00012375795780555525, 0.00019457887584632889, 0.0], "ref": 74.219476}, "pressure": {"cutoffs": [30, 35, 40, 45, 50, 55, 60, 65, 70, 75, 80, 90, 100, 120, 150, 200], "values": [1.198767375547314, 0.3812457363277846, 0.23356528928441248, 0.27768512118850486, 0.1790759951141317, 0.04958376649147659, 0.008066804832436809, 0.062279718168523186, 0.08999660220192578, 0.07613530828875748, 0.02997215847159746, 1.0953733223375569e-13, 0.026512471393883203, 0.004608735879342951, 0.001152282463488168, 1.0953733223375569e-13]}, "cohesive_energy": {"cutoffs": [30, 35, 40, 45, 50, 55, 60, 65, 70, 75, 80, 90, 100, 120, 150, 200], "values": [-0.41880385670575715, -0.08763494869006938, -0.023561189296186464, -0.0029437005273047507, -0.011386787604217423, -0.006482451706766174, -0.0038531889573551474, -0.0015696110241040007, 0.0018048184773902824, -0.00030030439638763364, 0.0008414760490895819, -0.0011021227003289696, -0.00011616543643954795, -0.000603456723637482, 0.00011617672717659302, -0.0], "ref": -2.4010835628396}, "eos": {"cutoffs": [30, 35, 40, 45, 50, 55, 60, 65, 70, 75, 80, 90, 100, 120, 150, 200], "values": [4.999809025013001, 0.6643004597567628, 0.163983920672229, 0.1404011456734663, 0.13024224046455568, 0.13977675168488576, 0.08018760088334836, 0.03528881295325638, 0.025918484383207492, 0.020707793588497503, 0.021522873520322477, 0.019062708157702855, 0.009266497470935239, 0.004953577610655671, 0.0017555410835834876, 0.0]}, "bands": {"cutoffs": [30, 35, 40, 45, 50, 55, 60, 65, 70, 75, 80, 90, 100, 120, 150, 200], "eta_c": [159.08707967303147, 37.3962252775282, 7.435825864589208, 3.646285076421566, 3.571631780811906, 2.746998574312084, 1.575751471540615, 0.7703511783105397, 0.45635740267824404, 0.3993450488190491, 0.39948071629807214, 0.27511315509206463, 0.12931787720172358, 0.08899967048694639, 0.04588642868854619, 0.0], "max_diff_c": [345.92369670789185, 102.17636085808343, 17.409746841410996, 7.733251461188592, 7.611853303531183, 5.958032251417619, 3.669474627183021, 1.649672878860379, 0.9815806389186433, 0.8046497240036814, 0.8625712347732701, 0.6120831102138168, 0.2786255189839508, 0.20216029351546183, 0.09486036145952426, 0.0]}}}]}