{"conff": "DC", "pseudos": [{"name": "PSL-US-v1-high", "Z": 17, "color": "#ff0000", "quantities": {"metadata": {"avgNu": 0.16244242801266823, "maxNu": 0.38727123621178, "avgNuWoMax": 0.13746144932387802, "maxConf": "XO"}, "phononFrequencies": {"cutoffs": [30, 35, 40, 45, 50, 55, 60, 65, 70, 75, 80, 90, 100, 120, 150, 200], "values": [0.8065264427302214, 0.18738179347925754, 0.01921661417759887, 0.005241280376295518, 0.007113121671401944, 0.004239217312827783, 0.0065004543256318124, 0.002439673559844564, 0.0025301921187886327, 0.001951054136666992, 0.0005134095822415834, 0.00021695225600436288, 0.0013241673325563072, 0.0016465476190969577, 0.002002241786374503, 0.0], "error": [0.17911991782220016, 0.09316250328529857, 0.00426559646774189, 0.0016024132783133442, 0.0032047055867956377, 0.002183985693547748, 0.0023462088807930884, 0.001279999570843632, 0.0012633051012050033, 0.0010743386236562655, 6.266664709083888e-05, 0.00012496761710873634, 0.0008183797769029495, 0.0010751371070667004, 0.0013419704377829532, 0.0], "ref": 155.323149}, "pressure": {"cutoffs": [30, 35, 40, 45, 50, 55, 60, 65, 70, 75, 80, 90, 100, 120, 150, 200], "values": [167.9343061151412, 183.69251204823436, 6.734296658446319, 0.2735196566236635, 0.3676403585599753, 0.8503537355750185, 0.7518644719817884, 0.37167357759349295, 0.08501448750601828, 0.01388925523600669, 0.043323560268108206, 0.10443904258189332, 0.03723808193955514, 0.02507422945292459, 0.004714502812787828, 0.0]}, "cohesiveEnergy": {"cutoffs": [30, 35, 40, 45, 50, 55, 60, 65, 70, 80, 90, 100, 120, 150, 200], "values": [5.183767926780851, 0.8745783456794091, -0.14842011899765722, 0.13535108425865602, 0.12953026634108433, 0.05688029590288887, 0.00445098346021468, 0.009032706741981682, 0.023731101028912654, 0.009940075001638583, 0.006158397352491419, -0.0005014928750747465, -0.0015815533168351428, 0.0009268805685700044, -0.0], "ref": -6.9725218319381}, "eos": {"cutoffs": [30, 35, 40, 45, 50, 55, 60, 65, 70, 75, 80, 90, 100, 120, 150, 200], "values": [4.586197664965576, 1.8512435666001643, 0.18357321052262315, 0.028216203665756612, 0.03703673413271443, 0.04753121000474209, 0.024129472102915918, 0.022719583847571723, 0.007862009790266794, 0.003566160201273794, 0.0040923742285423675, 0.010751494647446127, 0.003559379454103692, 0.0024944304559365803, 0.0005049608680110279, 0.0]}, "bands": {"cutoffs": [30, 35, 40, 45, 50, 55, 60, 65, 70, 75, 80, 90, 100, 120, 150, 200], "etaC": [205.0239685358063, 37.1504684860684, 6.634966562738345, 4.435099099972857, 4.467895771928617, 3.1666527228419064, 1.7152446106254686, 0.8042557204796373, 0.4518139944849991, 0.36071632269235243, 0.33736106381886455, 0.18062466843514594, 0.052088902946358165, 0.027721604833810795, 0.012760407391198582, 0.0], "maxDiffC": [512.4444369153747, 114.460208033109, 28.016837000720443, 8.79206369178678, 8.104398092940414, 5.880695710261989, 2.813178070330707, 1.5441997067098043, 0.79374265407111, 0.6745416152505044, 0.5426131892584606, 0.353504299575917, 0.10047237253877483, 0.06328017610564984, 0.04016574212221258, 0.0]}}}, {"name": "PSL-PAW-v1-high", "Z": 17, "color": "#008b00", "quantities": {"metadata": {"avgNu": 0.1657949051669233, "maxNu": 0.40609089563547, "avgNuWoMax": 0.13909535067041812, "maxConf": "XO"}, "phononFrequencies": {"cutoffs": [30, 35, 40, 45, 50, 55, 60, 65, 70, 75, 80, 90, 100, 120, 150, 200], "values": [0.8186587695325905, 0.1856984333215947, 0.015387257708475615, 0.006060137631420245, 0.006211345926760644, 0.006680456666880796, 0.008009465071402782, 0.007213556498518613, 0.005159186168941634, 0.0009270040654975685, 0.002818873476037886, 0.0016845616299265315, 0.000565387608061698, 0.0026313657832087675, 0.003924666248932333, 0.0], "error": [0.1781948169912574, 0.08781260889989512, 0.0031037512133041175, 0.0012802234052800652, 0.0011880337323876885, 0.004078881801457288, 0.0022186413973797475, 0.0035496282232737337, 0.003499221822308058, 0.0006110058504858102, 0.0014759813394330068, 0.001093373559335198, 0.00021894565891245662, 0.0017321873925700312, 0.002587981044412057, 0.0], "ref": 154.969144}, "pressure": {"cutoffs": [30, 35, 40, 45, 50, 55, 60, 65, 70, 75, 80, 90, 100, 120, 150, 200], "values": [167.85277389274424, 183.6503082303095, 6.7892691671159815, 0.27953131690695004, 0.388940214369177, 0.8630849736294867, 0.7747608185610835, 0.397561608880535, 0.10648525256290403, 0.00633893195539598, 0.050134812639410664, 0.10056117622625621, 0.035544148320199934, 0.027184974792444406, 0.010156468151861674, 1.2784223903931705e-13]}, "cohesiveEnergy": {"cutoffs": [30, 35, 40, 45, 50, 55, 60, 65, 70, 75, 80, 90, 100, 120, 150, 200], "values": [4.5187122772664665, 0.7024479192310805, -0.18861849090347974, 0.11202261000626372, 0.10627530677941742, 0.03825553012391717, -0.006508861865424489, 0.004225147947900095, 0.02171765647739256, 0.017725555491872987, 0.008072942821264587, 0.0045859454679976625, -0.0010882264256573877, -0.0019901986914152795, 0.0008590782049386019, -0.0], "ref": -6.9764893876891}, "eos": {"cutoffs": [30, 35, 40, 45, 50, 55, 60, 65, 70, 75, 80, 90, 100, 120, 150, 200], "values": [4.644338180044698, 1.8520842947711125, 0.1829114245858593, 0.027731756902285305, 0.036188918199343126, 0.04700295499074646, 0.02490897055163071, 0.02302100208323664, 0.007987837087863704, 0.0036356431799414086, 0.004190629311285575, 0.01090183943672682, 0.003595115821261826, 0.0025353223560808037, 0.0005091895172775028, 0.0]}, "bands": {"cutoffs": [30, 35, 40, 45, 50, 55, 60, 65, 70, 75, 80, 90, 100, 120, 150, 200], "etaC": [203.98766669391324, 36.86564364148332, 6.544486214046118, 4.365034344689062, 4.365643785662513, 3.1008191397634657, 1.6511644269155095, 0.7359880489152085, 0.3949083789044441, 0.36929355174827594, 0.30675194408865825, 0.17890330671364443, 0.055046913623641586, 0.02695249010956824, 0.028279726991369866, 0.0], "maxDiffC": [507.1143689381401, 112.98636294127387, 27.617674467921262, 9.500678393574105, 8.897773292133138, 6.501735775602128, 3.2405987636608415, 1.4350749837668673, 0.7646200515614366, 0.6464501379171708, 0.5035843045231445, 0.31619897854332635, 0.11576115169731338, 0.07080549750367027, 0.07945123202841842, 0.0]}}}, {"name": "MARBURG", "Z": 17, "color": "#ea388e", "quantities": {"metadata": {"avgNu": 0.5417064214189621, "maxNu": 1.3023438766118, "avgNuWoMax": 0.4571911486197578, "maxConf": "DC"}, "phononFrequencies": {"cutoffs": [30, 35, 40, 45, 50, 55, 60, 65, 70, 75, 80, 90, 100, 120, 150, 200], "values": [0.09172029121435203, 0.04488476006817988, 0.04208860125268729, 0.01677493468603184, 0.019034069527821055, 0.004976688338599124, 0.013135217418187533, 0.0074342871969869774, 0.0017574347631847378, 0.0018819059092173636, 0.0035649556253878213, 0.005519818151107902, 0.005995711394601475, 0.011939614298713604, 0.005630111650738307, 0.0], "error": [0.0396726345452071, 0.033283105010677085, 0.01711148064514873, 0.006301436673759361, 0.008786859565959187, 0.00582784928042694, 0.008922151989137457, 0.004625762677599263, 0.0008504035050114673, 0.0013602925041324065, 0.002171909242714297, 0.003194143727439783, 0.0034151764344818912, 0.007441326510263746, 0.0034437598001389406, 0.0], "ref": 146.142291}, "pressure": {"cutoffs": [30, 35, 40, 45, 50, 55, 60, 65, 70, 75, 80, 90, 100, 120, 150, 200], "values": [186.39526252262863, 24.904881976578068, 3.169359618023097, 0.2210769748528705, 0.3629927146147173, 0.616669785359906, 0.49954280542093293, 0.2397456709475302, 0.06344842539186456, 0.01530495837492488, 0.03631714703294778, 0.07220004008232934, 0.028361521777857283, 0.009232845447171453, 0.0014844945237566763, 2.589885504640746e-13]}, "cohesiveEnergy": {"cutoffs": [30, 35, 40, 45, 50, 55, 60, 65, 70, 75, 80, 90, 100, 120, 150, 200],