{"conff": "FCC", "pseudos": [{"name": "PSL-US-v1-high", "Z": 19, "color": "#ff0000", "quantities": {"metadata": {"avgNu": 1.5232830664395427, "maxNu": 5.4509175700976, "avgNuWoMax": 1.0868792326997587, "maxConf": "XO3"}, "pressure": {"cutoffs": [30, 35, 40, 45, 50, 55, 60, 65, 70, 75, 80, 90, 100, 120, 150, 200], "values": [89.78010070034202, 88.66951946379731, 87.60831260006339, 86.87487135982788, 86.55328761036488, 2.3373877535375476, 86.52680758009775, 86.54953035218419, 86.54517093831555, 86.52730329451143, 12.900475445390832, 0.6606417298594689, 2.195849697503789, 2.5968529169047523, 0.7238475969417768, 3.6354876398894134e-14]}, "cohesiveEnergy": {"cutoffs": [30, 35, 40, 45, 50, 55, 60, 65, 70, 75, 80, 90, 100, 120, 150, 200], "values": [-20.284516611556423, 11.28795327934768, -11.201123180782032, -2.222802437578422, -5.175550989593678, -4.424253176354453, -1.1948506603686266, -1.0295250607773676, -2.6562600489301107, -2.2223154531215474, -0.7776690061126039, -0.9161739131305756, -1.0537610713895627, -0.7511479845743754, -0.42806351810940446, -0.0], "ref": -0.72642978643307}, "eos": {"cutoffs": [35, 40, 45, 50, 55, 60, 65, 70, 75, 80, 90, 100, 120, 150, 200], "values": [10.33553274322843, 6.031547216093534, 2.855586715048825, 0.8052173020665885, 0.4408973313019035, 0.34080758685750323, 0.07166041404146703, 0.35984612149651846, 0.1269170576637725, 0.04405908075603671, 0.030725650556951437, 0.02940696345145757, 0.02556920307266924, 0.011747958242403912, 0.0]}, "bands": {"cutoffs": [30, 35, 40, 45, 50, 55, 60, 65, 70, 75, 80, 90, 100, 120, 150, 200], "etaC": [172.13718343105805, 118.46095842206024, 59.098574236317546, 17.61201285323058, 4.159760432722148, 5.855719536182241, 4.834580497091548, 2.2604121303997946, 1.039639751590535, 0.8337039371104932, 1.1326636910766243, 1.884640643354604, 1.464215621202845, 0.29466385360347724, 0.11867963847221585, 0.0], "maxDiffC": [491.80859265723836, 265.6928409065026, 133.7697691614062, 45.25759896292614, 22.4146108212192, 11.55630811099897, 9.212114495618493, 5.077429212267248, 4.900180414109229, 3.940334971196592, 2.1677119119383406, 3.491122495909508, 2.7022863744870165, 0.6821256187092075, 0.3782687655672703, 0.0]}}}, {"name": "PSL-PAW-v1-high", "Z": 19, "color": "#008b00", "quantities": {"metadata": {"avgNu": 1.524480232348284, "maxNu": 5.3395135690313, "avgNuWoMax": 1.1005876393835043, "maxConf": "XO3"}, "phononFrequencies": {"cutoffs": [30, 35, 40, 45, 50, 55, 60, 65, 70, 75, 80, 90, 100, 120, 150, 200], "values": [1.3125562406563112, 7.76882657727861, 2.1812341096409957, 0.9630843036946869, 3.2704257492723188, 2.566781569325949, 0.5245765756276568, 0.6248682496996839, 2.0583498251960046, 1.4811639732995328, 0.05772752032453474, 0.9095602350226039, 0.7208262503852444, 0.8008724628751827, 0.5029239829967834, 0.0], "error": [0.2383808035782755, 1.389525946264687, 0.8428096028340906, 0.2025718123872896, 0.5892252261092081, 0.4876213572067818, 0.08969612354263734, 0.12462800106840555, 0.37832825441219864, 0.2847116168131083, 0.008986931938868237, 0.1744479985378936, 0.14168320206626206, 0.15494281268455468, 0.09848143904286011, 0.0], "ref": 27.014059}, "pressure": {"cutoffs": [30, 35, 40, 45, 50, 55, 60, 65, 70, 75, 80, 90, 100, 120, 150, 200], "values": [90.01336489587092, 88.94877740676466, 87.9507006050477, 87.27644829670275, 86.98626319434214, 2.3538832990792056, 86.96267505204982, 86.98293886207037, 86.97894037441503, 86.96290545925869, 12.748506327663591, 0.6123307411502642, 2.285353859157271, 2.609880980920204, 0.7068484007665788, 6.067913001725816e-14]}, "cohesiveEnergy": {"cutoffs": [30, 35, 40, 45, 50, 55, 60, 65, 70, 75, 80, 90, 100, 120, 150, 200], "values": [-20.5121736480937, 11.437238214293837, -11.214023578395302, -2.224024528617177, -5.171971510944427, -4.421153067981383, -1.1940099883869448, -1.0288728897461803, -2.654432586010198, -2.2207678186235054, -0.7771153377288038, -0.9155061173312442, -1.0530174451383374, -0.750631217380544, -0.4277691510060959, -0.0], "ref": -0.72692993223245}, "eos": {"cutoffs": [35, 40, 45, 50, 55, 60, 65, 70, 75, 80, 90, 100, 120, 150, 200], "values": [10.413124251318747, 6.043387282400108, 2.7766363725150187, 0.7790792551712787, 0.43379764321429787, 0.3435929536085723, 0.07475497407136424, 0.3601933045783156, 0.12695406856386507, 0.04411211104618212, 0.030849297281551825, 0.029354196127623865, 0.024795586805928777, 0.011601278434846112, 0.0]}, "bands": {"cutoffs": [30, 35, 40, 45, 50, 55, 60, 65, 70, 75, 80, 90, 100, 120, 150, 200], "etaC": [191.55455312841906, 148.25580965557953, 70.77490532785704, 20.18804181631792, 4.130232028707985, 6.33941292652551, 5.011606891976901, 2.210486251317498, 1.0116367237419246, 0.8186202625437652, 1.2000676940619122, 2.020663030228766, 1.506940751328901, 0.3024440221266019, 0.12756623024255748, 0.0], "maxDiffC": [498.7701383855484, 307.41672073797423, 158.87699350672443, 46.559343549444804, 22.327109181299647, 11.202467959581313, 9.549916833605096, 4.969974583216242, 4.942313848786114, 3.920862261074888, 2.3426929678445276, 3.701124473555751, 2.78014205353918, 0.6702533527708567, 0.36155671200047834, 0.0]}}}]}