{"conff": "FCC", "pseudos": [{"name": "DOJO-041-std", "Z": 8, "color": "#ffa500", "quantities": {"metadata": {"avg_nu": 0.3731182774045745, "max_nu": 0.85138210828842, "avg_nu_wo_max": 0.31997785175081384, "max_conf": "BCC"}, "phonon_frequencies": {"cutoffs": [30, 35, 40, 45, 50, 55, 60, 65, 70, 75, 80, 90, 100, 120, 150, 200], "values": [0.27469206549433983, 0.1874664509493338, 0.016022707472217318, 0.009377955980954561, 0.026784701008566263, 0.013508090168733857, 0.022790480509462023, 0.021519555021391912, 0.012170104605856944, 0.006915187348626316, 0.0031766130971225435, 0.00371117741230458, 0.008570986236078187, 0.0016644729122132322, 0.0007290084087691604, 0.0], "error": [0.025138002420520555, 0.010960448223754637, 0.006155156065390868, 0.0023782773578425315, 0.006018359809635377, 0.0030163441774902176, 0.0050073754429495985, 0.004673361027566509, 0.002707648877136353, 0.0015428065205543825, 0.0007137603012711802, 0.000802759546323847, 0.0018993856828303114, 0.00037399323737568246, 0.0001124197720831924, 0.0], "ref": 20.212001}, "pressure": {"cutoffs": [30, 35, 40, 45, 50, 55, 60, 65, 70, 75, 80, 90, 100, 120, 150, 200], "values": [155.72222479566463, 166.19561830750598, 178.25707297522658, 190.03178465153502, 2.8563434278319764, 0.1101137170335739, 0.3559295240778733, 0.6298941355848807, 0.5149886947044112, 0.2212324572717245, 0.043926127442753524, 0.1101137170335739, 0.3108643636962143, 0.06594871707100766, 0.021943272702864888, 1.3007752112970802e-13]}, "cohesive_energy": {"cutoffs": [30, 35, 40, 45, 50, 55, 60, 65, 70, 75, 80, 90, 100, 120, 150, 200], "values": [-1.290917203391957, 5.292812782706439, -0.9857629207937953, -0.035410355867452135, -0.06144742790107442, -0.024474812955043702, -0.02551628013786803, -0.024474812518712936, -0.01562220440827065, -0.009373322559231276, -0.013018516435951684, -0.012497763701916347, -0.014059984055093497, -0.008331816651005514, -0.003645155151318972, -0.0], "ref": -0.026127554039931}, "eos": {"cutoffs": [30, 35, 40, 45, 50, 55, 60, 65, 70, 75, 80, 90, 100, 120, 150, 200], "values": [51.065077502764865, 26.83556858340598, 3.051539310369795, 0.7215458221761006, 0.5308122552211301, 0.2037924585908487, 0.12966474284998375, 0.04768600936527033, 0.08508143197176889, 0.03861833172609074, 0.037313037184498216, 0.037254295617655156, 0.1367610377954182, 0.033006220297997546, 0.04412110237407324, 0.0]}, "bands": {"cutoffs": [30, 35, 40, 45, 50, 55, 60, 65, 70, 75, 80, 90, 100, 120, 150, 200], "eta_c": [12.433372117895534, 4.701298220872428, 1.2606468487931124, 0.35236446686080797, 0.12707436763077767, 0.09760616860179215, 0.08665386309147291, 0.0701457226691281, 0.055835396510308166, 0.056453425257686256, 0.06193240586577389, 0.061105524226904594, 0.049172111153516725, 0.012746847461211852, 0.023222123031147155, 0.0], "max_diff_c": [33.44108113509671, 11.956594236871299, 3.3888862039580374, 1.189013152016173, 0.385474768023343, 0.24810711363176097, 0.25130008888218214, 0.24574496844771687, 0.2018407673614746, 0.16304651090118938, 0.14787238151440363, 0.15818399035231323, 0.1527395418620472, 0.04012871600256318, 0.029757384825281008, 0.0]}}}, {"name": "SPMS", "Z": 8, "color": "#7f8001", "quantities": {"metadata": {"avg_nu": 0.3967730770328767, "max_nu": 0.92092707342626, "avg_nu_wo_max": 0.33853374410027853, "max_conf": "BCC"}, "phonon_frequencies": {"cutoffs": [30, 35, 40, 45, 50, 55, 60, 65, 70, 75, 80, 90, 100, 120, 150, 200], "values": [0.23978758452684337, 0.14296561787464285, 0.012024553224796227, 0.011156563747884053, 0.012344993038977365, 0.001576899106065052, 0.009654483425204778, 0.00612324031889473, 0.0028669450741070353, 0.0009010288603722225, 0.001596908382459339, 0.0021096244749890213, 0.00035116859713977335, 0.0003920622418657924, 0.001556794872884325, 0.0], "error": [0.01792818804615795, 0.004758262899298815, 0.0036203485800264563, 0.0006136337620901364, 0.0026478349444583812, 0.00022047588080517135, 0.002157861972821534, 0.0013673911874854125, 0.0006054373711464394, 5.527856476689012e-05, 0.000325883642013119, 0.00044947223603744634, 0.00023762068869530702, 7.892962427672573e-05, 0.0003496905429358631, 0.0], "ref": 20.221156}, "pressure": {"cutoffs": [30, 35, 40, 45, 50, 55, 60, 65, 70, 75, 80, 90, 100, 120, 150, 200], "values": [158.629208400345, 168.95410319698186, 181.3000014343113, 22.47575298022845, 1.0011911105288687, 0.02186277179135681, 0.28731900811734534, 0.2426728028165678, 0.06570612961732675, 1.3015681218643281e-13, 0.04376476480972133, 0.1760088641125522, 0.13176797405956972, 1.3015681218643281e-13, 0.02186277179135681, 1.3015681218643281e-13]}, "cohesive_energy": {"cutoffs": [30, 35, 40, 45, 50, 55, 60, 65, 70, 75, 80, 90, 100, 120, 150, 200], "values": [-0.37699452294046504, 3.9970753176679334, -0.7928811951565106, 0.006741305488269157, -0.028520903861488433, -0.015038293323263245, -0.02385385508333405, -0.018149697018356586, -0.0160754407427334, -0.0134826105420335, -0.012445500816910511, -0.011926889193665094, -0.0134826105420335, -0.0062227696920311975, -0.003629900927987728, -0.0], "ref": -0.026237351979944}, "eos": {"cutoffs": [30, 35, 40, 45, 50, 55, 60, 65, 70, 75, 80, 90, 100, 120, 150, 200], "values": [44.842862139175104, 21.065098191490137, 2.512820822485687, 0.7339079729085002, 0.3752511433012362, 0.19044472124333825, 0.12478278357184186, 0.0334305651434802, 0.05262070747308939, 0.05080864407091847, 0.05187790113463113, 0.04234192619545887, 0.13452922144424698, 0.029370677335866756, 0.04421239125004203, 0.0]}, "bands": {"cutoffs": [30, 35, 40, 45, 50, 55, 60, 65, 70, 75, 80, 90, 100, 120, 150, 200], "eta_c": [13.029513587064182, 4.178462886506852, 1.1202590926941318, 0.21583078190672902, 0.0478895257134452, 0.0348589459330795, 0.023023134206608432, 0.036728012521923835, 0.029689712029377754, 0.016606010740210148, 0.03020275297093574, 0.020807276850807313, 0.019862218775539044, 0.027056596671115322, 0.011287186357336845, 0.0], "max_diff_c": [34.594873398707165, 10.713645406417927, 2.952046292222093, 0.494229679486466, 0.11160118238873196, 0.07115783327016345, 0.04908821517446427, 0.08206803346203628, 0.04927514687391721, 0.039890771375894474, 0.05651251910254729, 0.040633268898915276, 0.043812540032384106, 0.049175808499647644, 0.016855687622552296, 0.0]}}}, {"name": "SG15", "Z": 8, "color": "#8C99A6", "quantities": {"metadata": {"avg_nu": 0.781502108511823, "max_nu": 2.9096422345558, "avg_nu_wo_max": 0.5450420945069366, "max_conf": "XO3"}, "phonon_frequencies": {"cutoffs": [30, 35, 40, 45, 50, 55, 60, 65, 70, 75, 80, 90, 100, 120, 150, 200], "values": [0.5078498284351537, 0.23038103105781338, 0.23167976133263046, 0.13320376762165903, 0.13306887229736994, 0.06353840819413847, 0.06326294976418748, 0.0630193756928036, 0.06265066933607719, 0.04072655454960641, 0.029773270859942386, 0.01587462595420694, 0.006593868364953526, 0.005368105537521825, 0.0003419557809314077, 0.0], "error": [0.10506403110886842, 0.04818945288273263, 0.04847930828148789, 0.02807529962506508, 0.0280925134402506, 0.013519696305435869, 0.013451859650837977, 0.013401229949462717, 0.013320314945871284, 0.008684997760111175, 0.006321460231500917, 0.003391649335417541, 0.001403771581702149, 0.0011452104234515766, 7.635266322144062e-05, 0.0], "ref": 20.285333}, "pressure": {"cutoffs": [30, 35, 40, 45, 50, 55, 60, 65, 70, 75, 80, 90, 100, 120, 150, 200], "values": [0.02200410393880128, 0.02200410393880128, 0.02200410393880128, 1.7323653011121311e-13, 0.02200410393880128, 0.02200410393880128, 0.02200410393880128, 0.02200410393880128, 0.02200410393880128, 0.04396856561128685, 0.02200410393880128, 0.02200410393880128, 0.02200410393880128, 0.02200410393880128, 1.7323653011121311e-13, 1.7323653011121311e-13]}, "cohesive_energy": {"cutoffs": [30, 35, 40, 45, 50, 55, 60, 65, 70, 75, 80, 90, 100, 120, 150, 200],