{"conff": "FCC", "pseudos": [{"name": "DOJO-041-std", "color": "#ffa500", "Z": 8, "quantities": {"metadata": {"avg_nu": 0.758216239986232, "max_nu": 1.7235162055377, "avg_nu_wo_xo3": 0.7973758628143521, "max_conf": "BCC"}, "phonon_frequencies": {"cutoffs": [30, 35, 40, 45, 50, 55, 60, 65, 70, 75, 80, 90, 100, 120, 150, 200], "values": [1.7351095978749933, 2.1595859200375553, 2.550059469879369, 3.0223318760473306, 2.7435862701013707, 2.415893667242803, 2.241611166437323, 2.2539629844737332, 1.7036435643430754, 1.7030835607044854, 1.7021244407209486, 1.2033175082896694, 1.2038848037860126, 0.740989088318211, 0.5204619259298506, 0.0], "error": [0.04471112158738766, 1.1939129433199303, 0.5629016080590361, 0.4998660102522341, 0.5114247477393667, 0.44194604678385163, 0.4049715015247992, 0.4067891717781751, 0.31428864698516934, 0.31388785997505453, 0.31345466988659965, 0.22699637442360876, 0.22672541466567542, 0.14360494692686998, 0.10258856507897218, 0.0], "ref": 50.806965}, "pressure": {"cutoffs": [30, 35, 40, 45, 50, 55, 60, 65, 70, 75, 80, 90, 100, 120, 150, 200], "values": [121.87742254288538, 125.39310971584048, 130.4574177362725, 137.75647256096022, 148.1064515112851, 162.49637205938637, 181.06573706871836, 3.90199543992306, 0.11834916447131191, 0.7693680971114482, 0.3954249243529364, 0.08618390277612346, 0.530095323245135, 0.06469399033469962, 0.15227873401744918, 5.337368814604294e-13]}, "cohesive_energy": {"cutoffs": [30, 35, 40, 45, 50, 55, 60, 65, 70, 75, 80, 90, 100, 120, 150, 200], "values": [-156.61888483623804, 400.5432842215997, -77.11893588423113, -19.525710336836596, -16.006478568964067, -5.236443380797545, -1.497219805116191, -0.7199153211299327, 0.8927204824871616, 0.9858185251881529, 1.0725399417265984, -0.4788807608517741, -0.2627148912347128, -0.28503289338604826, -0.103300512740201, -0.0], "ref": -0.021336989990004}, "eos": {"cutoffs": [35, 40, 45, 55, 60, 65, 70, 75, 80, 90, 100, 120, 150, 200], "values": [76.79899121754643, 99.40020369654535, 85.30719290020329, 49.50673119252505, 7.909695260717994, 25.761168424555365, 2.757940313834353, 3.0316629017369663, 2.6583216391244937, 1.65983848072529, 1.4751451357235883, 0.2807285810795893, 0.7254143219082261, 0.0]}, "bands": {"cutoffs": [30, 35, 40, 45, 50, 55, 60, 65, 70, 75, 80, 90, 100, 120, 150, 200], "eta_c": [1135.8948286746042, 505.8036678028116, 202.70949585215703, 71.01746618108149, 21.219583694494307, 5.07664365153906, 0.7560302336459007, 0.0955119458214558, 0.13352577435199217, 0.11734597152465438, 0.10820685772516268, 0.07846549159916918, 0.06044814263441059, 0.04439483676516117, 0.02827164055537014, 0.0], "max_diff_c": [1981.923993797367, 886.844405591434, 355.9125167640789, 124.74456738007186, 37.36182026921532, 8.97776888763619, 1.6633255075454512, 0.1621745831039902, 0.25835613060348805, 0.22323833959379158, 0.3829091338669457, 0.4709196206871127, 0.3615740933353635, 0.17628031670942335, 0.07172571181227738, 0.0]}}}, {"name": "DOJO-041-str", "color": "#ffb500", "Z": 8, "quantities": {"metadata": {"avg_nu": 0.8081206604548449, "max_nu": 2.0333113360703, "avg_nu_wo_xo3": 0.8536040859804555, "max_conf": "BCC"}, "phonon_frequencies": {"cutoffs": [30, 35, 40, 45, 50, 55, 60, 65, 70, 75, 80, 90, 100, 120, 150, 200], "values": [1.0532577758306128, 2.1291692538324987, 0.7551946133553116, 1.8821868221162463, 1.4025421055178564, 1.4890180431651832, 1.5579289140718855, 1.5809781086317587, 1.3506751687493785, 1.3661038631974198, 1.3767409991327686, 1.0634898556603218, 1.0598053161539016, 0.7072232786857752, 0.5379427533811961, 0.0], "error": [0.548317839208317, 1.5331958718036187, 0.2683125899691312, 0.0729697711831736, 0.307187105136457, 0.17805175164571763, 0.1429932482841123, 0.16248906885691827, 0.13936793377944823, 0.14031994906165535, 0.14232400518440236, 0.11379594375812352, 0.11392843055681401, 0.08014231297037178, 0.06260799581566412, 0.0], "ref": 68.059391}, "pressure": {"cutoffs": [30, 35, 40, 45, 50, 55, 60, 65, 70, 75, 80, 90, 100, 120, 150, 200], "values": [119.62042797843662, 121.41778696469876, 123.88081062732479, 127.2250110495851, 131.71186960319417, 137.72066326829727, 145.8019675366016, 156.47915541161927, 170.24721220913804, 186.06065075091263, 2.315174170688123, 1.2809814296940791, 0.561747331121833, 0.7548126650043931, 0.05372825668786736, 2.6704821669649994e-13]}, "cohesive_energy": {"cutoffs": [30, 35, 40, 45, 50, 55, 60, 65, 70, 75, 80, 90, 100, 120, 150, 200], "values": [-186.95304820661966, 731.8530257812146, -193.66388736670467, -78.00336051339116, -80.63722537537522, -22.44681864767596, -7.078591154571943, -1.254795044747368, 2.253431805248121, 1.8254446089326914, 1.4881272960611132, -0.043115791018784135, -0.0691120334951154, -0.40769743822948257, -0.12617698074838402, -0.0], "ref": -0.021458216709902}, "eos": {"cutoffs": [40, 45, 55, 60, 65, 70, 75, 80, 90, 100, 120, 150, 200], "values": [107.01279007140705, 95.40199700024479, 106.20439938703262, 55.71633229013794, 10.256980427051927, 6.194915304069132, 2.3964028773128954, 1.2888361590439903, 0.7369636963936212, 0.5802132391567298, 0.5447475876047307, 2.2945031402709364, 0.0]}, "bands": {"cutoffs": [30, 35, 40, 45, 50, 55, 60, 70, 75, 90, 100, 120, 150, 200], "eta_c": [2200.4018660269826, 1244.5236788941231, 657.2673923636355, 324.66427368044424, 149.02594144436935, 62.49138582694676, 23.497052692304006, 1.9609079507763756, 0.37137657318447237, 0.06157514622594271, 0.07471114034299017, 0.05411769229198189, 0.02366388907369099, 0.0], "max_diff_c": [3900.807935271844, 2170.021713252122, 1150.8927127460863, 570.1540661532887, 262.2552635380445, 110.03974959937213, 41.147568433025015, 3.4523076944701927, 0.6561062244644233, 0.3864597006124626, 0.4502327711100662, 0.35618470647057165, 0.13995635807380324, 0.0]}}}, {"name": "SPMS", "color": "#7f8001", "Z": 8, "quantities": {"metadata": {"avg_nu": 0.7445795894307462, "max_nu": 1.6178280963695, "avg_nu_wo_xo3": 0.7616805285840358, "max_conf": "BCC"}, "phonon_frequencies": {"cutoffs": [30, 35, 40, 45, 50, 55, 60, 65, 70, 75, 80, 90, 100, 120, 150, 200], "values": [2.2707694641904275, 1.6855305826169134, 2.8795542260431755, 2.731471342671192, 2.590833868955022, 2.073573745884492, 1.7683895425497664, 1.7606258895949054, 1.1863845636121084, 1.1827877094124004, 1.178807605697074, 0.7509438155192363, 0.7612805941094148, 0.393541546771562, 0.24514217161441496, 0.0], "error": [0.31245067657315717, 0.7472085810537972, 0.588422911327239, 0.5328625876682627, 0.519771803634105, 0.41845277764919375, 0.35900789531344834, 0.35765143229378316, 0.24530416558693746, 0.24439823935731675, 0.24365439989420778, 0.15769744184743462, 0.15954415412876244, 0.08352513154466307, 0.05230254060901071, 0.0], "ref": 48.181098}, "pressure": {"cutoffs": [30, 35, 40, 45, 50, 55, 60, 65, 70, 75, 80, 90, 100, 120, 150, 200], "values": [124.36633215615961, 130.0033404037415, 138.64472435901754, 151.7499602261233, 170.4566974727902, 191.33638264447274, 0.9092610661640296, 1.481664850332692, 0.64418140835582, 0.03242382354003561, 0.1524440498145683, 0.5081146662637026, 0.1291894378535999, 0.41823136901389096, 0.273553670316021, 1.0370462971341566e-13]}, "cohesive_energy": {"cutoffs": [30, 35, 40, 45, 50, 55, 60, 65, 70, 75, 80, 90, 100, 120, 150, 200], "values": [-125.83588576813713, 216.13012773264774, -29.02500287997305, -3.5626866248135505, -2.349707188141635, -1.2507849324113842, -0.528636069963699, -0.5869462312390383, 0.5401699269560382, 0.5824608275041685, 0.4914713123728936, -0.3767732985164017, -0.22683293107577093, -0.14032882075315806, -0.03716471100834105, -0.0], "ref": -0.021233314619963}, "eos": {"cutoffs": [35, 40, 45, 50, 55, 60, 65, 70, 75, 80, 90, 100, 120, 150, 200], "values": [75.48481499932069, 84.91131648829474, 60.45653603120934, 31.165091705164336, 3.6699931038262927, 5.533250132652542, 5.300243648706534, 0.8420308299240711, 0.5970521270708948, 0.6165191813502049, 0.8857528507500809, 0.733038018374989, 0.5359809514168499, 0.25441469956966434, 0.0]},