{"conff": "BCC", "pseudos": [{"name": "PSL-US-v1-high", "Z": 15, "color": "#ff0000", "quantities": {"metadata": {"avg_nu": 0.2594261896927772, "max_nu": 0.44018849500096, "avg_nu_wo_max": 0.23934148910297914, "max_conf": "XO"}, "phonon_frequencies": {"cutoffs": [30, 35, 40, 45, 50, 55, 60, 65, 70, 75, 80, 90, 100, 120, 150, 200], "values": [2.8590266724088624, 0.5446034681669124, 0.1437347302129869, 2.138632120742725, 1.7615736579523182, 0.981530698206478, 0.0003509067157432146, 0.7531202957341441, 0.009932312108801288, 0.06598008334052174, 0.013327104886370702, 0.002951300402687502, 0.0013945803252858903, 0.006916873167435629, 0.0009214039986191754, 0.0], "error": [0.0, 0.0, 0.0, 0.0, 0.0, 0.0, 0.0, 0.0, 0.0, 0.0, 0.0, 0.0, 0.0, 0.0, 0.0, 0.0], "ref": -113.192476}, "pressure": {"cutoffs": [30, 35, 40, 45, 50, 55, 60, 65, 70, 75, 80, 90, 100, 120, 150, 200], "values": [177.6452035475452, 167.1297119364392, 164.34994291393502, 164.38287030960393, 167.23746928131303, 171.3710924815835, 177.26125873232948, 184.07101008953396, 189.917840406452, 8.019866332577541, 1.953411211670308, 0.04113579508267482, 0.556504229213688, 0.5682184819492899, 0.014516044889139657, 3.4021499133603673e-13]}, "cohesive_energy": {"cutoffs": [30, 40, 45, 50, 55, 60, 65, 70, 75, 80, 90, 100, 120, 150, 200], "values": [60.673275254180346, 59.08047309246807, 44.86499724850086, 26.200120913269732, 12.073534058965555, 5.955979539273657, 3.3608301854484908, 1.3401570145568118, 0.48391050949431935, 0.2443738345791596, 0.1751615644910385, 0.16029892175145807, 0.049266818613348994, 0.020199346318905805, -0.0], "ref": -8.2525908204252}, "eos": {"cutoffs": [30, 35, 40, 45, 50, 55, 60, 65, 70, 75, 80, 90, 100, 120, 150, 200], "values": [130.85019536357578, 41.61911817728395, 51.19993797833099, 103.94809124212563, 71.89261260670662, 69.77981894490252, 43.13318542420552, 20.143634670024557, 16.48808255881621, 4.328109377097032, 1.7332489758912852, 0.4369857016844786, 0.7598261918189504, 0.039500913979142266, 0.037400867909004105, 0.0]}, "bands": {"cutoffs": [30, 35, 40, 45, 50, 55, 60, 65, 70, 75, 80, 90, 100, 120, 150, 200], "eta_c": [3600.2860961759375, 2523.9856153590877, 1592.6292523485238, 960.6175269878108, 544.7654171487583, 272.9251573475273, 134.60421561351023, 63.97025267339794, 26.403453602348076, 10.674443988340983, 5.619816877947219, 4.382404370571931, 3.8561417390394355, 1.163865364932629, 0.4681746076633384, 0.0], "max_diff_c": [7294.332990647896, 5236.371539671186, 3449.2652063491296, 2056.4100652696984, 1568.079424181754, 691.7988316471516, 290.00631211395415, 151.68280893709104, 60.708303535202, 24.06293505310964, 13.458242911470052, 11.553053111830764, 9.853905945556278, 2.7704960650305, 1.0352365801251722, 0.0]}}}, {"name": "PSL-PAW-v1-high", "Z": 15, "color": "#008b00", "quantities": {"metadata": {"avg_nu": 0.317064314573278, "max_nu": 0.50634177090322, "avg_nu_wo_max": 0.2960334860921734, "max_conf": "XO"}, "phonon_frequencies": {"cutoffs": [30, 35, 40, 45, 50, 55, 60, 65, 70, 75, 80, 90, 100, 120, 150, 200], "values": [2.8597738423542918, 0.3554163026414638, 0.34795914780585624, 2.120197135544812, 1.7669659528981374, 0.9774310818000188, 0.002907580391314191, 0.7554498409271537, 0.007976747000923259, 0.06657526655120553, 0.014702965741554202, 0.0023710279818106475, 0.0008993353061775193, 0.007093434126787634, 0.0004989779926720153, 0.0], "error": [0.0, 0.0, 0.0, 0.0, 0.0, 1.1102230246251565e-16, 0.0, 0.0, 0.0, 0.0, 0.0, 4.336808689942018e-19, 0.0, 0.0, 0.0, 0.0], "ref": -113.029033}, "pressure": {"cutoffs": [30, 35, 40, 45, 50, 55, 60, 65, 70, 75, 80, 90, 100, 120, 150, 200], "values": [177.2907813799599, 166.18427172356175, 163.84930569439047, 164.30703152404982, 167.3055293002205, 171.43914021064973, 177.29278424565268, 184.06870741786256, 189.900704929669, 8.06084872952639, 1.9652135062144336, 0.04668051443416174, 0.5536405677125569, 0.5653626297115072, 0.009092530787474943, 2.4028960435439e-13]}, "cohesive_energy": {"cutoffs": [30, 45, 50, 55, 60, 65, 70, 75, 80, 90, 100, 120, 150, 200], "values": [57.559844404234575, 39.10388604013447, 22.992576191862323, 10.300810976063, 5.086362598757565, 2.9588255964087535, 1.1708391455533045, 0.42614072618982757, 0.2378023936687167, 0.18967823274945395, 0.16770850341576846, 0.04942940884370367, 0.02171231282522478, -0.0], "ref": -8.2452638832619}, "eos": {"cutoffs": [30, 35, 40, 45, 50, 55, 60, 65, 70, 75, 80, 90, 100, 120, 150, 200], "values": [131.7044339672063, 54.64997541278028, 33.26560324707758, 60.6834220217959, 71.39893999667544, 70.70462509392073, 43.32813818560376, 20.168258410419817, 16.56273324387542, 4.3639236018997805, 1.763443995796667, 0.4613506500699621, 0.7794486747105818, 0.04251935145176292, 0.039814951181242814, 0.0]}, "bands": {"cutoffs": [30, 35, 40, 45, 50, 55, 60, 65, 70, 75, 80, 90, 100, 120, 150, 200], "eta_c": [3656.9288180848494, 2465.390753333754, 1516.7384845747852, 903.8681792579547, 513.1041527986898, 256.52755465573716, 126.74400433010427, 60.54069375893695, 24.960917703122785, 10.213229795983326, 5.625203514722572, 4.585530194398113, 3.976655537224893, 1.1699900537996757, 0.48483486883892996, 0.0], "max_diff_c": [7512.885776990769, 5336.170436055011, 3510.035922732669, 2106.408049699878, 1500.8594880706114, 658.1576812020486, 310.408810340807, 146.2762565828894, 58.92619713118642, 25.101689697208087, 13.671122035536369, 11.076412279232613, 9.618589483984692, 2.752001517037286, 0.9681239232260737, 0.0]}}}, {"name": "MARBURG", "Z": 15, "color": "#ea388e", "quantities": {"metadata": {"avg_nu": 0.44031463860106806, "max_nu": 0.91552433607352, "avg_nu_wo_max": 0.38751356110412893, "max_conf": "DC"}, "pressure": {"cutoffs": [30, 35, 40, 45, 50, 55, 60, 65, 70, 75, 80, 90, 100, 120, 150, 200], "values": [179.30053454975882, 189.17810291994647, 5.398248657053081, 0.6384145742680993, 0.12900800650792565, 0.4079860452353654, 0.499711597308584, 0.2953548373725095, 0.08476426762806787, 0.005234171172881675, 0.010044253666772536, 0.09900873484819564, 0.035054337346940835, 0.020524675512082178, 0.005663123345912773, 6.028490431898407e-14]}, "cohesive_energy": {"cutoffs": [30, 35, 40, 45, 50, 55, 60, 65, 70, 80, 90, 100, 120, 150, 200], "values": [7.360408605243967, 1.9482405518785568, 0.03806906938824521, 0.08961071475445866, 0.1362853121032042, 0.0836384393589688, 0.032376445219813095, 0.022304476974404436, 0.01139193128290733, 0.015192010258177456, 0.0022853765753301646, 0.0036602680039229396, 0.0013282807186079373, 0.0003229207441771834, -0.0], "ref": -8.173978902043}, "eos": {"cutoffs": [30, 35, 40, 45, 50, 55, 60, 65, 70, 75, 80, 90, 100, 120, 150, 200], "values": [20.774181431722376, 9.271512677174739, 1.5328181063389685, 1.0723257839669658, 0.17137451086137168, 0.4191908924573307, 1.6174129003470772, 1.026379564480921, 0.4032011494124169, 0.34119479213658077, 0.338535597055491, 0.19698893537588666, 0.16138747667506348, 0.08756523817753381, 0.02283437581126604, 0.0]}, "bands": {"cutoffs": [30, 35, 40, 45, 50, 55, 60, 65, 70, 75, 80, 90, 100, 120, 150, 200], "eta_c": [162.40603014469497, 43.52766643868768, 9.966025272501568, 3.8436493432595404, 3.1931073584769485, 2.566459266870717, 1.9113849581405837, 1.1176571804904425, 0.6569267312914518, 0.5213696501137963, 0.5584275912389731, 0.42983798711913634, 0.20070478773266065, 0.12860568676179115, 0.0656556250454076, 0.0], "max_diff_c": [380.77822310778976, 138.71405673272727, 23.754879270303523, 10.718644817898053, 9.285034029447559, 4.9134861134899666, 4.6281492481911926, 2.159634660484216, 1.1708371604619288, 1.0311493826427522, 1.073749455369324, 0.9875687650987004, 0.538760085864169, 0.3146705863536283, 0.12350187191293571, 0.0]}}}]}