{"conff": "FCC", "pseudos": [{"name": "PSL-US-v1-low", "color": "#fa0000", "Z": 11, "quantities": {"metadata": {"avg_nu": 26.155654584120366, "max_nu": 69.868626833835, "avg_nu_wo_xo3": 26.685365322226186, "max_conf": "SC"}, "pressure": {"cutoffs": [30, 35, 40, 45, 50, 55, 60, 65, 70, 75, 80, 90, 100, 120, 150, 200], "values": [0.3184036933565467, 0.5687623208981598, 1.0594984188805052, 0.8691266353760531, 0.2421169795978569, 0.030941392011098703, 0.06273024533620751, 0.19943140379456173, 0.22076300039624183, 0.14690887217694368, 0.05002761503496661, 0.002815189082677332, 0.07544081194227992, 0.0, 0.01760132718944128, 0.0]}, "cohesive_energy": {"cutoffs": [30, 35, 40, 45, 50, 55, 60, 65, 70, 75, 80, 90, 100, 120, 150, 200], "values": [-0.10477364662320507, -0.0945809358989817, -0.029296864680693473, -0.005395547206591501, 0.014489542359668274, 0.0067680959105260955, -0.0005916163814282673, 0.00881340030346733, 0.0077924384405441225, 0.00011832248862206773, 0.0019202184282698382, 0.0021162971198136512, 0.0018458450392681168, 0.000960110454013756, 0.0009601104614730677, -0.0], "ref": -4.0245577618998}, "eos": {"cutoffs": [30, 35, 40, 45, 50, 55, 60, 65, 70, 75, 80, 90, 100, 120, 150, 200], "values": [21.047351125150527, 4.404504686620267, 9.81973321842712, 0.10126968643555823, 0.6070476297419864, 0.7332336203033416, 0.45024469633632025, 0.8968890688944668, 0.08214855103485313, 0.03807718934348462, 0.07572119844009685, 0.2959050905183893, 0.16723324863480493, 0.1355651004479178, 0.045010127906470035, 0.0]}, "bands": {"cutoffs": [30, 35, 40, 45, 50, 55, 60, 65, 70, 75, 80, 90, 100, 120, 150, 200], "eta_c": [0.9284231560977647, 0.8081064715133789, 0.387530876243312, 0.11007760399391225, 0.17764341475326886, 0.2421369954146658, 0.2276052359477834, 0.175792648093492, 0.12670607117998106, 0.09690581492548372, 0.08114027649311403, 0.08167375251256621, 0.06833640682674767, 0.034321871363745766, 0.017125434304672088, 0.0], "max_diff_c": [3.152584199749924, 2.8102946751333633, 1.4043369049234684, 0.46760420619958154, 0.5021149640184603, 0.639459703104535, 0.5921995689375308, 0.48984785261001207, 0.3326144758203782, 0.20438485182634736, 0.19123680306017832, 0.18037042857906727, 0.14917074972794353, 0.07433500337731402, 0.030262640606792957, 0.0]}}}, {"name": "PSL-US-v1-high", "color": "#ff0000", "Z": 26, "quantities": {"metadata": {"avg_nu": 0.3926443051275233, "max_nu": 2.4405828339827, "avg_nu_wo_xo3": 0.43436777632532253, "max_conf": "FCC"}, "pressure": {"cutoffs": [30, 35, 40, 45, 50, 55, 60, 65, 70, 75, 80, 90, 100, 120, 150, 200], "values": [90.1428043083915, 88.31864344100802, 86.25775315253657, 84.03652866912694, 81.7671179661247, 79.35637070678403, 77.07213486683989, 74.91720123977238, 73.27201601187777, 72.37290118684244, 71.97981283009688, 34.435593344926005, 24.236437027677418, 4.606342404541447, 1.5788949150156169, 1.3395501385299775e-13]}, "cohesive_energy": {"cutoffs": [30, 40, 45, 50, 55, 60, 65, 70, 75, 80, 90, 100, 120, 150, 200], "values": [282.34406150076165, 114.92843755833829, 39.03926532059141, 4.317841190212658, 7.840174586339874, -3.0759508909013746, -0.7796552970007398, 0.2942951143016819, 0.18377423435922938, 0.3994168514781264, 0.5747129377555475, 0.3869410865025929, 0.08124132520715467, 0.049129669976034226, -0.0], "ref": -3.7471982529059}, "eos": {"cutoffs": [30, 35, 40, 45, 50, 60, 65, 70, 75, 80, 90, 100, 120, 150, 200], "values": [103.22931667906445, 177.21687039798712, 130.6649940861797, 99.74564261962956, 165.6524949383288, 113.27540396098797, 75.3780395195969, 64.2357969136456, 19.93637764898921, 5.775259869045915, 1.827856834027961, 4.0857868863289175, 1.5909144774138477, 0.5424822132469038, 0.0]}, "bands": {"cutoffs": [30, 35, 40, 45, 50, 55, 60, 65, 70, 75, 80, 90, 100, 120, 150, 200], "eta_c": [7509.505902900614, 7146.6909049313435, 4972.0980237562935, 3067.68056286681, 1769.722529283863, 937.5813955769854, 472.48528924117096, 206.97495634640697, 74.31733311941018, 17.740602699963283, 7.182012760995452, 9.299147855128908, 5.308093610155401, 1.2307250189400203, 0.6159494488411567, 0.0], "max_diff_c": [19566.48606458236, 15526.198138065993, 10065.91644537161, 6117.15963157684, 3407.190168723213, 1742.5331220790592, 871.6675803320333, 376.82466367331045, 134.83511330135124, 32.32877790639418, 19.74195638757351, 23.104210021533106, 13.099259223864633, 2.7987734845937666, 1.530453352477764, 0.0]}}}, {"name": "PSL-PAW-v1-low", "color": "#008c00", "Z": 11, "quantities": {"metadata": {"avg_nu": 26.078125792798943, "max_nu": 69.705183928056, "avg_nu_wo_xo3": 26.599610551346267, "max_conf": "SC"}, "phonon_frequencies": {"cutoffs": [30, 35, 40, 45, 50, 55, 60, 65, 70, 75, 80, 90, 100, 120, 150, 200], "values": [0.030033805063737668, 0.034497351037503274, 0.0024522795594334127, 0.002635815433989049, 0.009569077161796407, 0.003144284867292401, 0.002237052770012069, 0.00044139986297777104, 0.0008173367162194331, 0.0034357764205790826, 0.0014279903412385538, 0.0012783662090226026, 0.0007653143668395249, 0.0007465961672853032, 0.0002775663131049164, 0.0], "error": [0.006369242069427492, 0.007697087545364072, 0.0005400260415405699, 0.0005878160670364178, 0.002124273715225203, 0.0007028438822357774, 0.0004997611937222063, 8.210855200592448e-05, 0.0001836130715538051, 0.0007674342895057952, 0.00032046973873276386, 0.00028671024599193984, 0.00017180673881484745, 0.00016745603551893043, 6.238156815788605e-05, 0.0], "ref": 151.205474}, "pressure": {"cutoffs": [30, 35, 40, 45, 50, 55, 60, 65, 70, 75, 80, 90, 100, 120, 150, 200], "values": [0.311994755305924, 0.5637028509144122, 1.0525453517556043, 0.865387716637833, 0.24372849426424364, 0.027989497904542915, 0.06381981876590409, 0.19983954650089047, 0.22106432582865734, 0.14757946316405154, 0.05188223067953644, 0.004902120854080367, 0.07717011634392006, 0.0028010673830364164, 0.01821383035075683, 0.0]}, "cohesive_energy": {"cutoffs": [30, 35, 40, 45, 50, 55, 60, 65, 70, 75, 80, 90, 100, 120, 150, 200], "values": [-0.10179912331789813, -0.09189696981308486, -0.02765447710598995, -0.004542705399571132, 0.015059102830822896, 0.007350678209489176, -1.6873822330255772e-05, 0.009254159477966742, 0.008093169313118155, 0.0003206230789529243, 0.0020823540650938893, 0.002264602954290123, 0.00195748045031247, 0.0011002378280160004, 0.0009719906260177418, -0.0], "ref": -4.0313557096997}, "eos": {"cutoffs": [30, 35, 40, 45, 50, 55, 60, 65, 70, 75, 80, 90, 100, 120, 150, 200], "values": [20.835633062392663, 4.3525893020249, 9.674805986851515, 0.07112206580066263, 0.5776707703348166, 0.783676211061769, 0.40797266659102704, 0.8214066401371163, 0.07403161178124792, 0.06766567563493765, 0.13603484638406663, 0.31513969519328583, 0.20023476035545915, 0.10120246021535953, 0.04421303706596754, 0.0]}, "bands": {"cutoffs": [30, 35, 40, 45, 50, 55, 60, 65, 70, 75, 80, 90, 100, 120, 150, 200], "eta_c": [0.883806579179597, 0.7664442100831202, 0.3584917026049557, 0.10214310041702708, 0.17677200399227955, 0.24124252122044157, 0.22722586469049477, 0.1747775162146825, 0.1256048047306103, 0.09587409491126452, 0.07872797636124519, 0.07838588277774179, 0.06515381457878536, 0.03493873352143148, 0.018279774255520374, 0.0], "max_diff_c": [3.0033660492986343, 2.681545286629685, 1.2945125628744876, 0.3726495423543099, 0.49544724931809014, 0.627582858025562, 0.6480283669502569, 0.48564865814586256, 0.32901433389713475, 0.19259049328763922, 0.18934716171366972, 0.17610313687151802, 0.14358811141897831, 0.07058703023480462, 0.031328593976809316, 0.0]}}}, {"name": "PSL-PAW-v1-high", "color": "#008b00", "Z": 26, "quantities": {"metadata": {"avg_nu": 0.1661710221204477, "max_nu": 0.29593889309716, "avg_nu_wo_xo3": 0.1702854317894797, "max_conf": "BCC"}, "pressure": {"cutoffs": [30, 35, 40, 45, 50, 55, 60, 65, 70, 75, 80, 90, 100, 120, 150, 200],