{"conff": "BCC", "pseudos": [{"name": "PSL-US-v1-high", "Z": 14, "color": "#ff0000", "quantities": {"metadata": {"avg_nu": 0.3665896488399098, "max_nu": 0.60860361613305, "avg_nu_wo_max": 0.3396992080295609, "max_conf": "SC"}, "phonon_frequencies": {"cutoffs": [30, 35, 40, 45, 50, 55, 60, 65, 70, 75, 80, 90, 100, 120, 150, 200], "values": [4.3012206218629645, 4.625987224163296, 4.573932234459273, 4.050691126509401, 1.365391578109244, 2.5375884645593616, 2.5258508612511927, 0.47616290725815547, 0.23398838436575026, 0.1069460317095142, 0.07956019111172101, 0.016623371134155563, 0.012112522316617665, 0.015622054486947404, 0.0060518054003820074, 0.0], "error": [0.0, 0.0, 0.0, 0.0, 0.0, 0.0, 0.0, 5.551115123125783e-17, 0.0, 0.0, 0.0, 0.0, 0.0, 1.734723475976807e-18, 0.0, 0.0], "ref": -59.810251}, "pressure": {"cutoffs": [30, 35, 40, 45, 50, 55, 60, 65, 70, 75, 80, 90, 100, 120, 150, 200], "values": [8.680595178223223, 184.36725983919516, 174.52576670268144, 171.5325424900995, 172.66977156280336, 176.12730075819837, 180.76001497191533, 185.6080156496662, 24.2608486317426, 6.909563576511907, 2.2222913515892597, 0.008935649459916189, 0.24036664495250834, 0.42772306703551743, 0.02581284182637493, 1.9320574309534522e-13]}, "eos": {"cutoffs": [30, 35, 40, 45, 55, 60, 65, 70, 75, 80, 90, 100, 120, 150, 200], "values": [127.5421942739846, 105.98696819020813, 199.95154168904713, 60.464703788504686, 15.404501988446107, 27.256816392094862, 25.263341563465964, 11.645946121993413, 2.0216016072052065, 1.1621840678926816, 0.12234982583821512, 0.15594228190758644, 0.10807082941597128, 0.013598082128660526, 0.0]}, "bands": {"cutoffs": [30, 35, 40, 45, 50, 55, 60, 65, 70, 75, 80, 90, 100, 120, 150, 200], "eta_c": [3409.1697026389247, 2423.6427513741633, 1611.0248223989058, 1012.4923106500913, 571.4243505241096, 316.7557385752588, 168.06915105737647, 78.32854056386178, 34.74708574773301, 15.263700836359046, 7.299792184643666, 4.235188424007176, 3.9824976629458795, 1.5334493391957795, 0.42725715333102693, 0.0], "max_diff_c": [6695.084308200651, 5074.911152841549, 3167.9450546954795, 2665.3969976356484, 1246.0357120222682, 694.9835866298679, 374.57563307143613, 173.2153945905929, 84.49529283820925, 32.039088990994344, 19.48108981280933, 8.304171651515789, 7.992656937077357, 3.169295372544809, 0.6968844581691087, 0.0]}}}, {"name": "PSL-PAW-v1-high", "Z": 14, "color": "#008b00", "quantities": {"metadata": {"avg_nu": 0.377313806263336, "max_nu": 0.55980398846836, "avg_nu_wo_max": 0.3570371193516666, "max_conf": "DC"}, "phonon_frequencies": {"cutoffs": [30, 35, 40, 45, 50, 55, 60, 65, 70, 75, 80, 90, 100, 120, 150, 200], "values": [4.115864848767239, 3.5943310999729117, 4.107281161715205, 3.908623984542025, 1.3489445767085977, 2.360231945458728, 2.4059433723838195, 0.4327809941055577, 0.22114109729982867, 0.0926703961360907, 0.07374118984838929, 0.013684518501872097, 0.015317879222869963, 0.013277596371817963, 0.0005179884834432806, 0.0], "error": [0.0, 0.0, 0.0, 0.0, 0.0, 0.0, 0.0, 0.0, 2.7755575615628914e-17, 0.0, 0.0, 0.0, 0.0, 0.0, 0.0, 0.0], "ref": -64.348921}, "pressure": {"cutoffs": [30, 35, 40, 45, 50, 55, 60, 65, 70, 75, 80, 90, 100, 120, 150, 200], "values": [9.076994366806595, 183.48581107965046, 173.12058155686648, 170.31923343488646, 171.58810275115337, 175.24012886415338, 180.05748581422884, 185.05119327148844, 27.44936891397455, 7.327299719933449, 2.3224427042307987, 0.01561260311482934, 0.24730676156282744, 0.4540563988741605, 0.02051636299166649, 0.0]}, "eos": {"cutoffs": [30, 35, 40, 45, 55, 60, 65, 70, 75, 80, 90, 100, 120, 150, 200], "values": [132.52378455132805, 175.37924095057883, 451.1123511753368, 62.373914801621915, 13.140640187206241, 28.81214952171699, 26.319794660759843, 12.339746770657618, 2.2525034919912374, 1.2557767132812931, 0.2622092329379425, 0.27466902366606283, 0.09633285289950466, 0.02569074474147514, 0.0]}, "bands": {"cutoffs": [30, 35, 40, 45, 50, 55, 60, 65, 70, 75, 80, 90, 100, 120, 150, 200], "eta_c": [3436.1045034549975, 2455.0877515326697, 1615.7264933588867, 1002.057137112903, 557.0249404379623, 305.3697391062337, 161.20749343906124, 74.54040152429732, 32.93587350406424, 14.555240212921683, 7.0280621864261335, 4.150832025033953, 3.945287496161785, 1.5113051578382837, 0.40405644715381284, 0.0], "max_diff_c": [6636.933772754831, 4792.866222679508, 3298.1751711808993, 2647.0336613964378, 1246.2970876681532, 684.1559328359319, 362.8859473000678, 167.40771661507887, 82.74606583366412, 30.892617713850484, 18.98923563296964, 8.00184520551295, 7.710472076980011, 3.0638739742600762, 0.7032745152345257, 0.0]}}}, {"name": "MARBURG", "Z": 14, "color": "#ea388e", "quantities": {"metadata": {"avg_nu": 0.1504081734707387, "max_nu": 0.28221480813902, "avg_nu_wo_max": 0.1357629918409297, "max_conf": "DC"}, "pressure": {"cutoffs": [30, 35, 40, 45, 50, 55, 60, 65, 70, 75, 80, 90, 100, 120, 150, 200], "values": [185.68484573550828, 29.82410529189848, 4.53274487263033, 0.6213456561704654, 0.0856674435692785, 0.22566400520937302, 0.340879469124408, 0.27903189811631357, 0.1410899509816705, 0.02997816283162809, 0.0039562493892872285, 0.04629112714398462, 0.040851674284573564, 0.0033910126328383226, 0.003164923369257479, 1.405815621731283e-13]}, "cohesive_energy": {"cutoffs": [30, 35, 40, 45, 50, 55, 60, 65, 70, 80, 90, 100, 120, 150, 200], "values": [9.154820821524778, 2.4054591428498897, 0.2949956575680713, 0.15050894036333062, 0.1845662539134711, 0.14111780400065804, 0.07852206242196261, 0.028811794289653476, 0.011975294534923488, 0.017630880258524894, 0.008550107921534615, 0.004568528678112062, 0.0026854785675667794, 0.0008571009988900798, -0.0], "ref": -8.4608817156368}, "eos": {"cutoffs": [30, 35, 40, 45, 50, 55, 60, 65, 70, 75, 80, 90, 100, 120, 150, 200], "values": [26.30648653428752, 18.085354662134097, 5.086925544209933, 1.6237094220624209, 0.29941221928085077, 0.14883367084492727, 0.5282856045320412, 0.15890293250645238, 0.325617524828281, 0.11797460143460933, 0.09303171665963145, 0.14948020712694882, 0.09200144695391607, 0.03387123661741956, 0.007860635741426874, 0.0]}, "bands": {"cutoffs": [30, 35, 40, 45, 50, 55, 60, 65, 70, 75, 80, 90, 100, 120, 150, 200], "eta_c": [222.55631878141406, 58.45875387149704, 10.858667008097031, 5.454521248977527, 5.003416495787873, 3.54179063700044, 2.142718818584566, 1.0403325333187785, 0.5416451580096667, 0.4209234397694767, 0.4008499987943113, 0.33995055857419226, 0.15232083562627508, 0.09548591311132516, 0.03319607116968999, 0.0], "max_diff_c": [712.8084520141949, 208.70441553876492, 34.16181991573572, 13.30901931341711, 11.45233357388284, 8.663197954814592, 4.971397780256382, 2.2068045551210105, 1.2874176954609027, 0.8378269872218596, 0.8057054611884382, 0.7900557246737492, 0.3096194890795516, 0.15257603561173028, 0.06219319020820535, 0.0]}}}]}