{"conff": "BCC", "pseudos": [{"name": "PSL-US-v1-high", "Z": 17, "color": "#ff0000", "quantities": {"metadata": {"avgNu": 0.6545767547723859, "maxNu": 2.5003957566548, "avgNuWoMax": 0.4494857545632287, "maxConf": "XO3"}, "phononFrequencies": {"cutoffs": [30, 35, 40, 45, 50, 55, 60, 65, 70, 75, 80, 90, 100, 120, 150, 200], "values": [0.3927247438033679, 0.04177040434461816, 0.10296008905195671, 0.09295699642433779, 0.08508002908698466, 0.02350650088708436, 0.002651054411513478, 0.0771777519236425, 0.036117954246062234, 0.029063839323766712, 0.005632285493771471, 0.02605719850831211, 0.018620755352774236, 0.010206203981179003, 0.009597902294980098, 0.0], "error": [0.0, 0.0, 0.0, 0.0, 0.0, 0.0, 0.0, 0.0, 0.0, 0.0, 0.0, 0.0, 0.0, 0.0, 0.0, 0.0], "ref": 60.055727}, "pressure": {"cutoffs": [30, 35, 40, 45, 50, 55, 60, 65, 70, 75, 80, 90, 100, 120, 150, 200], "values": [136.91924359561358, 148.50083492626044, 164.18439900368818, 183.87877437978096, 0.9626422465943908, 2.1114838444068798, 8.377206615858162, 10.028359765931263, 6.448128042756093, 2.8900933542525933, 0.8310388023689342, 0.029752662582674057, 0.7252947117615643, 0.1712752854665568, 0.1331115818577893, 7.11906124977698e-14]}, "cohesiveEnergy": {"cutoffs": [30, 35, 40, 45, 50, 55, 60, 65, 70, 75, 80, 90, 100, 120, 150, 200], "values": [-8.227173147581114, 12.293451761166585, -1.2067836659138025, 0.19293160175600998, 0.38777939687585894, 0.13886881475149332, 0.06960915108474942, 0.23136367322714213, 0.2157932074435689, 0.06336650910464695, 0.0327799336147524, 0.1104876614714221, -0.006507778069001955, 0.014738918398938818, -0.0070500966076323685, -0.0], "ref": -1.1289675096641}, "eos": {"cutoffs": [30, 35, 40, 45, 50, 55, 60, 65, 70, 75, 80, 90, 100, 120, 150, 200], "values": [8.15573368560373, 3.9818127784574657, 2.0822560218518005, 0.32854318373881214, 0.05198223337661831, 0.03865188580717752, 0.03579916428020851, 0.07022279348392944, 0.015239226112667786, 0.004454974928267185, 0.004065990481143094, 0.00833167021560554, 0.0046812014833597145, 0.0017958944761021125, 0.0005520293877605958, 0.0]}, "bands": {"cutoffs": [30, 35, 40, 45, 50, 55, 60, 65, 70, 75, 80, 90, 150, 200], "etaC": [536.8237952783163, 148.77186310272148, 34.68217646275459, 5.4825213607191134, 0.8733624830485331, 1.1561510564792874, 1.3659867662980851, 1.140578496222119, 0.9427255871586345, 0.9240863581186063, 0.983757112780219, 1.0259893745544684, 0.10527382476419787, 0.0], "maxDiffC": [1040.5074136503076, 360.4290367812212, 58.814860698765294, 10.919885041395048, 2.2271617045355754, 2.7502864299294174, 2.903070567346532, 2.4324967797764856, 1.6398474164983838, 1.6347517972258172, 1.1937115158197003, 1.3832724498279845, 0.1420350461230555, 0.0]}}}, {"name": "PSL-PAW-v1-high", "Z": 17, "color": "#008b00", "quantities": {"metadata": {"avgNu": 0.788328448758967, "maxNu": 2.9056174749608, "avgNuWoMax": 0.5530741125143188, "maxConf": "XO3"}, "pressure": {"cutoffs": [30, 35, 40, 45, 50, 55, 60, 65, 70, 75, 80, 90, 100, 120, 150, 200], "values": [136.28074368281585, 147.9935292050891, 163.90170529927707, 183.8716484919665, 0.8602271114211487, 2.1388683851000208, 8.43926452542573, 9.930537568367424, 6.410467478277017, 2.8484799121720275, 0.8025554307393317, 0.01177425781231387, 0.7132179469577529, 0.15067300557358201, 0.11566957694421451, 1.9566065839770845e-13]}, "cohesiveEnergy": {"cutoffs": [30, 35, 40, 45, 50, 55, 60, 65, 70, 75, 80, 90, 100, 120, 150, 200], "values": [-9.150858721631833, 12.770844577132412, -1.2439957199102063, 0.2045151184490382, 0.405651522457642, 0.1551027232480357, 0.08149709684583097, 0.23914593894847777, 0.2202859978585653, 0.06544862663288212, 0.03381028736688849, 0.11131344757432489, -0.005816102638885276, 0.014926223303782314, -0.006962383949397154, -0.0], "ref": -1.1275591847625}, "eos": {"cutoffs": [30, 35, 40, 45, 50, 55, 60, 65, 70, 75, 80, 90, 100, 120, 150, 200], "values": [8.486744845870989, 3.9793315400971654, 2.4674964666517742, 0.3332179739272692, 0.06143448772018111, 0.04804510620524938, 0.04293550694797936, 0.07483143165491542, 0.014500381757618011, 0.004842561740321538, 0.004158895339103574, 0.008292113286671619, 0.004701530766126431, 0.0018021050774886217, 0.0005624697222890747, 0.0]}, "bands": {"cutoffs": [30, 35, 40, 45, 50, 55, 60, 65, 70, 75, 80, 90, 100, 120, 150, 200], "etaC": [500.4941409172219, 135.84883051914542, 31.474135349329302, 5.519235527856076, 1.7370855665763898, 2.017095827752904, 2.0271437625497915, 1.5709030198359835, 1.1033079663909624, 0.9184992546016636, 0.8837800818371941, 0.8986862565045787, 0.6975390087425706, 0.18086783863244285, 0.11726971568015795, 0.0], "maxDiffC": [1026.8001943065146, 354.13413140204653, 55.687584581268474, 10.825592861294636, 4.209903152749163, 4.709276255289311, 4.325789162831995, 3.3599570838130575, 2.134250352522855, 1.5626221206668447, 1.0792470090430015, 1.2802613121198618, 0.8693036548459644, 0.24267193322617686, 0.16730100146696714, 0.0]}}}, {"name": "JTH-1.1-std", "Z": 7, "color": "#984ea3", "quantities": {"metadata": {"avgNu": 2.387314707156942, "maxNu": 10.726069253764, "avgNuWoMax": 1.4607864242006021, "maxConf": "XO3"}, "pressure": {"cutoffs": [30, 35, 40, 45, 50, 55, 60, 65, 70, 75, 80, 90, 100, 120, 150, 200], "values": [0.015679114415377775, 0.005425486939333631, 0.010249829409463422, 0.0030139113449551046, 0.0012053909454374893, 0.004822555822656294, 0.0024110794697084544, 0.0006027078702859059, 0.0024110794697084544, 1.9741449004768022e-13, 1.9741449004768022e-13, 0.0006027326669457041, 1.9741449004768022e-13, 1.9741449004768022e-13, 0.0006027326669457041, 1.9741449004768022e-13]}, "cohesiveEnergy": {"cutoffs": [30, 35, 40, 45, 50, 55, 60, 65, 70, 75, 80, 90, 100, 120, 150, 200], "values": [-0.003635856048087533, 0.0028160786248192073, 0.003528962479776428, 0.00103373819159594, 0.009434291868335774, 0.00988588096383673, 0.002126861691176639, 0.005121183169271606, 0.0035051211407647344, 0.0006416214731744404, 0.001924864725189967, 0.00043962465564833045, -0.0001544888715731489, 0.0007604791582192644, 0.0006772526597027652, -0.0], "ref": -1.1450673967647}, "eos": {"cutoffs": [30, 35, 40, 45, 50, 55, 60, 65, 70, 75, 80, 90, 100, 120, 150, 200], "values": [0.000522766420622153, 0.0008811078556463322, 0.0011518994670224796, 0.00015339459898007233, 0.00035176691763018987, 0.000607538188019048, 0.000379989452715735, 0.0001644569673073026, 0.00034878321869219047, 0.00018629184534244028, 0.00014594387535105856, 0.00020659642978734812, 9.749489791207637e-05, 0.00010376146800168268, 5.651109919300644e-05, 0.0]}, "bands": {"cutoffs": [30, 35, 40, 45, 50, 55, 60, 65, 70, 75, 80, 90, 100, 120, 150, 200], "etaC": [0.07209793364214086, 0.04360886213481476, 0.035817614077678514, 0.03208614005106227, 0.01845011558545106, 0.0166995991037531, 0.01635235160370143, 0.01181384313207343, 0.012170074987889041, 0.01093847654020415, 0.008569991759685295, 0.008001903086063872, 0.004553736306995088, 0.003098771947325689, 0.0007213073982517208, 0.0], "maxDiffC": [0.18752504081476218, 0.09888378758304839, 0.09399390720155054, 0.08802399131724314, 0.04886053597452644, 0.04534362515329349, 0.03484869022507553, 0.030244293956371848, 0.03081584878472654, 0.018671513332790823, 0.021795608967423163, 0.020009799996500988, 0.00764214424009424, 0.004297221119387018, 0.0013290470066706916, 0.0]}}}]}