{"REF": {"configurations": {"XO": {"V0": 38.992350681601565, "B0": 0.6247080933346503, "B1": 4.813938209036099}, "XO2": {"V0": 52.96179138555256, "B0": 0.6269010363488776, "B1": 4.163854808427406}, "XO3": {"V0": 91.44195279647013, "B0": 0.20604975262703396, "B1": 5.737083324331837}, "X2O": {"V0": 80.3766777041316, "B0": 0.3216952138239879, "B1": 4.675780111813528}, "X2O3": {"V0": 203.326117907875, "B0": 0.6188372593916928, "B1": 4.208817794950658}, "X2O5": {"V0": 207.76797985303918, "B0": 0.6853133723601059, "B1": 4.174930702030381}, "BCC": {"V0": 45.943689065180855, "B0": 0.15380402140798752, "B1": 3.4004883071620493}, "FCC": {"V0": 45.55065392302246, "B0": 0.14910620969951788, "B1": 2.7548251199055374}, "SC": {"V0": 49.82906214069011, "B0": 0.11511410462526739, "B1": 3.580324768909944}, "DC": {"V0": 129.76193763607355, "B0": 0.07894053673248189, "B1": 2.86085170784608}}}, "PSL-US-v1-high (Z=11)": {"ecutrho": {"efficiency": 40.0, "precision": 40.0}, "configurations": {"BCC": {"uuid": "1e29124a-85dc-4e4b-9e76-72c1ad050f0b", "volumes": [45.968399841835, 43.210295853457, 44.129663849705, 45.049031844666, 46.887767837731, 47.807135835931, 48.726503833646], "energies": [-1279.0843747135, -1279.0708141926, -1279.0786185535, -1279.0830423081, -1279.0828779513, -1279.078789441, -1279.0723241523], "nu": 0.037163497040832, "V0": 45.9282458, "B0": 0.154292, "B1": 3.4025012, "E0": -1279.0843782}, "DC": {"uuid": "daf98108-4312-471b-8502-020342a464a1", "volumes": [129.36354333138, 121.60173072476, 124.18900159099, 126.7762724624, 131.95081419198, 134.53808506373, 137.12535593263], "energies": [-2555.1755290847, -2555.1537236507, -2555.1656351617, -2555.1728488995, -2555.1739755868, -2555.1686016107, -2555.1599262135], "nu": 0.066021756196102, "V0": 129.6859539, "B0": 0.0791268, "B1": 3.2014587, "E0": -2555.1754982}, "FCC": {"uuid": "8bff525f-bd8e-4c72-8c9a-680dd77c592e", "volumes": [45.551312516275, 42.818233765483, 43.729260015472, 44.640286267012, 46.462338766568, 47.373365018742, 48.284391269724], "energies": [-1279.2070780525, -1279.1938738647, -1279.2013722335, -1279.2056947618, -1279.2057350346, -1279.2018583649, -1279.1956253254], "nu": 0.025423093669903, "V0": 45.5465275, "B0": 0.1498136, "B1": 2.7322429, "E0": -1279.2070803}, "SC": {"uuid": "b6404c24-6bd5-4077-9ba0-bf7143e5eb77", "volumes": [50.162011019465, 47.152290359614, 48.155530579113, 49.158770799135, 51.165251242074, 52.168491463238, 53.171731682183], "energies": [-1278.531647977, -1278.5227159764, -1278.5283328142, -1278.5312286496, -1278.5298106644, -1278.5259127698, -1278.5201302147], "nu": 0.014898632455731, "V0": 49.8364076, "B0": 0.1151624, "B1": 3.5725374, "E0": -1278.5317706}, "X2O": {"uuid": "462373a1-3b2e-4005-8eb0-346b55e1e5f4", "volumes": [80.396372003656, 75.572589678804, 77.180517123336, 78.78844456384, 82.004299442278, 83.612226882514, 85.22015431765], "energies": [-3125.7183568099, -3125.6674467605, -3125.6968898855, -3125.7133988958, -3125.7129931741, -3125.6984016139, -3125.6755232351], "nu": 0.0520168894089, "V0": 80.3351963, "B0": 0.3219367, "B1": 4.5798763, "E0": -3125.7183689}, "X2O3": {"uuid": "11afea48-d2fc-4ce6-a040-1532992a5edc", "volumes": [203.31704996734, 191.11802697104, 195.18436797434, 199.2507089672, 207.38339096736, 211.44973196756, 215.51607296662], "energies": [-8536.6462949408, -8536.4063093146, -8536.5460801775, -8536.6240278657, -8536.618408579, -8536.5453458783, -8536.4315949484], "nu": 0.15114817055629, "V0": 203.0193949, "B0": 0.6197531, "B1": 4.2159644, "E0": -8536.6464212}, "X2O5": {"uuid": "42897797-44e1-45a3-9a01-613036e24a72", "volumes": [207.76451173054, 195.29864102698, 199.45393126495, 203.60922149574, 211.91980197088, 216.07509219794, 220.23038244078], "energies": [-10790.393775935, -10790.123579007, -10790.281257137, -10790.369025277, -10790.361724191, -10790.278480895, -10790.149108046], "nu": 0.16495849978123, "V0": 207.4267886, "B0": 0.6872514, "B1": 4.1829928, "E0": -10790.393951}, "XO": {"uuid": "2005a031-ba80-4c20-824f-e98f38f05d1d", "volumes": [38.99537562874, 36.65565308871, 37.435560604335, 38.215468116223, 39.775283140809, 40.555190651703, 41.335098163806], "energies": [-1849.30030896, -1849.2533425203, -1849.2807960851, -1849.2959962278, -1849.2949140311, -1849.280910645, -1849.2592117436], "nu": 0.14202654123181, "V0": 38.9370425, "B0": 0.6253093, "B1": 4.8227808, "E0": -1849.3003333}, "XO2": {"uuid": "fdf00c54-c2cd-4950-8d2e-c063459d5b96", "volumes": [52.953555231436, 49.776341919062, 50.835413020656, 51.894484124989, 54.012626334426, 55.071697440658, 56.130768545327], "energies": [-2416.9393457383, -2416.8759607662, -2416.9128406263, -2416.9334346095, -2416.9320188012, -2416.9127589921, -2416.8827423872], "nu": 0.15685888955972, "V0": 52.8788775, "B0": 0.6278471, "B1": 4.1720655, "E0": -2416.9393758}, "XO3": {"uuid": "0ea83d8a-8785-4118-bb2b-af4db51f2a81", "volumes": [91.452676994674, 85.96551637705, 87.794569915031, 89.62362345556, 93.281730535383, 95.110784073074, 96.939837617209], "energies": [-2978.3340137, -2978.2931441068, -2978.3162316051, -2978.3294130714, -2978.3311064358, -2978.3215791862, -2978.3061565904], "nu": 0.19749240685051, "V0": 91.6177658, "B0": 0.2041959, "B1": 5.5543646, "E0": -2978.3340736}}, "avgNu": {"withMax": 0.1008008376751028, "withoutMax": 0.09005732998894644}}, "PSL-PAW-v1-high (Z=11)": {"ecutrho": {"efficiency": 40.0, "precision": 40.0}, "configurations": {"BCC": {"uuid": "8359abe3-ce70-4183-9d5e-bbb002ed9b5a", "volumes": [45.968399841835, 43.210295853457, 44.129663849705, 45.049031844666, 46.887767837731, 47.807135835931, 48.726503833646], "energies": [-12758.589522756, -12758.576284554, -12758.583972178, -12758.588288855, -12758.587935243, -12758.583762922, -12758.577219945], "nu": 0.10147391896595, "V0": 45.8975101, "B0": 0.1542219, "B1": 3.3969732, "E0": -12758.589532}, "DC": {"uuid": "285bae86-6119-4c5d-b62d-64cf1373fd10", "volumes": [129.36354333138, 121.60173072476, 124.18900159099, 126.7762724624, 131.95081419198, 134.53808506373, 137.12535593263], "energies": [-25514.185212505, -25514.164112934, -25514.175766345, -25514.182746065, -25514.183461996, -25514.177904479, -25514.169055882], "nu": 0.16017351516638, "V0": 129.5572466, "B0": 0.0790644, "B1": 3.1736678, "E0": -25514.1851614}, "FCC": {"uuid": "935761da-2520-4dc1-95b8-d40b1f45ad9e", "volumes": [45.551312516275, 42.818233765483, 43.729260015472, 44.640286267012, 46.462338766568, 47.373365018742, 48.284391269724], "energies": [-12758.712241469, -12758.699357015, -12758.70674028, -12758.710956411, -12758.710807157, -12758.706845724, -12758.700533771], "nu": 0.081121654857257, "V0": 45.5148821, "B0": 0.1497049, "B1": 2.7254631, "E0": -12758.7122458}, "SC": {"uuid": "2a7191b1-9cab-44c5-b13a-b36347b65fe3", "volumes": [50.162011019465, 47.152290359614, 48.155530579113, 49.158770799135, 51.165251242074, 52.168491463238, 53.171731682183], "energies": [-12758.036887313, -12758.028327428, -12758.033812427, -12758.036584451, -12758.034940611, -12758.030939449, -12758.025059749], "nu": 0.085170499742893, "V0": 49.7867078, "B0": 0.1152236, "B1": 3.5713352, "E0": -12758.0370499}, "X2O": {"uuid": "654aa780-4a88-4fac-acc6-f81d0f519a9d", "volumes": [80.396372003656, 75.572589678804, 77.180517123336, 78.78844456384, 82.004299442278, 83.612226882514, 85.22015431765], "energies": [-26084.732659634, -26084.6830775, -26084.712045515, -26084.728112476, -26084.726914359, -26084.71196837, -26084.688794476], "nu": 0.12912000047596, "V0": 80.2730862, "B0": 0.3220323, "B1": 4.6103393, "E0": -26084.732691}, "X2O3": {"uuid": "16f33335-a573-4b02-a8d2-c2f2736479f7", "volumes": [203.31704996734, 191.11802697104, 195.18436797434, 199.2507089672, 207.38339096736, 211.44973196756, 215.51607296662], "energies": [-54454.672734291, -54454.432700773, -54454.572494629, -54454.650459053, -54454.644846977, -54454.571773664, -54454.458001917], "nu": 0.15101360521368, "V0": 203.0197583, "B0": 0.6198595, "B1": 4.214211, "E0": -54454.6728602},