{"REF": {"configurations": {"XO": {"V0": 26.66553580766982, "B0": 1.1954244146373632, "B1": 5.015121035609951}, "XO2": {"V0": 36.96323694007846, "B0": 1.2251311751695366, "B1": 4.397507741579227}, "XO3": {"V0": 67.85355676723577, "B0": 0.8174861573239132, "B1": 4.249658000746362}, "X2O": {"V0": 45.419636119060456, "B0": 0.9476583366908299, "B1": 5.270862351478765}, "X2O3": {"V0": 144.59436691493505, "B0": 0.9548399157541423, "B1": 4.441372316197466}, "X2O5": {"V0": 148.57639001361287, "B0": 1.2629313388720553, "B1": 4.63563804756844}, "BCC": {"V0": 16.191064699425894, "B0": 1.2122899829037914, "B1": 6.149701620433028}, "FCC": {"V0": 17.363741775723295, "B0": 0.9253943213805482, "B1": 5.5526919490792945}, "SC": {"V0": 16.11661629141215, "B0": 1.293701348992999, "B1": 6.580670009055805}, "DC": {"V0": 38.92606088376118, "B0": 1.4239840270759045, "B1": 5.386171813392944}}}, "PSL-US-v1-high (Z=17)": {"ecutrho": {"efficiency": 45.0, "precision": 65.0}, "configurations": {"BCC": {"uuid": "135b8055-9d1d-4315-b1d7-d6d395158772", "volumes": [16.208617292523, 15.236100254116, 15.560272599926, 15.884444944318, 16.532789638549, 16.856961983026, 17.181134328104], "energies": [-3362.7832144524, -3362.7437005304, -3362.7667658514, -3362.7794837717, -3362.7791492078, -3362.7683322747, -3362.7516791801], "nu": 0.028172351512168, "V0": 16.1939776, "B0": 1.2070467, "B1": 6.1345925, "E0": -3362.7832218}, "DC": {"uuid": "19de7466-43ef-4716-936b-5963af542297", "volumes": [38.630272912606, 36.312456536297, 37.085061997318, 37.857667456157, 39.402878372375, 40.175483827119, 40.948089287358], "energies": [-6726.6304561757, -6726.4863988396, -6726.5628933039, -6726.6097593335, -6726.6280765403, -6726.6054158525, -6726.5649974241], "nu": 0.015554382486288, "V0": 38.9288144, "B0": 1.4279066, "B1": 5.4218515, "E0": -6726.6320911}, "FCC": {"uuid": "ed56dfc6-e8dd-4809-9ae8-0d603dce9b36", "volumes": [17.363142167002, 16.321353636578, 16.668616481795, 17.015879324929, 17.71040501088, 18.057667853136, 18.404930697181], "energies": [-3362.4062454974, -3362.3722712688, -3362.3916327124, -3362.402615771, -3362.4034217722, -3362.3949367186, -3362.3814893971], "nu": 0.078622171885556, "V0": 17.3773129, "B0": 0.9237674, "B1": 5.543729, "E0": -3362.4062511}, "SC": {"uuid": "df529162-1f4a-41ed-a413-dcc86f206902", "volumes": [16.14903230367, 15.18009036639, 15.503071011096, 15.826051657064, 16.472012949342, 16.794993596085, 17.117974241284], "energies": [-3362.6186959247, -3362.5753334967, -3362.6003980381, -3362.6142965243, -3362.6148950386, -3362.6039782398, -3362.5868850011], "nu": 0.23625016624522, "V0": 16.1523293, "B0": 1.2725891, "B1": 6.3933052, "E0": -3362.618725}, "X2O": {"uuid": "ed356210-b556-47e8-a5e1-52f569e79871", "volumes": [45.415415421595, 42.690490493681, 43.598798802466, 44.507107111891, 46.323723729715, 47.232032039246, 48.140340343623], "energies": [-7291.7158040748, -7291.6311672844, -7291.68065309, -7291.7079990337, -7291.7063705685, -7291.681738416, -7291.6437163581], "nu": 0.14931842775698, "V0": 45.3537269, "B0": 0.9542686, "B1": 5.2668337, "E0": -7291.7158412}, "X2O3": {"uuid": "ac0f0cb8-f035-4ea5-8ce6-98a92226ea5a", "volumes": [144.59832616361, 135.92242659576, 138.81439311209, 141.70635963668, 147.49029268376, 150.38225921098, 153.27422573288], "energies": [-16863.713989983, -16863.458294273, -16863.609703444, -16863.692570406, -16863.680316712, -16863.59726172, -16863.469956663], "nu": 0.25772286663829, "V0": 144.2262785, "B0": 0.9621437, "B1": 4.4491308, "E0": -16863.7144369}, "X2O5": {"uuid": "02781dfe-8442-45d3-9f93-ed0183870306", "volumes": [148.54551051644, 139.63277988625, 142.60369009968, 145.57460030872, 151.51642072862, 154.48733093962, 157.45824114784], "energies": [-19122.849851169, -19122.487382072, -19122.698890033, -19122.816348105, -19122.808397619, -19122.700000257, -19122.531786696], "nu": 0.16566382104963, "V0": 148.3327223, "B0": 1.2686116, "B1": 4.6464307, "E0": -19122.8500457}, "XO": {"uuid": "c71b7c58-caf9-4fee-8e86-88ff6cc633ae", "volumes": [26.66371091018, 25.063888255067, 25.597162475181, 26.130436691803, 27.196985128834, 27.730259347314, 28.263533566678], "energies": [-3931.741979246, -3931.684623092, -3931.7192675369, -3931.737779169, -3931.7334886141, -3931.7137584563, -3931.6841060757], "nu": 0.38727123621178, "V0": 26.563725, "B0": 1.2099448, "B1": 5.026763, "E0": -3931.7421975}, "XO2": {"uuid": "d4638e82-1077-4fcb-b3c6-93a87623062e", "volumes": [36.963363940699, 34.745562103385, 35.484829381117, 36.224096660034, 37.702631217885, 38.441898498175, 39.181165774048], "energies": [-4500.6781901565, -4500.5926349819, -4500.6428190316, -4500.6705697447, -4500.6677460194, -4500.6410938299, -4500.5999050472], "nu": 0.19266922676746, "V0": 36.8925408, "B0": 1.2304576, "B1": 4.405686, "E0": -4500.6782694}, "XO3": {"uuid": "5c067e14-1839-4a35-9250-2a4d6a791e40", "volumes": [67.848017991012, 63.77713691224, 65.134097268541, 66.491057628698, 69.204978348809, 70.561938708248, 71.918899067487], "energies": [-5066.5268022591, -5066.4191552507, -5066.4815203401, -5066.5164865597, -5066.5149507492, -5066.4831723432, -5066.4334964661], "nu": 0.11317962957331, "V0": 67.7771617, "B0": 0.8191853, "B1": 4.3076271, "E0": -5066.5268241}}, "avgNu": {"withMax": 0.16244242801266823, "withoutMax": 0.13746144932387802}}, "PSL-PAW-v1-high (Z=17)": {"ecutrho": {"efficiency": 45.0, "precision": 65.0}, "configurations": {"BCC": {"uuid": "16669cae-2d35-403f-8d80-a29dbfdeeadc", "volumes": [16.208617292523, 15.236100254116, 15.560272599926, 15.884444944318, 16.532789638549, 16.856961983026, 17.181134328104], "energies": [-15504.805447911, -15504.766444883, -15504.78930884, -15504.801857505, -15504.801268515, -15504.790360832, -15504.77363794], "nu": 0.031947301271137, "V0": 16.1886713, "B0": 1.2054438, "B1": 6.1372247, "E0": -15504.8054621}, "DC": {"uuid": "59d12c0c-b8e5-437a-bf4d-2ffbc11b574e", "volumes": [38.630272912606, 36.312456536297, 37.085061997318, 37.857667456157, 39.402878372375, 40.175483827119, 40.948089287358], "energies": [-31010.676466115, -31010.53401806, -31010.609885982, -31010.656218669, -31010.673714092, -31010.650752718, -31010.61009932], "nu": 0.028176247684727, "V0": 38.9153689, "B0": 1.4256873, "B1": 5.4266822, "E0": -31010.6779515}, "FCC": {"uuid": "681f098c-ecc2-4d87-a56c-242d0241d7c5", "volumes": [17.363142167002, 16.321353636578, 16.668616481795, 17.015879324929, 17.71040501088, 18.057667853136, 18.404930697181], "energies": [-15504.428661001, -15504.395240932, -15504.414396385, -15504.425195087, -15504.425692375, -15504.41708038, -15504.40352258], "nu": 0.031956250696959, "V0": 17.3689932, "B0": 0.9234838, "B1": 5.5493564, "E0": -15504.4286621}, "SC": {"uuid": "c37fe755-f263-4a9c-9b3f-2554891a06b2", "volumes": [16.14903230367, 15.18009036639, 15.503071011096, 15.826051657064, 16.472012949342, 16.794993596085, 17.117974241284], "energies": [-15504.643320312, -15504.60036483, -15504.625279301, -15504.639042818, -15504.639409764, -15504.628394596, -15504.611213192], "nu": 0.20955653595438, "V0": 16.1477925, "B0": 1.2729842, "B1": 6.3941888, "E0": -15504.643349}, "X2O": {"uuid": "0ef71434-0946-4883-9ab3-bebb55c0d540", "volumes": [45.415415421595, 42.690490493681, 43.598798802466, 44.507107111891, 46.323723729715, 47.232032039246, 48.140340343623], "energies": [-31575.759806222, -31575.676449863, -31575.725475252, -31575.752395746, -31575.75000577, -31575.725031027, -31575.686688419], "nu": 0.19317167956536, "V0": 45.3337287, "B0": 0.9549603, "B1": 5.2645459, "E0": -31575.7598734}, "X2O3": {"uuid": "45530f52-8f4f-4f98-aabd-a0df3da0e15f", "volumes": [144.59832616361, 135.92242659576, 138.81439311209, 141.70635963668, 147.49029268376, 150.38225921098, 153.27422573288], "energies": [-65431.809398359, -65431.55556105, -65431.706302455, -65431.788552263, -65431.775190929, -65431.691635791, -65431.563860386], "nu": 0.27770399009169, "V0": 144.197354, "B0": 0.9623223, "B1": 4.4475049, "E0": -65431.8099197},