{"REF": {"configurations": {"XO": {"V0": 55.39235301269504, "B0": 0.13513078591363253, "B1": 6.01028263657523}, "XO2": {"V0": 58.91457051825229, "B0": 0.2149110419726965, "B1": 6.607237718337915}, "XO3": {"V0": 79.51922007961696, "B0": 0.430908087628455, "B1": 6.687991575195888}, "X2O": {"V0": 106.7081347574964, "B0": 0.11914569772912405, "B1": 5.184688760376838}, "X2O3": {"V0": 262.19120504163266, "B0": 0.1166218396423242, "B1": 6.525814881641974}, "X2O5": {"V0": 229.91803402594206, "B0": 0.21650935237029986, "B1": 5.505018606255058}, "BCC": {"V0": 116.49231248676648, "B0": 0.011821659795059496, "B1": 3.584810114011017}, "FCC": {"V0": 117.16295360986017, "B0": 0.011974594046120586, "B1": 3.5993079567343456}, "SC": {"V0": 132.17408585059354, "B0": 0.009843214033414184, "B1": 3.9878937454821677}, "DC": {"V0": 384.032159640575, "B0": 0.005002480031065112, "B1": 3.92208126872311}}}, "PSL-US-v1-high (Z=19)": {"ecutrho": {"efficiency": 150.0, "precision": 200.0}, "configurations": {"BCC": {"uuid": "a24cf95f-2eec-4ba1-b732-538fc50ff558", "volumes": [116.47957329181, 109.49079889564, 111.82039036589, 114.14998182566, 118.80916476761, 121.13875622446, 123.46834769328], "energies": [-3871.3536159882, -3871.3508786591, -3871.3524350142, -3871.3533278197, -3871.3533509493, -3871.3525820917, -3871.3513515929], "nu": 0.010407044036248, "V0": 116.4932572, "B0": 0.0118452, "B1": 3.5427242, "E0": -3871.3536158}, "DC": {"uuid": "98e279c0-5bff-4713-af78-ff61eebe1fb4", "volumes": [384.39397545038, 361.33033691619, 369.01821643038, 376.70609593203, 392.08185494407, 399.76973447153, 407.45761397309], "energies": [-7742.310567286, -7742.3069714378, -7742.3090702518, -7742.3102369398, -7742.3101306794, -7742.3090026315, -7742.307251715], "nu": 0.081458164681657, "V0": 383.7240411, "B0": 0.0049886, "B1": 3.9239266, "E0": -7742.3105686}, "FCC": {"uuid": "2e83c4d0-d7a9-4f58-88bc-dfa23144a6b2", "volumes": [117.20592692756, 110.17357131143, 112.51768984799, 114.86180839198, 119.55004546442, 121.89416400421, 124.23828254339], "energies": [-3871.3557348026, -3871.3529840038, -3871.3545569578, -3871.355453845, -3871.3554530287, -3871.3546585924, -3871.3533966645], "nu": 0.0092166057536626, "V0": 117.1681085, "B0": 0.011994, "B1": 3.596542, "E0": -3871.3557346}, "SC": {"uuid": "60873776-1628-48d1-a105-7bb53f6a38b2", "volumes": [132.25862390966, 124.3231064742, 126.96827895529, 129.61345143551, 134.90379639342, 137.5489688673, 140.19414134837], "energies": [-3871.2750032538, -3871.2725285145, -3871.2739675886, -3871.2747723652, -3871.2747156295, -3871.2739602415, -3871.2727807641], "nu": 0.078244228839979, "V0": 132.0708262, "B0": 0.0098429, "B1": 4.048045, "E0": -3871.2750044}, "X2O": {"uuid": "66e0a6ea-496a-4f6d-8e90-c494df918c59", "volumes": [106.69692460025, 100.29510912154, 102.42904761257, 104.56298610712, 108.8308630942, 110.96480157937, 113.09874007465], "energies": [-8309.7878457233, -8309.7539059171, -8309.7717224344, -8309.7827747459, -8309.7876303452, -8309.7827352894, -8309.7737036952], "nu": 0.88909137423978, "V0": 107.6600605, "B0": 0.1181609, "B1": 5.1961477, "E0": -8309.7883654}, "X2O3": {"uuid": "269fe2e0-6330-4927-8ab2-2ea6f40ea2c4", "volumes": [262.15980617859, 246.43021780766, 251.67341392273, 256.91661005071, 267.40300229734, 272.6461984143, 277.88939454709], "energies": [-18872.362923672, -18872.243960266, -18872.301019135, -18872.339855222, -18872.372345342, -18872.369995639, -18872.357519491], "nu": 2.5361927419581, "V0": 268.883775, "B0": 0.1102096, "B1": 6.6290843, "E0": -18872.3728004}, "X2O5": {"uuid": "9dd824cf-7e82-49db-96f0-96c2338f2ffc", "volumes": [229.931159034, 216.13528949537, 220.73391267238, 225.3325358483, 234.52978221648, 239.1284053953, 243.72702858106], "energies": [-21121.359789098, -21121.171708369, -21121.262185947, -21121.323709525, -21121.373507853, -21121.36758067, -21121.344407864], "nu": 2.3374722307744, "V0": 235.3530502, "B0": 0.2133116, "B1": 5.6463948, "E0": -21121.3738168}, "XO": {"uuid": "7a443d16-03c2-4f59-8bdc-e7580ccf956a", "volumes": [55.382872797041, 52.059900427393, 53.167557882385, 54.275215342119, 56.490530251478, 57.598187706209, 58.705845161567], "energies": [-4437.1543676211, -4437.133274173, -4437.1442577758, -4437.1511109627, -4437.1544949704, -4437.1518983241, -4437.1469351038], "nu": 1.0573524110312, "V0": 55.9782994, "B0": 0.1323549, "B1": 6.0566008, "E0": -4437.1547983}, "XO2": {"uuid": "61797164-e3a7-4f2a-8810-a12b3e6f1fa0", "volumes": [58.915071357453, 55.380167073985, 56.558468501765, 57.736769930224, 60.093372780979, 61.271674209911, 62.449975633567], "energies": [-4999.2102267576, -4999.1590405127, -4999.1833529314, -4999.2000756871, -4999.214695411, -4999.2142656072, -4999.2096207601], "nu": 2.7824782929828, "V0": 60.5648114, "B0": 0.2010283, "B1": 6.6798664, "E0": -4999.2150721}, "XO3": {"uuid": "1dc02954-bb5d-4e26-a8d8-24efe4e540f6", "volumes": [79.531018054936, 74.759156969742, 76.349777331351, 77.940397692495, 81.121638414731, 82.712258776315, 84.302879137054], "energies": [-5562.4608008682, -5562.2685572061, -5562.3529360327, -5562.4160956945, -5562.4894892855, -5562.5042974483, -5562.5071161395], "nu": 5.4509175700976, "V0": 83.9055919, "B0": 0.3563692, "B1": 6.7514521, "E0": -5562.5074436}}, "avgNu": {"withMax": 1.5232830664395427, "withoutMax": 1.0868792326997587}}, "PSL-PAW-v1-high (Z=19)": {"ecutrho": {"efficiency": 150.0, "precision": 200.0}, "configurations": {"BCC": {"uuid": "6a4df933-216c-48ad-8b42-b2627b6be5ce", "volumes": [116.47957329181, 109.49079889564, 111.82039036589, 114.14998182566, 118.80916476761, 121.13875622446, 123.46834769328], "energies": [-14580.571781819, -14580.569154151, -14580.570672275, -14580.571528617, -14580.571483446, -14580.570682751, -14580.569421775], "nu": 0.1241815891832, "V0": 116.3492751, "B0": 0.0118639, "B1": 3.5448473, "E0": -14580.5717825}, "DC": {"uuid": "f2c07c9a-1a56-4988-8095-e88c87822b62", "volumes": [384.39397545038, 361.33033691619, 369.01821643038, 376.70609593203, 392.08185494407, 399.76973447153, 407.45761397309], "energies": [-29160.746640031, -29160.743135613, -29160.74520395, -29160.746340161, -29160.746173355, -29160.745015375, -29160.74323507], "nu": 0.15923969472054, "V0": 383.4211179, "B0": 0.0050027, "B1": 3.9296584, "E0": -29160.7466446}, "FCC": {"uuid": "5633e296-d3d2-4277-8bf0-509a6a9df70d", "volumes": [117.20592692756, 110.17357131143, 112.51768984799, 114.86180839198, 119.55004546442, 121.89416400421, 124.23828254339], "energies": [-14580.573894374, -14580.571273918, -14580.572801701, -14580.57365505, -14580.573572872, -14580.572740748, -14580.571443173], "nu": 0.14163496529803, "V0": 116.9983316, "B0": 0.0120154, "B1": 3.6150234, "E0": -14580.5738963}, "SC": {"uuid": "703a4274-9a1f-4f1d-b323-7db053b6f597", "volumes": [132.25862390966, 124.3231064742, 126.96827895529, 129.61345143551, 134.90379639342, 137.5489688673, 140.19414134837], "energies": [-14580.493170445, -14580.49076904, -14580.492183352, -14580.492963638, -14580.492859283, -14580.492080901, -14580.490878974], "nu": 0.17030644393461, "V0": 131.949978, "B0": 0.0098703, "B1": 4.0557223, "E0": -14580.4931739}, "X2O": {"uuid": "020c78a1-8005-4233-aa4b-dc2f00e71d90", "volumes": [106.69692460025, 100.29510912154, 102.42904761257, 104.56298610712, 108.8308630942, 110.96480157937, 113.09874007465], "energies": [-29728.228261677, -29728.194715619, -29728.212398121, -29728.223319137, -29728.227920446, -29728.222902395, -29728.21375039], "nu": 0.83881275614446, "V0": 107.6063588, "B0": 0.1184031, "B1": 5.1959934, "E0": -29728.2287258}, "X2O3": {"uuid": "f5359c73-8b23-4d59-b26f-d028cb8a14fb", "volumes": [262.15980617859, 246.43021780766, 251.67341392273, 256.91661005071, 267.40300229734, 272.6461984143, 277.88939454709], "energies": [-61709.24512336, -61709.12742882, -61709.184046321, -61709.222459679, -61709.254158491, -61709.251440074, -61709.23861222], "nu": 2.4706454147417, "V0": 268.7105211, "B0": 0.1105092, "B1": 6.630575, "E0": -61709.2545138},