{"REF": {"configurations": {"XO": {"V0": 26.843555957636305, "B0": 1.2763858734822238, "B1": 4.953662155892338}, "XO2": {"V0": 37.404653487398264, "B0": 1.247576369220872, "B1": 4.384986533023193}, "XO3": {"V0": 68.83896241530358, "B0": 0.8601566174682174, "B1": 4.23232822523724}, "X2O": {"V0": 45.856916438975105, "B0": 1.0167547516918818, "B1": 5.06172610726575}, "X2O3": {"V0": 145.34713832221837, "B0": 1.0005194334862801, "B1": 4.4597895973385295}, "X2O5": {"V0": 148.4904181466331, "B0": 1.3455883964888837, "B1": 4.672896407465074}, "BCC": {"V0": 16.564337263638887, "B0": 1.2318264770021283, "B1": 5.802484377856649}, "FCC": {"V0": 17.802132741670547, "B0": 0.9552837517553922, "B1": 5.362470095989433}, "SC": {"V0": 16.367182603361524, "B0": 1.387352931964469, "B1": 7.040103543424582}, "DC": {"V0": 40.40756807632782, "B0": 1.3859881066309339, "B1": 5.113710011608015}}}, "PSL-US-v1-high (Z=16)": {"ecutrho": {"efficiency": 40.0, "precision": 60.0}, "configurations": {"BCC": {"uuid": "f301cf9f-98dd-4138-9ef2-b5f3381307a3", "volumes": [16.594184158651, 15.598533109735, 15.930416791599, 16.262300474096, 16.926067842516, 17.257951522986, 17.589835206628], "energies": [-2231.6016444671, -2231.5574446087, -2231.5824994901, -2231.5967781193, -2231.5982875347, -2231.5877541443, -2231.5709633601], "nu": 0.31962135797622, "V0": 16.6172702, "B0": 1.2271293, "B1": 5.7951699, "E0": -2231.6016645}, "DC": {"uuid": "b416ab61-3778-4330-8aec-1ba09732c247", "volumes": [40.171083536067, 37.760818525215, 38.564240192984, 39.367661863375, 40.974505207752, 41.777926877045, 42.581348547554], "energies": [-4463.9209344777, -4463.7692378178, -4463.8485301565, -4463.8979604509, -4463.92047134, -4463.8992625156, -4463.8597253279], "nu": 0.35707235695542, "V0": 40.5520969, "B0": 1.3872875, "B1": 5.1412771, "E0": -4463.9234573}, "FCC": {"uuid": "fe570679-d3b0-4c86-bb14-01f030441f68", "volumes": [17.801783136538, 16.733676148343, 17.089711810755, 17.445747473843, 18.15781879755, 18.513854459954, 18.869890124082], "energies": [-2231.2007047323, -2231.1608893081, -2231.1827592331, -2231.1956763407, -2231.1987811596, -2231.1907324405, -2231.1772887926], "nu": 0.40750077248463, "V0": 17.8748145, "B0": 0.9539862, "B1": 5.3522657, "E0": -2231.2008485}, "SC": {"uuid": "86a05bb5-3923-4301-9ce3-590008a95e70", "volumes": [16.414932708845, 15.430036746721, 15.758335400789, 16.086634054186, 16.743231362954, 17.071530017959, 17.39982867121], "energies": [-2231.5070579703, -2231.4540522362, -2231.4835365865, -2231.5005590756, -2231.5046030953, -2231.494397602, -2231.4774156579], "nu": 0.71116519908359, "V0": 16.4805686, "B0": 1.3408524, "B1": 6.7778265, "E0": -2231.5072956}, "X2O": {"uuid": "8f3d6c6b-54a4-4d8a-b7e7-f4071819c97d", "volumes": [45.853505379788, 43.102295058302, 44.019365164, 44.936435271002, 46.770575486741, 47.68764559482, 48.604715704174], "energies": [-5029.0576659043, -5028.9604114674, -5029.0159271796, -5029.0474370092, -5029.049040576, -5029.0237246015, -5028.9836493086], "nu": 0.050874468653735, "V0": 45.8740853, "B0": 1.0237844, "B1": 5.0702767, "E0": -5029.0576642}, "X2O3": {"uuid": "653dbb81-65d2-4be5-bb62-5b2471b90e0b", "volumes": [145.35217723742, 136.63104659972, 139.5380901469, 142.44513369426, 148.25922078162, 151.16626432528, 154.07330786896], "energies": [-12339.55094976, -12339.281393387, -12339.441213598, -12339.528549349, -12339.515176723, -12339.427297696, -12339.292756317], "nu": 0.26703438826559, "V0": 144.9671972, "B0": 1.0111549, "B1": 4.4850874, "E0": -12339.5514524}, "X2O5": {"uuid": "cbecc79e-3498-405e-a0e2-f4042fa17617", "volumes": [148.46339156676, 139.55558807608, 142.52485590768, 145.4941237358, 151.43265939562, 154.40192722667, 157.37119505616], "energies": [-14600.397359871, -14600.010204198, -14600.236330931, -14600.361774048, -14600.352762182, -14600.236630664, -14600.056706956], "nu": 0.17410048782522, "V0": 148.2409408, "B0": 1.357786, "B1": 4.6879523, "E0": -14600.3975689}, "XO": {"uuid": "1b40422f-06d2-4bfb-aec7-832e6fc5e492", "volumes": [26.841597515476, 25.231101664861, 25.767933615223, 26.304765564954, 27.37842946798, 27.915261415528, 28.45209336906], "energies": [-2800.5198530066, -2800.4585839917, -2800.4957005908, -2800.5154820421, -2800.5105400467, -2800.4891135312, -2800.4570042348], "nu": 0.41277425418764, "V0": 26.7348795, "B0": 1.2959905, "B1": 4.9945142, "E0": -2800.5201108}, "XO2": {"uuid": "e1d300a9-4583-463b-9d4f-4676974723ee", "volumes": [37.403081676397, 35.158896775921, 35.906958408193, 36.655020043958, 38.151143308699, 38.899204945652, 39.647266579323], "energies": [-3369.8400598037, -3369.7502913545, -3369.8026324506, -3369.831760876, -3369.82966696, -3369.8025012917, -3369.7602875923], "nu": 0.15549739025904, "V0": 37.3478703, "B0": 1.2558705, "B1": 4.403818, "E0": -3369.8401076}, "XO3": {"uuid": "a0c7f7c1-8912-4987-b3b0-ca6aaa9c95f8", "volumes": [68.838357652237, 64.708056193706, 66.084823348444, 67.461590498594, 70.215124806063, 71.591891960814, 72.968659114378], "energies": [-3936.3136398317, -3936.1917166431, -3936.2609856687, -3936.3006387769, -3936.3026642562, -3936.2701282853, -3936.2182225714], "nu": 0.064680800949499, "V0": 68.872387, "B0": 0.8675118, "B1": 4.2978193, "E0": -3936.3136377}}, "avgNu": {"withMax": 0.2920321476640584, "withoutMax": 0.24546180861744377}}, "PSL-PAW-v1-high (Z=16)": {"ecutrho": {"efficiency": 40.0, "precision": 60.0}, "configurations": {"BCC": {"uuid": "ea80ab92-7e1d-4dfe-afe3-02ff5b4ff510", "volumes": [16.594184158651, 15.598533109735, 15.930416791599, 16.262300474096, 16.926067842516, 17.257951522986, 17.589835206628], "energies": [-14967.186254802, -14967.146423732, -14967.169850284, -14967.182679635, -14967.181746284, -14967.170184576, -14967.152474727], "nu": 0.026771882608343, "V0": 16.5676011, "B0": 1.2273759, "B1": 5.7788857, "E0": -14967.1862812}, "DC": {"uuid": "bf4f9de7-3088-48b2-9bff-eb1664f78387", "volumes": [40.171083536067, 37.760818525215, 38.564240192984, 39.367661863375, 40.974505207752, 41.777926877045, 42.581348547554], "energies": [-29935.107417234, -29934.972636939, -29935.045683857, -29935.089500715, -29935.102388842, -29935.077052731, -29935.033780237], "nu": 0.057910092758659, "V0": 40.3842444, "B0": 1.3872252, "B1": 5.1175323, "E0": -29935.1081964}, "FCC": {"uuid": "326f5165-1dc9-4455-acc4-3c65585d272d", "volumes": [17.801783136538, 16.733676148343, 17.089711810755, 17.445747473843, 18.15781879755, 18.513854459954, 18.869890124082], "energies": [-14966.780748045, -14966.745052424, -14966.765403682, -14966.776952737, -14966.777712751, -14966.768661565, -14966.754313683], "nu": 0.067383371812535, "V0": 17.8141096, "B0": 0.954503, "B1": 5.3463592, "E0": -14966.7807524}, "SC": {"uuid": "62dd2685-01c4-4b56-beed-c2376898d9bc", "volumes": [16.414932708845, 15.430036746721, 15.758335400789, 16.086634054186, 16.743231362954, 17.071530017959, 17.39982867121], "energies": [-14967.102325236, -14967.056543172, -14967.083397814, -14967.098023932, -14967.097863657, -14967.085833369, -14967.067191122], "nu": 0.24993056548014, "V0": 16.4032082, "B0": 1.3548525, "B1": 6.7971491, "E0": -14967.1023906}, "X2O": {"uuid": "f83d89df-441d-4a13-b661-be42678f2f12", "volumes": [45.853505379788, 43.102295058302, 44.019365164, 44.936435271002, 46.770575486741, 47.68764559482, 48.604715704174], "energies": [-30500.214181172, -30500.123538285, -30500.176650824, -30500.205964695, -30500.203706558, -30500.176686607, -30500.135037271], "nu": 0.17362135476675, "V0": 45.7798463, "B0": 1.0255401, "B1": 5.0597064, "E0": -30500.2142352}, "X2O3": {"uuid": "1b099aee-a207-4358-aecb-30c974e6cb6d", "volumes": [145.35217723742, 136.63104659972, 139.5380901469, 142.44513369426, 148.25922078162, 151.16626432528, 154.07330786896], "energies": [-63281.845479139, -63281.582861942, -63281.740118432, -63281.825169379, -63281.807740352, -63281.717966188, -63281.581558516], "nu": 0.33587890471132, "V0": 144.8667855, "B0": 1.0119575, "B1": 4.4412893, "E0": -63281.846284},