{"REF": {"configurations": {"XO": {"V0": 47.84672983416793, "B0": 0.3828421340305882, "B1": 4.579182898203971}, "XO2": {"V0": 63.85690933808056, "B0": 0.24462569190815045, "B1": 4.031002360266449}, "XO3": {"V0": 87.72887126431581, "B0": 0.23061058704002657, "B1": 8.08988568461113}, "X2O": {"V0": 93.85222231306872, "B0": 0.17540246445201596, "B1": 4.784825431365357}, "X2O3": {"V0": 253.14665217290093, "B0": 0.2552802942760624, "B1": 3.673884641044699}, "X2O5": {"V0": 243.08914406560956, "B0": 0.330008274459005, "B1": 4.060441275354034}, "BCC": {"V0": 70.96686726813562, "B0": 0.04726971388236228, "B1": 3.2469931218259656}, "FCC": {"V0": 71.62698453639577, "B0": 0.04490710043741934, "B1": 3.033188053263962}, "SC": {"V0": 75.34559972942921, "B0": 0.03201105925010182, "B1": 4.3466107744380365}, "DC": {"V0": 339.33715568177746, "B0": 0.007786697713244351, "B1": 2.223591608277629}}}, "PSL-US-v1-high (Z=20)": {"ecutrho": {"efficiency": 150.0, "precision": 150.0}, "configurations": {"BCC": {"uuid": "f1e4ffd6-0f21-45aa-9100-8f0075999207", "volumes": [70.968155811102, 66.710066460682, 68.129429579998, 69.548792695093, 72.387518922853, 73.806882043729, 75.226245154619], "energies": [-4294.6408637815, -4294.6332568393, -4294.6373823571, -4294.6398727429, -4294.6404798289, -4294.6388355811, -4294.6360341691], "nu": 0.42077311637248, "V0": 71.2640877, "B0": 0.0477277, "B1": 3.3415147, "E0": -4294.6408932}, "DC": {"uuid": "317f45ab-f89c-4a61-8a9e-259f3f49d02f", "volumes": [339.34601035442, 318.98524972241, 325.77216992734, 332.5590901485, 346.13293055426, 352.91985076529, 359.70677096051], "energies": [-8587.5022768301, -8587.4968853026, -8587.4998776024, -8587.5016501519, -8587.501834373, -8587.5003947547, -8587.4980119899], "nu": 0.16162661575292, "V0": 339.8641479, "B0": 0.0078554, "B1": 2.3203019, "E0": -8587.5022808}, "FCC": {"uuid": "9f460384-cc0b-4b63-ab5b-f10aa5da47fe", "volumes": [71.591130973342, 67.295663115216, 68.727485732134, 70.159308355643, 73.022953592428, 74.454776213214, 75.886598832874], "energies": [-4294.6386263255, -4294.6311997947, -4294.6351946979, -4294.637628348, -4294.6383010134, -4294.636760577, -4294.6341005282], "nu": 0.4391647583038, "V0": 71.9394536, "B0": 0.0454222, "B1": 3.1757364, "E0": -4294.6386643}, "SC": {"uuid": "e0399420-873a-46c2-8ce5-07160372953c", "volumes": [75.363614449981, 70.841797583595, 72.349069870965, 73.856342161595, 76.870886739475, 78.378159031054, 79.885431315946], "energies": [-4294.2673679515, -4294.2611426672, -4294.2644318432, -4294.2664641254, -4294.267259242, -4294.2662405838, -4294.26440504], "nu": 0.78956406072846, "V0": 75.9405511, "B0": 0.0324566, "B1": 4.4126701, "E0": -4294.2674401}, "X2O": {"uuid": "9cb1de48-d604-4ba1-80a0-7287b271ab22", "volumes": [93.801958165776, 88.173840676419, 90.049879841493, 91.925919006173, 95.677997333601, 97.554036494311, 99.430075660329], "energies": [-9156.6724173373, -9156.6078624118, -9156.6382530372, -9156.659436555, -9156.6780816589, -9156.6772110307, -9156.6704974382], "nu": 2.6221032360879, "V0": 96.3436802, "B0": 0.1716613, "B1": 4.8189592, "E0": -9156.6784818}, "X2O3": {"uuid": "3e95823f-771d-4279-8c3a-ba474b3440d4", "volumes": [253.11277383706, 237.92600740272, 242.98826288216, 248.05051836083, 258.17502931479, 263.23728479196, 268.29954026881], "energies": [-20582.902376261, -20582.688880373, -20582.79299303, -20582.863132004, -20582.913498098, -20582.899054295, -20582.861384489], "nu": 1.8114008430274, "V0": 257.7705592, "B0": 0.2588593, "B1": 3.8048466, "E0": -20582.9135786}, "X2O5": {"uuid": "50111298-5226-4b02-b629-dc88f2cbcf08", "volumes": [243.06976086487, 228.48557521391, 233.34697043658, 238.2083656525, 247.93115608895, 252.79255129693, 257.65394651357], "energies": [-22834.815920625, -22834.576562766, -22834.697023751, -22834.775438658, -22834.822174345, -22834.797536479, -22834.745019189], "nu": 1.363493293015, "V0": 246.4253992, "B0": 0.3321549, "B1": 4.1840423, "E0": -22834.8236862}, "XO": {"uuid": "1afdca28-e600-4f2b-97f3-16430c404889", "volumes": [47.841863930148, 44.971352097651, 45.92818937287, 46.885026652932, 48.798701212226, 49.755538488922, 50.712375770005], "energies": [-4864.0829604333, -4864.0312932272, -4864.0577818763, -4864.0746650431, -4864.0835735058, -4864.0773148876, -4864.0649108506], "nu": 1.14432642206, "V0": 48.3971449, "B0": 0.3801828, "B1": 4.628567, "E0": -4864.0841969}, "XO2": {"uuid": "43df8760-5adf-4c07-b7d3-3ddf10ae1471", "volumes": [63.850001902854, 60.019001791809, 61.296001828124, 62.573001869044, 65.127001941175, 66.404001982454, 67.681002019214], "energies": [-5427.4137644508, -5427.3597441403, -5427.3858549593, -5427.4035872574, -5427.4171202947, -5427.4143158895, -5427.405943491], "nu": 2.0239959765862, "V0": 65.1625428, "B0": 0.2452644, "B1": 4.1833754, "E0": -5427.4171228}, "XO3": {"uuid": "ffaa4eb8-80f4-4690-a5b6-6082f4a2b23c", "volumes": [87.629835797748, 82.372045646679, 84.12464236609, 85.877239079982, 89.382432515388, 91.135029228818, 92.887625943507], "energies": [-5988.8440512971, -5988.6815321258, -5988.7492328233, -5988.8027143484, -5988.8749438365, -5988.8968186595, -5988.9108893938], "nu": 9.3839762605313, "V0": 96.1530291, "B0": 0.1528971, "B1": 8.1102595, "E0": -5988.9203136}}, "avgNu": {"withMax": 2.016042458246546, "withoutMax": 1.1973831468815732}}, "PSL-PAW-v1-high (Z=20)": {"ecutrho": {"efficiency": 150.0, "precision": 150.0}, "configurations": {"BCC": {"uuid": "fc358e0d-7ee3-4a38-903d-9605eb25fe96", "volumes": [70.968155811102, 66.710066460682, 68.129429579998, 69.548792695093, 72.387518922853, 73.806882043729, 75.226245154619], "energies": [-15217.25657629, -15217.24920391, -15217.253248202, -15217.255660627, -15217.256119683, -15217.25440523, -15217.25153579], "nu": 0.31483238814033, "V0": 71.186914, "B0": 0.0478097, "B1": 3.3384207, "E0": -15217.2565924}, "DC": {"uuid": "37873154-a15e-48ff-b057-92e2944a97dd", "volumes": [339.34601035442, 318.98524972241, 325.77216992734, 332.5590901485, 346.13293055426, 352.91985076529, 359.70677096051], "energies": [-30432.730015386, -30432.724743044, -30432.727694935, -30432.729427892, -30432.729533472, -30432.728053853, -30432.725630815], "nu": 0.09759896301631, "V0": 339.6138363, "B0": 0.0078697, "B1": 2.3005478, "E0": -30432.730017}, "FCC": {"uuid": "d53e1955-8b54-4db0-a75a-ad3e27462033", "volumes": [71.591130973342, 67.295663115216, 68.727485732134, 70.159308355643, 73.022953592428, 74.454776213214, 75.886598832874], "energies": [-15217.254330943, -15217.24708047, -15217.251014148, -15217.253389293, -15217.2539508, -15217.252356485, -15217.249643374], "nu": 0.35660736432619, "V0": 71.8784669, "B0": 0.0454949, "B1": 3.1579777, "E0": -15217.2543566}, "SC": {"uuid": "83b3d859-eabf-4321-8217-2797349ec068", "volumes": [75.363614449981, 70.841797583595, 72.349069870965, 73.856342161595, 76.870886739475, 78.378159031054, 79.885431315946], "energies": [-15216.882595145, -15216.876585919, -15216.879797407, -15216.881757715, -15216.882424394, -15216.881348048, -15216.879458625], "nu": 0.66288700052984, "V0": 75.8435617, "B0": 0.0324888, "B1": 4.4064239, "E0": -15216.882645}, "X2O": {"uuid": "be550448-4c7e-412b-b945-a779094eb175", "volumes": [93.801958165776, 88.173840676419, 90.049879841493, 91.925919006173, 95.677997333601, 97.554036494311, 99.430075660329], "energies": [-31001.909399872, -31001.845798706, -31001.875864563, -31001.89672998, -31001.914760787, -31001.913594507, -31001.906593426], "nu": 2.5295201688133, "V0": 96.2550351, "B0": 0.1722081, "B1": 4.8229395, "E0": -31001.9150622}, "X2O3": {"uuid": "e479342b-3f45-4b8b-a71a-3bbb57290ec3", "volumes": [253.11277383706, 237.92600740272, 242.98826288216, 248.05051836083, 258.17502931479, 263.23728479196, 268.29954026881], "energies": [-64273.373399916, -64273.161058743, -64273.264770305, -64273.334524781, -64273.384167324, -64273.369382291, -64273.331383771], "nu": 1.7849011742176, "V0": 257.7019524, "B0": 0.2589859, "B1": 3.8045029, "E0": -64273.3842779},