{"REF": {"configurations": {"XO": {"V0": 28.358175935910488, "B0": 1.2814411234018264, "B1": 4.909477594115916}, "XO2": {"V0": 39.024831046588396, "B0": 1.2679785535754982, "B1": 4.4200441799474195}, "XO3": {"V0": 72.22981860208787, "B0": 0.9277870428424981, "B1": 4.233541944924687}, "X2O": {"V0": 50.13448442439475, "B0": 0.9171480419727165, "B1": 5.016161528851707}, "X2O3": {"V0": 150.81719404599662, "B0": 1.0749973172271359, "B1": 4.459009665822046}, "X2O5": {"V0": 152.5408494440474, "B0": 1.500833527924581, "B1": 4.589295023208}, "BCC": {"V0": 20.26617788045501, "B0": 0.8141922851642065, "B1": 4.975239178407345}, "FCC": {"V0": 21.71333551347746, "B0": 0.7273550733518933, "B1": 4.383024927509652}, "SC": {"V0": 19.122378866945898, "B0": 1.0631966886863984, "B1": 6.5578918728050315}, "DC": {"V0": 49.519975357164356, "B0": 1.0103869310710372, "B1": 5.669540213764774}}}, "PSL-US-v1-high (Z=14)": {"ecutrho": {"efficiency": 90.0, "precision": 150.0}, "configurations": {"BCC": {"uuid": "d533d261-30c6-4a75-a515-f4be55e76539", "volumes": [20.211800935947, 18.999092878847, 19.403328898874, 19.807564917921, 20.616036955278, 21.020272973966, 21.424508991945], "energies": [-1760.2839442959, -1760.2463188439, -1760.2672590919, -1760.279469656, -1760.2815600345, -1760.273089539, -1760.2592167675], "nu": 0.13510143650769, "V0": 20.2657819, "B0": 0.8364889, "B1": 5.011309, "E0": -1760.2840064}, "DC": {"uuid": "00ef764c-4226-4403-b6f4-5aa0110133e0", "volumes": [49.63673788505, 46.658533610755, 47.651268369497, 48.644003125869, 50.629472640982, 51.622207401522, 52.614942155455], "energies": [-3518.9510238341, -3518.8497882358, -3518.9087338067, -3518.941423522, -3518.9404014624, -3518.9121852986, -3518.8688530753], "nu": 0.14488852918381, "V0": 49.5891162, "B0": 1.0182187, "B1": 5.8054366, "E0": -3518.9509929}, "FCC": {"uuid": "4fce6c78-0b5a-45f3-847f-bb66abcea93d", "volumes": [21.709530318119, 20.406958498778, 20.841149106147, 21.275339712107, 22.143720923965, 22.577911532127, 23.012102137338], "energies": [-1760.1525459675, -1760.1196192411, -1760.1383712858, -1760.1490698493, -1760.149540062, -1760.1407167709, -1760.1266721596], "nu": 0.11712542431801, "V0": 21.7174646, "B0": 0.7443624, "B1": 4.4105398, "E0": -1760.1525465}, "SC": {"uuid": "dab555fb-8ea2-4606-8245-5db75c33b5c0", "volumes": [19.253101214206, 18.097915140333, 18.482977165242, 18.868039190273, 19.638163238929, 20.023225262478, 20.408287287417], "energies": [-1760.2984411604, -1760.2570734629, -1760.2812294162, -1760.2945016324, -1760.2943029893, -1760.2832070035, -1760.2660726756], "nu": 0.60860361613305, "V0": 19.2387456, "B0": 1.0531146, "B1": 6.3663596, "E0": -1760.2984566}, "X2O": {"uuid": "5a755d95-0e6c-40bc-849d-f8c4dbe6bb70", "volumes": [50.132996466439, 47.125016676911, 48.127676609883, 49.13033653553, 51.135656396517, 52.138316324854, 53.140976253608], "energies": [-4086.9631622856, -4086.8686518446, -4086.9228512061, -4086.9534589784, -4086.9543196744, -4086.9290213873, -4086.8891129002], "nu": 0.035524815016458, "V0": 50.1362155, "B0": 0.9236502, "B1": 4.985095, "E0": -4086.9631657}, "X2O3": {"uuid": "690c0fa0-c2a4-449f-b22e-0632c3499236", "volumes": [150.81007125434, 141.76146697903, 144.77766840201, 147.79386982594, 153.82627267303, 156.84247410205, 159.85867552611], "energies": [-10459.130944169, -10458.85741126, -10459.025823873, -10459.1142191, -10459.083468468, -10458.978490624, -10458.822028162], "nu": 0.5183424474925, "V0": 150.0422987, "B0": 1.0874721, "B1": 4.4793147, "E0": -10459.1330485}, "X2O5": {"uuid": "0e0f7542-de22-4c4c-984e-db10ee2226b2", "volumes": [152.52647229759, 143.37488395296, 146.42541340305, 149.47594284686, 155.57700173613, 158.62753118485, 161.67806063601], "energies": [-12724.08846152, -12723.700650461, -12723.939363955, -12724.064611967, -12724.021717983, -12723.87407269, -12723.654216412], "nu": 0.5182100703136, "V0": 151.7569718, "B0": 1.5176518, "B1": 4.6140918, "E0": -12724.0913684}, "XO": {"uuid": "4ff982f4-da68-4bee-95b2-f249c15e17d3", "volumes": [28.357817219119, 26.656348185674, 27.22350453112, 27.790660876834, 28.924973563901, 29.492129910725, 30.059286254744], "energies": [-2329.7651151338, -2329.7036740069, -2329.741708446, -2329.7615043193, -2329.7543614672, -2329.7308515121, -2329.6960265197], "nu": 0.53600917424159, "V0": 28.2077505, "B0": 1.2986161, "B1": 4.9259308, "E0": -2329.7656285}, "XO2": {"uuid": "29230149-a66b-4c7f-af77-5728726ec052", "volumes": [39.025581489146, 36.684046601495, 37.464558230026, 38.245069859661, 39.806093121093, 40.586604750176, 41.367116378555], "energies": [-2900.055037404, -2899.9697882214, -2900.0217650931, -2900.0493394764, -2900.0411194617, -2900.0096148022, -2899.9623454998], "nu": 0.45208413690284, "V0": 38.8498234, "B0": 1.2803726, "B1": 4.43265, "E0": -2900.0555389}, "XO3": {"uuid": "c9586a19-0eb0-47ff-9720-9e3be108960a", "volumes": [72.23740798403, 67.903163502689, 69.347911662458, 70.792659820377, 73.682156144381, 75.126904301661, 76.571652462059], "energies": [-3467.8951729728, -3467.7853011617, -3467.8539250054, -3467.8894350444, -3467.8741491858, -3467.8290916247, -3467.7624619673], "nu": 0.60000683828955, "V0": 71.8053764, "B0": 0.9488851, "B1": 4.3195732, "E0": -3467.8963813}}, "avgNu": {"withMax": 0.3665896488399098, "withoutMax": 0.3396992080295609}}, "PSL-PAW-v1-high (Z=14)": {"ecutrho": {"efficiency": 90.0, "precision": 150.0}, "configurations": {"BCC": {"uuid": "32c38404-f1b8-49ef-a518-75af8ba0c44a", "volumes": [20.211800935947, 18.999092878847, 19.403328898874, 19.807564917921, 20.616036955278, 21.020272973966, 21.424508991945], "energies": [-13994.135851978, -13994.102480346, -13994.12167131, -13994.132478447, -13994.132630831, -13994.123555562, -13994.10927979], "nu": 0.28552415264367, "V0": 20.2084268, "B0": 0.8157225, "B1": 4.9669804, "E0": -13994.1358538}, "DC": {"uuid": "d07369ed-6f23-439e-9bc8-ad315a4b08a0", "volumes": [49.63673788505, 46.658533610755, 47.651268369497, 48.644003125869, 50.629472640982, 51.622207401522, 52.614942155455], "energies": [-27986.744433359, -27986.668022978, -27986.717668242, -27986.742128691, -27986.727331821, -27986.693358409, -27986.644923235], "nu": 0.55980398846836, "V0": 49.2440022, "B0": 1.0169431, "B1": 5.7639531, "E0": -27986.7459396}, "FCC": {"uuid": "362d18fd-7c8c-4bd9-88f6-d0c7135d1b49", "volumes": [21.709530318119, 20.406958498778, 20.841149106147, 21.275339712107, 22.143720923965, 22.577911532127, 23.012102137338], "energies": [-13994.019097728, -13993.989344529, -13994.00680553, -13994.016455367, -13994.015447049, -13994.006143749, -13993.991762941], "nu": 0.21390147611921, "V0": 21.6671266, "B0": 0.7301468, "B1": 4.3671, "E0": -13994.0191279}, "SC": {"uuid": "07376626-d522-4533-bfd7-306545939923", "volumes": [19.253101214206, 18.097915140333, 18.482977165242, 18.868039190273, 19.638163238929, 20.023225262478, 20.408287287417], "energies": [-13994.184655595, -13994.156427322, -13994.175720193, -13994.184613553, -13994.177069877, -13994.16291193, -13994.143093744], "nu": 0.32636346572527, "V0": 19.0602025, "B0": 1.0588025, "B1": 6.4495495, "E0": -13994.1856797}, "X2O": {"uuid": "159f8d9c-88a9-4adb-b38e-bc1615beedae", "volumes": [50.132996466439, 47.125016676911, 48.127676609883, 49.13033653553, 51.135656396517, 52.138316324854, 53.140976253608], "energies": [-28554.725075179, -28554.639975931, -28554.690619717, -28554.71810716, -28554.713851435, -28554.686497192, -28554.644831666], "nu": 0.27551211760749, "V0": 49.9966121, "B0": 0.9186814, "B1": 4.9959334, "E0": -28554.7252474}, "X2O3": {"uuid": "944eb1d1-2dec-4567-bc87-264fb3fa5a2c", "volumes": [150.81007125434, 141.76146697903, 144.77766840201, 147.79386982594, 153.82627267303, 156.84247410205, 159.85867552611], "energies": [-59394.598619809, -59394.318948149, -59394.489338893, -59394.57980096, -59394.553219248, -59394.450394641, -59394.295912624], "nu": 0.4527160832293, "V0": 150.1389416, "B0": 1.0841392, "B1": 4.4567039, "E0": -59394.6002213},