{"pseudos": ["DOJO-041-std-8", "SPMS-8", "PSL-US-v1-high-8", "PSL-US-v1-low-8", "PSL-US-v0.x-8", "PSL-PAW-v0.x-8", "PSL-PAW-v1-high-8", "PSL-PAW-v1-low-8", "JTH-1.1-std-8"], "v_distance": {"eta": [[0.0, 0.03854340676571255, 0.09006953651560945, 0.038208678564547696, 0.11541959318784453, 0.10914835135664075, 0.07171850402479857, 0.036857039524139656, 0.16044807332607117], [0.04424074008796451, 0.0, 0.06572348080914683, 0.03213034242829233, 0.0924159601028384, 0.08135680924233712, 0.04764600904250143, 0.028806717030435268, 0.1328885093964597], [0.1354777699917804, 0.11842051920012864, 0.0, 0.05966271803212436, 0.03956846486379222, 0.02322098227304382, 0.019931636667423702, 0.07290820983965701, 0.07261040311205491], [0.08684312946656547, 0.06424773818856976, 0.09857895109306014, 0.0, 0.09099311966643678, 0.08116488618807176, 0.04030273534778931, 0.030884744207262057, 0.13082814217221486], [0.21062512377324083, 0.13108276966991636, 0.07754992708976259, 0.174023168787528, 0.0, 0.02984074973706837, 0.05637037215105951, 0.09815696007241921, 0.04824673872058822], [0.1622378359738832, 0.14519548187055872, 0.03496478675626236, 0.12587545119362176, 0.034006324099777885, 0.0, 0.041102114836137134, 0.09067780841429983, 0.0534549568102729], [0.11475117685489522, 0.08200706081822773, 0.036414290455866194, 0.06216549271115924, 0.11298712748876481, 0.06483940989485858, 0.0, 0.053840244850568604, 0.091331861164905], [0.054564889797013905, 0.0619615791294237, 0.14408051407805544, 0.04550261942704026, 0.15668174027065618, 0.17079445247129854, 0.10766705569615453, 0.0, 0.13817106077581762], [0.2990929015752597, 0.21955054747193475, 0.1014024731629537, 0.19964692947963686, 0.08846777780201903, 0.09821338191352141, 0.13756795394767596, 0.2451495180726751, 0.0]], "shift": [[0.0, -0.5, -0.1875, 0.125, 0.1875, 0.25, -0.1875, 0.0625, -26.62500000000001], [0.5, 0.0, 0.3125, 0.625, 0.75, 0.75, 0.3125, 0.625, -26.06250000000001], [0.1875, -0.3125, 0.0, 0.3125, 0.375, 0.4375, 0.0, 0.3125, -26.37500000000001], [-0.125, -0.625, -0.3125, 0.0, 0.0625, 0.125, -0.3125, 0.0, -26.68750000000001], [-0.1875, -0.75, -0.375, -0.0625, 0.0, 0.0, -0.375, -0.125, -26.81250000000001], [-0.25, -0.75, -0.4375, -0.125, -0.0, 0.0, -0.4375, -0.125, -26.81250000000001], [0.1875, -0.3125, -0.0, 0.3125, 0.375, 0.4375, 0.0, 0.3125, -26.37500000000001], [-0.0625, -0.625, -0.3125, -0.0, 0.125, 0.125, -0.3125, 0.0, -26.68750000000001], [26.62500000000001, 26.06250000000001, 26.37500000000001, 26.68750000000001, 26.81250000000001, 26.81250000000001, 26.37500000000001, 26.68750000000001, 0.0]]}, "v10_distance": {"eta": [[0.0, 0.03665612484104013, 0.38496263827118443, 1.0236780666841743, 0.13564821773916466, 0.1313244232252026, 0.3675684131298829, 1.0064531747072716, 14.800709242488647], [0.05351424557059657, 0.0, 0.38413025441704934, 1.027764880353102, 0.1205861036862608, 0.11996767816227925, 0.36735033662724215, 1.0105548120336865, 14.803695657669605], [1.2695507821911676, 1.3408130060836783, 0.0, 0.6903308529065073, 0.3092896439530469, 0.30449861790558747, 0.024260940908569215, 0.6777694218369942, 14.996635379757647], [4.292916665742247, 4.364178889634758, 3.0233658835510795, 0.0, 0.9473806951946159, 0.9430379958029766, 0.6993565011552445, 0.030999948188686975, 14.99225197804492], [0.3863607545486687, 0.39512297844117933, 1.1640588433851633, 3.906555911193578, 0.0, 0.028572990110945252, 0.29653047541660604, 0.9307827509327737, 14.803567013967697], [0.36900842101416487, 0.44027064490667556, 1.1241862461579757, 3.9239082447280818, 0.034006324099777885, 0.0, 0.29174226472367754, 0.9269704138450405, 14.804709521641835], [1.2318953375976136, 1.3031575614901243, 0.04838418448471771, 3.0610213281446335, 1.1300733679983637, 1.090200770771176, 0.0, 0.6859952079595064, 14.985921158791315], [4.261955452004557, 4.2707176758970675, 2.9924046698133893, 0.04568671767657406, 3.875594697455888, 3.892947030990392, 2.9675601144069432, 0.0, 14.976217401804497], [108.63055142033143, 108.66634092797753, 109.22413226250757, 107.31222831113655, 108.45443597060813, 108.48854348956988, 109.17691638038437, 107.20422694217768, 0.0]], "shift": [[0.0, -0.5, -0.375, -0.25, 0.1875, 0.1875, -0.375, -0.25, -22.687500000000007], [0.5, 0.0, 0.1875, 0.3125, 0.6875, 0.75, 0.1875, 0.25, -22.187500000000007], [0.375, -0.1875, 0.0, 0.125, 0.5, 0.5625000000000001, 0.0, 0.125, -22.375000000000007], [0.25, -0.3125, -0.125, 0.0, 0.4375, 0.4375, -0.125, 0.0, -22.500000000000007], [-0.1875, -0.6875, -0.5, -0.4375, 0.0, 0.0, -0.5, -0.4375, -22.875000000000007], [-0.1875, -0.75, -0.5625000000000001, -0.4375, -0.0, 0.0, -0.5625000000000001, -0.4375, -22.937500000000007], [0.375, -0.1875, -0.0, 0.125, 0.5, 0.5625000000000001, 0.0, 0.0625, -22.375000000000007], [0.25, -0.25, -0.125, -0.0, 0.4375, 0.4375, -0.0625, 0.0, -22.437500000000007], [22.687500000000007, 22.187500000000007, 22.375000000000007, 22.500000000000007, 22.875000000000007, 22.937500000000007, 22.375000000000007, 22.437500000000007, 0.0]]}}