{"pseudos": ["At.us.pbe.z_17.ld1.psl.v1.0.0-high.upf", "At.paw.pbe.z_17.ld1.psl.v1.0.0-high.upf", "At.paw.pbe.z_7.atompaw.jth.v1.1-std.upf"], "v_distance": {"eta_c": [[0.0, 0.6980307265039654, 5.677431204785436], [0.6980307265039654, 0.0, 5.695268846113196], [5.677431204785436, 5.695268846113196, 0.0]], "max_diff_c": [[0.0, 1.3824606362122651, 20.64442049234638], [1.3824606362122651, 0.0, 20.020481542408405], [20.64442049234638, 20.020481542408405, 0.0]], "shift_c": [[0.0, 0.027561991631741244, 0.44099186610786], [0.027561991631741244, 0.0, 0.4088362092041619], [0.44099186610786, 0.4088362092041619, 0.0]]}, "v10_distance": {"eta_c": [[0.0, 2.15573727380383, 53.44809391421353], [2.15573727380383, 0.0, 51.3840521000564], [53.44809391421353, 51.3840521000564, 0.0]], "max_diff_c": [[0.0, 16.052187636869505, 275.41469380846684], [16.052187636869505, 0.0, 260.4613461614772], [275.41469380846684, 260.4613461614772, 0.0]], "shift_c": [[0.0, 0.05053031799152561, 1.2219149623405288], [0.05053031799152561, 0.0, 1.2632579497881407], [1.2219149623405288, 1.2632579497881407, 0.0]]}}