{"pseudos": ["PSL-US-v1-high-17", "PSL-PAW-v1-high-17", "JTH-1.1-std-7"], "v_distance": {"eta": [[0.0, 0.6980307265039654, 5.677431204785436], [1.3824606362122651, 0.0, 5.695268846113196], [20.64442049234638, 20.020481542408405, 0.0]], "shift": [[0.0, 0.375, 6.000000000000002], [-0.375, 0.0, 5.562500000000002], [-6.000000000000002, -5.562500000000002, 0.0]]}, "v10_distance": {"eta": [[0.0, 2.15573727380383, 53.44809391421353], [16.052187636869505, 0.0, 51.3840521000564], [275.41469380846684, 260.4613461614772, 0.0]], "shift": [[0.0, 0.6875, 16.625000000000004], [-0.6875, 0.0, 17.187500000000004], [-16.625000000000004, -17.187500000000004, 0.0]]}}