{"pseudos": ["DOJO-041-std-10", "DOJO-041-str-10", "DOJO-050-std-10", "SPMS-10", "SG15-10", "GBRV-1.X-10", "PSL-US-v1-high-10", "PSL-PAW-v1-high-10", "JTH-1.1-std-10"], "v_distance": {"eta": [[0.0, 1.5824630094465666, 2.893654208653042, 3.1444305803505204, 9.338854236488356, 4.97670067190025, 5.240450797427575, 3.9482726947718123, 23.29345026931488], [3.116279473303564, 0.0, 2.4281047172091634, 4.469171905640784, 7.860241969432106, 3.5998796358567224, 3.798988262196213, 2.517945582812256, 21.819456771052618], [11.238738331867347, 9.683114066065635, 0.0, 4.051390458328308, 7.2971766400201785, 2.992596644862988, 3.7178779892794434, 2.6949909134853667, 22.634870256758337], [5.318818706501077, 8.438981303540913, 7.636178513840405, 0.0, 11.333219870835336, 6.970771339566984, 7.511564764129002, 6.304773978234982, 25.991560978715484], [20.007234831489956, 18.389110565688245, 14.161395294736762, 21.797573808577166, 0.0, 4.430727824520188, 4.331665992368266, 5.502888690629198, 16.950641616365804], [11.933808251408587, 10.378183985606876, 5.946384578565585, 13.582563092405987, 8.688536433987005, 0.0, 1.279331206485391, 1.461370219203675, 19.96401125556915], [10.062469541626479, 8.716439423238016, 6.984646959363744, 14.426514762322196, 13.505829836144168, 5.494903256062798, 0.0, 1.3050005734356114, 19.60684508903855], [8.017933701528024, 6.671903583139562, 6.433225304301203, 12.174047083054601, 15.201721803923812, 7.128295223842443, 2.189967679267596, 0.0, 20.405462466815173], [46.21899272104775, 43.102713247744184, 43.9055160374447, 51.5416945512851, 29.744120742707935, 37.95913145887911, 37.115179788962905, 39.3051474682305, 0.0]], "shift": [[0.0, 1.5, 6.125000000000002, 0.8125000000000001, 14.687500000000002, 7.875000000000002, 8.000000000000002, 6.187500000000002, 5.875000000000002], [-1.5, 0.0, 4.687500000000002, -0.625, 13.187500000000005, 6.437500000000003, 6.500000000000003, 4.687500000000002, 4.375000000000001], [-6.125000000000002, -4.687500000000002, 0.0, -5.312500000000001, 8.500000000000002, 1.7500000000000002, 1.8125000000000002, 0.0625, -0.3125], [-0.8125000000000001, 0.625, 5.312500000000001, 0.0, 13.812500000000002, 7.062500000000003, 7.125000000000003, 5.375000000000001, 5.000000000000001], [-14.687500000000002, -13.187500000000005, -8.500000000000002, -13.812500000000002, 0.0, -6.750000000000003, -6.687500000000003, -8.500000000000002, -8.812500000000002], [-7.875000000000002, -6.437500000000003, -1.7500000000000002, -7.062500000000003, 6.750000000000003, 0.0, 0.0625, -1.6875000000000002, -2.0625], [-8.000000000000002, -6.500000000000003, -1.8125000000000002, -7.125000000000003, 6.687500000000003, -0.0625, 0.0, -1.8124999999999998, -2.125], [-6.187500000000002, -4.687500000000002, -0.0625, -5.375000000000001, 8.500000000000002, 1.6875000000000002, 1.8124999999999998, 0.0, -0.3125], [-5.875000000000002, -4.375000000000001, 0.3125, -5.000000000000001, 8.812500000000002, 2.0625, 2.125, 0.3125, 0.0]]}, "v10_distance": {"eta": [[0.0, 5.944859602672394, 1020.614660756882, 1017.8820329024098, 1020.6784842351484, 984.7411334729148, 5.725882618282256, 4.778992999777708, 50.24992144195088], [22.732371219061633, 0.0, 1020.7549423523907, 1018.0295325423117, 1020.8065839935856, 984.6549748700421, 6.636292579340484, 6.492856243451687, 55.55638087647556], [3592.6443054190518, 3564.0211394972716, 0.0, 4.706493652166177, 5.319377407878306, 95.84842526788309, 1018.2393687342852, 1018.687625726357, 1020.2279793612632], [3586.685059078459, 3558.0618931566787, 12.886178513840406, 0.0, 8.925927626112639, 95.01603399197595, 1015.5224066840924, 1015.9674196025538, 1017.5014331514429], [3591.437013500457, 3562.751347578677, 19.34889529473676, 32.29757380857717, 0.0, 96.11191927355287, 1018.2767811888717, 1018.7303963735641, 1020.2727135848859], [3487.4170694683253, 3458.8564035465456, 604.13546058612, 600.8865180222379, 608.5572154400617, 0.0, 982.3943578781407, 982.8471746073666, 986.1059761463375], [14.47881293208485, 27.98114648790633, 3598.8664360636144, 3592.9071897230206, 3597.596644145019, 3493.5767001128875, 0.0, 1.1413708284298778, 50.65022680739616], [11.969951792984773, 29.105493375989496, 3599.6352010460173, 3593.6759547054244, 3598.3654091274225, 3494.3454650952913, 3.189967679267596, 0.0, 50.25933511917994], [203.60047352583746, 226.3953447448991, 3530.9151376425207, 3525.5582589390383, 3529.636882353194, 3419.9811012788778, 198.41419825699276, 197.2273513689096, 0.0]], "shift": [[0.0, -2.5, -564.6875000000006, -565.0000000000006, -561.3125000000006, -543.8750000000006, 2.6250000000000004, 1.8125000000000002, 28.375000000000004], [2.5, 0.0, -565.6250000000005, -565.9375000000006, -562.3125000000006, -544.7500000000005, 5.125000000000001, 4.312500000000001, 30.812500000000007], [564.6875000000006, 565.6250000000005, 0.0, -0.0625, 3.3125000000000013, 69.62500000000003, 566.8125000000005, 566.0000000000005, 565.9375000000006], [565.0000000000006, 565.9375000000006, 0.0625, 0.0, 3.3125000000000013, 69.62500000000003, 567.1250000000006, 566.3125000000006, 566.3125000000006], [561.3125000000006, 562.3125000000006, -3.3125000000000013, -3.3125000000000013, 0.0, 66.25000000000003, 563.5000000000006, 562.6875000000006, 562.6250000000006], [543.8750000000006, 544.7500000000005, -69.62500000000003, -69.62500000000003, -66.25000000000003, 0.0, 546.0625000000006, 545.2500000000005, 546.1875000000005], [-2.6250000000000004, -5.125000000000001, -566.8125000000005, -567.1250000000006, -563.5000000000006, -546.0625000000006, 0.0, -0.8125000000000001, 25.687500000000004], [-1.8125000000000002, -4.312500000000001, -566.0000000000005, -566.3125000000006, -562.6875000000006, -545.2500000000005, 0.8125000000000001, 0.0, 26.562500000000004], [-28.375000000000004, -30.812500000000007, -565.9375000000006, -566.3125000000006, -562.6250000000006, -546.1875000000005, -25.687500000000004, -26.562500000000004, 0.0]]}}