{"pseudos": ["C.nc.pbe.z_4.oncvpsp3.dojo.v0.4.1-std.upf", "C.nc.pbe.z_4.oncvpsp4.spms.v1.upf", "C.nc.pbe.z_4.oncvpsp4.sg15.v0.upf", "C.us.pbe.z_4.uspp.gbrv.v1.2.upf", "C.us.pbe.z_4.ld1.psl.v1.0.0-high.upf", "C.us.pbe.z_4.ld1.psl.v0.1.upf", "C.paw.pbe.z_4.ld1.psl.v0.1.upf", "C.paw.pbe.z_4.ld1.psl.v1.0.0-high.upf", "C.paw.pbe.z_4.atompaw.jth.v1.1-std.upf"], "v_distance": {"eta_c": [[0.0, 0.2463479541260471, 13.81905690336815, 10.94740409256394, 7.222627620253794, 9.958090997111885, 3.238401775196054, 1.9661285021755681, 5.729692686386301], [0.2463479541260471, 0.0, 14.063349560914677, 11.186838804238526, 7.461260075692683, 10.199731660626595, 3.429050481067884, 2.1256944546656875, 5.9477887940026575], [13.81905690336815, 14.063349560914677, 0.0, 3.2162864938071367, 6.7527662123934675, 4.057304318531342, 11.590965890495571, 12.678347879749499, 9.385518918679502], [10.94740409256394, 11.186838804238526, 3.2162864938071367, 0.0, 3.779075661229469, 1.3623968222455207, 8.768236736366998, 9.759665261960237, 6.884672069802422], [7.222627620253794, 7.461260075692683, 6.7527662123934675, 3.779075661229469, 0.0, 2.86181468503528, 5.230110804790319, 6.086448351598514, 3.984511878424123], [9.958090997111885, 10.199731660626595, 4.057304318531342, 1.3623968222455207, 2.86181468503528, 0.0, 7.624035340025267, 8.696604104395488, 5.642357418421921], [3.238401775196054, 3.429050481067884, 11.590965890495571, 8.768236736366998, 5.230110804790319, 7.624035340025267, 0.0, 1.4618887170324026, 2.81145005192979], [1.9661285021755681, 2.1256944546656875, 12.678347879749499, 9.759665261960237, 6.086448351598514, 8.696604104395488, 1.4618887170324026, 0.0, 4.192589371950847], [5.729692686386301, 5.9477887940026575, 9.385518918679502, 6.884672069802422, 3.984511878424123, 5.642357418421921, 2.81145005192979, 4.192589371950847, 0.0]], "max_diff_c": [[0.0, 0.5872593950500544, 30.995666688764842, 23.542637739714113, 15.348007512258791, 25.18950123796639, 13.54275217035192, 7.601130552688035, 18.949587847188557], [0.5872593950500544, 0.0, 31.645426083786475, 24.129897134641602, 15.935266907308845, 25.776760632979137, 14.130011565279407, 8.175304862248284, 19.599347242116043], [30.995666688764842, 31.645426083786475, 0.0, 7.679671310886954, 15.71015917658776, 7.332371757384333, 19.9746245677007, 23.47012122157016, 17.56844445345461], [23.542637739714113, 24.129897134641602, 7.679671310886954, 0.0, 8.311904605327815, 2.3557803461542477, 14.496709016326118, 16.687646328137184, 14.269018312743805], [15.348007512258791, 15.935266907308845, 15.71015917658776, 8.311904605327815, 0.0, 9.841493725789308, 9.730331511414617, 11.885826701119496, 9.502640807832304], [25.18950123796639, 25.776760632979137, 7.332371757384333, 2.3557803461542477, 9.841493725789308, 0.0, 13.895405327687142, 17.60145577077171, 12.469175454882784], [13.54275217035192, 14.130011565279407, 19.9746245677007, 14.496709016326118, 9.730331511414617, 13.895405327687142, 0.0, 5.954706704349178, 7.539103370934669], [7.601130552688035, 8.175304862248284, 23.47012122157016, 16.687646328137184, 11.885826701119496, 17.60145577077171, 5.954706704349178, 0.0, 11.424042381185814], [18.949587847188557, 19.599347242116043, 17.56844445345461, 14.269018312743805, 9.502640807832304, 12.469175454882784, 7.539103370934669, 11.424042381185814, 0.0]], "shift_c": [[0.0, -0.03674932217565499, 3.426874292879829, 1.5618461924653373, 1.0381683514622537, 1.4148489037627177, 0.6293321422580919, 0.43639820083590314, 0.49611584937134257], [-0.03674932217565499, 0.0, 3.468217280327441, 1.5985955146409927, 1.0749176736379087, 1.4515982259383724, 0.6660814644337469, 0.4731475230115582, 0.5374588368189545], [3.426874292879829, 3.468217280327441, 0.0, -1.8650281004144913, -2.393299606689532, -2.0166190543890683, -2.7975421506217373, -2.9950697573158824, -2.930758443508486], [1.5618461924653373, 1.5985955146409927, -1.8650281004144913, 0.0, -0.5282715062750407, -0.14699728870261997, -0.9325140502072456, -1.1254479916294347, -1.065730343093995], [1.0381683514622537, 1.0749176736379087, -2.393299606689532, -0.5282715062750407, 0.0, 0.3766805523004637, -0.40424254393220505, -0.6017701506263506, -0.5374588368189545], [1.4148489037627177, 1.4515982259383724, -2.0166190543890683, -0.14699728870261997, 0.3766805523004637, 0.0, -0.7855167615046256, -0.9784507029268146, -0.9141393891194182], [0.6293321422580919, 0.6660814644337469, -2.7975421506217373, -0.9325140502072456, -0.40424254393220505, -0.7855167615046256, 0.0, -0.19293394142218867, -0.13321629288674933], [0.43639820083590314, 0.4731475230115582, -2.9950697573158824, -1.1254479916294347, -0.6017701506263506, -0.9784507029268146, -0.19293394142218867, 0.0, 0.06431131380739623], [0.49611584937134257, 0.5374588368189545, -2.930758443508486, -1.065730343093995, -0.5374588368189545, -0.9141393891194182, -0.13321629288674933, 0.06431131380739623, 0.0]]}, "v10_distance": {"eta_c": [[0.0, 0.3684033664645075, 31.77531638236762, 30.595461273066046, 19.844782024297636, 30.116412068244678, 27.63240661107722, 20.908163986563128, 31.25648400441742], [0.3684033664645075, 0.0, 32.133284564561365, 30.93238496141315, 20.182516364074985, 30.450145371324698, 27.92421237928507, 21.19206036712039, 31.557318397738836], [31.77531638236762, 32.133284564561365, 0.0, 7.230364739822987, 13.110633851621563, 7.6935302592961685, 13.90625765003201, 16.484609367548615, 13.110629853488701], [30.595461273066046, 30.93238496141315, 7.230364739822987, 0.0, 10.938879360447793, 2.2367428525217585, 8.691007133728988, 12.468911592259989, 7.921634674196438], [19.844782024297636, 20.182516364074985, 13.110633851621563, 10.938879360447793, 0.0, 10.339811808077124, 9.977458310386243, 6.117250962880649, 12.827563488492382], [30.116412068244678, 30.450145371324698, 7.6935302592961685, 2.2367428525217585, 10.339811808077124, 0.0, 7.175850265185111, 11.35681762192817, 6.397433673420644], [27.63240661107722, 27.92421237928507, 13.90625765003201, 8.691007133728988, 9.977458310386243, 7.175850265185111, 0.0, 6.794385821143891, 4.2732909415199085], [20.908163986563128, 21.19206036712039, 16.484609367548615, 12.468911592259989, 6.117250962880649, 11.35681762192817, 6.794385821143891, 0.0, 10.693916575570473], [31.25648400441742, 31.557318397738836, 13.110629853488701, 7.921634674196438, 12.827563488492382, 6.397433673420644, 4.2732909415199085, 10.693916575570473, 0.0]], "max_diff_c": [[0.0, 0.7274535943212754, 57.13217875159956, 50.0824632406312, 31.33622975228471, 50.23202964022556, 57.438624003027876, 45.71020642357465, 62.40238806218687], [0.7274535943212754, 0.0, 57.80733178314245, 50.436340331528186, 31.690106843181695, 50.58590673112255, 57.511679348550835, 45.78326176909761, 62.47544340770983], [57.13217875159956, 57.80733178314245, 0.0, 36.43769016875556, 35.40814666344054, 25.927698877073095, 42.43012156435499, 47.42726396414756, 43.06801423959838], [50.0824632406312, 50.436340331528186, 36.43769016875556, 0.0, 33.034311509876886, 14.717466923128768, 26.165878195063808, 32.01054581110441, 42.48164169156757], [31.33622975228471, 31.690106843181695, 35.40814666344054, 33.034311509876886, 0.0, 18.895799887940854, 27.371864259891847, 15.781296470389519, 32.7838643101908], [50.23202964022556, 50.58590673112255, 25.927698877073095, 14.717466923128768, 18.895799887940854, 0.0, 16.564922687281893, 23.621830397624702, 27.764174768438803], [57.438624003027876, 57.511679348550835, 42.43012156435499, 26.165878195063808, 27.371864259891847, 16.564922687281893, 0.0, 11.728417579453236, 16.315763496503763], [45.71020642357465, 45.78326176909761, 47.42726396414756, 32.01054581110441, 15.781296470389519, 23.621830397624702, 11.728417579453236, 0.0, 18.168214014393357], [62.40238806218687, 62.47544340770983, 43.06801423959838, 42.48164169156757, 32.7838643101908, 27.764174768438803, 16.315763496503763, 18.168214014393357, 0.0]],