{"pseudos": ["PSL-US-v1-high-22", "PSL-US-v1-low-11", "PSL-PAW-v1-high-22", "PSL-PAW-v1-low-11", "JTH-1.1-std-12", "Wentzcovitch-12"], "v_distance": {"eta_c": [[0.0, 178.57124671247664, 10.837853885300403, 178.10006149039594, 17.851188584429178, 17.331393201185577], [178.57124671247664, 0.0, 178.07803053043057, 2.530274883216822, 178.7782782888081, 181.1288020928474], [10.837853885300403, 178.07803053043057, 0.0, 177.6362877176504, 16.63270690849936, 16.24871550443791], [178.10006149039594, 2.530274883216822, 177.6362877176504, 0.0, 178.46790960349634, 180.79765602215943], [17.851188584429178, 178.7782782888081, 16.63270690849936, 178.46790960349634, 0.0, 3.5972478987756475], [17.331393201185577, 181.1288020928474, 16.24871550443791, 180.79765602215943, 3.5972478987756475, 0.0]], "max_diff_c": [[0.0, 986.0360303613962, 16.96225919064112, 987.2786496057297, 32.99176487996629, 30.60985125093857], [986.0360303613962, 0.0, 984.8308318530916, 5.419974389985782, 995.7261699062245, 1008.7809846615445], [16.96225919064112, 984.8308318530916, 0.0, 986.0734510974252, 30.284790868966542, 32.52712476757606], [987.2786496057297, 5.419974389985782, 986.0734510974252, 0.0, 997.0312891505581, 1010.0236039058781], [32.99176487996629, 995.7261699062245, 30.284790868966542, 997.0312891505581, 0.0, 14.7756966597279], [30.60985125093857, 1008.7809846615445, 32.52712476757606, 1010.0236039058781, 14.7756966597279, 0.0]], "shift_c": [[0.0, -1.2954136066918387, 0.6660814644337469, -1.1851656401648738, -1.5067222092018548, -1.7731547949753539], [-1.2954136066918387, 0.0, -1.3367565941394508, -0.11484163179892184, 0.4777411882835151, 0.7717357656887549], [0.6660814644337469, -1.3367565941394508, 0.0, -1.2265086276124857, -1.5342842008335962, -1.800716786607095], [-1.1851656401648738, -0.11484163179892184, -1.2265086276124857, 0.0, 0.5925828200824369, 0.88198373221572], [-1.5067222092018548, 0.4777411882835151, -1.5342842008335962, 0.5925828200824369, 0.0, 0.26643258577349876], [-1.7731547949753539, 0.7717357656887549, -1.800716786607095, 0.88198373221572, 0.26643258577349876, 0.0]]}, "v10_distance": {"eta_c": [[0.0, 2883.313701097883, 11.232486964206212, 2883.0286432300286, 19.70190950806927, 18.26670584484446], [2883.313701097883, 0.0, 2882.0412749454267, 2.2652124596000207, 2898.0894606233287, 2897.7028089844002], [11.232486964206212, 2882.0412749454267, 0.0, 2881.7572303715892, 21.383306811114814, 18.893873828825136], [2883.0286432300286, 2.2652124596000207, 2881.7572303715892, 0.0, 2897.8098025001123, 2897.422530599619], [19.70190950806927, 2898.0894606233287, 21.383306811114814, 2897.8098025001123, 0.0, 7.381175543914057], [18.26670584484446, 2897.7028089844002, 18.893873828825136, 2897.422530599619, 7.381175543914057, 0.0]], "max_diff_c": [[0.0, 8036.303808764361, 29.65184764066777, 8038.898799678549, 148.90826943115866, 37.29082058840004], [8036.303808764361, 0.0, 8034.840573777167, 6.541851574130618, 8059.520381322356, 8058.568422516217], [29.65184764066777, 8034.840573777167, 0.0, 8037.3730646913555, 140.41609109209213, 31.653024973922584], [8038.898799678549, 6.541851574130618, 8037.3730646913555, 0.0, 8062.1153722365425, 8061.163413430403], [148.90826943115866, 8059.520381322356, 140.41609109209213, 8062.1153722365425, 0.0, 122.67726371389399], [37.29082058840004, 8058.568422516217, 31.653024973922584, 8061.163413430403, 122.67726371389399, 0.0]], "shift_c": [[0.0, -146.46442353107312, 0.25265158995762815, -146.3403945687303, -0.35371222594067936, -0.4731475230115582], [-146.46442353107312, 0.0, -146.43686153944137, -0.11024796652696497, -145.84427871935893, -145.57784613358544], [0.25265158995762815, -146.43686153944137, 0.0, -146.3174262423705, -0.4915221840993857, -0.6109574811702644], [-146.3403945687303, -0.11024796652696497, -146.3174262423705, 0.0, -145.7202497570161, -145.4538171712426], [-0.35371222594067936, -145.84427871935893, -0.4915221840993857, -145.7202497570161, 0.0, 0.11943529707087874], [-0.4731475230115582, -145.57784613358544, -0.6109574811702644, -145.4538171712426, 0.11943529707087874, 0.0]]}}