{"pseudos": ["Dy.us.pbe.z_30.ld1.psl.v1.0.0-high.upf", "Dy.us.pbe.z_11.ld1.psl.v1.0.0-low.upf", "Dy.paw.pbe.z_30.ld1.psl.v1.0.0-high.upf", "Dy.paw.pbe.z_11.ld1.psl.v1.0.0-low.upf", "Dy.paw.pbe.z_20.atompaw.jth.v1.1-std.upf", "Dy.paw.pbe.z_20.atompaw.wentzcovitch.v1.0.legacy.upf"], "v_distance": {"eta_c": [[0.0, 15647.66837683881, 29.241179039940548, 15647.254579708855, 99.50828421428592, 67.30546607195764], [15647.66837683881, 0.0, 15651.206459481544, 0.5117619998261443, 15636.632637688834, 15644.156662842508], [29.241179039940548, 15651.206459481544, 0.0, 15650.79263885664, 96.38793639995468, 64.19405246444288], [15647.254579708855, 0.5117619998261443, 15650.79263885664, 0.0, 15636.218925114923, 15643.742909296481], [99.50828421428592, 15636.632637688834, 96.38793639995468, 15636.218925114923, 0.0, 32.77581793702328], [67.30546607195764, 15644.156662842508, 64.19405246444288, 15643.742909296481, 32.77581793702328, 0.0]], "max_diff_c": [[0.0, 25755.92112190072, 41.448271986249885, 25754.890735680747, 132.73674281713005, 99.31926326396226], [25755.92112190072, 0.0, 25757.797930720713, 1.0933747486274115, 25734.080811362503, 25748.225520305994], [41.448271986249885, 25757.797930720713, 0.0, 25756.76754450074, 133.93143880150404, 100.57645924833625], [25754.890735680747, 1.0933747486274115, 25756.76754450074, 0.0, 25733.05042514253, 25747.19513408602], [132.73674281713005, 25734.080811362503, 133.93143880150404, 25733.05042514253, 0.0, 39.9557747472033], [99.31926326396226, 25748.225520305994, 100.57645924833625, 25747.19513408602, 39.9557747472033, 0.0]], "shift_c": [[0.0, 1569.2373998879173, 1.4286298995785882, 1569.209837896286, 6.536785681994636, 4.33642001672729], [1569.2373998879173, 0.0, 1569.3660225155324, 0.02296832635978437, 1569.8988876870794, 1569.5130198042352], [1.4286298995785882, 1569.3660225155324, 0.0, 1569.3384605239007, 6.426537715467671, 4.221578384928368], [1569.209837896286, 0.02296832635978437, 1569.3384605239007, 0.0, 1569.8713256954477, 1569.4854578126035], [6.536785681994636, 1569.8988876870794, 6.426537715467671, 1569.8713256954477, 0.0, 2.200365665267343], [4.33642001672729, 1569.5130198042352, 4.221578384928368, 1569.4854578126035, 2.200365665267343, 0.0]]}, "v10_distance": {"eta_c": [[0.0, 16037.941963169476, 24.539327747395273, 16037.607634855352, 82.54913755349462, 54.85815497431477], [16037.941963169476, 0.0, 16036.871526513662, 0.4241285692339644, 16040.60487837922, 16040.01482313539], [24.539327747395273, 16036.871526513662, 0.0, 16036.537207501688, 80.32484482844295, 52.26302208101903], [16037.607634855352, 0.4241285692339644, 16036.537207501688, 0.0, 16040.27057926049, 16039.680526268545], [82.54913755349462, 16040.60487837922, 80.32484482844295, 16040.27057926049, 0.0, 29.452482407117767], [54.85815497431477, 16040.01482313539, 52.26302208101903, 16039.680526268545, 29.452482407117767, 0.0]], "max_diff_c": [[0.0, 38332.608621900734, 46.573271986249885, 38331.26573568076, 240.53528232832304, 160.77911540358753], [38332.608621900734, 0.0, 38333.48543072073, 1.2808747486274115, 38330.14331136252, 38334.53802030601], [46.573271986249885, 38333.48543072073, 0.0, 38332.142544500755, 239.2621717608593, 159.50600483612382], [38331.26573568076, 1.2808747486274115, 38332.142544500755, 0.0, 38328.862925142545, 38333.19513408604], [240.53528232832304, 38330.14331136252, 239.2621717608593, 38328.862925142545, 0.0, 106.48620297788763], [160.77911540358753, 38334.53802030601, 159.50600483612382, 38333.19513408604, 106.48620297788763, 0.0]], "shift_c": [[0.0, 644.8679182078507, 1.0519493472781243, 644.8633245425788, 4.386950334718817, 2.8342914727973922], [644.8679182078507, 0.0, 645.0700394798166, 0.009187330543913748, 644.1053697727058, 644.4361136722866], [1.0519493472781243, 645.0700394798166, 0.0, 645.0654458145447, 4.520166627605566, 2.967507765684141], [644.8633245425788, 0.009187330543913748, 645.0654458145447, 0.0, 644.0961824421619, 644.4315200070147], [4.386950334718817, 644.1053697727058, 4.520166627605566, 644.0961824421619, 0.0, 1.5526588619214237], [2.8342914727973922, 644.4361136722866, 2.967507765684141, 644.4315200070147, 1.5526588619214237, 0.0]]}}