{"pseudos": ["Er.us.pbe.z_32.ld1.psl.v1.0.0-high.upf", "Er.us.pbe.z_11.ld1.psl.v1.0.0-low.upf", "Er.paw.pbe.z_32.ld1.psl.v1.0.0-high.upf", "Er.paw.pbe.z_11.ld1.psl.v1.0.0-low.upf", "Er.paw.pbe.z_22.atompaw.jth.v1.1-std.upf", "Er.paw.pbe.z_22.atompaw.wentzcovitch.v1.0.legacy.upf"], "v_distance": {"eta_c": [[0.0, 16967.17850577913, 14.478083200384239, 16966.991457368706, 119.13665182902365, 97.72155596350166], [16967.17850577913, 0.0, 16967.683581648726, 0.19311006339809642, 16966.024553938092, 16966.667456984185], [14.478083200384239, 16967.683581648726, 0.0, 16967.49653117761, 114.30639602396876, 93.14129395384565], [16966.991457368706, 0.19311006339809642, 16967.49653117761, 0.0, 16965.837403617323, 16966.480363504867], [119.13665182902365, 16966.024553938092, 114.30639602396876, 16965.837403617323, 0.0, 22.667197124817132], [97.72155596350166, 16966.667456984185, 93.14129395384565, 16966.480363504867, 22.667197124817132, 0.0]], "max_diff_c": [[0.0, 28656.729109523654, 20.942945706867476, 28656.31173058684, 156.6077195002116, 143.56573267548316], [28656.729109523654, 0.0, 28656.584138048365, 0.3548810804983873, 28631.319373148526, 28643.335778990873], [20.942945706867476, 28656.584138048365, 0.0, 28656.229259111555, 160.367163023047, 147.32516091640596], [28656.31173058684, 0.3548810804983873, 28656.229259111555, 0.0, 28630.964494597807, 28642.980900054063], [156.6077195002116, 28631.319373148526, 160.367163023047, 28630.964494597807, 0.0, 33.63129472173286], [143.56573267548316, 28643.335778990873, 147.32516091640596, 28642.980900054063, 33.63129472173286, 0.0]], "shift_c": [[0.0, 1639.92472109279, 0.38586788284437745, 1639.9109400969742, 7.630078016720372, 6.229010108773524], [1639.92472109279, 0.0, 1639.8971591011584, 0.018374661087827496, 1641.7300315446691, 1640.7377998459265], [0.38586788284437745, 1639.8971591011584, 0.0, 1639.8787844400704, 7.3085214476833915, 5.907453539736543], [1639.9109400969742, 0.018374661087827496, 1639.8787844400704, 0.0, 1641.7116568835809, 1640.7194251848384], [7.630078016720372, 1641.7300315446691, 7.3085214476833915, 1641.7116568835809, 0.0, 1.3964742426748902], [6.229010108773524, 1640.7377998459265, 5.907453539736543, 1640.7194251848384, 1.3964742426748902, 0.0]]}, "v10_distance": {"eta_c": [[0.0, 16814.397514283886, 11.774189344495557, 16814.228768987672, 100.48779645392057, 78.76582183207599], [16814.397514283886, 0.0, 16813.556181847696, 0.18084917085132932, 16825.804123884507, 16825.747241471927], [11.774189344495557, 16813.556181847696, 0.0, 16813.38743861997, 96.90460586010596, 75.15209855559533], [16814.228768987672, 0.18084917085132932, 16813.38743861997, 0.0, 16825.6353340288, 16825.57848333695], [100.48779645392057, 16825.804123884507, 96.90460586010596, 16825.6353340288, 0.0, 27.76818405978603], [78.76582183207599, 16825.747241471927, 75.15209855559533, 16825.57848333695, 27.76818405978603, 0.0]], "max_diff_c": [[0.0, 41139.604109523665, 21.880445706867476, 41139.06173058686, 392.4331238380656, 167.6282326754832], [41139.604109523665, 0.0, 41137.45913804838, 0.4798810804983873, 41157.56937314853, 41155.52327899089], [21.880445706867476, 41137.45913804838, 0.0, 41136.91675911157, 392.6051989622562, 168.07516091640596], [41139.06173058686, 0.4798810804983873, 41136.91675911157, 0.0, 41157.02699459782, 41155.04340005408], [392.4331238380656, 41157.56937314853, 392.6051989622562, 41157.02699459782, 0.0, 227.2330547095068], [167.6282326754832, 41155.52327899089, 168.07516091640596, 41155.04340005408, 227.2330547095068, 0.0]], "shift_c": [[0.0, 722.4503309859302, 0.31696290376502434, 722.4457373206583, 5.167873430951485, 4.460448979070127], [722.4503309859302, 0.0, 722.5697662830012, 0.009187330543913748, 721.0676377390714, 721.1089807265189], [0.31696290376502434, 722.5697662830012, 0.0, 722.5651726177292, 5.085187456056262, 4.382356669446859], [722.4457373206583, 0.009187330543913748, 722.5651726177292, 0.0, 721.0630440737995, 721.099793395975], [5.167873430951485, 721.0676377390714, 5.085187456056262, 721.0630440737995, 0.0, 0.702830786609402], [4.460448979070127, 721.1089807265189, 4.382356669446859, 721.099793395975, 0.702830786609402, 0.0]]}}