{"pseudos": ["Eu.us.pbe.z_27.ld1.psl.v1.0.0-high.upf", "Eu.us.pbe.z_11.ld1.psl.v1.0.0-low.spdn.upf", "Eu.us.pbe.z_10.ld1.psl.v1.0.0-low.spn.upf", "Eu.paw.pbe.z_27.ld1.psl.v1.0.0-high.upf", "Eu.paw.pbe.z_11.ld1.psl.v1.0.0-low.spdn.upf", "Eu.paw.pbe.z_10.ld1.psl.v1.0.0-low.spn.upf", "Eu.paw.pbe.z_17.atompaw.jth.v1.1-std.upf", "Eu.paw.pbe.z_17.atompaw.wentzcovitch.v1.0.legacy.upf"], "v_distance": {"eta_c": [[0.0, 8863.514862325259, 6961.858653276105, 6.585248680137232, 8863.498350630261, 6962.167790351412, 26.63594398267994, 14.229674303767228], [8863.514862325259, 0.0, 840.4861292859515, 8863.146872074505, 0.3893687035101577, 840.3628831636717, 8851.820278222578, 8857.302053668109], [6961.858653276105, 840.4861292859515, 0.0, 6961.072439081616, 840.4591174591085, 0.47800901173941196, 6951.795893181424, 6956.059857614768], [6.585248680137232, 8863.146872074505, 6961.072439081616, 0.0, 8863.130313105059, 6961.381594163361, 26.41811629730085, 14.304142813115327], [8863.498350630261, 0.3893687035101577, 840.4591174591085, 8863.130313105059, 0.0, 840.3356514209667, 8851.804583061636, 8857.285876971631], [6962.167790351412, 840.3628831636717, 0.47800901173941196, 6961.381594163361, 840.3356514209667, 0.0, 6952.105984585592, 6956.3694628224], [26.63594398267994, 8851.820278222578, 6951.795893181424, 26.41811629730085, 8851.804583061636, 6952.105984585592, 0.0, 12.798744489204129], [14.229674303767228, 8857.302053668109, 6956.059857614768, 14.304142813115327, 8857.285876971631, 6956.3694628224, 12.798744489204129, 0.0]], "max_diff_c": [[0.0, 16230.637106558226, 15379.705747634815, 9.210904018615793, 16230.256030897028, 15379.653514215048, 37.383583594717464, 21.83931137824378], [16230.637106558226, 0.0, 1634.8749295105476, 16232.117012773038, 0.9165416705888276, 1634.5070216246663, 16218.639136623593, 16224.845138408347], [15379.705747634815, 1634.8749295105476, 0.0, 15381.143524092728, 1634.8724905277993, 1.285919011932819, 15365.844897137047, 15372.716479209053], [9.210904018615793, 16232.117012773038, 15381.143524092728, 0.0, 16231.73593711184, 15381.091290672965, 34.82354832057751, 24.59949047110069], [16230.256030897028, 0.9165416705888276, 1634.8724905277993, 16231.73593711184, 0.0, 1634.504581729363, 16218.258060962398, 16224.464062747153], [15379.653514215048, 1634.5070216246663, 1.285919011932819, 15381.091290672965, 1634.504581729363, 0.0, 15365.792663717282, 15372.66424578929], [37.383583594717464, 16218.639136623593, 15365.844897137047, 34.82354832057751, 16218.258060962398, 15365.792663717282, 0.0, 26.71153432148731], [21.83931137824378, 16224.845138408347, 15372.716479209053, 24.59949047110069, 16224.464062747153, 15372.66424578929, 26.71153432148731, 0.0]], "shift_c": [[0.0, 1147.8880464829447, 1080.2647000144677, 0.35371222594067936, 1147.869671821857, 1080.2738873450116, 1.9982443933012404, 1.0427620167342104], [1147.8880464829447, 0.0, -176.2543428197135, 1147.9202021398487, 0.018374661087827496, -176.23137449335368, 1146.8498781314825, 1147.3873369683017], [1080.2647000144677, -176.2543428197135, 0.0, 1080.3152303324591, -176.23596815862564, -0.02296832635978437, 1079.0473787173992, 1079.695085520745], [0.35371222594067936, 1147.9202021398487, 1080.3152303324591, 0.0, 1147.9018274787609, 1080.324417663003, 2.021212719661025, 1.0703240083659518], [1147.869671821857, 0.018374661087827496, -176.23596815862564, 1147.9018274787609, 0.0, -176.2129998322659, 1146.8315034703949, 1147.3689623072137], [1080.2738873450116, -176.23137449335368, -0.02296832635978437, 1080.324417663003, -176.2129998322659, 0.0, 1079.056566047943, 1079.704272851289], [1.9982443933012404, 1146.8498781314825, 1079.0473787173992, 2.021212719661025, 1146.8315034703949, 1079.056566047943, 0.0, 0.9554823765670302], [1.0427620167342104, 1147.3873369683017, 1079.695085520745, 1.0703240083659518, 1147.3689623072137, 1079.704272851289, 0.9554823765670302, 0.0]]}, "v10_distance": {"eta_c": [[0.0, 11797.80352680708, 10892.237996560416, 5.7005713739734025, 11797.563360595954, 10892.216243254092, 24.757440724535787, 15.24811500564344], [11797.80352680708, 0.0, 840.6691546128645, 11797.153299911699, 0.49932042853436115, 840.6625956924884, 11786.941676243652, 11792.046565491957], [10892.237996560416, 840.6691546128645, 0.0, 10891.671961785201, 840.505566470388, 0.4877523183133339, 10881.680333705213, 10886.488618654033], [5.7005713739734025, 11797.153299911699, 10891.671961785201, 0.0, 11796.913170200687, 10891.650196539347, 24.457876377863922, 14.440950748424719], [11797.563360595954, 0.49932042853436115, 840.505566470388, 11796.913170200687, 0.0, 840.4987585267321, 11786.70169054984, 11791.806560356514], [10892.216243254092, 840.6625956924884, 0.4877523183133339, 10891.650196539347, 840.4987585267321, 0.0, 10881.658748433872, 10886.467012269584], [24.757440724535787, 11786.941676243652, 10881.680333705213, 24.457876377863922, 11786.70169054984, 10881.658748433872, 0.0, 12.51656395973021], [15.24811500564344, 11792.046565491957, 10886.488618654033, 14.440950748424719, 11791.806560356514, 10886.467012269584, 12.51656395973021, 0.0]], "max_diff_c": [[0.0, 17077.7305390671, 15406.319015465526, 9.773404018615793, 17076.832007241734, 15405.298256781041, 96.43108113105208, 69.36940992654793], [17077.7305390671, 0.0, 1562.937774789284, 17074.050072629318, 1.6062124723976723, 1563.6347548071158, 17026.432836602322, 17050.395262908776], [15406.319015465526, 1562.937774789284, 0.0, 15403.125987617232, 1562.0362474234435, 1.8149491201505867, 15389.613598299908, 15395.09217479831], [9.773404018615793, 17074.050072629318, 15403.125987617232, 0.0, 17073.089040803952, 15402.042728932749, 103.55971198449835, 73.98666995631827], [17076.832007241734, 1.6062124723976723, 1562.0362474234435, 17073.089040803952, 0.0, 1562.7332274412752, 17025.534304776957, 17049.434231083414], [15405.298256781041, 1563.6347548071158, 1.8149491201505867, 15402.042728932749, 1562.7332274412752, 0.0, 15388.592839615423, 15394.071416113828], [96.43108113105208, 17026.432836602322, 15389.613598299908, 103.55971198449835, 17025.534304776957, 15388.592839615423, 0.0, 60.12072615097081], [69.36940992654793, 17050.395262908776, 15395.09217479831, 73.98666995631827, 17049.434231083414, 15394.071416113828, 60.12072615097081, 0.0]], "shift_c": [[0.0, 471.92101438394604, 384.60462489458973, 0.31236923849306747, 471.92101438394604, 384.6184058904056, 1.0519493472781243, 0.3812742175724206], [471.92101438394604, 0.0, -136.4318585771193, 471.9577637061218, 0.0, -136.3997029202156, 471.4570541914785, 471.69592478562026], [384.60462489458973, -136.4318585771193, 0.0, 384.63678055149353, -136.4318585771193, -0.032155656903698114, 384.0947280494026, 384.36575430044803], [0.31236923849306747, 471.9577637061218, 384.63678055149353, 0.0, 471.96235737139375, 384.6459678820373, 1.1805719748929169, 0.5098968451872132], [471.92101438394604, 0.0, -136.4318585771193, 471.96235737139375, 0.0, -136.3997029202156, 471.4570541914785, 471.70051845089216], [384.6184058904056, -136.3997029202156, -0.032155656903698114, 384.6459678820373, -136.3997029202156, 0.0, 384.1085090452184, 384.3795352962639], [1.0519493472781243, 471.4570541914785, 384.0947280494026, 1.1805719748929169, 471.4570541914785, 384.1085090452184, 0.0, 0.6706751297057039], [0.3812742175724206, 471.69592478562026, 384.36575430044803, 0.5098968451872132, 471.70051845089216, 384.3795352962639, 0.6706751297057039, 0.0]]}}