{"pseudos": ["F.nc.pbe.z_7.oncvpsp3.dojo.v0.4.1-std.upf", "F.nc.pbe.z_7.oncvpsp4.spms.v1.upf", "F.nc.pbe.z_7.oncvpsp4.sg15.v0.upf", "F.us.pbe.z_7.uspp.gbrv.v1.4.upf", "F.us.pbe.z_7.ld1.psl.v1.0.0-high.upf", "F.us.pbe.z_7.ld1.psl.v0.1.upf", "F.paw.pbe.z_7.ld1.psl.v0.1.upf", "F.paw.pbe.z_7.ld1.psl.v1.0.0-high.upf", "F.paw.pbe.z_7.atompaw.jth.v1.1-std.upf"], "v_distance": {"eta_c": [[0.0, 0.24913541139450698, 0.6382693693518808, 1.0895137992545052, 0.5836679737464238, 0.8586784088644711, 0.7168805544230302, 0.7108314826385294, 0.8539744064148426], [0.24913541139450698, 0.0, 0.8581968304188389, 0.9404014892523529, 0.4516769896890847, 0.7040207658705009, 0.5813153613342175, 0.5661649872379159, 0.7206462605631591], [0.6382693693518808, 0.8581968304188389, 0.0, 1.7075604621188445, 1.202902548599037, 1.483185835564857, 1.3365257776104018, 1.3314037293487744, 1.4678720646099621], [1.0895137992545052, 0.9404014892523529, 1.7075604621188445, 0.0, 0.5117412963254863, 0.23748445021142672, 0.37427406308399874, 0.38616584929086334, 0.25430586263689636], [0.5836679737464238, 0.4516769896890847, 1.202902548599037, 0.5117412963254863, 0.0, 0.2826886530601555, 0.1447149702402251, 0.1294649170672598, 0.2934426692142708], [0.8586784088644711, 0.7040207658705009, 1.483185835564857, 0.23748445021142672, 0.2826886530601555, 0.0, 0.1510286283713013, 0.1578507248916134, 0.12310132954315796], [0.7168805544230302, 0.5813153613342175, 1.3365257776104018, 0.37427406308399874, 0.1447149702402251, 0.1510286283713013, 0.0, 0.06381687548904531, 0.1625576182904391], [0.7108314826385294, 0.5661649872379159, 1.3314037293487744, 0.38616584929086334, 0.1294649170672598, 0.1578507248916134, 0.06381687548904531, 0.0, 0.19087917578126226], [0.8539744064148426, 0.7206462605631591, 1.4678720646099621, 0.25430586263689636, 0.2934426692142708, 0.12310132954315796, 0.1625576182904391, 0.19087917578126226, 0.0]], "max_diff_c": [[0.0, 0.48822795671199515, 1.0885560688643634, 1.7967252286211988, 0.9910171096468225, 1.3849941352471828, 1.161758066103225, 1.1441534533523985, 1.4095785140495138], [0.48822795671199515, 0.0, 1.5767840255763585, 1.6338961077392078, 0.993686495044436, 1.2861847616815114, 1.164594758509086, 1.146822838750012, 1.1378041067770648], [1.0885560688643634, 1.5767840255763585, 0.0, 2.819788439127677, 1.9339171272437172, 2.408057345753661, 2.168929651857951, 2.1627031996247297, 2.370141724555992], [1.7967252286211988, 1.6338961077392078, 2.819788439127677, 0.0, 0.8858713118839603, 0.4117310933740157, 0.6508587872697262, 0.6570852395029476, 0.5699058537971808], [0.9910171096468225, 0.993686495044436, 1.9339171272437172, 0.8858713118839603, 0.0, 0.4741402185099446, 0.30696471775958045, 0.22878607238101267, 0.674001940695355], [1.3849941352471828, 1.2861847616815114, 2.408057345753661, 0.4117310933740157, 0.4741402185099446, 0.0, 0.26524346722627, 0.3020151073091917, 0.29309294532649943], [1.161758066103225, 1.164594758509086, 2.168929651857951, 0.6508587872697262, 0.30696471775958045, 0.26524346722627, 0.0, 0.2022014640609413, 0.3822804123771242], [1.1441534533523985, 1.146822838750012, 2.1627031996247297, 0.6570852395029476, 0.22878607238101267, 0.3020151073091917, 0.2022014640609413, 0.0, 0.5067386870082622], [1.4095785140495138, 1.1378041067770648, 2.370141724555992, 0.5699058537971808, 0.674001940695355, 0.29309294532649943, 0.3822804123771242, 0.5067386870082622, 0.0]], "shift_c": [[0.0, 0.0, -0.04593665271956874, 0.11484163179892184, 0.05053031799152561, 0.08727964016718062, 0.07809230962326685, 0.05971764853543937, 0.07809230962326685], [0.0, 0.0, -0.04593665271956874, 0.11484163179892184, 0.05053031799152561, 0.08727964016718062, 0.07809230962326685, 0.05971764853543937, 0.08268597489522375], [-0.04593665271956874, -0.04593665271956874, 0.0, 0.16077828451849063, 0.09646697071109434, 0.13321629288674935, 0.12402896234283561, 0.1056543012550081, 0.12862262761479248], [0.11484163179892184, 0.11484163179892184, 0.16077828451849063, 0.0, -0.06431131380739623, -0.027561991631741244, -0.03674932217565499, -0.05512398326348249, -0.03674932217565499], [0.05053031799152561, 0.05053031799152561, 0.09646697071109434, -0.06431131380739623, 0.0, 0.03674932217565499, 0.027561991631741244, 0.009187330543913748, 0.032155656903698114], [0.08727964016718062, 0.08727964016718062, 0.13321629288674935, -0.027561991631741244, 0.03674932217565499, 0.0, -0.009187330543913748, -0.027561991631741244, -0.004593665271956874], [0.07809230962326685, 0.07809230962326685, 0.12402896234283561, -0.03674932217565499, 0.027561991631741244, -0.009187330543913748, 0.0, -0.018374661087827496, 0.004593665271956874], [0.05971764853543937, 0.05971764853543937, 0.1056543012550081, -0.05512398326348249, 0.009187330543913748, -0.027561991631741244, -0.018374661087827496, 0.0, 0.018374661087827496], [0.07809230962326685, 0.08268597489522375, 0.12862262761479248, -0.03674932217565499, 0.032155656903698114, -0.004593665271956874, 0.004593665271956874, 0.018374661087827496, 0.0]]}, "v10_distance": {"eta_c": [[0.0, 0.2340133302106353, 0.6333480319111553, 1.1347378534396881, 0.6104104144664535, 0.8912417714380637, 0.753131884807467, 0.7401804607012052, 0.8771743443659756], [0.2340133302106353, 0.0, 0.8304662349831015, 1.0122212909720425, 0.5054649508757666, 0.764015870769942, 0.6440215854045331, 0.6230143775850236, 0.7657361894374086], [0.6333480319111553, 0.8304662349831015, 0.0, 1.7479426654134245, 1.2248787970512969, 1.5101922381914354, 1.3674221120438175, 1.3555654066424379, 1.4883820699710113], [1.1347378534396881, 1.0122212909720425, 1.7479426654134245, 0.0, 0.5298488624557305, 0.2507341072070237, 0.38394385030434114, 0.4017125350012203, 0.2775844806243908], [0.6104104144664535, 0.5054649508757666, 1.2248787970512969, 0.5298488624557305, 0.0, 0.2893846910757029, 0.15603226643116408, 0.13091701510144094, 0.2940711763369137], [0.8912417714380637, 0.764015870769942, 1.5101922381914354, 0.2507341072070237, 0.2893846910757029, 0.0, 0.1470959993332643, 0.16301395946101296, 0.12720511221591713], [0.753131884807467, 0.6440215854045331, 1.3674221120438175, 0.38394385030434114, 0.15603226643116408, 0.1470959993332643, 0.0, 0.06687350610032763, 0.16364618675552398], [0.7401804607012052, 0.6230143775850236, 1.3555654066424379, 0.4017125350012203, 0.13091701510144094, 0.16301395946101296, 0.06687350610032763, 0.0, 0.190356540233305], [0.8771743443659756, 0.7657361894374086, 1.4883820699710113, 0.2775844806243908, 0.2940711763369137, 0.12720511221591713, 0.16364618675552398, 0.190356540233305, 0.0]],