{"pseudos": ["DOJO-041-std-7", "DOJO-041-str-17", "DOJO-050-std-7", "SPMS-7", "SG15-17", "GBRV-1.X-7", "PSL-US-v1-high-17", "PSL-US-v1-low-7", "PSL-PAW-v1-high-17", "PSL-PAW-v1-low-7", "JTH-1.1-std-7"], "v_distance": {"eta": [[0.0, 1.0563468460919316, 0.8516209902795377, 0.2170701741377368, 1.072062792676392, 1.247813569616188, 0.9246877235601081, 0.721970087459962, 0.9154788927562431, 0.4810313265032257, 1.8527152893859362], [2.028033655863439, 0.0, 0.9658080028464658, 0.9314484180244326, 2.8162094644705182, 0.649964476620674, 6.060257592773007, 0.586069118691411, 5.5320534617431765, 0.7542228381268876, 2.5439902457086756], [3.6348404492886957, 2.3330082474469833, 0.0, 0.6428426323112444, 0.7434693041147457, 0.6779697892080139, 0.9734008086112467, 0.9615644830581008, 0.9637007805891823, 0.8886223233485734, 2.51087034445447], [0.8630385646373818, 1.7671120001191838, 2.709301884651314, 0.0, 0.9044926821485038, 1.0526038402295632, 0.8244421543044078, 0.6751952363549251, 0.8141163409795639, 0.46744692199909005, 2.022957827997474], [2.0993410791260843, 3.922331057608097, 1.5354993701626114, 1.6504156785866968, 0.0, 0.40345833015343213, 3.342851345719941, 0.6986536278838954, 2.827806928621298, 0.8214757158030965, 2.6081529795837772], [3.833577729241636, 2.5942455273999236, 1.32038594484888, 2.9705391646042543, 1.7342366501155517, 0.0, 0.7618972388125326, 0.9168278690078578, 0.7574061963705037, 1.0204324416654464, 2.7898354729929156], [1.8417303278566237, 7.671145037918488, 2.765157518215446, 1.6433086721123686, 5.1671581480528355, 3.0263947981683863, 0.0, 0.4768023676347528, 0.5296857794834927, 0.6255198504637581, 2.4141205465909406], [1.5812058796559683, 1.3936629953248953, 3.7891712427718787, 1.4124911396349447, 2.2536718726092673, 3.9879085227248194, 1.2277038048841007, 0.0, 0.47221727943953506, 0.2562215725411628, 1.9802813124941403], [1.8358370320674737, 7.040121966432483, 2.759899968854242, 1.5992781738291413, 4.5369005986916315, 2.9586372488071824, 0.633014972348036, 1.2452133317835958, 0.0, 0.6182430444945649, 2.4102349372189544], [1.041215004224341, 1.491923556579767, 3.8249318040267504, 1.1609979705430113, 2.3519324338641394, 4.08616908397969, 1.350303130701974, 0.5399908754316272, 1.3859035604311742, 0.0, 1.8491431476780265], [6.918245480435068, 8.22007768227678, 10.553085929723764, 7.84378404507245, 9.017586559561154, 10.814323209676704, 7.787928411508318, 6.763914686951885, 7.793185960869522, 6.728154125697014, 0.0]], "shift": [[0.0, 0.4375, 1.3124999999999998, 0.3125, 1.1250000000000002, 1.1875000000000002, 0.1875, -0.0625, 0.1875, -0.125, -2.0], [-0.4375, 0.0, -0.8125000000000001, 0.125, -2.6249999999999996, -0.75, -7.500000000000003, 0.5, -6.875000000000003, 0.5625000000000001, 2.5000000000000004], [-1.3124999999999998, 0.8125000000000001, 0.0, -0.9375, -0.1875, -0.0625, -1.1250000000000002, -1.375, -1.1250000000000002, -1.375, -3.3125000000000004], [-0.3125, -0.125, 0.9375, 0.0, 0.8125000000000001, 0.875, -0.1875, -0.375, -0.125, -0.4375, -2.3750000000000004], [-1.1250000000000002, 2.6249999999999996, 0.1875, -0.8125000000000001, 0.0, -0.0625, -4.875000000000001, 1.1875000000000002, -4.250000000000001, 1.25, 3.125000000000001], [-1.1875000000000002, 0.75, 0.0625, -0.875, 0.0625, 0.0, -1.0625, -1.25, -1.0, -1.3124999999999998, -3.2500000000000004], [-0.1875, 7.500000000000003, 1.1250000000000002, 0.1875, 4.875000000000001, 1.0625, 0.0, 0.25, 0.625, 0.25, 2.1875000000000004], [0.0625, -0.5, 1.375, 0.375, -1.1875000000000002, 1.25, -0.25, 0.0, 0.25, -0.0625, -1.9375], [-0.1875, 6.875000000000003, 1.1250000000000002, 0.125, 4.250000000000001, 1.0, -0.625, -0.25, 0.0, 0.3125, 2.1875000000000004], [0.125, -0.5625000000000001, 1.375, 0.4375, -1.25, 1.3124999999999998, -0.25, 0.0625, -0.3125, 0.0, -1.9375], [2.0, -2.5000000000000004, 3.3125000000000004, 2.3750000000000004, -3.125000000000001, 3.2500000000000004, -2.1875000000000004, 1.9375, -2.1875000000000004, 1.9375, 0.0]]}, "v10_distance": {"eta": [[0.0, 2.915476369912721, 19.446959408697392, 3.4959063971530946, 3.9499430427930737, 17.429535164632, 6.499430844833765, 1.9124171604643525, 6.469779947656953, 1.7876283524145904, 39.56167847222326], [15.168712105136166, 0.0, 16.75227074323709, 1.1505558139081584, 2.871638778199401, 14.637749085396829, 5.56257852751683, 2.1109517654800953, 5.117693906245966, 2.1643054623827633, 42.248248109802866], [127.99736620479513, 112.89115409965896, 0.0, 15.968717633865902, 15.645114154697943, 5.775919924619797, 14.464914951915627, 18.605996406365893, 14.482715800872656, 18.659721878197754, 57.630882604681425], [22.668829784822307, 7.5001176796861415, 105.32853641997282, 0.0, 0.940790651617482, 14.06862919749416, 3.933066454655215, 2.9793007274100103, 3.9060101233119795, 2.9830175964968855, 42.76599732607693], [25.322872481440385, 7.964672984375419, 102.73699372335473, 4.876869284397998, 0.0, 13.715057176846658, 3.550539818166628, 3.379738140430606, 3.260470542241563, 3.422738535985928, 43.11876977142174], [86.75271515073104, 71.58400304559487, 41.24465105406409, 64.08388536590873, 61.42984266929065, 0.0, 11.44034201143754, 16.186740105376156, 11.46462106846515, 16.260274462775772, 56.49138003702244], [18.513326625427766, 10.12862959835675, 109.48403957936736, 15.627185632957692, 13.697066823434907, 68.23938852530327, 0.0, 5.0607952330792125, 0.5226004982607847, 5.134657479050682, 45.846627385513244], [5.065186496943668, 14.435496545621561, 127.32665064528051, 21.935614225307702, 24.58965692192578, 86.01949959121642, 17.78011106591316, 0.0, 5.035043463767734, 0.21400262748932541, 40.804794043554374], [18.42234786983549, 10.643365587910678, 109.57501833495964, 15.703498256868118, 14.210879447345334, 68.26786728089554, 0.6206293951460111, 17.751632310320886, 0.0, 5.108546345727651, 45.82127515280806], [4.807256605896144, 14.639721019472717, 127.46837511913168, 22.139838699158858, 24.793881395776936, 86.22372406506757, 17.984335539764317, 0.6024908754316272, 17.893356784172042, 0.0, 40.73676216830932], [155.70075100244344, 164.91204069263526, 287.4719151952095, 169.27379773117792, 171.46983772290895, 246.10226414114538, 173.427653081882, 155.9890125980124, 173.38361436157243, 155.94534721583804, 0.0]], "shift": [[0.0, -1.375, -9.312500000000004, -1.6250000000000002, -1.0, -10.187500000000002, -4.500000000000001, -1.375, -4.500000000000002, -1.3124999999999998, 23.375000000000007], [1.375, 0.0, 7.875000000000002, 0.25, -2.0, 8.812500000000002, -7.312500000000003, -0.0625, -6.812500000000003, -0.0625, -24.750000000000007], [9.312500000000004, -7.875000000000002, 0.0, 7.6875000000000036, 8.250000000000002, -0.875, 4.812500000000001, 7.937500000000002, 4.812500000000001, 8.000000000000002, 32.56250000000001], [1.6250000000000002, -0.25, -7.6875000000000036, 0.0, 0.625, -8.562500000000002, -2.875, 0.3125, -2.8125, 0.3125, 25.0], [1.0, 2.0, -8.250000000000002, -0.625, 0.0, 9.187500000000004, -5.312500000000001, 0.3125, -4.812500000000001, 0.3125, -24.375000000000007], [10.187500000000002, -8.812500000000002, 0.875, 8.562500000000002, -9.187500000000004, 0.0, 5.687500000000002, 8.875000000000004, 5.750000000000002, 8.875000000000004, 33.56250000000001], [4.500000000000001, 7.312500000000003, -4.812500000000001, 2.875, 5.312500000000001, -5.687500000000002, 0.0, -3.1875000000000004, 0.5, -3.1875000000000004, -27.875000000000004], [1.375, 0.0625, -7.937500000000002, -0.3125, -0.3125, -8.875000000000004, 3.1875000000000004, 0.0, -3.125, 0.0, 24.75], [4.500000000000002, 6.812500000000003, -4.812500000000001, 2.8125, 4.812500000000001, -5.750000000000002, -0.5, 3.125, 0.0, -3.1875000000000004, -27.875000000000004], [1.3124999999999998, 0.0625, -8.000000000000002, -0.3125, -0.3125, -8.875000000000004, 3.1875000000000004, -0.0, 3.1875000000000004, 0.0, 24.6875], [-23.375000000000007, 24.750000000000007, -32.56250000000001, -25.0, 24.375000000000007, -33.56250000000001, 27.875000000000004, -24.75, 27.875000000000004, -24.6875, 0.0]]}}