{"pseudos": ["DOJO-041-std-8", "SPMS-8", "SG15-8", "PSL-US-v1-high-18", "PSL-PAW-v1-high-18", "JTH-1.1-std-8"], "v_distance": {"eta_c": [[0.0, 0.03957036833669677, 0.01723428222760458, 0.14454198027453574, 0.13825726371871663, 0.25229849088376727], [0.03957036833669677, 0.0, 0.03236113230814619, 0.10809436505553152, 0.10011847925475362, 0.21480410425933652], [0.01723428222760458, 0.03236113230814619, 0.0, 0.1391096227562967, 0.13064774042083124, 0.2449240229395414], [0.14454198027453574, 0.10809436505553152, 0.1391096227562967, 0.0, 0.1330845867678433, 0.11090901798353854], [0.13825726371871663, 0.10011847925475362, 0.13064774042083124, 0.1330845867678433, 0.0, 0.11559045769667582], [0.25229849088376727, 0.21480410425933652, 0.2449240229395414, 0.11090901798353854, 0.11559045769667582, 0.0]], "max_diff_c": [[0.0, 0.0580334257428774, 0.03148078547144176, 0.2579450410380435, 0.22764498013216894, 0.4245259953294736], [0.0580334257428774, 0.0, 0.06174347888724882, 0.19993779141591617, 0.1696377305100416, 0.36649256958659615], [0.03148078547144176, 0.06174347888724882, 0.0, 0.26168127030334887, 0.23138120939725226, 0.42812173171511564], [0.2579450410380435, 0.19993779141591617, 0.26168127030334887, 0.0, 0.17913656410692771, 0.208937252967889], [0.22764498013216894, 0.1696377305100416, 0.23138120939725226, 0.17913656410692771, 0.0, 0.19694114043544708], [0.4245259953294736, 0.36649256958659615, 0.42812173171511564, 0.208937252967889, 0.19694114043544708, 0.0]], "shift_c": [[0.0, -0.004593665271956874, -0.51449051045917, 107.82710492864382, 108.30025245165535, 1.8282787782388359], [-0.004593665271956874, 0.0, -0.5098968451872132, 107.83169859391577, 108.30484611692732, 1.8328724435107926], [-0.51449051045917, -0.5098968451872132, 0.0, 108.34159543910297, 108.81474296211455, 2.342769288698006], [107.82710492864382, 107.83169859391577, 108.34159543910297, 0.0, 0.45936652719568755, 105.99882615040498], [108.30025245165535, 108.30484611692732, 108.81474296211455, 0.45936652719568755, 0.0, 106.47197367341653], [1.8282787782388359, 1.8328724435107926, 2.342769288698006, 105.99882615040498, 106.47197367341653, 0.0]]}, "v10_distance": {"eta_c": [[0.0, 0.11957662520996798, 1.714494390399936, 0.3310965976230127, 1.234043074004939, 8.558920028474374], [0.11957662520996798, 0.0, 1.7241438888163507, 0.3429398090091245, 1.19103730225824, 8.520944194174566], [1.714494390399936, 1.7241438888163507, 0.0, 0.7828204960649878, 1.6435853146501298, 8.94167415163842], [0.3310965976230127, 0.3429398090091245, 0.7828204960649878, 0.0, 1.0067853530324404, 8.537601587799841], [1.234043074004939, 1.19103730225824, 1.6435853146501298, 1.0067853530324404, 0.0, 7.314776140742334], [8.558920028474374, 8.520944194174566, 8.94167415163842, 8.537601587799841, 7.314776140742334, 0.0]], "max_diff_c": [[0.0, 0.5495870754869543, 7.908585863303886, 1.4197821605050898, 5.882952207549641, 42.729759367156156], [0.5495870754869543, 0.0, 8.02622756352048, 1.6552961840690106, 6.066484758491697, 42.91329191809828], [7.908585863303886, 8.02622756352048, 0.0, 3.398102508888279, 6.240303610411058, 42.684121968606796], [1.4197821605050898, 1.6552961840690106, 3.398102508888279, 0.0, 6.3985791149334705, 42.995386274540024], [5.882952207549641, 6.066484758491697, 6.240303610411058, 6.3985791149334705, 0.0, 36.9093071596065], [42.729759367156156, 42.91329191809828, 42.684121968606796, 42.995386274540024, 36.9093071596065, 0.0]], "shift_c": [[0.0, -0.009187330543913748, -0.4547728619237307, 107.83169859391577, 108.23594113784796, 1.3964742426748902], [-0.009187330543913748, 0.0, -0.4455855313798169, 107.84088592445968, 108.24512846839188, 1.405661573218804], [-0.4547728619237307, -0.4455855313798169, 0.0, 108.31403344747123, 108.71827599140343, 1.8512471045986203], [107.83169859391577, 107.84088592445968, 108.31403344747123, 0.0, 0.4272108702919894, 106.43063068596891], [108.23594113784796, 108.24512846839188, 108.71827599140343, 0.4272108702919894, 0.0, 106.83487322990112], [1.3964742426748902, 1.405661573218804, 1.8512471045986203, 106.43063068596891, 106.83487322990112, 0.0]]}}