{"pseudos": ["DOJO-041-std-10", "SPMS-10", "SG15-10", "GBRV-1.X-10", "PSL-US-v1-high-10", "PSL-US-v1-low-10", "PSL-PAW-v1-high-10", "PSL-PAW-v1-low-10", "JTH-1.1-std-10"], "v_distance": {"eta_c": [[0.0, 5.007589772112081, 1.0356982593901087, 9.894637030314003, 29.495285817652608, 13.865129126816512, 17.144083731048884, 18.062059415569806, 29.484338309905482], [5.007589772112081, 0.0, 4.854077793139298, 14.0370090876105, 32.54372836585173, 17.25729654729437, 20.38607736418633, 21.229080737780198, 32.85461781839652], [1.0356982593901087, 4.854077793139298, 0.0, 9.480781948272021, 28.86934435511951, 13.254874929718836, 16.526188345407583, 17.423271369784075, 28.910077717335874], [9.894637030314003, 14.0370090876105, 9.480781948272021, 0.0, 20.18096127790866, 4.824123904435951, 8.03877783639444, 8.954250664809962, 19.832948148004537], [29.495285817652608, 32.54372836585173, 28.86934435511951, 20.18096127790866, 0.0, 15.696228429472123, 12.363379596938856, 11.479635697577713, 3.0704940533588405], [13.865129126816512, 17.25729654729437, 13.254874929718836, 4.824123904435951, 15.696228429472123, 0.0, 3.365600704771451, 4.250884028722215, 15.665953412448086], [17.144083731048884, 20.38607736418633, 16.526188345407583, 8.03877783639444, 12.363379596938856, 3.365600704771451, 0.0, 1.0467532269090511, 12.493254580338501], [18.062059415569806, 21.229080737780198, 17.423271369784075, 8.954250664809962, 11.479635697577713, 4.250884028722215, 1.0467532269090511, 0.0, 11.637455751410966], [29.484338309905482, 32.85461781839652, 28.910077717335874, 19.832948148004537, 3.0704940533588405, 15.665953412448086, 12.493254580338501, 11.637455751410966, 0.0]], "max_diff_c": [[0.0, 10.396919793236977, 3.206153501178982, 23.270323274065184, 57.226363387885435, 30.060155602246194, 33.51150286943566, 37.414234743948015, 63.03699654806969], [10.396919793236977, 0.0, 9.504332268508131, 28.54018321145222, 66.40293217549252, 35.45948324392924, 41.236950691542006, 42.71142271143554, 68.44377116743792], [3.206153501178982, 9.504332268508131, 0.0, 20.961970811673652, 56.86699599292026, 27.110220358405893, 31.793372039874306, 34.676589614104856, 59.83084304689069], [23.270323274065184, 28.54018321145222, 20.961970811673652, 0.0, 38.333086928234664, 7.505745262435897, 13.947591005666741, 14.604142429655669, 40.21574384475077], [57.226363387885435, 66.40293217549252, 56.86699599292026, 38.333086928234664, 0.0, 32.77003762873283, 25.10348148395051, 25.12413842689407, 8.535115341981568], [30.060155602246194, 35.45948324392924, 27.110220358405893, 7.505745262435897, 32.77003762873283, 0.0, 7.66655614478232, 7.583399201838762, 32.984287923508646], [33.51150286943566, 41.236950691542006, 31.793372039874306, 13.947591005666741, 25.10348148395051, 7.66655614478232, 0.0, 4.073128341094361, 29.525493678634003], [37.414234743948015, 42.71142271143554, 34.676589614104856, 14.604142429655669, 25.12413842689407, 7.583399201838762, 4.073128341094361, 0.0, 25.73234845600234], [63.03699654806969, 68.44377116743792, 59.83084304689069, 40.21574384475077, 8.535115341981568, 32.984287923508646, 29.525493678634003, 25.73234845600234, 0.0]], "shift_c": [[0.0, -0.44099186610786, 0.16996561506240437, 1.6169701757288202, 4.01486344769031, 2.122273355644076, 2.420861598321273, 2.6643258577349878, 4.423699656894471], [-0.44099186610786, 0.0, 0.6063638158983075, 2.0579620418366797, 4.45585531379817, 2.5632652217519363, 2.8572597991571764, 3.1007240585708904, 4.864691523002333], [0.16996561506240437, 0.6063638158983075, 0.0, 1.447004560666416, 3.844897832627905, 1.9523077405816718, 2.250895983258869, 2.4943602426725833, 4.253734041832067], [1.6169701757288202, 2.0579620418366797, 1.447004560666416, 0.0, 2.3978932719614887, 0.5053031799152563, 0.8038914225924532, 1.0427620167342104, 2.806729481165651], [4.01486344769031, 4.45585531379817, 3.844897832627905, 2.3978932719614887, 0.0, -1.8925900920462329, -1.5940018493690358, -1.3505375899553214, 0.4088362092041619], [2.122273355644076, 2.5632652217519363, 1.9523077405816718, 0.5053031799152563, -1.8925900920462329, 0.0, 0.29858824267719686, 0.5374588368189545, 2.301426301250394], [2.420861598321273, 2.8572597991571764, 2.250895983258869, 0.8038914225924532, -1.5940018493690358, 0.29858824267719686, 0.0, 0.2434642594137144, 2.002838058573197], [2.6643258577349878, 3.1007240585708904, 2.4943602426725833, 1.0427620167342104, -1.3505375899553214, 0.5374588368189545, 0.2434642594137144, 0.0, 1.7639674644314396], [4.423699656894471, 4.864691523002333, 4.253734041832067, 2.806729481165651, 0.4088362092041619, 2.301426301250394, 2.002838058573197, 1.7639674644314396, 0.0]]}, "v10_distance": {"eta_c": [[0.0, 6.376792700606672, 5.446061434188586, 18.38531316886759, 37.03946192622113, 23.120962705613277, 22.90838098835161, 27.772290857190434, 41.829075152807555], [6.376792700606672, 0.0, 4.801723620736355, 17.775329955316796, 37.21475323736396, 22.359555330892675, 23.152028663093873, 27.10932903023109, 41.520394802267404], [5.446061434188586, 4.801723620736355, 0.0, 13.819183965184914, 33.371032360125746, 18.636834169439535, 19.162918232091783, 23.432640239786828, 37.72249939338252], [18.38531316886759, 17.775329955316796, 13.819183965184914, 0.0, 20.801770049871475, 5.500289941464239, 7.693064424447114, 10.312088852216185, 24.309883885867194], [37.03946192622113, 37.21475323736396, 33.371032360125746, 20.801770049871475, 0.0, 15.751382739543615, 14.258431810335663, 11.131601889628143, 7.438963056379586], [23.120962705613277, 22.359555330892675, 18.636834169439535, 5.500289941464239, 15.751382739543615, 0.0, 4.5211821140276, 4.91353052399995, 19.2689682182797], [22.90838098835161, 23.152028663093873, 19.162918232091783, 7.693064424447114, 14.258431810335663, 4.5211821140276, 0.0, 5.971779094873387, 19.203202180110832], [27.772290857190434, 27.10932903023109, 23.432640239786828, 10.312088852216185, 11.131601889628143, 4.91353052399995, 5.971779094873387, 0.0, 14.533479898679264], [41.829075152807555, 41.520394802267404, 37.72249939338252, 24.309883885867194, 7.438963056379586, 19.2689682182797, 19.203202180110832, 14.533479898679264, 0.0]], "max_diff_c": [[0.0, 37.849494246879125, 30.438248481881814, 69.30667329401314, 61.09106125278435, 73.03197330796435, 41.983201838012654, 78.19261195260303, 103.60887006280961], [37.849494246879125, 0.0, 7.796125204923325, 31.457179047134005, 46.0904321754925, 35.182479061085225, 28.799450691541995, 40.3431177057239, 65.75937581593047], [30.438248481881814, 7.796125204923325, 0.0, 38.86842481213132, 38.55931332636015, 42.53122482608254, 21.893375644120507, 47.69186347072122, 73.1081215809278], [69.30667329401314, 31.457179047134005, 38.86842481213132, 0.0, 28.520586928234664, 9.075232347858304, 27.32347145600049, 13.606813325662133, 34.88063989641222], [61.09106125278435, 46.0904321754925, 38.55931332636015, 28.520586928234664, 0.0, 25.83253762873283, 19.107859414771703, 20.93663842689407, 42.51780881002526], [73.03197330796435, 35.182479061085225, 42.53122482608254, 9.075232347858304, 25.83253762873283, 0.0, 31.048771469951703, 5.923931101219237, 31.182123541865717], [41.983201838012654, 28.799450691541995, 21.893375644120507, 27.32347145600049, 19.107859414771703, 31.048771469951703, 0.0, 36.20941011459038, 61.625668224796954], [78.19261195260303, 40.3431177057239, 47.69186347072122, 13.606813325662133, 20.93663842689407, 5.923931101219237, 36.20941011459038, 0.0, 26.057017996132952], [103.60887006280961, 65.75937581593047, 73.1081215809278, 34.88063989641222, 42.51780881002526, 31.182123541865717, 61.625668224796954, 26.057017996132952, 0.0]],