{"pseudos": ["Nb.nc.pbe.z_13.oncvpsp3.dojo.v0.4.1-std.upf", "Nb.nc.pbe.z_13.oncvpsp4.spms.v1.upf", "Nb.nc.pbe.z_13.oncvpsp4.sg15.v0.upf", "Nb.us.pbe.z_13.uspp.gbrv.v1.upf", "Nb.us.pbe.z_13.ld1.psl.v1.0.0-high.upf", "Nb.us.pbe.z_13.ld1.psl.v0.3.0.upf", "Nb.paw.pbe.z_13.ld1.psl.v0.3.0.upf", "Nb.paw.pbe.z_13.ld1.psl.v1.0.0-high.upf", "Nb.paw.pbe.z_13.atompaw.jth.v1.1-std.upf"], "v_distance": {"eta_c": [[0.0, 5.245601644390538, 3.475144278495452, 4.637997610644167, 2.219992196368164, 3.1045232075913156, 3.3171445968419833, 2.688382743875417, 2.7208648366414865], [5.245601644390538, 0.0, 8.59357347302093, 9.865718197913983, 7.2970106649776705, 8.226762317117242, 8.411588061834797, 7.75193835008011, 7.598075073783927], [3.475144278495452, 8.59357347302093, 0.0, 1.8033257131685245, 1.3037380575405564, 0.4790163481080578, 0.29993858925796785, 0.8805282671285426, 1.5810681741619288], [4.637997610644167, 9.865718197913983, 1.8033257131685245, 0.0, 2.8195836643165118, 2.013779865973238, 1.9429918863379632, 2.461903739199486, 2.763542461939665], [2.219992196368164, 7.2970106649776705, 1.3037380575405564, 2.8195836643165118, 0.0, 0.9447522138895353, 1.1304290248980293, 0.4957886052564601, 1.2355538863806306], [3.1045232075913156, 8.226762317117242, 0.4790163481080578, 2.013779865973238, 0.9447522138895353, 0.0, 0.3028683613294574, 0.5303838121766824, 1.48413158115649], [3.3171445968419833, 8.411588061834797, 0.29993858925796785, 1.9429918863379632, 1.1304290248980293, 0.3028683613294574, 0.0, 0.6609556372967389, 1.4394438343180467], [2.688382743875417, 7.75193835008011, 0.8805282671285426, 2.461903739199486, 0.4957886052564601, 0.5303838121766824, 0.6609556372967389, 0.0, 1.1579896718174496], [2.7208648366414865, 7.598075073783927, 1.5810681741619288, 2.763542461939665, 1.2355538863806306, 1.48413158115649, 1.4394438343180467, 1.1579896718174496, 0.0]], "max_diff_c": [[0.0, 8.619138282028187, 7.454975656702914, 9.02535226975958, 6.031541873969132, 8.045929178566041, 8.048841667340639, 7.1838930552469265, 6.14067386465797], [8.619138282028187, 0.0, 15.627204778698625, 16.608742291803708, 13.087919814934365, 14.614003814640396, 15.318026192934097, 14.11740517346635, 14.759812146686157], [7.454975656702914, 15.627204778698625, 0.0, 4.604957780861639, 2.53928496376426, 1.0757009640582282, 0.8046314677283419, 1.5722996052322742, 8.123295938305462], [9.02535226975958, 16.608742291803708, 4.604957780861639, 0.0, 6.096233745945838, 4.946578522873807, 4.949491011648405, 5.215780764335264, 4.007195027092366], [6.031541873969132, 13.087919814934365, 2.53928496376426, 6.096233745945838, 0.0, 2.0143873045969087, 2.167606377999732, 1.152351181277794, 6.57578935939739], [8.045929178566041, 14.614003814640396, 1.0757009640582282, 4.946578522873807, 2.0143873045969087, 0.0, 0.7040223782937005, 0.9906949676192482, 8.47308639807031], [8.048841667340639, 15.318026192934097, 0.8046314677283419, 4.949491011648405, 2.167606377999732, 0.7040223782937005, 0.0, 1.2006210194677465, 8.475998886844907], [7.1838930552469265, 14.11740517346635, 1.5722996052322742, 5.215780764335264, 1.152351181277794, 0.9906949676192482, 1.2006210194677465, 0.0, 7.611050274751193], [6.14067386465797, 14.759812146686157, 8.123295938305462, 4.007195027092366, 6.57578935939739, 8.47308639807031, 8.475998886844907, 7.611050274751193, 0.0]], "shift_c": [[0.0, 0.3996488786602482, -0.2756199163174125, -0.27102625104545564, -0.17455928033436124, -0.24805792468567123, -0.24805792468567123, -0.19293394142218867, -0.018374661087827496], [0.3996488786602482, 0.0, -0.6752687949776607, -0.6706751297057039, -0.5788018242665662, -0.6477068033459193, -0.6477068033459193, -0.5925828200824369, -0.41802353974807566], [-0.2756199163174125, -0.6752687949776607, 0.0, 0.004593665271956874, 0.09646697071109434, 0.02296832635978437, 0.027561991631741244, 0.07809230962326685, 0.257245255229585], [-0.27102625104545564, -0.6706751297057039, 0.004593665271956874, 0.0, 0.09187330543913748, 0.018374661087827496, 0.018374661087827496, 0.07349864435130998, 0.25265158995762815], [-0.17455928033436124, -0.5788018242665662, 0.09646697071109434, 0.09187330543913748, 0.0, -0.07349864435130998, -0.07349864435130998, -0.018374661087827496, 0.16077828451849063], [-0.24805792468567123, -0.6477068033459193, 0.02296832635978437, 0.018374661087827496, -0.07349864435130998, 0.0, 0.0, 0.05512398326348249, 0.23427692886980064], [-0.24805792468567123, -0.6477068033459193, 0.027561991631741244, 0.018374661087827496, -0.07349864435130998, 0.0, 0.0, 0.05512398326348249, 0.23427692886980064], [-0.19293394142218867, -0.5925828200824369, 0.07809230962326685, 0.07349864435130998, -0.018374661087827496, 0.05512398326348249, 0.05512398326348249, 0.0, 0.17915294560631811], [-0.018374661087827496, -0.41802353974807566, 0.257245255229585, 0.25265158995762815, 0.16077828451849063, 0.23427692886980064, 0.23427692886980064, 0.17915294560631811, 0.0]]}, "v10_distance": {"eta_c": [[0.0, 4.912904000011806, 3.8004468588196056, 4.656164648045744, 2.763570745977349, 3.724709439647936, 3.688512255808746, 3.1892114200359534, 3.5555131631248873], [4.912904000011806, 0.0, 8.273515947572145, 9.395824390925519, 7.178868343931483, 8.190019308064045, 8.170039917432653, 7.611135978557857, 7.550214673608614], [3.8004468588196056, 8.273515947572145, 0.0, 3.835490673084186, 1.1694703730452556, 0.7037227241675401, 0.5964401722539016, 0.9062395058177258, 4.590264175021164], [4.656164648045744, 9.395824390925519, 3.835490673084186, 0.0, 3.939485745347273, 3.6807920126594778, 3.598213492883347, 3.7498443640003214, 2.6645907836030864], [2.763570745977349, 7.178868343931483, 1.1694703730452556, 3.939485745347273, 0.0, 1.0643192888033708, 1.0754219707642887, 0.5547807437277112, 4.097440625925371], [3.724709439647936, 8.190019308064045, 0.7037227241675401, 3.6807920126594778, 1.0643192888033708, 0.0, 0.3850385469742696, 0.6331889870000837, 4.395578864372971], [3.688512255808746, 8.170039917432653, 0.5964401722539016, 3.598213492883347, 1.0754219707642887, 0.3850385469742696, 0.0, 0.5934194451312634, 4.25900389001513], [3.1892114200359534, 7.611135978557857, 0.9062395058177258, 3.7498443640003214, 0.5547807437277112, 0.6331889870000837, 0.5934194451312634, 0.0, 4.089434470367283], [3.5555131631248873, 7.550214673608614, 4.590264175021164, 2.6645907836030864, 4.097440625925371, 4.395578864372971, 4.25900389001513, 4.089434470367283, 0.0]], "max_diff_c": [[0.0, 14.934061879551336, 16.36554268994783, 29.32642947434468, 13.358472060387982, 13.991917742133353, 14.34361583654902, 13.597033667801698, 32.84991059903203], [14.934061879551336, 0.0, 18.939704778698626, 44.26049135389601, 16.087919814934367, 17.989003814640398, 18.5680261929341, 17.179905173466352, 47.78397247858336], [16.36554268994783, 18.939704778698626, 0.0, 45.20747308529556, 3.4381013830563347, 3.2414525107921293, 3.155308834645126, 3.1884643273650113, 48.73095420998291], [29.32642947434468, 44.26049135389601, 45.20747308529556, 0.0, 41.769371702239226, 41.96602057450343, 42.233903416397254, 42.01900875793055, 3.651317076170073], [13.358472060387982, 16.087919814934367, 3.4381013830563347, 41.769371702239226, 0.0, 2.1475033698718846, 2.4801063779997325, 1.266390034931078, 45.29285282692658], [13.991917742133353, 17.989003814640398, 3.2414525107921293, 41.96602057450343, 2.1475033698718846, 0.0, 0.9477848789627501, 0.8811133349408067, 45.42700169919078], [14.34361583654902, 18.5680261929341, 3.155308834645126, 42.233903416397254, 2.4801063779997325, 0.9477848789627501, 0.0, 1.3256210194677462, 45.694884541084605], [13.597033667801698, 17.179905173466352, 3.1884643273650113, 42.01900875793055, 1.266390034931078, 0.8811133349408067, 1.3256210194677462, 0.0, 45.5424898826179], [32.84991059903203, 47.78397247858336, 48.73095420998291, 3.651317076170073, 45.29285282692658, 45.42700169919078, 45.694884541084605, 45.5424898826179, 0.0]],