{"pseudos": ["PSL-US-v1-high-15", "PSL-PAW-v1-high-15", "MARBURG-15"], "v_distance": {"eta_c": [[0.0, 4.275361068660569, 19.054930958075147], [4.275361068660569, 0.0, 14.878951419927711], [19.054930958075147, 14.878951419927711, 0.0]], "max_diff_c": [[0.0, 8.207355931716963, 38.69071036965901], [8.207355931716963, 0.0, 31.093712152779347], [38.69071036965901, 31.093712152779347, 0.0]], "shift_c": [[0.0, 0.4869285188274288, 2.269270644346696], [0.4869285188274288, 0.0, 1.782342125519267], [2.269270644346696, 1.782342125519267, 0.0]]}, "v10_distance": {"eta_c": [[0.0, 4.914355219193597, 21.90873634766687], [4.914355219193597, 0.0, 17.341607490373285], [21.90873634766687, 17.341607490373285, 0.0]], "max_diff_c": [[0.0, 9.347707308567722, 65.21721338622058], [9.347707308567722, 0.0, 56.03609718941075], [65.21721338622058, 56.03609718941075, 0.0]], "shift_c": [[0.0, 0.26643258577349876, 1.6307511715446907], [0.26643258577349876, 0.0, 1.3643185857711921], [1.6307511715446907, 1.3643185857711921, 0.0]]}}