{"pseudos": ["Pa.us.pbe.z_13.ld1.psl.v1.0.0-high.upf", "Pa.paw.pbe.z_13.ld1.psl.v1.0.0-high.upf", "Pa.paw.pbe.z_13.ld1.uni-marburg.v0.upf"], "v_distance": {"eta_c": [[0.0, 5.550374491980563, 10.757467302647292], [5.550374491980563, 0.0, 5.444849564191638], [10.757467302647292, 5.444849564191638, 0.0]], "max_diff_c": [[0.0, 11.579107033303785, 22.140626448604905], [11.579107033303785, 0.0, 12.08360835437725], [22.140626448604905, 12.08360835437725, 0.0]], "shift_c": [[0.0, 0.2802135815893694, 0.6890497907935313], [0.2802135815893694, 0.0, 0.4088362092041619], [0.6890497907935313, 0.4088362092041619, 0.0]]}, "v10_distance": {"eta_c": [[0.0, 6.226894369334004, 14.752690833927776], [6.226894369334004, 0.0, 9.41128185571439], [14.752690833927776, 9.41128185571439, 0.0]], "max_diff_c": [[0.0, 15.60364377009546, 71.6698783566147], [15.60364377009546, 0.0, 77.12047881936238], [71.6698783566147, 77.12047881936238, 0.0]], "shift_c": [[0.0, 0.05512398326348249, 0.03674932217565499], [0.05512398326348249, 0.0, -0.018374661087827496], [0.03674932217565499, -0.018374661087827496, 0.0]]}}