{"pseudos": ["DOJO-041-std-15", "SPMS-15", "SG15-15", "GBRV-1.X-15", "PSL-US-v1-high-29", "PSL-US-v1-low-15", "PSL-PAW-v1-high-29", "PSL-PAW-v1-low-15", "JTH-1.1-std-15"], "v_distance": {"eta": [[0.0, 14.240859454082983, 4.5478038394252325, 4.353072486969174, 14026.388205783476, 2.072147380313616, 14020.6587293158, 2.94331892004133, 4.42564659005501], [26.863164996366546, 0.0, 9.747810968386675, 10.614758329985026, 14014.501224834514, 13.831134582877015, 14008.776551158237, 16.511885230028252, 11.015660195257619], [9.164421356516185, 17.772035615931145, 0.0, 2.5605034126527113, 14022.431299282174, 4.62718511944354, 14016.70313787391, 7.076071789648663, 3.185249731773403], [8.920666400068797, 22.923422274914515, 5.15138665898337, 0.0, 14024.221655374922, 3.8218710223786587, 14018.494371397908, 6.286806099875401, 1.5114945355908367], [35428.51637480169, 35402.1149226527, 35419.51956478722, 35424.69468144216, 0.0, 14026.703247681351, 10.391891489800054, 14028.93316698458, 14024.786888749506], [8.886026292170811, 28.355436131348597, 10.597604458356614, 12.166539666224296, 35430.077260089834, 0.0, 14020.974666057755, 2.723080025016584, 3.4252399602392165], [35421.14287066295, 35394.74141851396, 35412.208560648476, 35417.32117730342, 12.186220794637617, 35422.766255951086, 0.0, 14023.203602839329, 14019.059828888217], [6.551900127880344, 33.36030186644166, 15.664970193449676, 14.590046236250402, 35435.01547699382, 5.004942178804868, 35427.70447285508, 0.0, 5.942909115302723], [7.746678264437463, 24.482137283695465, 7.590590171552606, 11.928564125205668, 35426.25147332335, 8.146871043981548, 35418.94046918461, 11.035989841428574, 0.0]], "shift": [[0.0, 11.000000000000004, 3.000000000000001, 1.9375000000000004, 7652.500000000009, 2.5625000000000004, 7641.125000000009, -0.25, 1.8750000000000004], [-11.000000000000004, 0.0, -7.937500000000002, -9.000000000000004, 7641.500000000009, -8.437500000000002, 7630.125000000009, -11.250000000000004, -9.125000000000004], [-3.000000000000001, 7.937500000000002, 0.0, -1.0625, 7649.500000000008, -0.5, 7638.062500000009, -3.2500000000000004, -1.1875000000000002], [-1.9375000000000004, 9.000000000000004, 1.0625, 0.0, 7650.500000000009, 0.5625000000000001, 7639.125000000009, -2.2500000000000004, -0.125], [-7652.500000000009, -7641.500000000009, -7649.500000000008, -7650.500000000009, 0.0, 7649.937500000009, -11.187500000000004, 7652.750000000009, 7650.625000000009], [-2.5625000000000004, 8.437500000000002, 0.5, -0.5625000000000001, -7649.937500000009, 0.0, 7638.500000000009, -2.8125, -0.6875], [-7641.125000000009, -7630.125000000009, -7638.062500000009, -7639.125000000009, 11.187500000000004, -7638.500000000009, 0.0, 7641.312500000008, 7639.187500000009], [0.25, 11.250000000000004, 3.2500000000000004, 2.2500000000000004, -7652.750000000009, 2.8125, -7641.312500000008, 0.0, 2.1250000000000004], [-1.8750000000000004, 9.125000000000004, 1.1875000000000002, 0.125, -7650.625000000009, 0.6875, -7639.187500000009, -2.1250000000000004, 0.0]]}, "v10_distance": {"eta": [[0.0, 12.779891117084102, 4.239358704914274, 3.9355561644261368, 12469.07811537031, 3.674550218792457, 12462.969547525558, 3.8130294164673892, 5.835451190018133], [29.05066499636655, 0.0, 8.767455061126784, 9.64605482760924, 12458.772917093644, 12.380429219053395, 12452.66885119342, 14.774248664602485, 11.239592184438898], [10.101921356516186, 18.95953561593114, 0.0, 2.396291912863315, 12465.293817909902, 4.648951710899478, 12459.18644333328, 6.585278797468839, 6.122812400115589], [9.0073724354325, 24.54842227491451, 5.58888665898337, 0.0, 12466.920417481833, 3.85149238833417, 12460.813667390194, 5.707688932906916, 5.590053662621507], [37481.1413748017, 37452.0524226527, 37471.33206478722, 37476.88218144216, 0.0, 12468.430336047408, 10.33954478301491, 12470.506738379494, 12469.546646619217], [26.715255218583366, 29.417936131348593, 21.9150340588493, 18.112271820244587, 37482.13976008983, 0.0, 12462.32263848398, 2.556142628702034, 7.7545077564645695], [37470.83037066296, 37441.74141851396, 37461.021060648476, 37466.57117730342, 13.936220794637617, 37471.828755951086, 0.0, 12464.398079884088, 12463.44071405061], [25.15549031016002, 35.11030186644166, 20.417769150425954, 16.552506911821236, 37487.76547699383, 5.629942178804868, 37477.45447285509, 0.0, 8.534967593123945], [46.82400446706828, 52.17025689985047, 51.77423435551782, 55.83137690250078, 37478.18897332334, 72.4252691548972, 37467.94046918461, 70.8095793279395, 0.0]], "shift": [[0.0, 8.812500000000002, 2.0625000000000004, 1.4375, 5599.875000000007, 1.5, 5591.437500000006, -0.6875, 2.750000000000001], [-8.812500000000002, 0.0, -6.750000000000003, -7.375000000000003, 5591.562500000007, -7.375000000000003, 5583.125000000008, -9.500000000000004, -6.062500000000002], [-2.0625000000000004, 6.750000000000003, 0.0, -0.625, 5597.687500000008, -0.625, 5589.250000000007, -2.75, 0.6875], [-1.4375, 7.375000000000003, 0.625, 0.0, 5598.312500000007, 0.0625, 5589.875000000007, -2.125, 1.3124999999999998], [-5599.875000000007, -5591.562500000007, -5597.687500000008, -5598.312500000007, 0.0, 5597.875000000007, -9.437500000000004, 5600.000000000006, 5598.687500000007], [-1.5, 7.375000000000003, 0.625, -0.0625, -5597.875000000007, 0.0, 5589.437500000008, -2.1875, 1.25], [-5591.437500000006, -5583.125000000008, -5589.250000000007, -5589.875000000007, 9.437500000000004, -5589.437500000008, 0.0, 5591.562500000007, 5590.187500000008], [0.6875, 9.500000000000004, 2.75, 2.125, -5600.000000000006, 2.1875, -5591.562500000007, 0.0, 3.4375000000000013], [-2.750000000000001, 6.062500000000002, -0.6875, -1.3124999999999998, -5598.687500000007, -1.25, -5590.187500000008, -3.4375000000000013, 0.0]]}}