{"pseudos": ["Rn.nc.pbe.z_18.oncvpsp3.dojo.v0.4.1-std.upf", "Rn.nc.pbe.z_18.oncvpsp4.dojo.v0.5.0-std.upf", "Rn.us.pbe.z_18.ld1.psl.v1.0.0-high.upf", "Rn.paw.pbe.z_18.ld1.psl.v1.0.0-high.upf", "Rn.paw.pbe.z_8.atompaw.jth.v1.1-std.upf"], "v_distance": {"eta_c": [[0.0, 2318.7394585305738, 0.2952175622886196, 0.663429166993367, 0.23223434943917487], [2318.7394585305738, 0.0, 2318.9910964565875, 2319.160483557769, 3011.0595379056685], [0.2952175622886196, 2318.9910964565875, 0.0, 0.40039800429558886, 0.08130261896783482], [0.663429166993367, 2319.160483557769, 0.40039800429558886, 0.0, 0.09772335693522398], [0.23223434943917487, 3011.0595379056685, 0.08130261896783482, 0.09772335693522398, 0.0]], "max_diff_c": [[0.0, 6528.402101752253, 0.6906179806179299, 1.016196805353445, 0.408965283870133], [6528.402101752253, 0.0, 6529.092719732871, 6529.418298557607, 5230.548617979769], [0.6906179806179299, 6529.092719732871, 0.0, 0.45576165441976, 0.27046405039188315], [1.016196805353445, 6529.418298557607, 0.45576165441976, 0.0, 0.3452356313724536], [0.408965283870133, 5230.548617979769, 0.27046405039188315, 0.3452356313724536, 0.0]], "shift_c": [[0.0, 106.73381259391806, -0.16996561506240437, -0.20212127196610244, -95.98004219226702], [106.73381259391806, 0.0, -106.90377820898048, -106.93593386588418, -84.66584462743722], [-0.16996561506240437, -106.90377820898048, 0.0, -0.032155656903698114, -96.12703948096964], [-0.20212127196610244, -106.93593386588418, -0.032155656903698114, 0.0, -96.1316331462416], [-95.98004219226702, -84.66584462743722, -96.12703948096964, -96.1316331462416, 0.0]]}, "v10_distance": {"eta_c": [[0.0, 1813.4099129176743, 3.862282298987774, 4.1694955080405744, 37.47617185386092], [1813.4099129176743, 0.0, 1813.5259733167838, 1813.6486414055391, 2083.9374788985165], [3.862282298987774, 1813.5259733167838, 0.0, 0.44361444832544805, 39.80253993455249], [4.1694955080405744, 1813.6486414055391, 0.44361444832544805, 0.0, 39.883570922442864], [37.47617185386092, 2083.9374788985165, 39.80253993455249, 39.883570922442864, 0.0]], "max_diff_c": [[0.0, 6573.339601752253, 13.683319266635706, 14.141529711604775, 232.71485360611322], [6573.339601752253, 0.0, 6571.842719732871, 6571.980798557606, 6080.48611797977], [13.683319266635706, 6571.842719732871, 0.0, 0.6361647342414471, 227.22705310019631], [14.141529711604775, 6571.980798557606, 0.6361647342414471, 0.0, 227.20144935446962], [232.71485360611322, 6080.48611797977, 227.22705310019631, 227.20144935446962, 0.0]], "shift_c": [[0.0, 110.03665792445506, 0.041342987447611876, 0.027561991631741244, -93.8853308282547], [110.03665792445506, 0.0, -110.045845254999, -110.06421991608681, -22.196590594095632], [0.041342987447611876, -110.045845254999, 0.0, -0.013780995815870622, -93.79345752281556], [0.027561991631741244, -110.06421991608681, -0.013780995815870622, 0.0, -93.78427019227162], [-93.8853308282547, -22.196590594095632, -93.79345752281556, -93.78427019227162, 0.0]]}}