{"pseudos": ["DOJO-041-std-16", "SPMS-16", "SG15-16", "GBRV-1.X-16", "PSL-US-v1-high-16", "PSL-PAW-v1-high-16", "JTH-1.1-std-16"], "v_distance": {"eta_c": [[0.0, 37.229387446390426, 4.437028991118151, 5.02134133643243, 2.179247809281366, 4.019450358280898, 6.353763611944835], [37.229387446390426, 0.0, 41.01929373192545, 42.16736043649834, 39.17541338787231, 41.20146011415494, 36.310383236874046], [4.437028991118151, 41.01929373192545, 0.0, 2.64440137230638, 3.5264086805812376, 2.850686127761395, 7.082427430408553], [5.02134133643243, 42.16736043649834, 2.64440137230638, 0.0, 3.410777075077516, 1.420386027382773, 8.894703096883141], [2.179247809281366, 39.17541338787231, 3.5264086805812376, 3.410777075077516, 0.0, 2.4120167378721034, 7.365683484805662], [4.019450358280898, 41.20146011415494, 2.850686127761395, 1.420386027382773, 2.4120167378721034, 0.0, 8.596759607260456], [6.353763611944835, 36.310383236874046, 7.082427430408553, 8.894703096883141, 7.365683484805662, 8.596759607260456, 0.0]], "max_diff_c": [[0.0, 79.3792603790889, 17.261205459518266, 9.664840637569567, 5.515404499390684, 7.911046109902373, 48.39670350160247], [79.3792603790889, 0.0, 86.3919175138037, 89.04410101665849, 84.9571648784796, 87.29030648899128, 77.72377190818932], [17.261205459518266, 86.3919175138037, 0.0, 14.758804435517561, 20.88145797830731, 19.42404003772839, 31.197998042084205], [9.664840637569567, 89.04410101665849, 14.758804435517561, 0.0, 6.122653542789749, 4.602735602210828, 45.95680247760177], [5.515404499390684, 84.9571648784796, 20.88145797830731, 6.122653542789749, 0.0, 2.895407734254519, 52.07945602039152], [7.911046109902373, 87.29030648899128, 19.42404003772839, 4.602735602210828, 2.895407734254519, 0.0, 50.5595380798126], [48.39670350160247, 77.72377190818932, 31.197998042084205, 45.95680247760177, 52.07945602039152, 50.5595380798126, 0.0]], "shift_c": [[0.0, 1.621563841000777, 0.013780995815870622, -0.08727964016718062, -0.04593665271956874, -0.20212127196610244, 0.5512398326348251], [1.621563841000777, 0.0, -1.6031891799129496, -1.7088434811679576, -1.662906828448389, -1.8236851129668794, -1.070324008365952], [0.013780995815870622, -1.6031891799129496, 0.0, -0.1056543012550081, -0.05971764853543937, -0.21590226778197308, 0.5328651715469975], [-0.08727964016718062, -1.7088434811679576, -0.1056543012550081, 0.0, 0.04593665271956874, -0.11484163179892184, 0.6385194728020056], [-0.04593665271956874, -1.662906828448389, -0.05971764853543937, 0.04593665271956874, 0.0, -0.1561846192465337, 0.5925828200824369], [-0.20212127196610244, -1.8236851129668794, -0.21590226778197308, -0.11484163179892184, -0.1561846192465337, 0.0, 0.7533611046009274], [0.5512398326348251, -1.070324008365952, 0.5328651715469975, 0.6385194728020056, 0.5925828200824369, 0.7533611046009274, 0.0]]}, "v10_distance": {"eta_c": [[0.0, 34.58794259521833, 5.4395071414446425, 5.750673477408414, 2.5446874348457413, 3.9505423312607797, 10.69896262946149], [34.58794259521833, 0.0, 38.310919765421524, 38.68776811883429, 36.0181594329181, 37.95488045919625, 33.44406608086467], [5.4395071414446425, 38.310919765421524, 0.0, 7.508311615706085, 6.13530231999793, 5.8850478561234185, 11.886317839472353], [5.750673477408414, 38.68776811883429, 7.508311615706085, 0.0, 4.064312977330665, 3.06472048739013, 11.414206883544546], [2.5446874348457413, 36.0181594329181, 6.13530231999793, 4.064312977330665, 0.0, 2.2851412904676085, 11.13415811058342], [3.9505423312607797, 37.95488045919625, 5.8850478561234185, 3.06472048739013, 2.2851412904676085, 0.0, 12.170893142510298], [10.69896262946149, 33.44406608086467, 11.886317839472353, 11.414206883544546, 11.13415811058342, 12.170893142510298, 0.0]], "max_diff_c": [[0.0, 84.56676037908892, 49.93094414728847, 63.74603553475927, 13.508619552207648, 12.254999962309343, 76.61808521599778], [84.56676037908892, 0.0, 91.7669175138037, 93.98160101665847, 89.8321648784796, 92.60280648899129, 91.0498758465681], [49.93094414728847, 91.7669175138037, 0.0, 113.67697968204774, 63.43956369949612, 62.18594410959781, 80.68616797522708], [63.74603553475927, 93.98160101665847, 113.67697968204774, 0.0, 50.237415982551624, 51.49103557244993, 79.11941211736112], [13.508619552207648, 89.8321648784796, 63.43956369949612, 50.237415982551624, 0.0, 3.008465147162383, 75.60289080467183], [12.254999962309343, 92.60280648899129, 62.18594410959781, 51.49103557244993, 3.008465147162383, 0.0, 76.81738509381802], [76.61808521599778, 91.0498758465681, 80.68616797522708, 79.11941211736112, 75.60289080467183, 76.81738509381802, 0.0]], "shift_c": [[0.0, 1.2402896234283562, 0.032155656903698114, -0.11024796652696497, -0.06890497907935311, -0.19752760669414557, 0.35371222594067936], [1.2402896234283562, 0.0, -1.2081339665246582, -1.3459439246833647, -1.3046009372357528, -1.4332235648505451, -0.88198373221572], [0.032155656903698114, -1.2081339665246582, 0.0, -0.1424036234306631, -0.10106063598305122, -0.2296832635978437, 0.32155656903698127], [-0.11024796652696497, -1.3459439246833647, -0.1424036234306631, 0.0, 0.041342987447611876, -0.08727964016718062, 0.4639601924676444], [-0.06890497907935311, -1.3046009372357528, -0.10106063598305122, 0.041342987447611876, 0.0, -0.12862262761479246, 0.4226172050200325], [-0.19752760669414557, -1.4332235648505451, -0.2296832635978437, -0.08727964016718062, -0.12862262761479246, 0.0, 0.5512398326348251], [0.35371222594067936, -0.88198373221572, 0.32155656903698127, 0.4639601924676444, 0.4226172050200325, 0.5512398326348251, 0.0]]}}