{"pseudos": ["PSL-US-v1-high-26", "PSL-US-v1-low-11", "PSL-PAW-v1-high-26", "PSL-PAW-v1-low-11", "JTH-1.1-std-16", "Wentzcovitch-16"], "v_distance": {"eta_c": [[0.0, 8988.454268490226, 10.70364999079567, 8987.488879094486, 9.352025377962374, 7.612504038796278], [8988.454268490226, 0.0, 8987.119500039751, 1.751207609028763, 8985.76173280742, 8986.90912113755], [10.70364999079567, 8987.119500039751, 0.0, 8986.155322126611, 4.122831993422054, 5.768023780410368], [8987.488879094486, 1.751207609028763, 8986.155322126611, 0.0, 8984.797890412618, 8985.944190636414], [9.352025377962374, 8985.76173280742, 4.122831993422054, 8984.797890412618, 0.0, 8.433316325958891], [7.612504038796278, 8986.90912113755, 5.768023780410368, 8985.944190636414, 8.433316325958891, 0.0]], "max_diff_c": [[0.0, 12261.113007331553, 14.599943276506451, 12259.277185090335, 17.233442944729916, 24.686529541060366], [12261.113007331553, 0.0, 12257.759185698003, 3.5104237002370837, 12254.372172054505, 12261.516699327225], [14.599943276506451, 12257.759185698003, 0.0, 12255.923363456786, 13.655013616346379, 21.16389081744589], [12259.277185090335, 3.5104237002370837, 12255.923363456786, 0.0, 12252.536349813288, 12259.680877086008], [17.233442944729916, 12254.372172054505, 13.655013616346379, 12252.536349813288, 0.0, 22.831905863956905], [24.686529541060366, 12261.516699327225, 21.16389081744589, 12259.680877086008, 22.831905863956905, 0.0]], "shift_c": [[0.0, 852.2075939228963, 0.35830589121263623, 852.0835649605533, 0.4226172050200325, -0.19752760669414557], [852.2075939228963, 0.0, 852.1708446007208, 0.12402896234283561, 851.8768500233153, 852.552118818293], [0.35830589121263623, 852.1708446007208, 0.0, 852.0468156383778, 0.2618389205015419, -0.35830589121263623], [852.0835649605533, 0.12402896234283561, 852.0468156383778, 0.0, 851.7528210609725, 852.4280898559502], [0.4226172050200325, 851.8768500233153, 0.2618389205015419, 851.7528210609725, 0.0, 0.6201448117141781], [-0.19752760669414557, 852.552118818293, -0.35830589121263623, 852.4280898559502, 0.6201448117141781, 0.0]]}, "v10_distance": {"eta_c": [[0.0, 10528.587721198157, 9.418899932113371, 10527.14239194809, 9.902706064532207, 11.629584077085331], [10528.587721198157, 0.0, 10528.077542648338, 1.99895359693225, 10525.580441242682, 10529.820465397699], [9.418899932113371, 10528.077542648338, 0.0, 10526.632407921361, 6.615519882611898, 7.83714902254679], [10527.14239194809, 1.99895359693225, 10526.632407921361, 0.0, 10524.135445637246, 10528.375102972474], [9.902706064532207, 10525.580441242682, 6.615519882611898, 10524.135445637246, 0.0, 9.950698838178383], [11.629584077085331, 10529.820465397699, 7.83714902254679, 10528.375102972474, 9.950698838178383, 0.0]], "max_diff_c": [[0.0, 18603.958383755857, 16.764053305771146, 18599.5202181386, 45.12368351990784, 39.19968650894262], [18603.958383755857, 0.0, 18597.55518321248, 4.635423700237083, 18592.543255761007, 18606.96934296134], [16.764053305771146, 18597.55518321248, 0.0, 18593.054517595225, 57.825236825678985, 31.612634469111807], [18599.5202181386, 4.635423700237083, 18593.054517595225, 0.0, 18588.105090143752, 18602.531177344084], [45.12368351990784, 18592.543255761007, 57.825236825678985, 18588.105090143752, 0.0, 48.08776514538954], [39.19968650894262, 18606.96934296134, 31.612634469111807, 18602.531177344084, 48.08776514538954, 0.0]], "shift_c": [[0.0, 317.463613279668, 0.26643258577349876, 317.4314576227643, 0.07809230962326685, -0.3904615481163343], [317.463613279668, 0.0, 317.24771101188605, 0.041342987447611876, 317.1099010537273, 317.42227029222033], [0.26643258577349876, 317.24771101188605, 0.0, 317.22014902025427, 0.04593665271956874, -0.4226172050200325], [317.4314576227643, 0.041342987447611876, 317.22014902025427, 0.0, 317.0777453968236, 317.39011463531665], [0.07809230962326685, 317.1099010537273, 0.04593665271956874, 317.0777453968236, 0.0, 0.4639601924676444], [-0.3904615481163343, 317.42227029222033, -0.4226172050200325, 317.39011463531665, 0.4639601924676444, 0.0]]}}