{"pseudos": ["DOJO-041-std-16", "DOJO-041-str-24", "DOJO-050-std-16", "SPMS-16", "SG15-16", "GBRV-1.X-6", "PSL-US-v1-high-16", "PSL-US-v1-low-6", "PSL-PAW-v1-high-16", "PSL-PAW-v1-low-6", "JTH-1.1-std-6"], "v_distance": {"eta_c": [[0.0, 7.05198455287968, 1045.3185480183538, 2.2201656846475273, 3.723784735180166, 8.336754851774398, 12.329239008699348, 1.7509335743643943, 7.868537535589911, 1.6696705551418376, 7.938722983395249], [7.05198455287968, 0.0, 1050.0746312788006, 5.047215746522033, 3.4220994056833485, 8.530764117035671, 5.396325498218206, 2.1205425632093275, 1.264136564600529, 1.9846565022595704, 8.353642077027281], [1045.3185480183538, 1050.0746312788006, 0.0, 1046.9648631428836, 1047.8862711989023, 1286.5467421080893, 1053.0840117341595, 1287.2733013269499, 1050.2434477525856, 1287.3122848788782, 1282.9968979900718], [2.2201656846475273, 5.047215746522033, 1046.9648631428836, 0.0, 1.657579882169051, 8.664548591100154, 10.31343655828517, 2.2730335431423057, 5.907798416352537, 2.1564842710159775, 8.522970975803881], [3.723784735180166, 3.4220994056833485, 1047.8862711989023, 1.657579882169051, 0.0, 8.317761968386186, 8.678317954859578, 1.8445095676954533, 4.2697775326436505, 1.7294214884427144, 8.10639542389336], [8.336754851774398, 8.530764117035671, 1286.5467421080893, 8.664548591100154, 8.317761968386186, 0.0, 8.059506971304852, 6.709022158568752, 8.04787039068731, 6.755300732382462, 4.63729165936342], [12.329239008699348, 5.396325498218206, 1053.0840117341595, 10.31343655828517, 8.678317954859578, 8.059506971304852, 0.0, 1.5237114478358906, 4.469681657550903, 1.5608575960207127, 7.243990445881588], [1.7509335743643943, 2.1205425632093275, 1287.2733013269499, 2.2730335431423057, 1.8445095676954533, 6.709022158568752, 1.5237114478358906, 0.0, 1.4686086143449335, 0.31433504701077153, 6.394744301982979], [7.868537535589911, 1.264136564600529, 1050.2434477525856, 5.907798416352537, 4.2697775326436505, 8.04787039068731, 4.469681657550903, 1.4686086143449335, 0.0, 1.4871308430104215, 7.371461473195747], [1.6696705551418376, 1.9846565022595704, 1287.3122848788782, 2.1564842710159775, 1.7294214884427144, 6.755300732382462, 1.5608575960207127, 0.31433504701077153, 1.4871308430104215, 0.0, 6.468479503279925], [7.938722983395249, 8.353642077027281, 1282.9968979900718, 8.522970975803881, 8.10639542389336, 4.63729165936342, 7.243990445881588, 6.394744301982979, 7.371461473195747, 6.468479503279925, 0.0]], "max_diff_c": [[0.0, 10.264191280525909, 3341.3060963782327, 3.782959944632637, 5.394361022064126, 42.096525812303994, 20.074816412397315, 7.136946332149506, 14.03939047123571, 6.391343523126459, 35.22773648954949], [10.264191280525909, 0.0, 3351.1899061858967, 9.253708800988209, 5.376374065834811, 46.14949578095338, 15.065286381046693, 11.127416300798885, 8.967360439885086, 10.381813491775837, 39.28070645819887], [3341.3060963782327, 3351.1899061858967, 0.0, 3344.833862429645, 3346.601123921337, 2453.6495358392685, 3356.29864102101, 2457.7270882786247, 3350.9004675515966, 2456.9986151401035, 2447.1189376086872], [3.782959944632637, 9.253708800988209, 3344.833862429645, 0.0, 4.694437383853227, 44.50637048955843, 19.73466108965174, 9.484291009403933, 13.699235148490134, 8.738688200380885, 37.57508116680392], [5.394361022064126, 5.376374065834811, 3346.601123921337, 4.694437383853227, 0.0, 42.692976015955935, 15.921266616049257, 7.733396535801447, 9.82334067488765, 6.987793726778398, 35.82418669320143], [42.096525812303994, 46.14949578095338, 2453.6495358392685, 44.50637048955843, 42.692976015955935, 0.0, 37.89670939990668, 35.02207948015449, 38.24463534106829, 35.767682289177536, 14.019880373706103], [20.074816412397315, 15.065286381046693, 3356.29864102101, 19.73466108965174, 15.921266616049257, 37.89670939990668, 0.0, 4.51259932460097, 6.159000433645732, 4.296824633392731, 31.027920077152185], [7.136946332149506, 11.127416300798885, 2457.7270882786247, 9.484291009403933, 7.733396535801447, 35.02207948015449, 4.51259932460097, 0.0, 4.268007314772504, 0.8230108841796664, 28.090790157399987], [14.03939047123571, 8.967360439885086, 3350.9004675515966, 13.699235148490134, 9.82334067488765, 38.24463534106829, 6.159000433645732, 4.268007314772504, 0.0, 4.052232623564265, 31.313346018313787], [6.391343523126459, 10.381813491775837, 2456.9986151401035, 8.738688200380885, 6.987793726778398, 35.767682289177536, 4.296824633392731, 0.8230108841796664, 4.052232623564265, 0.0, 28.836392966423034], [35.22773648954949, 39.28070645819887, 2447.1189376086872, 37.57508116680392, 35.82418669320143, 14.019880373706103, 31.027920077152185, 28.090790157399987, 31.313346018313787, 28.836392966423034, 0.0]], "shift_c": [[0.0, -0.58798915481048, -5.30568338911019, -0.11943529707087874, -0.32155656903698127, 0.257245255229585, -1.3000072719637956, 0.11024796652696497, -0.8544217405839788, 0.07809230962326685, 0.6660814644337469], [-0.58798915481048, 0.0, 4.717694234299713, -0.4731475230115582, -0.2664325857734987, 0.33533756485285193, 0.7120181171533158, 0.18374661087827499, 0.2618389205015419, 0.15159095397457686, 0.7441737740570137], [-5.30568338911019, 4.717694234299713, 0.0, 5.1908417573112695, 4.98412682007321, -70.03961440152652, 4.005676117146396, -70.18661169022914, 4.45585531379817, -70.21876734713285, -69.63077819232237], [-0.11943529707087874, -0.4731475230115582, 5.1908417573112695, 0.0, -0.20671493723805934, 0.3399312301248088, -1.1805719748929169, 0.18834027615023186, -0.7349864435130999, 0.15618461924653373, 0.7441737740570137], [-0.32155656903698127, -0.2664325857734987, 4.98412682007321, -0.20671493723805934, 0.0, 0.28480724686132625, -0.9784507029268146, 0.13780995815870625, -0.5282715062750407, 0.1056543012550081, 0.6936434560654883], [0.257245255229585, 0.33533756485285193, -70.03961440152652, 0.3399312301248088, 0.28480724686132625, 0.0, 0.12402896234283561, 0.15159095397457686, 0.15159095397457686, 0.18374661087827499, -0.40424254393220505], [-1.3000072719637956, 0.7120181171533158, 4.005676117146396, -1.1805719748929169, -0.9784507029268146, 0.12402896234283561, 0.0, -0.02296832635978437, 0.4455855313798169, -0.05512398326348249, 0.5328651715469975], [0.11024796652696497, 0.18374661087827499, -70.18661169022914, 0.18834027615023186, 0.13780995815870625, 0.15159095397457686, -0.02296832635978437, 0.0, 0.0, 0.032155656903698114, -0.5558334979067818], [-0.8544217405839788, 0.2618389205015419, 4.45585531379817, -0.7349864435130999, -0.5282715062750407, 0.15159095397457686, 0.4455855313798169, 0.0, 0.0, -0.032155656903698114, 0.555833497906782], [0.07809230962326685, 0.15159095397457686, -70.21876734713285, 0.15618461924653373, 0.1056543012550081, 0.18374661087827499, -0.05512398326348249, 0.032155656903698114, -0.032155656903698114, 0.0, -0.58798915481048], [0.6660814644337469, 0.7441737740570137, -69.63077819232237, 0.7441737740570137, 0.6936434560654883, -0.40424254393220505, 0.5328651715469975, -0.5558334979067818, 0.555833497906782, -0.58798915481048, 0.0]]},