{"pseudos": ["PSL-US-v1-high-12", "PSL-PAW-v1-high-12", "MARBURG-12"], "v_distance": {"eta_c": [[0.0, 8.416950441031632, 7.98800149744377], [8.416950441031632, 0.0, 16.365169669368857], [7.98800149744377, 16.365169669368857, 0.0]], "max_diff_c": [[0.0, 16.681873756483185, 16.437612748603154], [16.681873756483185, 0.0, 33.18182753410241], [16.437612748603154, 33.18182753410241, 0.0]], "shift_c": [[0.0, -0.28480724686132625, 0.15618461924653373], [-0.28480724686132625, 0.0, 0.43639820083590314], [0.15618461924653373, 0.43639820083590314, 0.0]]}, "v10_distance": {"eta_c": [[0.0, 12.82443879775098, 10.691437985224344], [12.82443879775098, 0.0, 23.429870340139185], [10.691437985224344, 23.429870340139185, 0.0]], "max_diff_c": [[0.0, 25.70821277649456, 21.9911359268408], [25.70821277649456, 0.0, 45.956070288491844], [21.9911359268408, 45.956070288491844, 0.0]], "shift_c": [[0.0, -1.0060126945585557, 0.7992977573204963], [-1.0060126945585557, 0.0, 1.8053104518790515], [0.7992977573204963, 1.8053104518790515, 0.0]]}}