{"pseudos": ["Ti.nc.pbe.z_12.oncvpsp3.dojo.v0.4.1-std.upf", "Ti.nc.pbe.z_12.oncvpsp4.spms.v1.upf", "Ti.nc.pbe.z_12.oncvpsp4.sg15.v0.upf", "Ti.us.pbe.z_12.uspp.gbrv.v1.4.upf", "Ti.us.pbe.z_12.ld1.psl.v1.0.0-high.upf", "Ti.paw.pbe.z_12.ld1.psl.v1.0.0-high.upf", "Ti.paw.pbe.z_12.atompaw.jth.v1.1-std.upf"], "v_distance": {"eta_c": [[0.0, 10.05469958645086, 5.065266498648755, 4.689605975858203, 4.548727781923275, 5.65765492893721, 3.257215694598737], [10.05469958645086, 0.0, 5.012415685495143, 12.409688348237808, 12.986155254440444, 14.14601716724606, 11.712410959191915], [5.065266498648755, 5.012415685495143, 0.0, 7.933617535736818, 8.337562512240595, 9.532964242726864, 7.024349244783259], [4.689605975858203, 12.409688348237808, 7.933617535736818, 0.0, 4.6574545980039055, 4.244236645265263, 3.2884583994759558], [4.548727781923275, 12.986155254440444, 8.337562512240595, 4.6574545980039055, 0.0, 1.68260669793806, 2.2581369420239916], [5.65765492893721, 14.14601716724606, 9.532964242726864, 4.244236645265263, 1.68260669793806, 0.0, 2.9594701233205356], [3.257215694598737, 11.712410959191915, 7.024349244783259, 3.2884583994759558, 2.2581369420239916, 2.9594701233205356, 0.0]], "max_diff_c": [[0.0, 19.692172445498894, 10.041812586156082, 9.162137815175798, 22.579826618335048, 20.534126143944203, 10.898930193914977], [19.692172445498894, 0.0, 9.722527512415866, 20.644151310159504, 30.78746795716192, 32.69342153988969, 22.47609684739584], [10.041812586156082, 9.722527512415866, 0.0, 16.565278124905706, 22.32563434780199, 24.231587930529756, 18.31404028780227], [9.162137815175798, 20.644151310159504, 16.565278124905706, 0.0, 26.212653144255913, 24.16695266986507, 14.53175671983584], [22.579826618335048, 30.78746795716192, 22.32563434780199, 26.212653144255913, 0.0, 2.6471983234380905, 11.68089642442007], [20.534126143944203, 32.69342153988969, 24.231587930529756, 24.16695266986507, 2.6471983234380905, 0.0, 12.089646839987068], [10.898930193914977, 22.47609684739584, 18.31404028780227, 14.53175671983584, 11.68089642442007, 12.089646839987068, 0.0]], "shift_c": [[0.0, -0.7395801087850569, -0.38586788284437745, 0.49611584937134257, 0.05512398326348249, 0.23887059414175754, 0.23427692886980064], [-0.7395801087850569, 0.0, 0.35371222594067936, 1.2356959581563993, 0.7947040920485394, 0.9784507029268146, 0.9738570376548576], [-0.38586788284437745, 0.35371222594067936, 0.0, 0.88198373221572, 0.44099186610786, 0.6247384769861349, 0.6201448117141781], [0.49611584937134257, 1.2356959581563993, 0.88198373221572, 0.0, -0.44099186610786, -0.25724525522958497, -0.26183892050154184], [0.05512398326348249, 0.7947040920485394, 0.44099186610786, -0.44099186610786, 0.0, 0.17915294560631811, 0.17915294560631811], [0.23887059414175754, 0.9784507029268146, 0.6247384769861349, -0.25724525522958497, 0.17915294560631811, 0.0, -0.004593665271956874], [0.23427692886980064, 0.9738570376548576, 0.6201448117141781, -0.26183892050154184, 0.17915294560631811, -0.004593665271956874, 0.0]]}, "v10_distance": {"eta_c": [[0.0, 9.041135822739067, 4.922997720154802, 5.549658746832741, 8.094570548681455, 8.807618450637289, 5.634314729213623], [9.041135822739067, 0.0, 4.243148129917341, 12.945183192947738, 13.251277006221514, 14.48117605475762, 12.618120348738458], [4.922997720154802, 4.243148129917341, 0.0, 9.346185509467524, 10.149100695216164, 11.283163003016913, 9.127446291955422], [5.549658746832741, 12.945183192947738, 9.346185509467524, 0.0, 7.874468466743265, 7.474048128984094, 3.5884965389843537], [8.094570548681455, 13.251277006221514, 10.149100695216164, 7.874468466743265, 0.0, 1.7140450829961995, 5.403616089556448], [8.807618450637289, 14.48117605475762, 11.283163003016913, 7.474048128984094, 1.7140450829961995, 0.0, 5.265355757052671], [5.634314729213623, 12.618120348738458, 9.127446291955422, 3.5884965389843537, 5.403616089556448, 5.265355757052671, 0.0]], "max_diff_c": [[0.0, 23.817172445498894, 12.604312586156086, 8.197125442552474, 58.28824672070975, 57.530335142803196, 24.776744060831447], [23.817172445498894, 0.0, 11.285027512415864, 25.693042526460147, 43.09935533035772, 42.341443752387214, 27.651524059332985], [12.604312586156086, 11.285027512415864, 0.0, 14.982214842085655, 46.33817539262658, 45.580263814730685, 21.632101984941794], [8.197125442552474, 25.693042526460147, 14.982214842085655, 0.0, 61.117763678534814, 60.359852100557205, 22.53634760524872], [58.28824672070975, 43.09935533035772, 46.33817539262658, 61.117763678534814, 0.0, 2.474646761022882, 41.390142839208124], [57.530335142803196, 42.341443752387214, 45.580263814730685, 60.359852100557205, 2.474646761022882, 0.0, 40.63223126131223], [24.776744060831447, 27.651524059332985, 21.632101984941794, 22.53634760524872, 41.390142839208124, 40.63223126131223, 0.0]], "shift_c": [[0.0, -0.43639820083590314, -0.19752760669414557, 0.23427692886980064, -0.013780995815870622, 0.09646697071109434, -0.004593665271956874], [-0.43639820083590314, 0.0, 0.23887059414175754, 0.6706751297057039, 0.4226172050200325, 0.5328651715469975, 0.43180453556394627], [-0.19752760669414557, 0.23887059414175754, 0.0, 0.43180453556394627, 0.18374661087827499, 0.29399457740524, 0.19293394142218873], [0.23427692886980064, 0.6706751297057039, 0.43180453556394627, 0.0, -0.24805792468567123, -0.13780995815870623, -0.2388705941417575], [-0.013780995815870622, 0.4226172050200325, 0.18374661087827499, -0.24805792468567123, 0.0, 0.11024796652696497, 0.009187330543913748], [0.09646697071109434, 0.5328651715469975, 0.29399457740524, -0.13780995815870623, 0.11024796652696497, 0.0, -0.10106063598305122], [-0.004593665271956874, 0.43180453556394627, 0.19293394142218873, -0.2388705941417575, 0.009187330543913748, -0.10106063598305122, 0.0]]}}