{"pseudos": ["DOJO-041-std-12", "SPMS-12", "SG15-12", "GBRV-1.X-12", "PSL-US-v1-high-12", "PSL-PAW-v1-high-12", "JTH-1.1-std-12"], "v_distance": {"eta": [[0.0, 10.05469958645086, 5.065266498648755, 4.689605975858203, 4.548727781923275, 5.65765492893721, 3.257215694598737], [19.692172445498894, 0.0, 5.012415685495143, 12.409688348237808, 12.986155254440444, 14.14601716724606, 11.712410959191915], [10.041812586156082, 9.722527512415866, 0.0, 7.933617535736818, 8.337562512240595, 9.532964242726864, 7.024349244783259], [9.162137815175798, 20.644151310159504, 16.565278124905706, 0.0, 4.6574545980039055, 4.244236645265263, 3.2884583994759558], [22.579826618335048, 30.78746795716192, 22.32563434780199, 26.212653144255913, 0.0, 1.68260669793806, 2.2581369420239916], [20.534126143944203, 32.69342153988969, 24.231587930529756, 24.16695266986507, 2.6471983234380905, 0.0, 2.9594701233205356], [10.898930193914977, 22.47609684739584, 18.31404028780227, 14.53175671983584, 11.68089642442007, 12.089646839987068, 0.0]], "shift": [[0.0, -10.062500000000002, -5.250000000000001, 6.750000000000003, 0.75, 3.2500000000000013, 3.187500000000001], [10.062500000000002, 0.0, 4.812500000000001, 16.812500000000004, 10.812500000000004, 13.312500000000005, 13.250000000000005], [5.250000000000001, -4.812500000000001, 0.0, 12.000000000000004, 6.000000000000002, 8.500000000000002, 8.437500000000002], [-6.750000000000003, -16.812500000000004, -12.000000000000004, 0.0, -6.000000000000002, -3.5000000000000004, -3.5625000000000004], [-0.75, -10.812500000000004, -6.000000000000002, 6.000000000000002, 0.0, 2.4375000000000004, 2.4375000000000004], [-3.2500000000000013, -13.312500000000005, -8.500000000000002, 3.5000000000000004, -2.4375000000000004, 0.0, -0.0625], [-3.187500000000001, -13.250000000000005, -8.437500000000002, 3.5625000000000004, -2.4375000000000004, 0.0625, 0.0]]}, "v10_distance": {"eta": [[0.0, 9.041135822739067, 4.922997720154802, 5.549658746832741, 8.094570548681455, 8.807618450637289, 5.634314729213623], [23.817172445498894, 0.0, 4.243148129917341, 12.945183192947738, 13.251277006221514, 14.48117605475762, 12.618120348738458], [12.604312586156086, 11.285027512415864, 0.0, 9.346185509467524, 10.149100695216164, 11.283163003016913, 9.127446291955422], [8.197125442552474, 25.693042526460147, 14.982214842085655, 0.0, 7.874468466743265, 7.474048128984094, 3.5884965389843537], [58.28824672070975, 43.09935533035772, 46.33817539262658, 61.117763678534814, 0.0, 1.7140450829961995, 5.403616089556448], [57.530335142803196, 42.341443752387214, 45.580263814730685, 60.359852100557205, 2.474646761022882, 0.0, 5.265355757052671], [24.776744060831447, 27.651524059332985, 21.632101984941794, 22.53634760524872, 41.390142839208124, 40.63223126131223, 0.0]], "shift": [[0.0, -5.937500000000002, -2.6875, 3.187500000000001, -0.1875, 1.3124999999999998, -0.0625], [5.937500000000002, 0.0, 3.2500000000000013, 9.125000000000004, 5.750000000000002, 7.250000000000003, 5.875000000000002], [2.6875, -3.2500000000000013, 0.0, 5.875000000000002, 2.5000000000000004, 4.000000000000001, 2.6250000000000004], [-3.187500000000001, -9.125000000000004, -5.875000000000002, 0.0, -3.3750000000000004, -1.875, -3.2500000000000004], [0.1875, -5.750000000000002, -2.5000000000000004, 3.3750000000000004, 0.0, 1.5, 0.125], [-1.3124999999999998, -7.250000000000003, -4.000000000000001, 1.875, -1.5, 0.0, -1.375], [0.0625, -5.875000000000002, -2.6250000000000004, 3.2500000000000004, -0.125, 1.375, 0.0]]}}