{"pseudos": ["DOJO-041-std-13", "DOJO-041-str-21", "DOJO-050-std-13", "SPMS-13", "SG15-13", "GBRV-1.X-13", "PSL-US-v1-high-13", "PSL-US-v0.x-13", "PSL-PAW-v0.x-13", "PSL-PAW-v1-high-13", "JTH-1.1-std-13"], "v_distance": {"eta": [[0.0, 5.549018113216072, 1699.27268198942, 5.572108070669241, 4.053357232475183, 4.528240223213898, 6.52332083774606, 2.925863808596283, 3.3754046495604713, 3.8004629550731925, 4.373327561438119], [13.995483355538955, 0.0, 1694.7592173076846, 1.1827515459029556, 1.6412620476386102, 1.2053783256852464, 1.1966576662097563, 2.7174801821235004, 2.2755472383638433, 1.83481350637468, 1.245818920702353], [5920.931410912733, 5911.249892734895, 0.0, 1694.4842478593316, 1695.7315650901014, 1695.4231124795213, 1693.9367246218194, 1696.8200237132323, 1696.4317911288044, 1696.0822089537514, 1695.7168060133345], [13.668655607503974, 6.807668736099175, 5907.200255305228, 0.0, 1.6595811868065602, 1.3340589838305654, 1.3360565976437762, 2.7045080164865714, 2.268715359049256, 1.8856775520117695, 1.530541734640188], [10.941200847547062, 5.717297395277158, 5912.2922641982095, 5.092008892981447, 0.0, 0.723971969974972, 2.6190476900769326, 1.2990770626081163, 0.9172343617499354, 0.62848685759278, 0.7494575755756432], [12.69348077513366, 7.012824529813047, 5910.966169709259, 3.765914404029999, 3.345945829629173, 0.0, 2.1167094518494176, 1.696194312505142, 1.2672895046332402, 0.8601968701161461, 0.378362620426242], [13.03428812370451, 3.7155040744908945, 5909.89236399508, 5.522554722231903, 7.322307988290093, 7.882538997400759, 0.0, 3.6103933267030257, 3.1588328803618797, 2.730141312149409, 2.21678476762054], [5.92340833388044, 9.620673246375349, 5915.7198069155365, 8.457051610307808, 6.1411494898282015, 7.893429417414801, 7.884957908961727, 0.0, 0.4598482461571569, 0.8977671198822781, 1.547459490991086], [6.635224856094597, 8.740680145695766, 5914.52552928644, 7.262773981212213, 5.14106523477075, 6.955845162357349, 6.977964531615529, 1.1942776290955948, 0.0, 0.44436911279563074, 1.126033066020013], [7.372136355291114, 7.161223927458254, 5913.919619506281, 6.719364201053601, 3.569064492255947, 5.321344419842546, 5.906351819427429, 2.634584997572255, 1.6345007425148028, 0.0, 0.7174565754654869], [11.50617468635875, 5.243787480836674, 5912.772437398864, 5.572182093635212, 3.8455214576625707, 1.8062676896052139, 6.1135019484243855, 7.193864577195145, 6.251371476515559, 4.671915258278049, 0.0]], "shift": [[0.0, 12.500000000000004, 364.3125000000003, 8.625000000000002, 7.6875000000000036, 8.812500000000002, 11.937500000000004, 4.500000000000002, 5.437500000000002, 6.625000000000003, 9.250000000000004], [-12.500000000000004, 0.0, -351.8125000000002, 3.812500000000001, 4.812500000000001, 3.6875000000000013, 0.5, 7.937500000000002, 7.062500000000003, 5.875000000000002, 3.2500000000000013], [-364.3125000000003, 351.8125000000002, 0.0, -355.6250000000002, -356.6250000000002, -355.5000000000003, -352.3125000000002, -359.8125000000003, -358.8750000000003, -357.6875000000003, -355.0625000000003], [-8.625000000000002, -3.812500000000001, 355.6250000000002, 0.0, -1.0, 0.125, 3.3125000000000013, -4.125000000000001, -3.1875000000000004, -2.0625, 0.5625000000000001], [-7.6875000000000036, -4.812500000000001, 356.6250000000002, 1.0, 0.0, 1.1250000000000002, 4.312500000000001, -3.125, -2.1875, -1.0625, 1.5625], [-8.812500000000002, -3.6875000000000013, 355.5000000000003, -0.125, -1.1250000000000002, 0.0, 3.187500000000001, -4.250000000000001, -3.3750000000000004, -2.1875, 0.4375], [-11.937500000000004, -0.5, 352.3125000000002, -3.3125000000000013, -4.312500000000001, -3.187500000000001, 0.0, -7.4375000000000036, -6.500000000000003, -5.375000000000001, -2.75], [-4.500000000000002, -7.937500000000002, 359.8125000000003, 4.125000000000001, 3.125, 4.250000000000001, 7.4375000000000036, 0.0, 0.9375, 2.1250000000000004, 4.750000000000002], [-5.437500000000002, -7.062500000000003, 358.8750000000003, 3.1875000000000004, 2.1875, 3.3750000000000004, 6.500000000000003, -0.9375, 0.0, 1.1875000000000002, 3.812500000000001], [-6.625000000000003, -5.875000000000002, 357.6875000000003, 2.0625, 1.0625, 2.1875, 5.375000000000001, -2.1250000000000004, -1.1875000000000002, 0.0, 2.6250000000000004], [-9.250000000000004, -3.2500000000000013, 355.0625000000003, -0.5625000000000001, -1.5625, -0.4375, 2.75, -4.750000000000002, -3.812500000000001, -2.6250000000000004, 0.0]]}, "v10_distance": {"eta": [[0.0, 17.12496611524838, 1429.355235044682, 6.526009588801521, 10.416175550158284, 8.405122330816328, 7.1852724389388065, 3.286905621775006, 3.7409872013108165, 3.9993258187818292, 9.386335290166627], [136.81236733296177, 0.0, 1425.3453014347276, 14.29517146713329, 6.8663978261185585, 10.648897037369064, 14.209334792499769, 17.50051517396752, 17.159176661691024, 15.78768680374025, 8.43213750097247], [5894.556410912733, 5892.999892734895, 0.0, 1425.1616818603727, 1426.2526108004447, 1426.182638500561, 1424.9728117084137, 1427.3728169239216, 1427.0414106355984, 1426.7753592717977, 1426.3223652801203], [30.369976414265384, 144.6619541032547, 5883.512755305229, 0.0, 8.462126403911588, 6.271518646738154, 2.8265409775716024, 4.674634312337519, 4.1511532491724745, 3.5697578145270477, 6.796654147554669], [88.32290991116388, 48.48945742179788, 5890.5422641982095, 96.17249668145682, 0.0, 5.152330175701351, 8.476643766425813, 10.952821465327713, 10.685169119444883, 9.316217787243351, 2.98747286083048], [63.40500188268886, 73.4073654502729, 5888.091169709259, 71.2545886529818, 28.93701212919373, 0.0, 5.892706324161847, 8.321428342475228, 8.019834116272431, 6.5320402112893285, 2.577167598314162], [10.03428812370451, 137.0450712159195, 5886.64236399508, 22.75380349665046, 88.55561379412163, 63.63770576564661, 0.0, 4.995201797692474, 4.413817357927968, 3.340968388172704, 6.662655323699302], [22.703679787956958, 159.45354712091873, 5889.9073069155365, 21.10078591995361, 110.96408969912083, 86.10868167064581, 22.470975904999207, 0.0, 0.6344114266625018, 1.9836894394125761, 9.477127808919565], [22.611979850977505, 159.42434718393926, 5889.02552928644, 19.53382976879054, 110.93488976214138, 86.01698173366636, 22.379275968019755, 1.566956151163069, 0.0, 1.6064099308611746, 9.146195521683165], [5.997136355291112, 141.0660290276879, 5888.982119506281, 26.495404868969445, 92.57657160589004, 67.65866357741501, 4.233510941253173, 18.450018093230796, 18.358318156251343, 0.0, 7.705977448288737], [67.50884180534834, 69.30352552761342, 5890.897437398864, 75.35842857564128, 20.814068105815537, 14.350985213354193, 67.74154568830609, 90.2125215933053, 90.12082165632584, 71.7625035000745, 0.0]],