{"pseudos": ["PSL-US-v1-high-33", "PSL-US-v1-low-11", "PSL-PAW-v1-high-33", "PSL-PAW-v1-low-11", "JTH-1.1-std-23", "Wentzcovitch-23"], "v_distance": {"eta_c": [[0.0, 17389.066556271304, 6.902474108170646, 17388.953525705263, 133.64013862520807, 107.93357007765972], [17389.066556271304, 0.0, 17392.19191426281, 0.10915192783475897, 17395.226460451326, 17396.380643610886], [6.902474108170646, 17392.19191426281, 0.0, 17392.078872350878, 135.3922462077799, 109.72259897336612], [17388.953525705263, 0.10915192783475897, 17392.078872350878, 0.0, 17395.11332206338, 17396.267535758987], [133.64013862520807, 17395.226460451326, 135.3922462077799, 17395.11332206338, 0.0, 27.176456011640212], [107.93357007765972, 17396.380643610886, 109.72259897336612, 17396.267535758987, 27.176456011640212, 0.0]], "max_diff_c": [[0.0, 29412.163130173696, 11.118103679425301, 29411.94682447077, 184.31698229241013, 167.24880057831092], [29412.163130173696, 0.0, 29411.267122391513, 0.2173048206201429, 29393.979033415755, 29410.5147334447], [11.118103679425301, 29411.267122391513, 0.0, 29411.050816688592, 188.4454420984064, 171.37729091099237], [29411.94682447077, 0.2173048206201429, 29411.050816688592, 0.0, 29393.76272771283, 29410.29842774177], [184.31698229241013, 29393.979033415755, 188.4454420984064, 29393.76272771283, 0.0, 59.710083380846775], [167.24880057831092, 29410.5147334447, 171.37729091099237, 29410.29842774177, 59.710083380846775, 0.0]], "shift_c": [[0.0, 1717.8103157788191, 0.43180453556394627, 1717.8011284482752, 8.452344100400653, 6.766468945592479], [1717.8103157788191, 0.0, 1717.7138488081077, 0.009187330543913748, 1718.7657981553857, 1717.6679121553882], [0.43180453556394627, 1717.7138488081077, 0.0, 1717.7046614775638, 8.54421740583979, 6.858342251031616], [1717.8011284482752, 0.009187330543913748, 1717.7046614775638, 0.0, 1718.7566108248418, 1717.6587248248445], [8.452344100400653, 1718.7657981553857, 8.54421740583979, 1718.7566108248418, 0.0, 1.6858751548081732], [6.766468945592479, 1717.6679121553882, 6.858342251031616, 1717.6587248248445, 1.6858751548081732, 0.0]]}, "v10_distance": {"eta_c": [[0.0, 16890.354369443125, 6.028919952116597, 16890.25598836189, 111.5864593907755, 86.8483963841531], [16890.354369443125, 0.0, 16888.966158221894, 0.1031711317453784, 16911.740374285142, 16906.99643981361], [6.028919952116597, 16888.966158221894, 0.0, 16888.86777467224, 113.12676954107258, 88.37160145548019], [16890.25598836189, 0.1031711317453784, 16888.86777467224, 0.0, 16911.641924841177, 16906.898080884177], [111.5864593907755, 16911.740374285142, 113.12676954107258, 16911.641924841177, 0.0, 30.284276513696977], [86.8483963841531, 16906.99643981361, 88.37160145548019, 16906.898080884177, 30.284276513696977, 0.0]], "max_diff_c": [[0.0, 41924.538130173714, 11.930603679425301, 41924.25932447079, 372.0495119399202, 190.18630057831092], [41924.538130173714, 0.0, 41919.517122391524, 0.2798048206201429, 41946.291533415766, 41952.20223344471], [11.930603679425301, 41919.517122391524, 0.0, 41919.23831668861, 376.20230228187114, 193.25229091099237], [41924.25932447079, 0.2798048206201429, 41919.23831668861, 0.0, 41946.01272771284, 41951.92342774179], [372.0495119399202, 41946.291533415766, 376.20230228187114, 41946.01272771284, 0.0, 205.3422113589105], [190.18630057831092, 41952.20223344471, 193.25229091099237, 41951.92342774179, 205.3422113589105, 0.0]], "shift_c": [[0.0, 798.1677156635956, 0.37208688702850684, 798.1631219983235, 6.100387481158732, 5.080593790784305], [798.1677156635956, 0.0, 798.3744306008335, 0.004593665271956874, 796.1878459313821, 795.8708830276172], [0.37208688702850684, 798.3744306008335, 0.0, 798.3698369355616, 6.270353096221136, 5.25055940584671], [798.1631219983235, 0.004593665271956874, 798.3698369355616, 0.0, 796.1832522661101, 795.8662893623451], [6.100387481158732, 796.1878459313821, 6.270353096221136, 796.1832522661101, 0.0, 1.0152000251024693], [5.080593790784305, 795.8708830276172, 5.25055940584671, 795.8662893623451, 1.0152000251024693, 0.0]]}}