{"pseudos": ["U.us.pbe.z_14.ld1.psl.v1.0.0-high.upf", "U.paw.pbe.z_14.ld1.psl.v1.0.0-high.upf", "U.paw.pbe.z_14.ld1.uni-marburg.v0.upf"], "v_distance": {"eta_c": [[0.0, 22.35235006024312, 29.707780946417316], [22.35235006024312, 0.0, 7.541799904039197], [29.707780946417316, 7.541799904039197, 0.0]], "max_diff_c": [[0.0, 61.94397918359742, 81.99919156564499], [61.94397918359742, 0.0, 21.734158847344876], [81.99919156564499, 21.734158847344876, 0.0]], "shift_c": [[0.0, 3.284470669449166, 4.345607347271204], [3.284470669449166, 0.0, 1.061136677822038], [4.345607347271204, 1.061136677822038, 0.0]]}, "v10_distance": {"eta_c": [[0.0, 32.16856865124536, 44.91088467033015], [32.16856865124536, 0.0, 13.654046622627815], [44.91088467033015, 13.654046622627815, 0.0]], "max_diff_c": [[0.0, 68.56775729341578, 97.53840266112138], [68.56775729341578, 0.0, 79.99166231301797], [97.53840266112138, 79.99166231301797, 0.0]], "shift_c": [[0.0, 1.4699728870261999, 1.874215430958405], [1.4699728870261999, 0.0, 0.40424254393220505], [1.874215430958405, 0.40424254393220505, 0.0]]}}