{"pseudos": ["DOJO-041-std-8", "DOJO-050-std-8", "SPMS-8", "SG15-18", "PSL-US-v1-high-18", "PSL-PAW-v1-high-18", "JTH-1.1-std-8"], "v_distance": {"eta": [[0.0, 0.01609324324327059, 0.03939007753551515, 0.05427020063978202, 0.22125852948658153, 0.19656188080825196, 0.42116135030395546], [0.030033881584422273, 0.0, 0.050454782761904696, 0.06884097943987005, 0.23604177649925948, 0.2105809761579772, 0.43594761924666875], [0.04502914415998108, 0.06299392801265014, 0.0, 0.02854484374229912, 0.19125257858104666, 0.1635048972666932, 0.38845070777088936], [0.08939257057027916, 0.11927180594595299, 0.056423039366482186, 0.0, 0.41678558763890994, 0.5811823669862806, 0.36772753549515735], [0.39678287606004226, 0.4266621398787418, 0.30138115199207505, 0.7450038439625918, 0.0, 0.17392942342161713, 0.20072227657084082], [0.3196620319660948, 0.34954129578501636, 0.28676030789820395, 0.9178829998686515, 0.23383064074936755, 0.0, 0.226000933524266], [0.7583588942463928, 0.7258927758308151, 0.662898847818165, 0.6066209698847302, 0.3617925134149491, 0.37640718106457527, 0.0]], "shift": [[0.0, 23.062500000000007, -6.125000000000002, 1753.2500000000018, 1758.6875000000018, 1758.8750000000018, -32.50000000000001], [-23.062500000000007, 0.0, -29.187500000000004, 1730.1875000000018, 1735.6250000000018, 1735.8125000000016, -55.500000000000014], [6.125000000000002, 29.187500000000004, 0.0, 1759.3750000000016, 1764.8750000000018, 1765.0000000000016, -26.31250000000001], [-1753.2500000000018, -1730.1875000000018, -1759.3750000000016, 0.0, 5.000000000000001, 4.937500000000001, 1785.6875000000016], [-1758.6875000000018, -1735.6250000000018, -1764.8750000000018, -5.000000000000001, 0.0, -0.0625, 1791.1875000000016], [-1758.8750000000018, -1735.8125000000016, -1765.0000000000016, -4.937500000000001, 0.0625, 0.0, 1791.3125000000014], [32.50000000000001, 55.500000000000014, 26.31250000000001, -1785.6875000000016, -1791.1875000000016, -1791.3125000000014, 0.0]]}, "v10_distance": {"eta": [[0.0, 17.73454508474743, 4.347657098165268, 2.6173520641673313, 1.4270786929777126, 1.4227772176242781, 41.66121084314524], [116.0675427828473, 0.0, 22.027616583190106, 11.407989638533303, 10.130775210491086, 10.127784995630421, 53.201455607357076], [28.473359132830268, 144.54090191567755, 0.0, 0.33771848262328785, 1.2462666071123993, 1.2444112634875164, 39.400157409583514], [29.136655284498268, 139.7860571022034, 1.3273251826912968, 0.0, 0.8573490086475455, 0.9193841928857244, 26.27979897875413], [9.453589208946678, 120.10299102665178, 19.0552424352175, 6.944316755231768, 0.0, 0.16922054333991673, 26.769283817675184], [9.456771148640408, 120.04367296634544, 19.114560495523847, 6.760576099563594, 0.1897130389423296, 0.0, 26.773764204072126], [144.1436273618847, 172.38907172890922, 145.34815712939576, 113.18632815616736, 111.99432092091244, 112.0124770786446, 0.0]], "shift": [[0.0, 14.500000000000002, -3.687500000000001, 1754.8750000000018, 1759.9375000000018, 1760.0625000000016, -1.875], [-14.500000000000002, 0.0, -18.187500000000007, 1735.9375000000016, 1741.0000000000016, 1741.1875000000016, -16.500000000000004], [3.687500000000001, 18.187500000000007, 0.0, 1759.6875000000018, 1764.6875000000018, 1764.8750000000018, 1.8125000000000002], [-1754.8750000000018, -1735.9375000000016, -1759.6875000000018, 0.0, 5.000000000000001, 5.000000000000001, 1769.4375000000018], [-1759.9375000000018, -1741.0000000000016, -1764.6875000000018, -5.000000000000001, 0.0, 0.0, 1774.5000000000018], [-1760.0625000000016, -1741.1875000000016, -1764.8750000000018, -5.000000000000001, -0.0, 0.0, 1774.6250000000016], [1.875, 16.500000000000004, -1.8125000000000002, -1769.4375000000018, -1774.5000000000018, -1774.6250000000016, 0.0]]}}