{"pseudos": ["Y.nc.pbe.z_11.oncvpsp3.dojo.v0.4.1-std.upf", "Y.nc.pbe.z_11.oncvpsp4.spms.v1.upf", "Y.nc.pbe.z_11.oncvpsp4.sg15.v0.upf", "Y.us.pbe.z_11.uspp.gbrv.v1.4.upf", "Y.us.pbe.z_11.ld1.psl.v1.0.0-high.upf", "Y.paw.pbe.z_11.ld1.psl.v1.0.0-high.upf", "Y.paw.pbe.z_11.atompaw.jth.v1.1-std.upf"], "v_distance": {"eta_c": [[0.0, 2.348795305077309, 0.6223674739206971, 1.3550901989610542, 1.3578093718300577, 1.592997321913967, 2.280868147607313], [2.348795305077309, 0.0, 2.0573658249159243, 3.6947971632736634, 3.622199179459634, 3.8545865233705525, 4.460795638195386], [0.6223674739206971, 2.0573658249159243, 0.0, 1.8237239645039194, 1.8946364148742216, 2.122699922558446, 2.839286366945812], [1.3550901989610542, 3.6947971632736634, 1.8237239645039194, 0.0, 0.42846495688054925, 0.5042817715894846, 1.1708191592065496], [1.3578093718300577, 3.622199179459634, 1.8946364148742216, 0.42846495688054925, 0.0, 0.23663987444706885, 0.9547624711926104], [1.592997321913967, 3.8545865233705525, 2.122699922558446, 0.5042817715894846, 0.23663987444706885, 0.0, 0.7454838887826266], [2.280868147607313, 4.460795638195386, 2.839286366945812, 1.1708191592065496, 0.9547624711926104, 0.7454838887826266, 0.0]], "max_diff_c": [[0.0, 4.606325457254684, 1.8569192174778664, 2.6972036013224856, 2.3095783895119557, 2.675959082851549, 4.550686895781937], [4.606325457254684, 0.0, 4.289941216543582, 7.203825861767429, 6.739932179512835, 7.084375274373302, 9.161624950613106], [1.8569192174778664, 4.289941216543582, 0.0, 4.554122818800353, 4.114728093048343, 4.473996276036589, 6.470106113259804], [2.6972036013224856, 7.203825861767429, 4.554122818800353, 0.0, 0.8689273153074524, 1.2188279364867824, 2.0626911303577704], [2.3095783895119557, 6.739932179512835, 4.114728093048343, 0.8689273153074524, 0.0, 0.3893827844319162, 2.4216927711002687], [2.675959082851549, 7.084375274373302, 4.473996276036589, 1.2188279364867824, 0.3893827844319162, 0.0, 2.014749676239802], [4.550686895781937, 9.161624950613106, 6.470106113259804, 2.0626911303577704, 2.4216927711002687, 2.014749676239802, 0.0]], "shift_c": [[0.0, -0.24805792468567123, -0.10106063598305122, 0.15618461924653373, 0.14699728870262, 0.17455928033436124, 0.2894009121332831], [-0.24805792468567123, 0.0, 0.14699728870262, 0.40424254393220505, 0.39505521338829125, 0.4226172050200325, 0.5420525020909113], [-0.10106063598305122, 0.14699728870262, 0.0, 0.257245255229585, 0.24805792468567128, 0.27561991631741256, 0.39505521338829125], [0.15618461924653373, 0.40424254393220505, 0.257245255229585, 0.0, -0.009187330543913748, 0.018374661087827496, 0.13780995815870625], [0.14699728870262, 0.39505521338829125, 0.24805792468567128, -0.009187330543913748, 0.0, 0.027561991631741244, 0.14699728870262], [0.17455928033436124, 0.4226172050200325, 0.27561991631741256, 0.018374661087827496, 0.027561991631741244, 0.0, 0.11484163179892184], [0.2894009121332831, 0.5420525020909113, 0.39505521338829125, 0.13780995815870625, 0.14699728870262, 0.11484163179892184, 0.0]]}, "v10_distance": {"eta_c": [[0.0, 10.899343929709069, 3.6346189751112954, 5.7680246266999315, 1.2888960191957146, 1.5091941663064377, 6.347936272456121], [10.899343929709069, 0.0, 7.321230875292171, 16.649559802086515, 11.387792278706309, 11.499055885147339, 17.147862575283696], [3.6346189751112954, 7.321230875292171, 0.0, 9.38157503960785, 4.236032564942592, 4.380326227251747, 9.936946661208033], [5.7680246266999315, 16.649559802086515, 9.38157503960785, 0.0, 5.4325584578048085, 5.386826540465174, 1.1566495889206636], [1.2888960191957146, 11.387792278706309, 4.236032564942592, 5.4325584578048085, 0.0, 0.22183254387442108, 5.817951468312578], [1.5091941663064377, 11.499055885147339, 4.380326227251747, 5.386826540465174, 0.22183254387442108, 0.0, 5.736551078402453], [6.347936272456121, 17.147862575283696, 9.936946661208033, 1.1566495889206636, 5.817951468312578, 5.736551078402453, 0.0]], "max_diff_c": [[0.0, 108.11554765746762, 35.21340687289688, 54.49050713887411, 2.8280774052138895, 3.3424585847784556, 55.69971423684626], [108.11554765746762, 0.0, 72.90214078457073, 162.6060547963417, 108.40687888139301, 108.61353040480726, 163.8152618943139], [35.21340687289688, 72.90214078457073, 0.0, 89.70391401177099, 35.44223809682228, 35.71138962023653, 90.91312110974314], [54.49050713887411, 162.6060547963417, 89.70391401177099, 0.0, 54.26167591494871, 53.99252439153446, 1.723331755346635], [2.8280774052138895, 108.40687888139301, 35.44223809682228, 54.26167591494871, 0.0, 0.5143827844319162, 55.408383012920865], [3.3424585847784556, 108.61353040480726, 35.71138962023653, 53.99252439153446, 0.5143827844319162, 0.0, 55.139231489506614], [55.69971423684626, 163.8152618943139, 90.91312110974314, 1.723331755346635, 55.408383012920865, 55.139231489506614, 0.0]], "shift_c": [[0.0, 0.11024796652696499, 0.027561991631741244, -0.05053031799152561, 0.08268597489522375, 0.10106063598305122, 0.027561991631741244], [0.11024796652696499, 0.0, -0.08268597489522375, -0.16077828451849058, -0.027561991631741244, -0.013780995815870622, -0.08268597489522375], [0.027561991631741244, -0.08268597489522375, 0.0, -0.07809230962326685, 0.05053031799152561, 0.06890497907935311, 0.0], [-0.05053031799152561, -0.16077828451849058, -0.07809230962326685, 0.0, 0.12862262761479248, 0.14699728870262, 0.07809230962326685], [0.08268597489522375, -0.027561991631741244, 0.05053031799152561, 0.12862262761479248, 0.0, 0.018374661087827496, -0.05512398326348249], [0.10106063598305122, -0.013780995815870622, 0.06890497907935311, 0.14699728870262, 0.018374661087827496, 0.0, -0.07349864435130998], [0.027561991631741244, -0.08268597489522375, 0.0, 0.07809230962326685, -0.05512398326348249, -0.07349864435130998, 0.0]]}}