{"pseudos": ["PSL-US-v1-high (Z=11)", "PSL-PAW-v1-high (Z=11)"], "average": {"grid": {"eta": [[0.0, 1.782582949025775], [0.44090106247220845, 0.0]], "shift": [[0.0, 1.3124999999999998], [0.375, 0.0]]}, "path": {"eta": [[0.0, 2.01618671576399], [0.5217231929332826, 0.0]], "shift": [[0.0, 1.5], [0.375, 0.0]]}}, "maximum": {"grid": {"eta": [[0.0, 5.295418369374921], [0.8642854349490001, 0.0]], "shift": [[0.0, -1.3124999999999998], [-0.375, 0.0]]}, "path": {"eta": [[0.0, 5.588989402235121], [0.890622467706784, 0.0]], "shift": [[0.0, -1.5], [-0.375, 0.0]]}}}