{"pseudos": ["PSL-US-v1-high-11", "PSL-PAW-v1-high-11"], "v_distance": {"grid": {"eta": [[0.0, 2.2365847999327353], [4.793253869009391, 0.0]], "shift": [[0.0, -1.25], [1.25, 0.0]]}, "path": {"eta": [[0.0, 0.22365847999327354], [0.47932538690093907, 0.0]], "shift": [[0.0, -0.125], [0.125, 0.0]]}}, "v10_distance": {"grid": {"eta": [[0.0, 2.305450061267088], [6.730753869009391, 0.0]], "shift": [[0.0, 0.6875], [-0.6875, 0.0]]}, "path": {"eta": [[0.0, 0.23054500612670878], [0.673075386900939, 0.0]], "shift": [[0.0, 0.06875], [-0.06875, 0.0]]}}}