{"pseudos": ["PSL-US-v1-high-17", "PSL-PAW-v1-high-17", "JTH-1.1-std-7"], "v_distance": {"grid": {"eta": [[0.0, 0.6980307265039654, 5.677431204785436], [1.3824606362122651, 0.0, 5.695268846113196], [20.64442049234638, 20.020481542408405, 0.0]], "shift": [[0.0, 0.375, 6.000000000000002], [-0.375, 0.0, 5.562500000000002], [-6.000000000000002, -5.562500000000002, 0.0]]}, "path": {"eta": [[0.0, 0.06980307265039654, 0.5677431204785436], [0.13824606362122652, 0.0, 0.5695268846113196], [2.0644420492346383, 2.0020481542408404, 0.0]], "shift": [[0.0, 0.0375, 0.6000000000000002], [-0.0375, 0.0, 0.5562500000000001], [-0.6000000000000002, -0.5562500000000001, 0.0]]}}, "v10_distance": {"grid": {"eta": [[0.0, 2.15573727380383, 53.44809391421353], [16.052187636869505, 0.0, 51.3840521000564], [275.41469380846684, 260.4613461614772, 0.0]], "shift": [[0.0, 0.6875, 16.625000000000004], [-0.6875, 0.0, 17.187500000000004], [-16.625000000000004, -17.187500000000004, 0.0]]}, "path": {"eta": [[0.0, 0.215573727380383, 5.344809391421353], [1.6052187636869504, 0.0, 5.13840521000564], [27.541469380846685, 26.046134616147718, 0.0]], "shift": [[0.0, 0.06875, 1.6625000000000003], [-0.06875, 0.0, 1.7187500000000004], [-1.6625000000000003, -1.7187500000000004, 0.0]]}}}