{"pseudos": ["DOJO-041-std-3", "SPMS-3", "SG15-3", "GBRV-1.X-3", "PSL-US-v1-high-3", "PSL-US-v0.x-3", "PSL-PAW-v0.x-3", "PSL-PAW-v1-high-3", "JTH-1.1-std-3"], "v_distance": {"grid": {"eta": [[0.0, 0.8672706101146147, 10.690152952432436, 3.0197399510219887, 6.716618325583463, 1.7232131428095374, 1.439183261194692, 2.1893000185290767, 1.438624997743519], [2.8346345274595848, 0.0, 10.322534665760493, 2.580357706645848, 7.083377107366599, 1.2715034735204565, 1.419375132870985, 2.630364404253134, 1.5817555381012005], [21.772692882256205, 19.917455013372315, 0.0, 8.022128969509646, 17.257571990939677, 9.456426110928291, 11.603977626004026, 12.787112801153011, 11.701643967128724], [8.178935913855296, 5.846871596671392, 17.881997912390222, 0.0, 9.357402618904178, 1.467066016134976, 3.653605090170801, 4.910437328863206, 3.752575996677245], [14.710144859211578, 14.835077107415676, 34.566035967368066, 17.386916250463493, 0.0, 7.91488339503269, 5.802924409151827, 4.548795338713017, 5.634899127655232], [5.105469618728904, 3.108224706112182, 20.29325842274723, 3.0734662951263942, 14.968923910207932, 0.0, 2.1919332395170152, 3.464929267221558, 2.2942173304313633], [5.30819730241673, 4.051194929733178, 23.968649943105493, 6.945754487315454, 11.773326312140279, 3.8722881921890604, 0.0, 1.4926089808129397, 0.38539627746285515], [5.184788522716162, 5.6108945195751625, 25.040679630872653, 9.93117008544132, 9.5346264069714, 6.857703790314928, 4.306351758081533, 0.0, 1.2578471226254961], [4.522625299293431, 4.307992828907992, 24.22544784228031, 6.680474966920171, 10.985016359158495, 3.993120284335902, 2.0555820269996725, 3.1881951185211506, 0.0]], "shift": [[0.0, 0.8125000000000001, 15.500000000000004, 3.2500000000000013, -12.125000000000004, 1.25, -1.6250000000000002, -3.937500000000001, -2.3125000000000004], [-0.8125000000000001, 0.0, 14.687500000000002, 2.4375000000000004, -12.937500000000005, 0.4375, -2.4375000000000004, -4.750000000000001, -3.125], [-15.500000000000004, -14.687500000000002, 0.0, -12.250000000000004, -27.625000000000004, -14.250000000000005, -17.125000000000004, -19.437500000000007, -17.812500000000007], [-3.2500000000000013, -2.4375000000000004, 12.250000000000004, 0.0, -15.375000000000007, -2.0, -4.875000000000001, -7.187500000000003, -5.562500000000002], [12.125000000000004, 12.937500000000005, 27.625000000000004, 15.375000000000007, 0.0, 13.312500000000005, 10.500000000000002, 8.125000000000002, 9.812500000000002], [-1.25, -0.4375, 14.250000000000005, 2.0, -13.312500000000005, 0.0, -2.875, -5.187500000000001, -3.5000000000000004], [1.6250000000000002, 2.4375000000000004, 17.125000000000004, 4.875000000000001, -10.500000000000002, 2.875, 0.0, -2.3125000000000004, -0.6875], [3.937500000000001, 4.750000000000001, 19.437500000000007, 7.187500000000003, -8.125000000000002, 5.187500000000001, 2.3125000000000004, 0.0, 1.6875000000000002], [2.3125000000000004, 3.125, 17.812500000000007, 5.562500000000002, -9.812500000000002, 3.5000000000000004, 0.6875, -1.6875000000000002, 0.0]]}, "path": {"eta": [[0.0, 0.08672706101146146, 1.0690152952432437, 0.30197399510219886, 0.6716618325583463, 0.17232131428095374, 0.1439183261194692, 0.21893000185290767, 0.1438624997743519], [0.28346345274595847, 0.0, 1.0322534665760492, 0.2580357706645848, 0.7083377107366599, 0.12715034735204564, 0.1419375132870985, 0.2630364404253134, 0.15817555381012005], [2.1772692882256206, 1.9917455013372316, 0.0, 0.8022128969509646, 1.7257571990939677, 0.9456426110928291, 1.1603977626004025, 1.278711280115301, 1.1701643967128725], [0.8178935913855296, 0.5846871596671391, 1.7881997912390222, 0.0, 0.9357402618904178, 0.1467066016134976, 0.36536050901708006, 0.4910437328863206, 0.3752575996677245], [1.4710144859211578, 1.4835077107415677, 3.4566035967368065, 1.7386916250463493, 0.0, 0.791488339503269, 0.5802924409151827, 0.4548795338713017, 0.5634899127655232], [0.5105469618728904, 0.3108224706112182, 2.029325842274723, 0.3073466295126394, 1.4968923910207932, 0.0, 0.21919332395170152, 0.3464929267221558, 0.22942173304313634], [0.530819730241673, 0.40511949297331784, 2.3968649943105493, 0.6945754487315454, 1.177332631214028, 0.38722881921890606, 0.0, 0.14926089808129397, 0.03853962774628551], [0.5184788522716162, 0.5610894519575162, 2.504067963087265, 0.993117008544132, 0.95346264069714, 0.6857703790314928, 0.4306351758081533, 0.0, 0.12578471226254961], [0.45226252992934307, 0.43079928289079916, 2.422544784228031, 0.6680474966920171, 1.0985016359158495, 0.3993120284335902, 0.20555820269996725, 0.31881951185211505, 0.0]], "shift": [[0.0, 0.08125000000000002, 1.5500000000000003, 0.3250000000000001, -1.2125000000000004, 0.125, -0.16250000000000003, -0.3937500000000001, -0.23125000000000004], [-0.08125000000000002, 0.0, 1.4687500000000002, 0.24375000000000005, -1.2937500000000006, 0.04375, -0.24375000000000005, -0.4750000000000001, -0.3125], [-1.5500000000000003, -1.4687500000000002, 0.0, -1.2250000000000003, -2.7625, -1.4250000000000005, -1.7125000000000004, -1.9437500000000008, -1.7812500000000007], [-0.3250000000000001, -0.24375000000000005, 1.2250000000000003, 0.0, -1.5375000000000008, -0.2, -0.4875000000000001, -0.7187500000000002, -0.5562500000000001], [1.2125000000000004, 1.2937500000000006, 2.7625, 1.5375000000000008, 0.0, 1.3312500000000005, 1.0500000000000003, 0.8125000000000002, 0.9812500000000002], [-0.125, -0.04375, 1.4250000000000005, 0.2, -1.3312500000000005, 0.0, -0.2875, -0.51875, -0.35000000000000003], [0.16250000000000003, 0.24375000000000005, 1.7125000000000004, 0.4875000000000001, -1.0500000000000003, 0.2875, 0.0, -0.23125000000000004, -0.06875], [0.3937500000000001, 0.4750000000000001, 1.9437500000000008, 0.7187500000000002, -0.8125000000000002, 0.51875, 0.23125000000000004, 0.0, 0.16875], [0.23125000000000004, 0.3125, 1.7812500000000007, 0.5562500000000001, -0.9812500000000002, 0.35000000000000003, 0.06875, -0.16875, 0.0]]}}, "v10_distance": {"grid": {"eta": [[0.0, 4.690324965285759, 14.819216984021992, 9.588391811869519, 10.345377614228685, 9.761028678761473, 10.012276015035148, 3.81831218514945, 7.882793253424329], [13.382186090721277, 0.0, 16.999378873717344, 5.103736901089519, 12.519956623538622, 5.212722142630306, 5.784168819221461, 4.774952237444074, 4.0387947408836276], [46.01381483781521, 59.23798696971615, 0.0, 19.58567054671978, 23.756598613487466, 20.814547432512068, 22.386953342150782, 18.5660130233139, 20.793040657726344], [30.110357603058286, 16.728171512337013, 75.77298028280636, 0.0, 16.309031910744455, 1.6349095603314499, 3.97258136206185, 9.088956152171859, 4.579554424076172], [31.548773370639786, 37.71867226034698, 62.754760232525655, 39.98258373811209, 0.0, 15.534683083802015, 14.186522397750696, 7.819829147004867, 12.51445012712238], [32.98984521679152, 19.607659126070246, 78.77589183128114, 3.5109662951263942, 38.23859706428982, 0.0, 2.372920747706076, 8.643085084780198, 3.48330380573311], [36.47601887764554, 23.251846745744615, 82.48983371546076, 8.258254487315455, 34.772682965670896, 4.74728819218906, 0.0, 8.037600506320508, 2.6551596425783375], [12.83396212450873, 12.876299250057599, 58.78527696232394, 19.77416647579247, 24.842373010385305, 20.511017680165736, 23.992737404541455, 0.0, 5.896682831273563], [25.424670266612296, 12.137998134711367, 71.4384851044275, 11.620809695754224, 36.001586871270064, 8.749795560952961, 11.416576723456814, 13.981245921306737, 0.0]],