{"pseudos": ["DOJO-041-std (Z=10)", "DOJO-041-str (Z=10)", "DOJO-050-std (Z=10)", "SPMS (Z=10)", "SG15 (Z=10)", "GBRV-1.X (Z=10)", "PSL-US-v1-high (Z=10)", "PSL-PAW-v1-high (Z=10)", "JTH-1.1-std (Z=10)"], "average": {"grid": {"eta": [[0.0, 6.173555909015825, 1127.0881644679264, 1125.3369339922488, 1125.1887702435129, 1087.0015230431814, 3.1008912838809137, 3.0453443639439386, 54.81654502207598], [0.18148351922012176, 0.0, 1127.3689115567076, 1125.6217061079483, 1125.465677523808, 1087.0422973341736, 7.364026671650242, 7.539185687508855, 60.91426083982089], [3.8208207457772843, 3.665244267041586, 0.0, 3.3522423189801684, 2.644558262929843, 100.38612872735668, 1126.219855388976, 1126.389751648152, 1128.9894717021461], [3.5546447145161815, 3.4304878644502024, 1.2187487828195684, 0.0, 3.5808078120182345, 100.65426078209413, 1124.4667294162396, 1124.6369034260917, 1127.2032099917265], [4.708393361877954, 4.537963923618587, 1.2013594442927356, 2.301684242576947, 0.0, 99.08931370144218, 1124.321672443845, 1124.4912094494696, 1127.1189834131826], [3.087240540756728, 2.937836412182428, 0.7757312186933336, 1.097869876235755, 1.8722861240036548, 0.0, 1086.1748083264768, 1086.3479907077374, 1090.8146693418494], [1.1849845638125491, 1.080216534508518, 3.2727124281236843, 2.9191501129840574, 4.09996710554718, 2.6174351783927596, 0.0, 0.48025682722305346, 54.184494582550776], [1.1799949597457215, 1.062975576842701, 3.216674412273849, 2.898589797653003, 4.03083178350325, 2.5633097946306274, 0.10891861086104129, 0.0, 53.93923370358036], [2.5261417679972116, 2.4103180034060037, 3.514457884511521, 3.346052020742661, 3.989723639290289, 3.087981171636971, 1.476245740366016, 1.458679305467924, 0.0]], "shift": [[0.0, -4.187500000000001, -787.4375000000008, -785.3750000000008, -786.8750000000008, -759.5000000000006, -0.25, -0.5, 37.062500000000014], [0.1875, 0.0, -787.7500000000007, -785.6250000000007, -787.1875000000008, -759.6250000000007, 3.937500000000001, 3.6875000000000013, 41.25000000000001], [1.8125000000000002, 1.6875000000000002, 0.0, 1.5625, 1.5000000000000002, 86.62500000000004, 786.6250000000008, 786.3750000000008, 789.3125000000009], [0.9375, 0.75, -0.875, 0.0, -0.0625, 85.06250000000004, 784.5625000000008, 784.2500000000008, 787.1875000000008], [3.125000000000001, 2.937500000000001, 1.25, 2.1875000000000004, 0.0, 85.12500000000004, 786.0625000000008, 785.8125000000008, 788.7500000000008], [1.3124999999999998, 1.1250000000000002, -0.5625000000000001, 0.375, -1.8124999999999998, 0.0, 758.7500000000008, 758.4375000000008, 762.6875000000008], [0.875, 0.6875, -1.0, -0.125, -2.2500000000000004, -0.4375, 0.0, -0.25, 37.312500000000014], [0.9375, 0.75, -0.9375, 0.0, -2.1875, -0.375, 0.0625, 0.0, 37.562500000000014], [2.3750000000000004, 2.1875000000000004, 0.5, 1.4375, -0.75, 1.0625, 1.5000000000000002, 1.4375, 0.0]]}, "path": {"eta": [[0.0, 7.347174679362807, 883.3065032876249, 1102.6527546477887, 1098.309024368123, 1073.032649827636, 3.567505735173437, 3.4878813433115363, 66.89012715951823], [0.1142396995979893, 0.0, 881.867883217956, 1101.9487614497805, 1097.5803762848072, 1072.0554954315933, 8.942728775182474, 9.03309733040789, 74.15673975231168], [3.055421097131336, 2.958142318126995, 0.0, 330.3450917911351, 322.7252157817692, 263.143845632851, 882.9691909947237, 883.0777653391096, 902.0394846254674], [3.4057611602219673, 3.332184887279027, 1.3162540737956623, 0.0, 9.324565928247335, 109.82263216189925, 1102.1656749265458, 1102.270578620009, 1115.6744848715273], [4.384043975216513, 4.275395384808429, 1.7080829756224156, 2.6878517348054074, 0.0, 104.3236357103365, 1097.8304596989954, 1097.9350871309011, 1111.5387734673961], [2.77877045470617, 2.6848838184336694, 0.37566203150605737, 1.3402743791188965, 1.9906489396864362, 0.0, 1072.5908746760977, 1072.6978033760925, 1088.2370282630445], [1.360930865384418, 1.2864160370718576, 2.539333506631885, 2.797246979025599, 3.7000320475969812, 2.355119074039505, 0.0, 0.2689035888488643, 65.86287844477532], [1.3778591255262271, 1.2987442098394735, 2.5083598187061558, 2.8084445980709543, 3.6397853090049597, 2.3283603106901323, 0.09684531909565751, 0.0, 65.71513613135622], [3.4275948587384897, 3.3439337148391863, 3.4013472745073337, 3.9116441372370296, 3.5182030689712445, 3.4149203637926315, 2.2680312632423365, 2.2078585415524246, 0.0]], "shift": [[0.0, -4.312500000000001, -579.3125000000006, -757.6250000000007, -756.1875000000007, -738.1250000000006, 0.5625000000000001, 0.4375, 42.18750000000001], [0.125, 0.0, -578.0625000000006, -757.1250000000006, -755.6250000000007, -737.5000000000006, 4.812500000000001, 4.750000000000002, 46.437500000000014], [2.750000000000001, 2.6875000000000004, 0.0, -347.6250000000002, -341.6250000000002, -271.62500000000017, 579.3125000000006, 579.1875000000006, 597.5625000000006], [2.6875000000000004, 2.5625000000000004, -0.125, 0.0, 6.000000000000002, 79.75000000000004, 757.5625000000008, 757.4375000000009, 770.5625000000008], [4.437500000000002, 4.312500000000001, 1.6250000000000002, 1.7500000000000002, 0.0, 73.68750000000004, 756.0625000000008, 756.0000000000008, 769.2500000000009], [2.3125000000000004, 2.1875000000000004, -0.5, -0.375, -2.125, 0.0, 738.0625000000007, 738.0000000000008, 752.1250000000008], [1.4375, 1.3124999999999998, -1.3124999999999998, -1.1875000000000002, -3.0, -0.875, 0.0, -0.0625, 41.62500000000001], [1.5, 1.375, -1.3124999999999998, -1.1875000000000002, -2.9375, -0.8125000000000001, 0.0625, 0.0, 41.75000000000001], [3.5625000000000013, 3.4375000000000013, 0.8125000000000001, 0.9375, -0.875, 1.25, 2.1250000000000004, 2.0625000000000004, 0.0]]}}, "maximum": {"grid": {"eta": [[0.0, 21.044871219061633, 3369.8943054190518, 3366.310059078458, 3365.8745135004565, 3271.7920694683253, 10.376211540184727, 9.657451792984773, 194.9129735258375], [0.33940362930983525, 0.0, 3341.8961394972716, 3338.3743931566787, 3337.8763475786764, 3243.981403546545, 29.16864648790633, 29.730493375989493, 215.9578447448991], [6.926238331867346, 6.6831140660656345, 0.0, 12.959109282225967, 6.540266159996421, 587.13546058612, 3379.053936063614, 3379.2602010460173, 3307.54013764252], [5.193818706501077, 5.335932407919437, 2.8031332023979303, 0.0, 15.97822161611765, 585.4490180222379, 3375.4696897230206, 3375.7384547054235, 3304.683258939038], [8.444734831489955, 8.139110565688242, 2.3446264773652463, 5.210259679763176, 0.0, 589.6822154400617, 3375.034144145019, 3375.240409127422, 3303.511882353194], [5.371308251408585, 5.065683985606874, 1.6174300804587602, 2.8267527067420275, 3.7510364339870037, 0.0, 3280.8892001128875, 3281.157965095291, 3203.481101278877], [3.030057507388232, 2.9039394232380142, 7.612333336521559, 5.342897951204975, 9.068329836144166, 5.994903256062798, 0.0, 1.2549747618265386, 186.78919825699276], [3.0317351025690797, 2.7541659723944463, 7.433225304301203, 5.305431656700499, 8.88922180392381, 5.815795223842443, 0.25517586787563573, 0.0, 186.2273513689096], [6.911143911134914, 6.756477608420788, 9.004652164549654, 7.693606857911447, 10.460648664172261, 7.852917713585129, 3.8810864037466817, 4.022074025281227, 0.0]],