{"pseudos": ["DOJO-041-std (Z=10)", "SPMS (Z=10)", "SG15 (Z=10)", "GBRV-1.X (Z=10)", "PSL-US-v1-high (Z=10)", "PSL-PAW-v1-high (Z=10)", "JTH-1.1-std (Z=10)"], "average": {"grid": {"eta": [[0.0, 14.494497718620343, 5.708718204180684, 2.58668626163044, 2.329134316289763, 2.59630050306389, 3.15104223547451], [3.182313808606108, 0.0, 9.997477567100079, 16.989130176101032, 16.551056450370126, 16.85072882964711, 17.54352286171856], [0.6666810264991738, 2.523629156380556, 0.0, 7.963849420910584, 7.369452295907795, 7.636486769207758, 8.45733588641766], [0.5184101114399758, 3.6993949355795546, 1.1830709783575204, 0.0, 0.7805798554410364, 0.6851283689605623, 0.5948286832508821], [0.47512362746670705, 3.6509722296280964, 1.1394030696358226, 0.0882940668149602, 0.0, 0.31454969451431253, 1.1448544978863473], [0.5696198046628717, 3.7501559540213525, 1.234905903744294, 0.06457847727069482, 0.10655507012142987, 0.0, 0.9012059297698738], [0.7051609447170706, 3.8851932191445093, 1.3670349098049772, 0.1960734983528686, 0.2671697605719079, 0.1637350026549815, 0.0]], "shift": [[0.0, -15.187500000000007, -2.1875, 3.125000000000001, 3.3125000000000013, 3.6875000000000013, 3.875000000000001], [2.5625000000000004, 0.0, 13.000000000000005, 18.312500000000007, 18.500000000000007, 18.875000000000007, 19.062500000000007], [0.625, -1.9375, 0.0, 5.312500000000001, 5.500000000000002, 5.875000000000002, 6.062500000000002], [-0.4375, -3.0, -1.0, 0.0, 0.1875, 0.5625000000000001, 0.75], [-0.4375, -3.0, -1.0625, 0.0, 0.0, 0.375, 0.5625000000000001], [-0.5, -3.0625, -1.1250000000000002, -0.0625, -0.0625, 0.0, 0.1875], [-0.5, -3.0625, -1.1250000000000002, -0.0625, -0.0625, 0.0, 0.0]]}, "path": {"eta": [[0.0, 16.89797987251026, 6.685128861120741, 3.1271639860610203, 3.061848749943724, 3.433331738691818, 4.514241594035701], [3.87976607801879, 0.0, 15.728502851469019, 19.943428518579733, 19.75621683695201, 20.14026612100157, 21.282548342470758], [0.25598460400843054, 3.817975744657068, 0.0, 8.129446128727897, 7.416465398736398, 7.647264337863515, 8.838317541023635], [0.6810781908329638, 4.550849556831777, 0.8089276765153914, 0.0, 0.8450105886516706, 0.9079745670390036, 1.4275726359136742], [0.7571518453064269, 4.628407928115942, 0.8768054313903484, 0.08240086532164988, 0.0, 0.4014270497354629, 1.6791681259713351], [0.8843290178580492, 4.760711320513202, 0.9896580990459245, 0.22181523698328756, 0.14710445474798597, 0.0, 1.3574917052273543], [1.0486354128981996, 4.92295464759232, 1.1444664437533927, 0.3860854539257271, 0.31057322276202753, 0.17291931311003994, 0.0]], "shift": [[0.0, -15.562500000000004, 4.750000000000002, 3.062500000000001, 3.875000000000001, 4.312500000000001, 4.625000000000002], [2.750000000000001, 0.0, 20.312500000000004, 18.625000000000007, 19.437500000000007, 19.875000000000004, 20.187500000000004], [0.125, -2.6249999999999996, 0.0, -1.6875000000000002, -0.875, -0.4375, -0.125], [-0.5625000000000001, -3.3125000000000004, -0.6875, 0.0, 0.8125000000000001, 1.25, 1.5625], [-0.625, -3.3750000000000004, -0.75, -0.0625, 0.0, 0.4375, 0.75], [-0.6875, -3.3750000000000004, -0.75, -0.0625, 0.0, 0.0, 0.3125], [-0.8125000000000001, -3.5000000000000004, -0.875, -0.1875, -0.125, -0.125, 0.0]]}}, "maximum": {"grid": {"eta": [[0.0, 37.156174713985344, 36.96070638430115, 8.28038992234177, 4.433272937057702, 4.8966413943400315, 9.132074938349149], [6.0233379037370804, 0.0, 18.072359522208433, 45.43656463632711, 40.02815026816768, 40.43440495209663, 46.28824965233449], [1.1210526333386286, 4.905258081677374, 0.0, 45.241096306642916, 39.832681938483496, 40.238936622412446, 46.092781322650296], [0.9599617966250733, 6.983299700362153, 2.0155416186847788, 0.0, 5.408414368159427, 5.0021596842304765, 1.9455226415469866], [0.7942765175516158, 6.817614421288695, 1.9123563396113212, 0.3533899377883287, 0.0, 0.7451754862639461, 6.260099384166808], [1.0160796619883001, 7.03941756572538, 2.1341594840480056, 0.12867429505251238, 0.23637885470743214, 0.0, 5.8538447002378575], [1.3446360500196093, 7.367973953756689, 2.4627158720793147, 0.4033191537781491, 0.7463260137020242, 0.5216103709662079, 0.0]], "shift": [[0.0, 15.187500000000007, 2.1875, -3.125000000000001, -3.3125000000000013, -3.6875000000000013, -3.875000000000001], [-2.5625000000000004, 0.0, -13.000000000000005, -18.312500000000007, -18.500000000000007, -18.875000000000007, -19.062500000000007], [-0.625, 1.9375, 0.0, -5.312500000000001, -5.500000000000002, -5.875000000000002, -6.062500000000002], [0.4375, 3.0, 1.0, 0.0, -0.1875, -0.5625000000000001, -0.75], [0.4375, 3.0, 1.0625, -0.0, 0.0, -0.375, -0.5625000000000001], [0.5, 3.0625, 1.1250000000000002, 0.0625, 0.0625, 0.0, -0.1875], [0.5, 3.0625, 1.1250000000000002, 0.0625, 0.0625, -0.0, 0.0]]}, "path": {"eta": [[0.0, 37.59658701738142, 28.856544569071417, 7.961590834884491, 5.338001871112957, 6.0689175886816065, 10.182461736167113], [6.645895514557602, 0.0, 30.176594187140534, 45.546952736946864, 41.54137859236996, 42.05293475400854, 47.77904875354853], [0.4764451969151011, 6.6607360990181945, 0.0, 36.80691028871148, 32.80133614413457, 33.31289230577315, 39.039006305217214], [1.1270834220704415, 7.772978936628043, 1.2589203912496885, 0.0, 4.035664887276241, 3.5260708280595305, 3.156865227658656], [1.2294239430469391, 7.875319457604539, 1.3827956077996078, 0.17366598988092363, 0.0, 0.755619208461809, 6.237670166321124], [1.4743180469463582, 8.05771356150396, 1.5318492181925762, 0.3263638653014169, 0.27340264235142797, 0.0, 5.726113999589728], [1.7063726077394321, 8.289768122297033, 1.6749174920803043, 0.5542376121336829, 0.4344032479194766, 0.24565792568005662, 0.0]], "shift": [[0.0, 15.562500000000004, -4.750000000000002, -3.062500000000001, -3.875000000000001, -4.312500000000001, -4.625000000000002], [-2.750000000000001, 0.0, -20.312500000000004, -18.625000000000007, -19.437500000000007, -19.875000000000004, -20.187500000000004], [-0.125, 2.6249999999999996, 0.0, 1.6875000000000002, 0.875, 0.4375, 0.125], [0.5625000000000001, 3.3125000000000004, 0.6875, 0.0, -0.8125000000000001, -1.25, -1.5625], [0.625, 3.3750000000000004, 0.75, 0.0625, 0.0, -0.4375, -0.75], [0.6875, 3.3750000000000004, 0.75, 0.0625, -0.0, 0.0, -0.3125], [0.8125000000000001, 3.5000000000000004, 0.875, 0.1875, 0.125, 0.125, 0.0]]}}}