{"pseudos": ["DOJO-041-std (Z=17)", "DOJO-041-str (Z=17)", "SPMS (Z=17)", "SG15 (Z=17)", "GBRV-1.X (Z=17)", "PSL-US-v1-high (Z=17)", "PSL-US-v1-low (Z=9)", "PSL-PAW-v1-high (Z=17)", "PSL-PAW-v1-low (Z=9)", "JTH-1.1-std (Z=17)"], "average": {"grid": {"eta": [[0.0, 1.5102419637447635, 19.785626187782697, 16.976987473863154, 9.774771618265284, 7.457853654849117, 12.52987632919724, 7.448958714939261, 12.700274326647733, 7.39651147349513], [1.407691056942697, 0.0, 21.244429057445466, 18.42117885883346, 9.982086066702571, 7.689770377609733, 11.735652894039957, 7.856691266138116, 11.721647964772648, 8.208365502772226], [17.320748787333393, 18.667738202479203, 0.0, 4.0866361080982845, 23.420818837658544, 21.928697020619207, 30.014771223589165, 21.111860391769138, 30.588790107075123, 19.416612177586664], [13.53199344818518, 14.88623133042653, 4.435723249902344, 0.0, 20.70261444125278, 18.884029269567115, 27.066611819577847, 18.08382659073915, 27.47597029805523, 16.689435291063308], [10.239142464361935, 10.464451449985638, 21.7306560379479, 18.343922650432514, 0.0, 4.101574340992046, 8.740533972325304, 4.206918575090157, 10.535014955712944, 5.407016582829711], [7.33341318322127, 7.277558532271503, 21.43667502681589, 17.75691334440412, 3.74828284458307, 0.0, 8.697819004580865, 0.9138862147345432, 9.468890761645385, 5.010975170340726], [13.512619866679398, 12.741875080696355, 29.113169103674473, 25.533771012063895, 9.456921108522149, 8.12082950077031, 0.0, 9.50469539236708, 3.7830498834362625, 11.735720594523805], [7.172193839303012, 7.2837365912544465, 20.68246979459556, 17.027623682159433, 3.4762099635557577, 0.8695984040240005, 8.894781779275545, 0.0, 10.357050239582849, 4.44040789672967], [13.664723858238032, 12.612046255324321, 30.29036214862466, 26.589764486964455, 11.809921828753051, 9.783767623777683, 3.625351083260043, 10.636941795354867, 0.0, 13.442099021590712], [7.9324407422383425, 8.644216667620478, 17.869112729669958, 14.392125110112728, 4.6735665992281, 4.6270984957274415, 12.178117116574725, 3.7802983523939164, 14.250023315851873, 0.0]], "shift": [[0.0, -1.6875000000000002, 20.062500000000004, 16.750000000000004, -0.8125000000000001, -0.375, 6.812500000000003, 0.5, 9.812500000000002, 4.750000000000002], [-1.6250000000000002, 0.0, 21.750000000000007, 18.437500000000007, 0.875, 1.375, 5.125000000000001, 2.1875000000000004, 8.125000000000002, 6.437500000000003], [18.437500000000007, 20.062500000000004, 0.0, -3.3125000000000004, -20.875000000000004, -20.375000000000004, 26.875000000000004, -19.562500000000004, 29.875000000000007, -15.312500000000007], [14.625000000000002, 16.250000000000004, -3.750000000000001, 0.0, -17.562500000000004, -17.125000000000004, 23.625000000000007, -16.250000000000004, 26.562500000000004, -12.062500000000004], [-2.0, -0.375, -20.437500000000004, -16.687500000000004, 0.0, 0.4375, 6.000000000000002, 1.3124999999999998, 9.000000000000004, 5.562500000000002], [-2.125, -0.5, -20.562500000000004, -16.812500000000004, -0.125, 0.0, 6.500000000000003, 0.875, 9.500000000000004, 5.062500000000001], [7.250000000000003, 5.625000000000002, 25.687500000000004, 21.875000000000007, 5.250000000000001, 5.125000000000001, 0.0, 7.312500000000003, -3.0, 11.562500000000004], [-1.3124999999999998, 0.3125, -19.687500000000004, -15.937500000000004, 0.75, 0.875, 5.937500000000002, 0.0, 10.312500000000002, 4.250000000000001], [11.562500000000004, 9.937500000000002, 30.000000000000007, 26.187500000000004, 9.500000000000004, 9.375000000000004, -4.312500000000001, 10.250000000000002, 0.0, 14.562500000000002], [4.562500000000002, 6.187500000000002, -13.875000000000005, -10.062500000000002, 6.625000000000003, 6.750000000000002, 11.812500000000004, 5.875000000000002, 16.125000000000004, 0.0]]}, "path": {"eta": [[0.0, 9.845649392931694, 29.118588058391325, 22.302425984630535, 20.30097091756215, 13.825356687519813, 33.27071565623963, 24.387545328723892, 34.09990929061338, 24.74620256096002], [8.634416259073824, 0.0, 29.06671703105106, 26.504102032739386, 16.934503068090855, 12.25766954556427, 26.926167824354547, 15.946756233642914, 26.682414547695963, 16.0280362482971], [26.87321067070745, 25.80466780485075, 0.0, 14.025490909299036, 38.330135142749924, 35.423398846794875, 39.382377736301414, 34.87161001966254, 51.81105629530336, 32.10016677456935], [18.281274761627433, 21.22671200417249, 13.60270178928337, 0.0, 36.314251849344814, 30.631203268720416, 42.16172648470638, 35.45928323692481, 51.02447142603289, 34.02983924342603], [17.118236083145757, 15.31359433050403, 34.0016641918288, 30.19956640539865, 0.0, 12.712276679385212, 22.21215196858077, 24.227735799011292, 28.879703073761437, 23.782451290049153], [8.973756672972462, 9.045773435416342, 31.353589242284368, 24.529670296894178, 12.222375801069733, 0.0, 26.680152604117705, 18.931776867961766, 26.785934011599345, 20.076053809949332], [26.05491786414294, 19.753739823055444, 36.52267016098021, 37.00552769208137, 15.206159466264644, 21.319340073410242, 0.0, 25.488705185870185, 29.860848507583142, 25.16467236336351], [21.143606935525725, 13.58612165424404, 29.73730451547497, 28.851676851109744, 24.139377342218676, 18.392054158408314, 21.264657149845902, 0.0, 19.00276616357096, 5.83334041851206], [30.604160392431936, 24.630191663638502, 47.4287623873852, 44.85579689992878, 28.472617084803982, 25.649238033997197, 23.25809224568, 19.508313089752534, 0.0, 22.861474603334358], [21.05701581095824, 13.308028108148088, 26.385086233945543, 26.789679427127254, 23.104579720404292, 18.665703191948555, 20.02017217401277, 4.8998221467710135, 23.065009837862657, 0.0]], "shift": [[0.0, 18.531250000000004, 38.250000000000014, 6.562500000000002, -13.90625, -19.875000000000007, -27.406250000000007, 26.187500000000007, -18.906250000000004, 30.593750000000007], [20.218750000000007, 0.0, 19.718750000000007, -11.968750000000002, -32.406250000000014, -38.375000000000014, -8.875000000000004, 7.656250000000003, -0.375, 12.093750000000004], [41.281250000000014, 21.062500000000004, 0.0, -31.718750000000007, -52.156250000000014, -58.156250000000014, 10.875000000000002, -12.031250000000004, 19.312500000000007, -7.625000000000002], [5.843750000000003, -14.375000000000007, -35.43750000000001, 0.0, -20.437500000000007, -26.4375, -20.843750000000004, 19.656250000000004, -12.375000000000005, 24.062500000000007], [-15.312500000000007, -35.50000000000001, -56.562500000000014, -21.125000000000004, 0.0, -6.000000000000002, -41.281250000000014, 40.06250000000002, -32.781250000000014, 44.46875000000003], [-23.187500000000004, -43.406250000000014, -64.46875000000001, -29.031250000000007, -7.906250000000002, 0.0, -47.281250000000014, 46.03125000000003, -38.78125000000001, 50.437500000000036], [-25.90625000000001, -5.718750000000002, 15.375000000000004, -20.093750000000004, -41.218750000000014, -49.125000000000014, 0.0, -1.2187500000000018, -8.468750000000004, 3.25], [27.03125000000001, 6.843750000000002, -14.250000000000002, 21.218750000000007, 42.31250000000002, 50.21875000000003, 1.1249999999999991, 0.0, 7.281250000000002, 4.437500000000001], [-19.28125, 0.9062499999999991, 22.000000000000004, -13.468749999999996, -34.56250000000001, -42.50000000000001, -6.625000000000002, 7.750000000000002, 0.0, 11.718750000000004], [33.062500000000014, 12.843750000000002, -8.21875, 27.21875000000001, 48.37500000000003, 56.28125000000003, 7.1562500000000036, 6.031250000000003, 13.812500000000004, 0.0]]}},