{"pseudos": ["DOJO-041-std (Z=14)", "DOJO-041-str (Z=14)", "SPMS (Z=14)", "SG15 (Z=14)", "GBRV-1.X (Z=14)", "PSL-US-v1-high (Z=14)", "PSL-PAW-v1-high (Z=14)", "JTH-1.1-std (Z=14)"], "average": {"grid": {"eta": [[0.0, 11.000704614170507, 15.845600357652888, 12.342909981337517, 20.900146673180554, 19.74216923016594, 21.26569702777406, 59.24936667263717], [6.921845210650599, 0.0, 26.042349504175608, 5.029680608691922, 10.567876031109186, 11.490633115862261, 13.74475159368105, 60.39991893375043], [13.662281489523258, 20.16007024281787, 0.0, 27.42646398864745, 36.24801163561692, 34.72893718579755, 36.584230292246126, 61.172120244966045], [7.4156036319459835, 2.1358784904441284, 20.786323133263558, 0.0, 11.222833009043871, 9.203072240188687, 11.35540827397965, 60.3344694919294], [14.11934506494062, 7.655526691632935, 27.536805059084248, 7.660927100952423, 0.0, 10.557229387304691, 10.946910907786895, 62.62900475428312], [13.403850560162946, 8.18538198559916, 26.430193561446472, 7.45043584786395, 7.275910921167629, 0.0, 4.522406118403795, 58.09844090799752], [15.693592168059208, 10.623753600354224, 28.925321378546037, 9.757347121562319, 7.590991058111043, 3.464404771804712, 0.0, 58.18156596233855], [63.35629561529742, 67.57293094943493, 58.73256646501865, 67.84978599983735, 71.22656184121206, 67.55490658734276, 68.0624737509681, 0.0]], "shift": [[0.0, 0.75, -5.000000000000001, -0.375, 4.125000000000001, 0.75, 2.750000000000001, -22.250000000000007], [9.750000000000004, 0.0, -5.750000000000002, -1.1250000000000002, 3.3750000000000013, 0.0, 2.0000000000000004, -23.062500000000007], [-15.062500000000007, -24.812500000000007, 0.0, 4.625000000000002, 9.125000000000004, 5.750000000000002, 7.750000000000003, -17.312500000000004], [7.375000000000003, -2.3750000000000004, 22.437500000000007, 0.0, 4.500000000000002, 1.1250000000000002, 3.125000000000001, -21.937500000000007], [21.125000000000004, 11.375000000000004, 36.187500000000014, 13.750000000000004, 0.0, -3.3750000000000004, -1.375, -26.43750000000001], [12.187500000000004, 2.4375000000000004, 27.250000000000004, 4.812500000000001, -8.937500000000004, 0.0, 2.0000000000000004, -23.062500000000007], [14.375000000000002, 4.625000000000002, 29.437500000000007, 7.000000000000003, -6.750000000000003, 2.1875000000000004, 0.0, -25.062500000000007], [-14.500000000000005, -24.250000000000007, 0.5, -21.875000000000007, -35.625000000000014, -26.68750000000001, -28.875000000000004, 0.0]]}, "path": {"eta": [[0.0, 12.628946828196163, 17.249071571303112, 16.525786296233765, 23.513851056305963, 23.197163624781926, 25.355073167636917, 85.85535723899733], [7.8397291201496095, 0.0, 28.63957430780432, 9.906912887580647, 11.78771851819098, 15.086673912681315, 17.85007405092643, 87.55262014225355], [16.289631406202737, 23.623095006221046, 0.0, 32.25396969572361, 39.86847132541813, 39.01791425951684, 41.615484885758875, 86.80631038870636], [8.460941233623076, 2.3749143265380925, 24.323069867543317, 0.0, 14.67636832088372, 9.817119506921795, 12.770771600476177, 86.00432400467942], [16.130694031243472, 9.019688457366964, 32.1794846903303, 9.053801052294503, 0.0, 14.777422881721643, 15.206730975535812, 89.6877957897701], [13.608972227464308, 7.952837044730626, 28.89104172206889, 7.454868771030509, 8.769365170787031, 0.0, 5.7515406353501275, 82.37156479526814], [16.341452158257166, 10.689747418552802, 32.03730764331458, 10.018418869948206, 7.815515668608737, 4.392376365980923, 0.0, 82.2742928156847], [92.80292047772288, 97.90824686597577, 85.86407346248376, 98.58097054256915, 101.73442045162078, 97.54158361894154, 98.17695550701322, 0.0]], "shift": [[0.0, 0.25, -5.062500000000001, 0.1875, 3.2500000000000013, 0.1875, 1.7500000000000002, -23.750000000000007], [10.125000000000002, 0.0, -5.250000000000001, 0.0, 3.000000000000001, -0.0625, 1.5625, -23.937500000000007], [-13.250000000000005, -23.437500000000007, 0.0, 5.250000000000001, 8.312500000000002, 5.250000000000001, 6.812500000000003, -18.687500000000007], [6.375000000000002, -3.750000000000001, 19.625000000000007, 0.0, 3.062500000000001, 0.0, 1.5625, -23.875000000000007], [21.250000000000004, 11.125000000000004, 34.50000000000001, 14.875000000000004, 0.0, -3.0625, -1.5, -27.00000000000001], [8.812500000000002, -1.375, 22.062500000000007, 2.4375000000000004, -12.437500000000004, 0.0, 1.6250000000000002, -23.937500000000007], [10.375000000000002, 0.25, 23.625000000000007, 4.000000000000001, -10.875000000000004, 1.5625, 0.0, -25.500000000000007], [-26.56250000000001, -36.687500000000014, -13.312500000000005, -32.93750000000001, -47.8125, -35.31250000000001, -36.937500000000014, 0.0]]}}, "maximum": {"grid": {"eta": [[0.0, 27.350674596382547, 42.8499181902805, 95.11352804859817, 48.608126518116784, 95.1515056246173, 88.1630429172329, 359.17789615519314], [18.350674596382547, 0.0, 70.20059278666305, 62.94568449249556, 22.916253058466882, 67.52767917441105, 73.60609412452024, 386.46607075157567], [32.7874181902805, 51.138092786663044, 0.0, 129.45010491518337, 91.45804470839728, 129.4880824912025, 135.8106235701492, 316.26547796491263], [20.62510136390618, 7.0858073394639405, 53.41251955418668, 0.0, 50.33849091910253, 38.56999865253212, 43.30602010567546, 387.49049751909934], [31.608126518116787, 17.752715161107748, 64.39554470839728, 19.206469282414393, 0.0, 56.41557528490347, 62.545723492093515, 407.7235226733099], [38.17700331558839, 32.235026818212646, 56.47036583354614, 26.766767618621287, 29.954658218946008, 0.0, 10.13706556666105, 385.9510980290022], [40.00064571379383, 34.33973909631481, 59.53946222321371, 28.59041001682672, 31.77830061715145, 6.8777446685552945, 0.0, 388.4974877160345], [366.92789615519314, 385.27857075157567, 334.07797796491263, 387.55299751909934, 398.5360226733099, 382.32609802900214, 384.6849877160345, 0.0]], "shift": [[0.0, -0.75, 5.000000000000001, 0.375, -4.125000000000001, -0.75, -2.750000000000001, 22.250000000000007], [-9.750000000000004, 0.0, 5.750000000000002, 1.1250000000000002, -3.3750000000000013, -0.0, -2.0000000000000004, 23.062500000000007], [15.062500000000007, 24.812500000000007, 0.0, -4.625000000000002, -9.125000000000004, -5.750000000000002, -7.750000000000003, 17.312500000000004], [-7.375000000000003, 2.3750000000000004, -22.437500000000007, 0.0, -4.500000000000002, -1.1250000000000002, -3.125000000000001, 21.937500000000007], [-21.125000000000004, -11.375000000000004, -36.187500000000014, -13.750000000000004, 0.0, 3.3750000000000004, 1.375, 26.43750000000001], [-12.187500000000004, -2.4375000000000004, -27.250000000000004, -4.812500000000001, 8.937500000000004, 0.0, -2.0000000000000004, 23.062500000000007], [-14.375000000000002, -4.625000000000002, -29.437500000000007, -7.000000000000003, 6.750000000000003, -2.1875000000000004, 0.0, 25.062500000000007], [14.500000000000005, 24.250000000000007, -0.5, 21.875000000000007, 35.625000000000014, 26.68750000000001, 28.875000000000004, 0.0]]},