{"pseudos": ["PSL-US-v1-high-32", "PSL-US-v1-low-11", "PSL-PAW-v1-high-32", "PSL-PAW-v1-low-11", "JTH-1.1-std-22", "Wentzcovitch-22"], "v_distance": {"grid": {"eta": [[0.0, 16967.17850577913, 14.478083200384239, 16966.991457368706, 119.13665182902365, 97.72155596350166], [28656.729109523654, 0.0, 16967.683581648726, 0.19311006339809642, 16966.024553938092, 16966.667456984185], [20.942945706867476, 28656.584138048365, 0.0, 16967.49653117761, 114.30639602396876, 93.14129395384565], [28656.31173058684, 0.3548810804983873, 28656.229259111555, 0.0, 16965.837403617323, 16966.480363504867], [156.6077195002116, 28631.319373148526, 160.367163023047, 28630.964494597807, 0.0, 22.667197124817132], [143.56573267548316, 28643.335778990873, 147.32516091640596, 28642.980900054063, 33.63129472173286, 0.0]], "shift": [[0.0, 22312.312500000025, 5.250000000000001, 22312.125000000025, 103.81250000000006, 84.75000000000004], [-22312.312500000025, 0.0, 22311.93750000003, 0.25, 22336.875000000025, 22323.375000000025], [-5.250000000000001, -22311.93750000003, 0.0, 22311.687500000025, 99.43750000000007, 80.37500000000004], [-22312.125000000025, -0.25, -22311.687500000025, 0.0, 22336.625000000022, 22323.125000000025], [-103.81250000000006, -22336.875000000025, -99.43750000000007, -22336.625000000022, 0.0, 19.000000000000007], [-84.75000000000004, -22323.375000000025, -80.37500000000004, -22323.125000000025, -19.000000000000007, 0.0]]}, "path": {"eta": [[0.0, 1696.7178505779132, 1.447808320038424, 1696.6991457368706, 11.913665182902365, 9.772155596350165], [2865.6729109523653, 0.0, 1696.7683581648726, 0.01931100633980964, 1696.6024553938091, 1696.6667456984185], [2.0942945706867477, 2865.6584138048365, 0.0, 1696.749653117761, 11.430639602396877, 9.314129395384565], [2865.631173058684, 0.03548810804983873, 2865.6229259111556, 0.0, 1696.5837403617322, 1696.6480363504866], [15.66077195002116, 2863.1319373148526, 16.0367163023047, 2863.0964494597806, 0.0, 2.2667197124817133], [14.356573267548317, 2864.3335778990872, 14.732516091640596, 2864.2980900054063, 3.3631294721732856, 0.0]], "shift": [[0.0, 2231.2312500000025, 0.5250000000000001, 2231.2125000000024, 10.381250000000005, 8.475000000000005], [-2231.2312500000025, 0.0, 2231.193750000003, 0.025, 2233.6875000000027, 2232.3375000000024], [-0.5250000000000001, -2231.193750000003, 0.0, 2231.1687500000025, 9.943750000000007, 8.037500000000005], [-2231.2125000000024, -0.025, -2231.1687500000025, 0.0, 2233.662500000002, 2232.3125000000027], [-10.381250000000005, -2233.6875000000027, -9.943750000000007, -2233.662500000002, 0.0, 1.9000000000000008], [-8.475000000000005, -2232.3375000000024, -8.037500000000005, -2232.3125000000027, -1.9000000000000008, 0.0]]}}, "v10_distance": {"grid": {"eta": [[0.0, 16814.397514283886, 11.774189344495557, 16814.228768987672, 100.48779645392057, 78.76582183207599], [41139.604109523665, 0.0, 16813.556181847696, 0.18084917085132932, 16825.804123884507, 16825.747241471927], [21.880445706867476, 41137.45913804838, 0.0, 16813.38743861997, 96.90460586010596, 75.15209855559533], [41139.06173058686, 0.4798810804983873, 41136.91675911157, 0.0, 16825.6353340288, 16825.57848333695], [392.4331238380656, 41157.56937314853, 392.6051989622562, 41157.02699459782, 0.0, 27.76818405978603], [167.6282326754832, 41155.52327899089, 168.07516091640596, 41155.04340005408, 227.2330547095068, 0.0]], "shift": [[0.0, 9829.43750000001, 4.312500000000001, 9829.37500000001, 70.31250000000003, 60.68750000000003], [-9829.43750000001, 0.0, 9831.062500000011, 0.125, 9810.625000000013, 9811.187500000011], [-4.312500000000001, -9831.062500000011, 0.0, 9831.000000000011, 69.18750000000004, 59.62500000000003], [-9829.37500000001, -0.125, -9831.000000000011, 0.0, 9810.562500000013, 9811.062500000011], [-70.31250000000003, -9810.625000000013, -69.18750000000004, -9810.562500000013, 0.0, 9.562500000000004], [-60.68750000000003, -9811.187500000011, -59.62500000000003, -9811.062500000011, -9.562500000000004, 0.0]]}, "path": {"eta": [[0.0, 1681.4397514283887, 1.1774189344495558, 1681.4228768987673, 10.048779645392056, 7.876582183207598], [4113.960410952366, 0.0, 1681.3556181847696, 0.01808491708513293, 1682.5804123884507, 1682.5747241471927], [2.1880445706867477, 4113.745913804838, 0.0, 1681.338743861997, 9.690460586010596, 7.515209855559533], [4113.906173058685, 0.04798810804983873, 4113.691675911157, 0.0, 1682.56353340288, 1682.5578483336951], [39.24331238380656, 4115.756937314853, 39.260519896225624, 4115.702699459782, 0.0, 2.776818405978603], [16.76282326754832, 4115.5523278990895, 16.807516091640597, 4115.504340005407, 22.72330547095068, 0.0]], "shift": [[0.0, 982.9437500000009, 0.4312500000000001, 982.9375000000009, 7.031250000000003, 6.068750000000003], [-982.9437500000009, 0.0, 983.1062500000011, 0.0125, 981.0625000000013, 981.1187500000011], [-0.4312500000000001, -983.1062500000011, 0.0, 983.100000000001, 6.918750000000005, 5.962500000000003], [-982.9375000000009, -0.0125, -983.100000000001, 0.0, 981.0562500000012, 981.1062500000011], [-7.031250000000003, -981.0625000000013, -6.918750000000005, -981.0562500000012, 0.0, 0.9562500000000004], [-6.068750000000003, -981.1187500000011, -5.962500000000003, -981.1062500000011, -0.9562500000000004, 0.0]]}}}