{"pseudos": ["DOJO-041-std-2", "SPMS-2", "SG15-2", "PSL-US-v1-high-2", "PSL-PAW-v1-high-2", "JTH-1.1-std-2"], "v_distance": {"grid": {"eta": [[0.0, 0.021084140839021857, 0.016378731231751428, 0.025600780610327462, 0.031394689165276074, 0.032988118303566745], [0.022446228919704936, 0.0, 0.033136668763007686, 0.011345092209537961, 0.020254088672750244, 0.01893512034366571], [0.041926431157593425, 0.057667058052698894, 0.0, 0.035443079220190334, 0.029123015140893372, 0.03510401131255513], [0.035215802864536905, 0.04661371307709827, 0.06747649461626148, 0.0, 0.012703131661133219, 0.008383233924281287], [0.08922665075217912, 0.04612682575078769, 0.06175453299411132, 0.01632290939331682, 0.0, 0.008688664158536356], [0.06487815663386298, 0.08427833163247161, 0.08545172547626831, 0.03766461855537334, 0.03815150588168392, 0.0]], "shift": [[0.0, -0.0625, -45.125000000000014, -10.125000000000002, -10.000000000000002, -43.750000000000014], [0.0625, 0.0, -45.125000000000014, -10.062500000000002, -10.000000000000002, -43.687500000000014], [45.125000000000014, 45.125000000000014, 0.0, 35.06250000000001, 35.12500000000001, 1.4375], [10.125000000000002, 10.062500000000002, -35.06250000000001, 0.0, 0.0625, -33.62500000000001], [10.000000000000002, 10.000000000000002, -35.12500000000001, -0.0625, 0.0, -33.68750000000001], [43.750000000000014, 43.687500000000014, -1.4375, 33.62500000000001, 33.68750000000001, 0.0]]}, "path": {"eta": [[0.0, 0.02291532252246872, 0.02997244043796103, 0.03439226302481237, 0.03803393424611119, 0.04162600431429691], [0.026195478522630825, 0.0, 0.023051786660652128, 0.020218747962380646, 0.029857966371442234, 0.031868343214029995], [0.04213605969819595, 0.05180535183628432, 0.0, 0.03227496283644362, 0.036186341451002746, 0.04149342049297561], [0.04969456783608661, 0.036905769318001935, 0.057650462623751175, 0.0, 0.012609651636912769, 0.012590074623226786], [0.07895608237359908, 0.041639550993226304, 0.05280241412124881, 0.01763109364934934, 0.0, 0.015128000684189418], [0.054245971314266235, 0.06836038942115863, 0.06852810529294623, 0.03145462010315653, 0.03148067807257071, 0.0]], "shift": [[0.0, -0.125, -45.187500000000014, -10.187500000000002, -10.062500000000002, -0.3125], [0.125, 0.0, -45.125000000000014, -10.062500000000002, -10.000000000000002, -0.1875], [45.187500000000014, 45.125000000000014, 0.0, 35.06250000000001, 35.12500000000001, 44.937500000000014], [10.187500000000002, 10.062500000000002, -35.06250000000001, 0.0, 0.0625, 9.875000000000002], [10.062500000000002, 10.000000000000002, -35.12500000000001, -0.0625, 0.0, 9.812500000000002], [0.3125, 0.1875, -44.937500000000014, -9.875000000000002, -9.812500000000002, 0.0]]}}, "v10_distance": {"grid": {"eta": [[0.0, 0.02107311283070133, 1.527469621152389, 0.3240954703885601, 0.31766361459892895, 0.13250298152498824], [0.022446228919704936, 0.0, 1.5276665548179005, 0.3248374014995181, 0.3188835303185881, 0.12917820730614657], [0.16692643115759354, 0.12382660615620211, 0.0, 1.204609087250599, 1.2111867887575989, 1.4869641516299275], [0.0897135380784897, 0.04661371307709827, 0.12318017234919099, 0.0, 0.013848334519432836, 0.24821253865095386], [0.08922665075217912, 0.10862682575078775, 0.13950308174250775, 0.01632290939331682, 0.0, 0.2424412094988346], [0.12737815663386304, 0.08427833163247161, 0.1307299060596067, 0.03766461855537334, 0.03815150588168392, 0.0]], "shift": [[0.0, -0.0625, -45.000000000000014, -10.062500000000002, -10.000000000000002, -43.687500000000014], [0.0625, 0.0, -45.000000000000014, -10.062500000000002, -9.937500000000002, -43.687500000000014], [45.000000000000014, 45.000000000000014, 0.0, 34.93750000000001, 35.00000000000001, 1.3124999999999998], [10.062500000000002, 10.062500000000002, -34.93750000000001, 0.0, 0.0625, -33.62500000000001], [10.000000000000002, 9.937500000000002, -35.00000000000001, -0.0625, 0.0, -33.68750000000001], [43.687500000000014, 43.687500000000014, -1.3124999999999998, 33.62500000000001, 33.68750000000001, 0.0]]}, "path": {"eta": [[0.0, 0.0255098051767646, 1.725480941290229, 0.363061410961373, 0.3555318821128206, 0.19663098748239594], [0.026195478522630825, 0.0, 1.7224736390908595, 0.3612892815505729, 0.3533671496704876, 0.2003733442196339], [0.16713605969819606, 0.13003374973666326, 0.0, 1.3645354937185648, 1.3730697953261064, 1.618958241743669], [0.07899286979411863, 0.036905769318001935, 0.15318021535987159, 0.0, 0.015024689808389695, 0.29173298806556736], [0.07895608237359908, 0.09937971134858781, 0.17080499357571138, 0.01763109364934934, 0.0, 0.28144929553561177], [0.054245971314266235, 0.06836038942115863, 0.15795309752943826, 0.07133967555161824, 0.05970865389351952, 0.0]], "shift": [[0.0, -0.125, -45.062500000000014, -10.125000000000002, -10.062500000000002, -0.3125], [0.125, 0.0, -45.000000000000014, -10.062500000000002, -9.937500000000002, -0.1875], [45.062500000000014, 45.000000000000014, 0.0, 34.93750000000001, 35.00000000000001, 44.812500000000014], [10.125000000000002, 10.062500000000002, -34.93750000000001, 0.0, 0.0625, 9.812500000000002], [10.062500000000002, 9.937500000000002, -35.00000000000001, -0.0625, 0.0, 9.750000000000004], [0.3125, 0.1875, -44.812500000000014, -9.812500000000002, -9.750000000000004, 0.0]]}}}