{"pseudos": ["DOJO-041-std-8", "SPMS-8", "SG15-8", "PSL-US-v1-high-18", "PSL-PAW-v1-high-18", "JTH-1.1-std-8"], "v_distance": {"grid": {"eta": [[0.0, 0.03957036833669677, 0.01723428222760458, 0.14454198027453574, 0.13825726371871663, 0.25229849088376727], [0.0580334257428774, 0.0, 0.03236113230814619, 0.10809436505553152, 0.10011847925475362, 0.21480410425933652], [0.03148078547144176, 0.06174347888724882, 0.0, 0.1391096227562967, 0.13064774042083124, 0.2449240229395414], [0.2579450410380435, 0.19993779141591617, 0.26168127030334887, 0.0, 0.1330845867678433, 0.11090901798353854], [0.22764498013216894, 0.1696377305100416, 0.23138120939725226, 0.17913656410692771, 0.0, 0.11559045769667582], [0.4245259953294736, 0.36649256958659615, 0.42812173171511564, 0.208937252967889, 0.19694114043544708, 0.0]], "shift": [[0.0, -0.0625, -7.000000000000003, 1467.0625000000016, 1473.5000000000014, 24.875], [0.0625, 0.0, -6.937500000000003, 1467.1250000000016, 1473.5625000000014, 24.9375], [7.000000000000003, 6.937500000000003, 0.0, 1474.0625000000014, 1480.5000000000016, 31.875000000000007], [-1467.0625000000016, -1467.1250000000016, -1474.0625000000014, 0.0, 6.250000000000002, 1442.1875000000016], [-1473.5000000000014, -1473.5625000000014, -1480.5000000000016, -6.250000000000002, 0.0, 1448.6250000000014], [-24.875, -24.9375, -31.875000000000007, -1442.1875000000016, -1448.6250000000014, 0.0]]}, "path": {"eta": [[0.0, 0.003957036833669677, 0.001723428222760458, 0.014454198027453574, 0.013825726371871664, 0.025229849088376728], [0.00580334257428774, 0.0, 0.003236113230814619, 0.010809436505553152, 0.010011847925475362, 0.02148041042593365], [0.003148078547144176, 0.006174347888724882, 0.0, 0.01391096227562967, 0.013064774042083125, 0.024492402293954142], [0.02579450410380435, 0.019993779141591617, 0.026168127030334887, 0.0, 0.013308458676784329, 0.011090901798353854], [0.022764498013216894, 0.01696377305100416, 0.023138120939725226, 0.01791365641069277, 0.0, 0.011559045769667582], [0.04245259953294736, 0.036649256958659615, 0.042812173171511564, 0.0208937252967889, 0.019694114043544708, 0.0]], "shift": [[0.0, -0.00625, -0.7000000000000003, 146.70625000000015, 147.35000000000014, 2.4875], [0.00625, 0.0, -0.6937500000000003, 146.71250000000015, 147.35625000000013, 2.49375], [0.7000000000000003, 0.6937500000000003, 0.0, 147.40625000000014, 148.05000000000015, 3.187500000000001], [-146.70625000000015, -146.71250000000015, -147.40625000000014, 0.0, 0.6250000000000002, 144.21875000000017], [-147.35000000000014, -147.35625000000013, -148.05000000000015, -0.6250000000000002, 0.0, 144.86250000000013], [-2.4875, -2.49375, -3.187500000000001, -144.21875000000017, -144.86250000000013, 0.0]]}}, "v10_distance": {"grid": {"eta": [[0.0, 0.11957662520996798, 1.714494390399936, 0.3310965976230127, 1.234043074004939, 8.558920028474374], [0.5495870754869543, 0.0, 1.7241438888163507, 0.3429398090091245, 1.19103730225824, 8.520944194174566], [7.908585863303886, 8.02622756352048, 0.0, 0.7828204960649878, 1.6435853146501298, 8.94167415163842], [1.4197821605050898, 1.6552961840690106, 3.398102508888279, 0.0, 1.0067853530324404, 8.537601587799841], [5.882952207549641, 6.066484758491697, 6.240303610411058, 6.3985791149334705, 0.0, 7.314776140742334], [42.729759367156156, 42.91329191809828, 42.684121968606796, 42.995386274540024, 36.9093071596065, 0.0]], "shift": [[0.0, -0.125, -6.187500000000002, 1467.1250000000016, 1472.6250000000014, 19.000000000000007], [0.125, 0.0, -6.062500000000002, 1467.2500000000016, 1472.7500000000014, 19.125000000000007], [6.187500000000002, 6.062500000000002, 0.0, 1473.6875000000014, 1479.1875000000014, 25.1875], [-1467.1250000000016, -1467.2500000000016, -1473.6875000000014, 0.0, 5.812500000000002, 1448.0625000000014], [-1472.6250000000014, -1472.7500000000014, -1479.1875000000014, -5.812500000000002, 0.0, 1453.5625000000014], [-19.000000000000007, -19.125000000000007, -25.1875, -1448.0625000000014, -1453.5625000000014, 0.0]]}, "path": {"eta": [[0.0, 0.011957662520996799, 0.1714494390399936, 0.03310965976230127, 0.1234043074004939, 0.8558920028474374], [0.05495870754869543, 0.0, 0.17241438888163507, 0.03429398090091245, 0.11910373022582399, 0.8520944194174567], [0.7908585863303885, 0.802622756352048, 0.0, 0.07828204960649879, 0.16435853146501297, 0.894167415163842], [0.14197821605050898, 0.16552961840690106, 0.3398102508888279, 0.0, 0.10067853530324404, 0.8537601587799841], [0.5882952207549641, 0.6066484758491697, 0.6240303610411058, 0.639857911493347, 0.0, 0.7314776140742334], [4.272975936715616, 4.291329191809828, 4.268412196860679, 4.299538627454003, 3.6909307159606497, 0.0]], "shift": [[0.0, -0.0125, -0.6187500000000001, 146.71250000000015, 147.26250000000013, 1.9000000000000008], [0.0125, 0.0, -0.6062500000000002, 146.72500000000016, 147.27500000000015, 1.9125000000000008], [0.6187500000000001, 0.6062500000000002, 0.0, 147.36875000000015, 147.91875000000013, 2.51875], [-146.71250000000015, -146.72500000000016, -147.36875000000015, 0.0, 0.5812500000000002, 144.80625000000015], [-147.26250000000013, -147.27500000000015, -147.91875000000013, -0.5812500000000002, 0.0, 145.35625000000013], [-1.9000000000000008, -1.9125000000000008, -2.51875, -144.80625000000015, -145.35625000000013, 0.0]]}}}