{"pseudos": ["DOJO-041-std-15", "DOJO-041-str-15", "SPMS-15", "SG15-15", "GBRV-1.X-15", "PSL-US-v1-high-15", "PSL-PAW-v1-high-15", "JTH-1.1-std-15"], "v_distance": {"grid": {"eta": [[0.0, 6.0374786690330895, 9.298186576409861, 8.829173317049722, 15.221287699993855, 15.232334025784638, 16.233786778578736, 9.744307844555706], [12.788974425775788, 0.0, 14.196272792899421, 14.554067301777243, 9.643657259483167, 10.420935811279099, 11.336879353471373, 5.976876963409507], [22.96155525951383, 35.75050253354743, 0.0, 4.4401470328263395, 21.46044158981926, 20.08235506726061, 21.206224489700393, 16.126011471489985], [21.113919888860096, 33.90248116683369, 14.8303516102645, 0.0, 23.02879248299392, 22.085059721443187, 23.216090958625873, 17.04566880083622], [29.406715593978394, 21.943971223856696, 48.25751619217498, 46.34740120474703, 0.0, 4.468203456072358, 4.391577065643842, 8.33738807662133], [26.665613640770495, 19.202869270648794, 41.75059755213749, 39.90212954326227, 24.561690216340285, 0.0, 1.4762429875665912, 9.590301924415744], [29.534271359687214, 22.071526989565513, 43.96510503229706, 42.05407383776957, 24.066639419437053, 3.698518926626349, 0.0, 10.402274234330353], [31.411213819830504, 23.9484694497088, 36.3614926996232, 41.09903269421506, 23.750136032318384, 24.5797722014629, 26.90796677988213, 0.0]], "shift": [[0.0, 7.750000000000003, -1.1875000000000002, -4.875000000000001, 20.125000000000004, 18.062500000000007, 17.000000000000004, 18.062500000000007], [-7.750000000000003, 0.0, -8.937500000000004, -12.625000000000004, 12.375000000000004, 10.312500000000002, 9.250000000000004, 10.312500000000002], [1.1875000000000002, 8.937500000000004, 0.0, -3.750000000000001, 21.250000000000004, 19.250000000000007, 18.125000000000007, 19.250000000000007], [4.875000000000001, 12.625000000000004, 3.750000000000001, 0.0, 25.0, 22.937500000000007, 21.875000000000007, 22.937500000000007], [-20.125000000000004, -12.375000000000004, -21.250000000000004, -25.0, 0.0, -2.0625, -3.125, -2.0625], [-18.062500000000007, -10.312500000000002, -19.250000000000007, -22.937500000000007, 2.0625, 0.0, -1.0625, 0.0], [-17.000000000000004, -9.250000000000004, -18.125000000000007, -21.875000000000007, 3.125, 1.0625, 0.0, 1.0625], [-18.062500000000007, -10.312500000000002, -19.250000000000007, -22.937500000000007, 2.0625, -0.0, -1.0625, 0.0]]}, "path": {"eta": [[0.0, 0.603747866903309, 0.9298186576409861, 0.8829173317049722, 1.5221287699993855, 1.5232334025784637, 1.6233786778578736, 0.9744307844555706], [1.2788974425775788, 0.0, 1.419627279289942, 1.4554067301777243, 0.9643657259483167, 1.04209358112791, 1.1336879353471372, 0.5976876963409506], [2.296155525951383, 3.5750502533547435, 0.0, 0.4440147032826339, 2.146044158981926, 2.008235506726061, 2.1206224489700394, 1.6126011471489985], [2.1113919888860098, 3.390248116683369, 1.48303516102645, 0.0, 2.302879248299392, 2.2085059721443185, 2.3216090958625872, 1.7045668800836222], [2.940671559397839, 2.1943971223856695, 4.825751619217498, 4.634740120474703, 0.0, 0.44682034560723577, 0.43915770656438424, 0.833738807662133], [2.6665613640770496, 1.9202869270648795, 4.175059755213749, 3.990212954326227, 2.4561690216340284, 0.0, 0.1476242987566591, 0.9590301924415744], [2.953427135968721, 2.207152698956551, 4.396510503229706, 4.205407383776957, 2.4066639419437053, 0.3698518926626349, 0.0, 1.0402274234330353], [3.1411213819830506, 2.39484694497088, 3.6361492699623197, 4.1099032694215065, 2.3750136032318383, 2.45797722014629, 2.690796677988213, 0.0]], "shift": [[0.0, 0.7750000000000002, -0.11875000000000002, -0.4875000000000001, 2.0125, 1.8062500000000008, 1.7000000000000004, 1.8062500000000008], [-0.7750000000000002, 0.0, -0.8937500000000004, -1.2625000000000004, 1.2375000000000003, 1.0312500000000002, 0.9250000000000004, 1.0312500000000002], [0.11875000000000002, 0.8937500000000004, 0.0, -0.3750000000000001, 2.1250000000000004, 1.9250000000000007, 1.8125000000000007, 1.9250000000000007], [0.4875000000000001, 1.2625000000000004, 0.3750000000000001, 0.0, 2.5, 2.2937500000000006, 2.187500000000001, 2.2937500000000006], [-2.0125, -1.2375000000000003, -2.1250000000000004, -2.5, 0.0, -0.20625, -0.3125, -0.20625], [-1.8062500000000008, -1.0312500000000002, -1.9250000000000007, -2.2937500000000006, 0.20625, 0.0, -0.10625, 0.0], [-1.7000000000000004, -0.9250000000000004, -1.8125000000000007, -2.187500000000001, 0.3125, 0.10625, 0.0, 0.10625], [-1.8062500000000008, -1.0312500000000002, -1.9250000000000007, -2.2937500000000006, 0.20625, -0.0, -0.10625, 0.0]]}}, "v10_distance": {"grid": {"eta": [[0.0, 6.263989430964945, 8.057483423442925, 8.464559901111327, 17.37800355131275, 16.119115459975127, 16.79785191168334, 14.488706036043517], [14.85147442577579, 0.0, 12.944812757642389, 14.166318348021425, 11.571355523748995, 11.027383358697202, 11.720272340218473, 10.260687042769996], [23.46155525951383, 38.313002533547426, 0.0, 4.866323926277012, 22.206584526893195, 20.06554098690543, 20.900815095260242, 18.777994770220257], [27.09031732562579, 37.714981166833695, 23.495774920044088, 0.0, 24.543013331255455, 22.18988341270657, 23.009664292270404, 20.09939830882635], [31.927666068805248, 22.974143145879058, 55.44501619217498, 54.84740120474703, 0.0, 6.579261931395961, 6.641880219984413, 9.119032789290273], [34.719286682932356, 35.03088362226532, 46.938097552137485, 46.33962954326228, 36.09937649416898, 0.0, 1.5604327281665016, 8.760938707260335], [34.66338616534946, 34.97498310468242, 48.96510503229705, 48.36657383776957, 36.04347597658608, 4.7310713948122896, 0.0, 9.396530186614912], [42.97179155979915, 43.283388499132116, 42.8111511501397, 42.91091821146213, 44.35188137103577, 25.5797722014629, 28.03296677988213, 0.0]], "shift": [[0.0, 5.687500000000002, -0.6875, -3.125, 13.437500000000005, 13.375000000000005, 12.437500000000004, 12.375000000000004], [-5.687500000000002, 0.0, -6.375000000000002, -8.812500000000002, 7.750000000000003, 7.6875000000000036, 6.750000000000002, 6.687500000000003], [0.6875, 6.375000000000002, 0.0, -2.4375000000000004, 14.062500000000002, 14.062500000000002, 13.125000000000005, 13.062500000000005], [3.125, 8.812500000000002, 2.4375000000000004, 0.0, 16.500000000000004, 16.500000000000004, 15.562500000000004, 15.500000000000004], [-13.437500000000005, -7.750000000000003, -14.062500000000002, -16.500000000000004, 0.0, -0.0625, -1.0, -1.0625], [-13.375000000000005, -7.6875000000000036, -14.062500000000002, -16.500000000000004, 0.0625, 0.0, -0.9375, -1.0], [-12.437500000000004, -6.750000000000002, -13.125000000000005, -15.562500000000004, 1.0, 0.9375, 0.0, -0.0625], [-12.375000000000004, -6.687500000000003, -13.062500000000005, -15.500000000000004, 1.0625, 1.0, 0.0625, 0.0]]}, "path": {"eta": [[0.0, 0.6263989430964945, 0.8057483423442925, 0.8464559901111327, 1.737800355131275, 1.6119115459975126, 1.679785191168334, 1.4488706036043517], [1.485147442577579, 0.0, 1.2944812757642388, 1.4166318348021425, 1.1571355523748994, 1.1027383358697203, 1.1720272340218474, 1.0260687042769996], [2.346155525951383, 3.8313002533547427, 0.0, 0.4866323926277012, 2.2206584526893196, 2.006554098690543, 2.090081509526024, 1.8777994770220257], [2.709031732562579, 3.7714981166833694, 2.349577492004409, 0.0, 2.4543013331255454, 2.218988341270657, 2.3009664292270404, 2.009939830882635], [3.1927666068805247, 2.297414314587906, 5.544501619217498, 5.484740120474703, 0.0, 0.6579261931395961, 0.6641880219984413, 0.9119032789290273], [3.4719286682932355, 3.5030883622265323, 4.693809755213748, 4.633962954326227, 3.609937649416898, 0.0, 0.15604327281665015, 0.8760938707260335], [3.4663386165349457, 3.4974983104682424, 4.896510503229705, 4.8366573837769575, 3.604347597658608, 0.47310713948122896, 0.0, 0.9396530186614912], [4.297179155979915, 4.328338849913211, 4.28111511501397, 4.291091821146213, 4.4351881371035775, 2.5579772201462903, 2.803296677988213, 0.0]],