{"pseudos": ["DOJO-041-std-14", "SPMS-14", "SG15-14", "GBRV-1.X-14", "PSL-US-v1-high-14", "PSL-US-v0.x-14", "PSL-PAW-v0.x-14", "PSL-PAW-v1-high-14", "JTH-1.1-std-14"], "v_distance": {"eta": [[0.0, 21.080584971062077, 7.416643514650047, 4.964446516277442, 2.009780203687198, 3.7263785647565486, 4.064498412058746, 2.930398727772907, 2.6468888786552016], [28.16383196141522, 0.0, 14.561430016511826, 25.87612020218872, 22.71503594339147, 24.68626628654742, 24.964871850921817, 23.632238603497726, 20.69559772772822], [14.155858399154226, 27.256482128423645, 0.0, 12.293187923224789, 9.107120867717974, 10.981256525548332, 11.342380297363526, 10.114436704853883, 8.056321212914684], [9.87533910250049, 38.00892032855726, 21.884684557087326, 0.0, 3.624001658703105, 1.967324258193804, 1.7927263181548247, 2.8128360695240286, 5.572821463808026], [6.578060251560431, 32.81731778306824, 16.782689792791416, 9.135420150829958, 0.0, 2.313540247002199, 2.644855034230874, 1.1928019613171712, 3.048293785997355], [8.213488386191045, 34.99724210258231, 20.379872792256375, 7.717382718502507, 8.8761904395285, 0.0, 0.4608611412958892, 1.4743612786020948, 4.72629803438698], [8.463020362662093, 35.55282984721692, 21.506228181870878, 7.9669146949735525, 8.965936975790955, 1.0638553896145027, 0.0, 1.6755073989263467, 4.9008409459413755], [8.447462276739799, 35.56258708104591, 19.213198392472407, 8.714228519313764, 2.882645194627088, 8.377010194336833, 8.354435342348495, 0.0, 3.531740761739951], [9.865284012749397, 38.02911597416461, 21.34821764767332, 12.430185845662324, 10.056964909356513, 11.826689617012109, 11.916436153274562, 11.244686793186364, 0.0]], "shift": [[0.0, 22.562500000000007, 2.812500000000001, -1.0, -1.3124999999999998, -4.562500000000001, -4.375000000000001, -1.875, 5.687500000000002], [-22.562500000000007, 0.0, -19.750000000000004, -23.562500000000007, -23.937500000000007, -27.12500000000001, -26.93750000000001, -24.500000000000007, -16.875000000000004], [-2.812500000000001, 19.750000000000004, 0.0, -3.875000000000001, -4.187500000000001, -7.4375000000000036, -7.187500000000003, -4.750000000000001, 2.875000000000001], [1.0, 23.562500000000007, 3.875000000000001, 0.0, -0.3125, -3.5625000000000004, -3.3750000000000004, -0.875, 6.750000000000002], [1.3124999999999998, 23.937500000000007, 4.187500000000001, 0.3125, 0.0, -3.2500000000000004, -3.0000000000000004, -0.5625000000000001, 7.062500000000003], [4.562500000000001, 27.12500000000001, 7.4375000000000036, 3.5625000000000004, 3.2500000000000004, 0.0, 0.1875, 2.6875000000000004, 10.312500000000002], [4.375000000000001, 26.93750000000001, 7.187500000000003, 3.3750000000000004, 3.0000000000000004, -0.1875, 0.0, 2.4375000000000004, 10.062500000000002], [1.875, 24.500000000000007, 4.750000000000001, 0.875, 0.5625000000000001, -2.6875000000000004, -2.4375000000000004, 0.0, 7.6250000000000036], [-5.687500000000002, 16.875000000000004, -2.875000000000001, -6.750000000000002, -7.062500000000003, -10.312500000000002, -10.062500000000002, -7.6250000000000036, 0.0]]}, "v10_distance": {"eta": [[0.0, 20.00139012394599, 6.970041776033031, 5.3090157463533725, 3.0454915263329707, 4.0450759317987925, 4.150926625667006, 3.8572092652355026, 3.5099643764062285], [33.491661935978065, 0.0, 14.928081851709228, 23.947152473062868, 21.70877550197081, 23.839288651495437, 23.914396345608495, 22.600363283302492, 19.949123836293104], [34.364352031138594, 52.708254838904374, 0.0, 11.854452527555123, 8.803339959022123, 10.273206858795115, 10.415970435443182, 9.642846529453735, 8.531293575556196], [43.132297409697145, 41.47048809391117, 77.49664944083574, 0.0, 4.403678587378942, 4.1980488625679815, 4.0639674354873785, 3.997472087129624, 5.58567289132088], [17.06767598828725, 36.618493329615255, 47.144609197444595, 50.66563389430959, 0.0, 3.3240144922685255, 3.3907724052720463, 1.341326385548834, 4.634267074204649], [7.849014393102151, 41.34067632908022, 28.178258341663394, 49.318391099172345, 22.327362933201105, 0.0, 0.5271487899480096, 2.8564073749251095, 5.358675163948905], [8.725369782716655, 42.21703171869472, 27.43401312844381, 50.06263631239193, 22.80989406250004, 1.4779448726223166, 0.0, 2.802575358325834, 5.448403699667489], [17.04784099865961, 39.236501929296246, 46.69614014643605, 51.382924483028745, 2.9558679570700974, 21.81639388197584, 22.361425011221485, 0.0, 5.038876587644016], [31.335729597682533, 35.73564769505606, 65.76258162882112, 28.517005144349692, 38.93156608229498, 37.52182328715773, 38.266068500377315, 39.58635667101414, 0.0]], "shift": [[0.0, 16.437500000000004, 1.8750000000000004, -0.8125000000000001, -0.875, -3.0000000000000004, -3.0, -1.25, 5.875000000000002], [-16.437500000000004, 0.0, -14.562500000000005, -17.250000000000004, -17.312500000000004, -19.437500000000007, -19.437500000000007, -17.687500000000004, -10.500000000000002], [-1.8750000000000004, 14.562500000000005, 0.0, -2.6875, -2.75, -4.875000000000001, -4.875000000000001, -3.0625, 4.062500000000001], [0.8125000000000001, 17.250000000000004, 2.6875, 0.0, -0.0625, -2.1875, -2.1875, -0.4375, 6.687500000000003], [0.875, 17.312500000000004, 2.75, 0.0625, 0.0, -2.125, -2.0625, -0.3125, 6.812500000000003], [3.0000000000000004, 19.437500000000007, 4.875000000000001, 2.1875, 2.125, 0.0, 0.0, 1.7500000000000002, 8.875000000000004], [3.0, 19.437500000000007, 4.875000000000001, 2.1875, 2.0625, -0.0, 0.0, 1.7500000000000002, 8.875000000000004], [1.25, 17.687500000000004, 3.0625, 0.4375, 0.3125, -1.7500000000000002, -1.7500000000000002, 0.0, 7.125000000000003], [-5.875000000000002, 10.500000000000002, -4.062500000000001, -6.687500000000003, -6.812500000000003, -8.875000000000004, -8.875000000000004, -7.125000000000003, 0.0]]}}