{"pseudos": ["DOJO-041-std (Z=13)", "SPMS (Z=13)", "SG15 (Z=13)", "GBRV-1.X (Z=13)", "PSL-US-v1-high (Z=13)", "PSL-US-v0.x (Z=13)", "PSL-PAW-v0.x (Z=13)", "PSL-PAW-v1-high (Z=13)", "JTH-1.1-std (Z=13)"], "average": {"grid": {"eta": [[0.0, 2.0640926268880992, 1.768573555526354, 3.725006873192226, 1.7267109478954425, 2.064352197540211, 1.9421402435997617, 1.9260208301971509, 3.8696392125696573], [0.7478251869648219, 0.0, 1.6959809307086116, 5.705629992126144, 1.7627051838055583, 2.2471571144052724, 2.206100569550482, 2.066517529794366, 5.786794609897937], [1.188955501386373, 1.5970309206788098, 0.0, 4.939335030686982, 0.39927374211123445, 0.8187289064160852, 0.7333595948845663, 0.6967085953170575, 5.0242800982106015], [1.1641688120141995, 1.7714473468941827, 1.5471549223434107, 0.0, 4.821000315509734, 4.731740352576591, 4.616774402760631, 4.705760213648665, 0.5451787553899011], [1.1003828678594714, 1.4535754726784347, 0.19083393607058743, 1.5216574713196476, 0.0, 0.5878139959577654, 0.6471993847819656, 0.4899230471706082, 4.8739719594488555], [1.337806550542283, 1.661782824677472, 0.3277629914249072, 1.603325732669704, 0.2836412396002248, 0.0, 0.3624226755889277, 0.2460230330928943, 4.74471335432619], [1.3108540805459004, 1.63355827872199, 0.3765502114750369, 1.5451071070612319, 0.31465436797548657, 0.09818235994155405, 0.0, 0.28859270837593576, 4.653174289424215], [1.2532206468890934, 1.5530785752048362, 0.39915159441334247, 1.5295546312132158, 0.29254325036611617, 0.15242909143534836, 0.09242728597797997, 0.0, 4.726580023399201], [1.19407335062567, 1.7225246740126667, 1.6061990501426795, 0.2638498364967343, 1.5550429207574963, 1.621869186435959, 1.558074385608259, 1.5328551103544796, 0.0]], "shift": [[0.0, 0.375, 0.5, -0.1875, 0.6875, 0.9375, 0.625, 0.875, 0.0], [-0.6875, 0.0, 0.1875, -0.5625000000000001, 0.375, 0.5625000000000001, 0.3125, 0.5, -0.3125], [-0.4375, 0.25, 0.0, -0.75, 0.1875, 0.4375, 0.125, 0.3125, -0.5], [1.5625, 2.250000000000001, 2.0000000000000004, 0.0, 0.9375, 1.1250000000000002, 0.875, 1.0625, 0.25], [-0.5, 0.1875, -0.0625, -2.0625, 0.0, 0.1875, -0.0625, 0.125, -0.6875], [-0.375, 0.3125, 0.0625, -1.9375, 0.125, 0.0, -0.3125, -0.0625, -0.9375], [-0.3125, 0.375, 0.125, -1.875, 0.1875, 0.0625, 0.0, 0.1875, -0.625], [-0.3125, 0.375, 0.125, -1.875, 0.1875, 0.0625, 0.0, 0.0, -0.875], [1.5, 2.1250000000000004, 1.9375000000000004, -0.0625, 1.9375000000000004, 1.8750000000000004, 1.8125000000000002, 1.7500000000000002, 0.0]]}, "path": {"eta": [[0.0, 4.585945476919451, 3.925840056156534, 6.5685720365858975, 3.399795388743304, 4.306630023153957, 4.1959724242622904, 3.520619197094272, 7.770650755693586], [1.063580801844637, 0.0, 1.5850054222852583, 11.030831350750447, 2.276343010626125, 4.792771502919033, 4.6133721240708825, 2.6727709030091984, 12.233990614322753], [0.9462167493247521, 1.6444121133013312, 0.0, 10.21043764035098, 1.64074498536549, 3.9325718507377148, 3.7188592221082244, 1.797353926911478, 11.36989464364788], [1.2913561501075197, 1.9193544676428929, 1.4668761190429578, 0.0, 9.623456223402165, 9.341623415077894, 9.328828882191097, 9.506564689928572, 1.8480586974540711], [0.8236484269590695, 1.2674317325128557, 0.5948963081355618, 1.6010384930816428, 0.0, 2.8016690003342073, 2.632017885582331, 0.63656063855832, 10.63622068264785], [2.8862217208599845, 3.707465707897634, 2.253345282166691, 3.256784548299149, 2.5715527924127626, 0.0, 0.23846251758446044, 2.6566200348160267, 9.929690533310106], [2.82428639210437, 3.6460634870241226, 2.181570600480367, 3.184714078775812, 2.5062916366340713, 0.08534191558957627, 0.0, 2.4768481971130667, 9.954042710018609], [1.134139614589043, 1.580140574181462, 0.5641644353553894, 1.5644441262482127, 0.4229264595223531, 2.4788894689253778, 2.4083009387978485, 0.0, 10.491610057943669], [1.6749172146316682, 2.5685347596443378, 1.4346507196705927, 1.0239591241644292, 1.8181129056321121, 2.506096388674973, 2.4369048513526197, 1.692711849814384, 0.0]], "shift": [[0.0, 0.9375, 0.6875, -1.25, 1.6250000000000002, 2.1875000000000004, 2.0625000000000004, 1.7500000000000002, -0.6875], [-0.8125000000000001, 0.0, -0.1875, -2.1875, 0.6875, 1.25, 1.1250000000000002, 0.875, -1.6250000000000002], [-0.5, 0.3125, 0.0, -1.9375, 0.9375, 1.5, 1.3124999999999998, 1.0625, -1.375], [1.6875000000000002, 2.5000000000000004, 2.1875000000000004, 0.0, 2.875000000000001, 3.4375000000000013, 3.3125000000000013, 3.062500000000001, 0.5625000000000001], [-0.5625000000000001, 0.25, -0.0625, -2.2500000000000004, 0.0, 0.5625000000000001, 0.4375, 0.1875, -2.3125000000000004], [-1.5, -0.6875, -1.0, -3.1875000000000004, -0.9375, 0.0, -0.125, -0.375, -2.875], [-1.4375, -0.625, -0.9375, -3.125, -0.875, 0.0625, 0.0, -0.25, -2.75], [-0.3125, 0.5, 0.1875, -2.0, 0.25, 1.1875000000000002, 1.1250000000000002, 0.0, -2.4375000000000004], [1.4375, 2.2500000000000004, 1.9375000000000004, -0.25, 2.0625000000000004, 2.937500000000001, 2.875000000000001, 1.7500000000000002, 0.0]]}}, "maximum": {"grid": {"eta": [[0.0, 18.434061879551336, 13.86554268994783, 32.01392947434468, 11.670972060387982, 11.491917742133353, 12.03111583654902, 11.597033667801696, 33.34991059903203], [2.0076107648157513, 0.0, 5.115518268600454, 50.447991353896015, 7.741119651656788, 8.294470779392583, 7.9640879374987605, 7.741482595965465, 51.846472478583365], [4.1424756567029135, 4.55673958659078, 0.0, 45.33247308529556, 2.6256013830563347, 3.2414525107921293, 3.030308834645126, 2.6259643273650113, 46.73095420998291], [4.357206673938663, 5.971223989856526, 6.230625001010679, 0.0, 42.706871702239226, 42.15352057450343, 42.483903416397254, 42.70650875793055, 1.3984811246873505], [4.156541873969132, 4.022279111453912, 0.5436271809472828, 6.244691218276898, 0.0, 1.5510946953591827, 2.2609756235019915, 1.165461457652242, 44.10535282692658], [5.045929178566041, 4.440581017945817, 0.9034535218631277, 7.134078522873807, 0.8893873045969087, 0.0, 0.82278487896275, 0.7131938642374394, 43.48950169919078], [4.986341667340639, 4.279020644508677, 0.8438660106377256, 7.074491011648405, 0.8297997933715067, 0.2874361142681039, 0.0, 1.2967398181933447, 43.882384541084605], [4.8713930552469265, 4.037206097075682, 0.760984272976259, 6.959542399554692, 0.714851181277794, 0.45203701094850146, 0.26741838887467395, 0.0, 44.0424898826179], [4.808159800283761, 6.359677116201624, 6.560795938305461, 0.6630772709443136, 6.32578935939739, 7.160586398070308, 7.100998886844906, 6.923550274751193, 0.0]], "shift": [[0.0, -0.375, -0.5, 0.1875, -0.6875, -0.9375, -0.625, -0.875, -0.0], [0.6875, 0.0, -0.1875, 0.5625000000000001, -0.375, -0.5625000000000001, -0.3125, -0.5, 0.3125], [0.4375, -0.25, 0.0, 0.75, -0.1875, -0.4375, -0.125, -0.3125, 0.5], [-1.5625, -2.250000000000001, -2.0000000000000004, 0.0, -0.9375, -1.1250000000000002, -0.875, -1.0625, -0.25], [0.5, -0.1875, 0.0625, 2.0625, 0.0, -0.1875, 0.0625, -0.125, 0.6875], [0.375, -0.3125, -0.0625, 1.9375, -0.125, 0.0, 0.3125, 0.0625, 0.9375], [0.3125, -0.375, -0.125, 1.875, -0.1875, -0.0625, 0.0, -0.1875, 0.625], [0.3125, -0.375, -0.125, 1.875, -0.1875, -0.0625, -0.0, 0.0, 0.875], [-1.5, -2.1250000000000004, -1.9375000000000004, 0.0625, -1.9375000000000004, -1.8750000000000004, -1.8125000000000002, -1.7500000000000002, 0.0]]},