{"pseudos": ["PSL-US-v1-high (Z=24)", "PSL-US-v1-low (Z=11)", "PSL-PAW-v1-high (Z=24)", "PSL-PAW-v1-low (Z=11)", "JTH-1.1-std (Z=14)", "Wentzcovitch (Z=14)"], "average": {"grid": {"eta": [[0.0, 3486.804389167483, 3.6594479425484994, 3484.994523162129, 12.576377696288658, 12.359782654115186], [796.6977170891149, 0.0, 3487.62553288166, 3.380342008701068, 3490.5239694497454, 3490.4523862115843], [1.7641985257707835, 797.0448460199336, 0.0, 3485.815690912578, 9.72723704530302, 9.12651692219246], [796.1823645297179, 1.9347182945457264, 796.5291879757899, 0.0, 3488.713663110175, 3488.6420361384303], [6.513305797468072, 797.994720231234, 5.125753372040935, 797.475399038262, 0.0, 3.816559577060414], [5.936948181917791, 797.912539427653, 4.483109418322145, 797.3929720253788, 2.0696735302180027, 0.0]], "shift": [[0.0, -3164.312500000003, 2.1250000000000004, -3162.937500000003, -9.125000000000004, -7.125000000000003], [743.2500000000009, 0.0, -3164.125000000003, -1.4375, -3163.625000000003, -3164.375000000003], [1.25, 744.8750000000008, 0.0, -3162.750000000003, -7.000000000000003, -5.000000000000001], [741.7500000000008, 1.375, 743.3750000000008, 0.0, -3162.2500000000027, -3163.0000000000027], [-5.437500000000002, 750.6875000000008, -4.187500000000001, 749.2500000000009, 0.0, -2.0625], [-3.875000000000001, 749.4375000000009, -2.6249999999999996, 747.9375000000008, -1.5625, 0.0]]}, "path": {"eta": [[0.0, 3496.161430706617, 319.1697025339384, 3494.5433481433665, 327.011883115391, 325.49520427376166], [1070.4366981161068, 0.0, 3581.858579983955, 4.5877275918586875, 3584.9157413164667, 3584.516637325382], [180.9406000822953, 1081.5052672825716, 0.0, 3580.20282854013, 10.14102937629304, 8.599429466180153], [1069.5055277533918, 3.1418357550378486, 1080.4494288854917, 0.0, 3583.2591721589274, 3582.8599560321804], [183.67370117316756, 1082.2026407366495, 5.356683242555993, 1081.1415749929636, 0.0, 5.194513319943817], [181.88034881148556, 1082.5887841868052, 4.6673504402193675, 1081.5268981194147, 3.691903987993967, 0.0]], "shift": [[0.0, -3236.750000000003, 177.00000000000014, -3236.000000000003, -183.12500000000009, -181.3750000000001], [1053.687500000001, 0.0, -3241.562500000003, -1.4375, -3241.812500000003, -3241.437500000003], [129.43750000000009, 1189.1250000000011, 0.0, -3240.812500000003, -6.250000000000002, -4.500000000000001], [1050.7500000000011, 2.5625000000000004, 1186.1875000000014, 0.0, -3241.1250000000027, -3240.687500000003], [-132.62500000000006, 1194.9375000000014, -3.1875000000000004, 1192.0000000000011, 0.0, -1.75], [-131.18750000000006, 1194.0625000000011, -1.75, 1191.1250000000014, -1.4375, 0.0]]}}, "maximum": {"grid": {"eta": [[0.0, 7057.851209635947, 13.113274886333471, 7063.139365474674, 25.508935082609923, 35.555083428670905], [2162.5185248170783, 0.0, 7058.142575788572, 10.267331453505577, 7063.035466972056, 7062.477223255186], [4.9936269976893755, 2162.834627340954, 0.0, 7063.4307316273, 32.189862650630396, 27.885256070848357], [2155.188693363573, 7.4548314535055775, 2155.5047958874484, 0.0, 7068.323622810784, 7067.765379093914], [12.880537370452343, 2165.370407539345, 9.379147130119236, 2157.978076085839, 0.0, 22.103312262143756], [14.934641618954487, 2168.3589886461546, 11.507979200184083, 2161.029157192649, 10.782169590330426, 0.0]], "shift": [[0.0, 3164.312500000003, -2.1250000000000004, 3162.937500000003, 9.125000000000004, 7.125000000000003], [-743.2500000000009, 0.0, 3164.125000000003, 1.4375, 3163.625000000003, 3164.375000000003], [-1.25, -744.8750000000008, 0.0, 3162.750000000003, 7.000000000000003, 5.000000000000001], [-741.7500000000008, -1.375, -743.3750000000008, 0.0, 3162.2500000000027, 3163.0000000000027], [5.437500000000002, -750.6875000000008, 4.187500000000001, -749.2500000000009, 0.0, 2.0625], [3.875000000000001, -749.4375000000009, 2.6249999999999996, -747.9375000000008, 1.5625, 0.0]]}, "path": {"eta": [[0.0, 7149.653268776114, 912.420119794398, 7156.847874321593, 923.2846304180807, 920.3848557719363], [2047.310602061986, 0.0, 7016.706660869024, 10.309707961966083, 7021.124178501958, 7020.220831523449], [469.8366696137819, 1948.2652570782127, 0.0, 7023.901266414502, 34.927065838283504, 28.34915382542053], [2043.5709915642594, 6.309707961966082, 1944.9559566714165, 0.0, 7028.2562840474375, 7027.415437068928], [466.3980093493984, 1952.1313122984761, 11.195699070167052, 1948.8220118916795, 0.0, 23.35684650622963], [468.32701352737797, 1950.1975934677027, 12.499007760827936, 1946.8882930609066, 12.44065030017947, 0.0]], "shift": [[0.0, 3236.750000000003, -177.00000000000014, 3236.000000000003, 183.12500000000009, 181.3750000000001], [-1053.687500000001, 0.0, 3241.562500000003, 1.4375, 3241.812500000003, 3241.437500000003], [-129.43750000000009, -1189.1250000000011, 0.0, 3240.812500000003, 6.250000000000002, 4.500000000000001], [-1050.7500000000011, -2.5625000000000004, -1186.1875000000014, 0.0, 3241.1250000000027, 3240.687500000003], [132.62500000000006, -1194.9375000000014, 3.1875000000000004, -1192.0000000000011, 0.0, 1.75], [131.18750000000006, -1194.0625000000011, 1.75, -1191.1250000000014, 1.4375, 0.0]]}}}