{"pseudos": ["PSL-US-v1-high-24", "PSL-US-v1-low-11", "PSL-PAW-v1-high-24", "PSL-PAW-v1-low-11", "JTH-1.1-std-14", "Wentzcovitch-14"], "v_distance": {"grid": {"eta": [[0.0, 7778.352266060485, 10.457010231969317, 7777.513775631448, 19.018106652475595, 14.446668070442586], [14167.682547581968, 0.0, 7779.027639625609, 1.8342974509882821, 7778.889600595639, 7778.449709064457], [13.151623205492568, 14163.708895051157, 0.0, 7778.189304258969, 17.44522206650342, 13.491527985197262], [14164.629059964938, 7.017331453505577, 14160.717907434126, 0.0, 7778.050347266318, 7777.610449893851], [39.59930335731217, 14176.161343027181, 30.044343453928487, 14173.17035541015, 0.0, 5.24926257904987], [26.63651713746759, 14174.987522990801, 22.029432232245984, 14171.99653537377, 13.025286219844588, 0.0]], "shift": [[0.0, 7005.312500000009, 8.812500000000002, 7003.500000000009, -21.687500000000007, -16.875000000000004], [-7005.312500000009, 0.0, 7005.125000000008, 1.8125000000000002, 7027.687500000008, 7023.812500000009], [-8.812500000000002, -7005.125000000008, 0.0, 7003.250000000008, -20.812500000000004, -16.062500000000004], [-7003.500000000009, -1.8125000000000002, -7003.250000000008, 0.0, 7025.812500000008, 7021.937500000009], [21.687500000000007, -7027.687500000008, 20.812500000000004, -7025.812500000008, 0.0, -4.750000000000001], [16.875000000000004, -7023.812500000009, 16.062500000000004, -7021.937500000009, 4.750000000000001, 0.0]]}, "path": {"eta": [[0.0, 777.8352266060485, 1.0457010231969317, 777.7513775631448, 1.9018106652475595, 1.4446668070442585], [1416.7682547581967, 0.0, 777.9027639625608, 0.1834297450988282, 777.8889600595639, 777.8449709064457], [1.3151623205492569, 1416.3708895051157, 0.0, 777.818930425897, 1.7445222066503419, 1.3491527985197262], [1416.4629059964939, 0.7017331453505576, 1416.0717907434125, 0.0, 777.8050347266318, 777.7610449893851], [3.9599303357312174, 1417.6161343027181, 3.004434345392849, 1417.317035541015, 0.0, 0.524926257904987], [2.663651713746759, 1417.49875229908, 2.2029432232245982, 1417.199653537377, 1.3025286219844587, 0.0]], "shift": [[0.0, 700.5312500000009, 0.8812500000000002, 700.3500000000009, -2.1687500000000006, -1.6875000000000004], [-700.5312500000009, 0.0, 700.5125000000008, 0.18125000000000002, 702.7687500000009, 702.3812500000009], [-0.8812500000000002, -700.5125000000008, 0.0, 700.3250000000008, -2.0812500000000003, -1.6062500000000004], [-700.3500000000009, -0.18125000000000002, -700.3250000000008, 0.0, 702.5812500000009, 702.1937500000009], [2.1687500000000006, -702.7687500000009, 2.0812500000000003, -702.5812500000009, 0.0, -0.4750000000000001], [1.6875000000000004, -702.3812500000009, 1.6062500000000004, -702.1937500000009, 0.4750000000000001, 0.0]]}}, "v10_distance": {"grid": {"eta": [[0.0, 8366.185774593863, 9.031803073899367, 8364.17581778669, 17.48300185382374, 14.833356079865196], [19300.557547581975, 0.0, 8366.422320368814, 3.284157285199326, 8373.842187968079, 8372.694349638123], [17.238274886333475, 19296.896395051164, 0.0, 8364.412552363547, 15.684339542936993, 12.951456238167646], [19295.691559964944, 10.925173303162637, 19292.030407434133, 0.0, 8371.831042790347, 8370.683285191273], [45.41180335731218, 19321.036343027186, 36.669343453928484, 19316.170355410155, 0.0, 4.952894993180432], [31.07401713746759, 19318.11252299081, 22.3315572340839, 19313.24653537378, 20.72831226214376, 0.0]], "shift": [[0.0, 1872.4375000000023, 6.250000000000002, 1872.4375000000023, -15.875000000000004, -12.437500000000004], [-1872.4375000000023, 0.0, 1871.9375000000023, -0.0625, 1882.8125000000023, 1880.6875000000023], [-6.250000000000002, -1871.9375000000023, 0.0, 1871.9375000000023, -14.187500000000005, -10.750000000000002], [-1872.4375000000023, 0.0625, -1871.9375000000023, 0.0, 1882.8125000000023, 1880.6875000000023], [15.875000000000004, -1882.8125000000023, 14.187500000000005, -1882.8125000000023, 0.0, -3.4375000000000004], [12.437500000000004, -1880.6875000000023, 10.750000000000002, -1880.6875000000023, 3.4375000000000004, 0.0]]}, "path": {"eta": [[0.0, 836.6185774593863, 0.9031803073899367, 836.417581778669, 1.748300185382374, 1.4833356079865196], [1930.0557547581975, 0.0, 836.6422320368814, 0.3284157285199326, 837.3842187968079, 837.2694349638123], [1.7238274886333476, 1929.6896395051165, 0.0, 836.4412552363547, 1.5684339542936994, 1.2951456238167647], [1929.5691559964944, 1.0925173303162636, 1929.2030407434133, 0.0, 837.1831042790348, 837.0683285191274], [4.541180335731218, 1932.1036343027185, 3.6669343453928485, 1931.6170355410154, 0.0, 0.49528949931804317], [3.107401713746759, 1931.811252299081, 2.23315572340839, 1931.3246535373778, 2.072831226214376, 0.0]], "shift": [[0.0, 187.24375000000023, 0.6250000000000002, 187.24375000000023, -1.5875000000000004, -1.2437500000000004], [-187.24375000000023, 0.0, 187.19375000000022, -0.00625, 188.28125000000023, 188.06875000000022], [-0.6250000000000002, -187.19375000000022, 0.0, 187.19375000000022, -1.4187500000000006, -1.0750000000000002], [-187.24375000000023, 0.00625, -187.19375000000022, 0.0, 188.28125000000023, 188.06875000000022], [1.5875000000000004, -188.28125000000023, 1.4187500000000006, -188.28125000000023, 0.0, -0.34375000000000006], [1.2437500000000004, -188.06875000000022, 1.0750000000000002, -188.06875000000022, 0.34375000000000006, 0.0]]}}}