{"pseudos": ["DOJO-041-std-8", "DOJO-041-str-8", "SPMS-8", "SG15-8", "PSL-US-v1-high-8", "PSL-PAW-v1-high-8", "JTH-1.1-std-8"], "v_distance": {"grid": {"eta": [[0.0, 0.021360211447026285, 0.007457560831946155, 0.05889398240668849, 0.047961912000684774, 0.031133512543300358, 0.04071302752656819], [0.02754396166525908, 0.0, 0.014936053064015829, 0.06145374741851629, 0.05559317966102236, 0.024984670357540085, 0.04787444634875861], [0.009964053261736494, 0.02518889656129286, 0.0, 0.05782881508868695, 0.04910643748545399, 0.03296126537148308, 0.03953785288408045], [0.1412178682255738, 0.13683770467065592, 0.1318095409268416, 0.0, 0.08124425382339558, 0.07164841124919297, 0.07975369746473801], [0.11134099085211013, 0.10473858824201765, 0.11420721784933391, 0.1962622276642234, 0.0, 0.03142933185985375, 0.021207271138426978], [0.05696320991514792, 0.04769757443745526, 0.05423110468923131, 0.18281479098075648, 0.059991541520460975, 0.0, 0.037283457707845115], [0.0863643232855843, 0.08088528217629204, 0.0766459816455567, 0.18103414319270428, 0.07971403315203476, 0.08491487912526755, 0.0]], "shift": [[0.0, -0.1875, -11.875000000000004, -325.6250000000002, 35.687500000000014, 33.31250000000001, 49.625000000000014], [0.1875, 0.0, -11.687500000000004, -325.4375000000003, 35.812500000000014, 33.43750000000001, 49.812500000000014], [11.875000000000004, 11.687500000000004, 0.0, -313.75000000000017, 47.562500000000014, 45.125000000000014, 61.50000000000003], [325.6250000000002, 325.4375000000003, 313.75000000000017, 0.0, 361.3125000000003, 358.9375000000003, 375.2500000000003], [-35.687500000000014, -35.812500000000014, -47.562500000000014, -361.3125000000003, 0.0, -2.3750000000000004, 13.937500000000002], [-33.31250000000001, -33.43750000000001, -45.125000000000014, -358.9375000000003, 2.3750000000000004, 0.0, 16.312500000000004], [-49.625000000000014, -49.812500000000014, -61.50000000000003, -375.2500000000003, -13.937500000000002, -16.312500000000004, 0.0]]}, "path": {"eta": [[0.0, 0.027656443226617554, 0.006179648028635822, 0.06447440433558768, 0.23332533399860256, 0.014217400676182154, 0.04777801267634728], [0.05279048145909833, 0.0, 0.0248259978632198, 0.061154808312884446, 0.2459569469690871, 0.026044663771658743, 0.04860271358996131], [0.013871293765031767, 0.051027708203879585, 0.0, 0.0637913984728202, 0.23148734235856067, 0.009798865762562501, 0.04333374670012935], [0.18377950942038979, 0.15282881886685695, 0.1774343306559234, 0.0, 0.2567380378538965, 0.06995358683707996, 0.09009186751306138], [0.7745139050090166, 0.8272426168511384, 0.7763195952053548, 0.7353814796414171, 0.0, 0.2256265963491834, 0.21042956047335815], [0.022334631703847807, 0.056838380880330774, 0.015218194090768633, 0.18891668149068064, 0.770448762511488, 0.0, 0.03497881339915078], [0.09163910506982537, 0.07682722180517992, 0.07968676519937157, 0.199641450956356, 0.7717737490210482, 0.06500094749711458, 0.0]], "shift": [[0.0, -0.5625000000000001, -11.750000000000004, -325.9375000000002, 40.00000000000001, 32.87500000000001, 49.062500000000014], [0.5625000000000001, 0.0, -11.187500000000004, -325.3750000000002, 40.56250000000001, 33.43750000000001, 49.562500000000014], [11.750000000000004, 11.187500000000004, 0.0, -314.1875000000002, 51.75000000000002, 44.625000000000014, 60.75000000000003], [325.9375000000002, 325.3750000000002, 314.1875000000002, 0.0, 365.9375000000003, 358.8125000000003, 374.9375000000003], [-40.00000000000001, -40.56250000000001, -51.75000000000002, -365.9375000000003, 0.0, -7.125000000000003, 9.000000000000004], [-32.87500000000001, -33.43750000000001, -44.625000000000014, -358.8125000000003, 7.125000000000003, 0.0, 16.125000000000004], [-49.062500000000014, -49.562500000000014, -60.75000000000003, -374.9375000000003, -9.000000000000004, -16.125000000000004, 0.0]]}}, "v10_distance": {"grid": {"eta": [[0.0, 0.03201910655790285, 0.020607177436588915, 0.6037166164475912, 0.5783306513154386, 0.04598965690970698, 0.31320116711307855], [0.17332296946914028, 0.0, 0.033521172815388224, 0.5925962344876154, 0.5983417726678582, 0.04582085975525186, 0.29947687168296927], [0.15525374086940852, 0.32857671033854896, 0.0, 0.5887228766211813, 0.5828946351543508, 0.06027744727940977, 0.30470792639032673], [5.607292484562265, 5.498803806539831, 5.409613716379158, 0.0, 1.1139739849156298, 0.6281145716452242, 0.2999307825038525], [3.470719520408519, 3.5843396762656536, 3.6254688086580984, 9.096936842152681, 0.0, 0.5647606247789968, 0.8503389278640341], [0.30937058341511114, 0.3604907392722456, 0.4016198716646907, 5.943251403257022, 3.2284833222796014, 0.0, 0.329136084597131], [2.6924747870441315, 2.6424364177069157, 2.538058067384101, 2.8088709726370453, 6.1242675024998885, 2.996443612582691, 0.0]], "shift": [[0.0, -0.1875, -11.875000000000004, -325.5625000000002, 35.562500000000014, 33.31250000000001, 49.687500000000014], [0.1875, 0.0, -11.687500000000004, -325.3750000000002, 35.750000000000014, 33.43750000000001, 49.812500000000014], [11.875000000000004, 11.687500000000004, 0.0, -313.6875000000002, 47.437500000000014, 45.125000000000014, 61.56250000000003], [325.5625000000002, 325.3750000000002, 313.6875000000002, 0.0, 361.1250000000003, 358.8125000000003, 375.2500000000003], [-35.562500000000014, -35.750000000000014, -47.437500000000014, -361.1250000000003, 0.0, -2.3125000000000004, 14.125000000000002], [-33.31250000000001, -33.43750000000001, -45.125000000000014, -358.8125000000003, 2.3125000000000004, 0.0, 16.375000000000004], [-49.687500000000014, -49.812500000000014, -61.56250000000003, -375.2500000000003, -14.125000000000002, -16.375000000000004, 0.0]]}, "path": {"eta": [[0.0, 0.18170677167306137, 0.028448739694933865, 0.6210795657623972, 3.4539899554116547, 0.17283596040882515, 0.3768886358789526], [0.6201711459195565, 0.0, 0.18736249734053792, 0.5776753754299389, 3.6342502709761573, 0.047464677046918126, 0.30862991207969664], [0.22092805110570518, 0.7104338973466864, 0.0, 0.5975684837947995, 3.4541477305335273, 0.18428132399227437, 0.36005909762970284], [5.540956311498036, 5.07524395665998, 5.359707106021627, 0.0, 3.8107802945733926, 0.6124360900236886, 0.2937176924550519], [11.200833476210093, 11.677967426609058, 11.421761527315798, 16.791345999890904, 0.0, 3.6120792092025455, 3.683948045407326], [0.6511749173059855, 0.37635982567452153, 0.7416491013556361, 5.512119295225104, 11.657989154920886, 0.0, 0.3376273356772356], [2.7963212173123946, 2.314963311875244, 2.7629092065393075, 2.627061963976274, 13.954273161868938, 2.600193707572824, 0.0]], "shift": [[0.0, -0.5, -11.750000000000004, -325.8125000000002, 38.937500000000014, 32.93750000000001, 49.125000000000014], [0.5, 0.0, -11.250000000000004, -325.3750000000002, 39.375000000000014, 33.43750000000001, 49.562500000000014], [11.750000000000004, 11.250000000000004, 0.0, -314.1250000000002, 50.687500000000014, 44.687500000000014, 60.87500000000003], [325.8125000000002, 325.3750000000002, 314.1250000000002, 0.0, 364.7500000000003, 358.8125000000003, 374.9375000000003], [-38.937500000000014, -39.375000000000014, -50.687500000000014, -364.7500000000003, 0.0, -6.000000000000002, 10.187500000000002], [-32.93750000000001, -33.43750000000001, -44.687500000000014, -358.8125000000003, 6.000000000000002, 0.0, 16.187500000000004], [-49.125000000000014, -49.562500000000014, -60.87500000000003, -374.9375000000003, -10.187500000000002, -16.187500000000004, 0.0]]}}}