{"pseudos": ["DOJO-041-std-16", "SPMS-16", "SG15-16", "GBRV-1.X-16", "PSL-US-v1-high-30", "PSL-US-v1-low-16", "PSL-PAW-v1-high-30", "PSL-PAW-v1-low-16", "JTH-1.1-std-8"], "v_distance": {"eta": [[0.0, 6.1053435262697, 2.0818160865934465, 2.514925838289517, 13109.909539213158, 1.2290442163043431, 13105.755943860766, 2.323033217836925, 8.196893459816978], [13.649786636845322, 0.0, 4.371869027556878, 3.7988077879500572, 13105.952274133331, 6.080449880341459, 13101.799019100763, 7.995111467663105, 9.78497230012025], [4.092352206883988, 12.174097135064303, 0.0, 0.8459631083275432, 13108.466731737331, 2.5731051417335618, 13104.313131423152, 4.249730196308414, 8.167046594226228], [5.178249208219654, 9.632885132385539, 2.67675775121009, 0.0, 13107.999203324687, 2.683609693264765, 13103.84564850476, 4.523828211487064, 8.50940926127449], [34746.330724299725, 34735.99290448192, 34742.38033403666, 34741.24530885859, 0.0, 13110.075518603942, 7.213272611597554, 13111.514267657089, 8.374538140632774], [7.057511032069726, 14.64101780812584, 6.302775257706544, 5.496634721192435, 34746.741943579786, 0.0, 13105.921897279068, 1.955181069975501, 8.941043648443534], [34732.69845496531, 34722.36063514752, 34728.74806470225, 34727.55053952418, 11.938641599400622, 34733.109674245374, 0.0, 13107.360531456228, 8.289056960110877], [6.563723634949639, 16.866336833278314, 8.097879422382787, 9.295007456756707, 34750.451600338696, 3.8118636312608487, 34736.81933100429, 0.0, 8.761055291065087], [25.3164713374758, 32.504303799687904, 26.377689760374775, 26.880719212452192, 26.59063919843842, 27.339551155489346, 26.71926708542804, 26.845743322348966, 0.0]], "shift": [[0.0, 3.7500000000000013, 2.6250000000000004, 1.5625, 4958.2500000000055, -2.2500000000000004, 4956.4375000000055, -3.2500000000000004, -7.062500000000003], [-3.7500000000000013, 0.0, -1.1250000000000002, -2.125, 4954.5000000000055, -5.937500000000002, 4952.6875000000055, -7.000000000000003, -8.750000000000002], [-2.6250000000000004, 1.1250000000000002, 0.0, -1.0625, 4955.6875000000055, -4.875000000000001, 4953.8750000000055, -5.875000000000002, -6.250000000000002], [-1.5625, 2.125, 1.0625, 0.0, 4956.687500000006, -3.812500000000001, 4954.9375000000055, -4.812500000000001, -7.562500000000002], [-4958.2500000000055, -4954.5000000000055, -4955.6875000000055, -4956.687500000006, 0.0, 4960.5000000000055, -7.187500000000003, 4961.562500000006, -7.375000000000003], [2.2500000000000004, 5.937500000000002, 4.875000000000001, 3.812500000000001, -4960.5000000000055, 0.0, 4958.6875000000055, -1.0, -9.187500000000004], [-4956.4375000000055, -4952.6875000000055, -4953.8750000000055, -4954.9375000000055, 7.187500000000003, -4958.6875000000055, 0.0, 4959.7500000000055, -6.812500000000003], [3.2500000000000004, 7.000000000000003, 5.875000000000002, 4.812500000000001, -4961.562500000006, 1.0, -4959.7500000000055, 0.0, -8.500000000000002], [7.062500000000003, 8.750000000000002, 6.250000000000002, 7.562500000000002, 7.375000000000003, 9.187500000000004, 6.812500000000003, 8.500000000000002, 0.0]]}, "v10_distance": {"eta": [[0.0, 5.539774157291067, 1.9805060988821055, 2.278563081557421, 11692.93109632165, 4.063686102772053, 11689.184741509784, 4.738931991388682, 25.15164794704482], [13.274786636845322, 0.0, 4.038819185744598, 3.5863021613943924, 11689.623731229009, 7.061822815797252, 11685.877499130702, 8.618623992287405, 25.539784422349165], [4.356121173845736, 12.174097135064303, 0.0, 0.8414278237722922, 11691.554864178908, 4.8982335252023335, 11687.808561506996, 6.0231158912236085, 25.205487990605302], [5.365749208219655, 9.507885132385539, 2.925924612480827, 0.0, 11691.190103587809, 4.830666590333902, 11687.443822484083, 6.066784785713625, 25.410828370424394], [35885.830724299725, 35874.99290448192, 35881.63033403666, 35880.62030885859, 0.0, 11694.149962125892, 7.175939685458275, 11695.495866795836, 25.705261800751238], [36.63295799180969, 40.830108118319465, 38.78112932644649, 38.81232575019183, 35886.866943579786, 0.0, 11690.403140271801, 1.8037192134848274, 21.65321503303652], [35871.76095496532, 35860.86063514752, 35867.49806470225, 35866.488039524185, 12.938641599400624, 35872.79717424538, 0.0, 11691.748953353172, 25.683783158891497], [38.0507731882569, 42.247923314766666, 40.198944522893704, 40.16764094663904, 35890.9516003387, 4.061863631260849, 35876.81933100429, 0.0, 21.52735348134603], [166.25625698701515, 168.64472862048268, 167.02942832165195, 166.93562474539726, 168.52302008088614, 134.01546184670408, 168.63546402065936, 133.74930303686187, 0.0]], "shift": [[0.0, 3.3750000000000013, 2.2500000000000004, 1.375, 3818.750000000005, -1.0625, 3817.3750000000045, -1.8124999999999998, -8.875000000000004], [-3.3750000000000013, 0.0, -1.1250000000000002, -2.0, 3815.500000000005, -4.437500000000002, 3814.187500000005, -5.187500000000001, -9.125000000000004], [-2.2500000000000004, 1.1250000000000002, 0.0, -0.875, 3816.4375000000045, -3.3750000000000004, 3815.125000000005, -4.125000000000001, -7.937500000000002], [-1.375, 2.0, 0.875, 0.0, 3817.3125000000045, -2.5, 3816.0000000000045, -3.1875000000000004, -8.937500000000004], [-3818.750000000005, -3815.500000000005, -3816.4375000000045, -3817.3125000000045, 0.0, 3820.3750000000045, -6.187500000000002, 3821.062500000005, -9.187500000000004], [1.0625, 4.437500000000002, 3.3750000000000004, 2.5, -3820.3750000000045, 0.0, 3819.000000000005, -0.75, -9.187500000000004], [-3817.3750000000045, -3814.187500000005, -3815.125000000005, -3816.0000000000045, 6.187500000000002, -3819.000000000005, 0.0, 3819.750000000005, -8.750000000000002], [1.8124999999999998, 5.187500000000001, 4.125000000000001, 3.1875000000000004, -3821.062500000005, 0.75, -3819.750000000005, 0.0, -8.687500000000002], [8.875000000000004, 9.125000000000004, 7.937500000000002, 8.937500000000004, 9.187500000000004, 9.187500000000004, 8.750000000000002, 8.687500000000002, 0.0]]}}