{"pseudos": ["DOJO-041-std-18", "SPMS-18", "SG15-18", "GBRV-1.X-16", "PSL-US-v1-high-18", "PSL-US-v1-low-10", "PSL-US-v0.x-10", "PSL-PAW-v0.x-10", "PSL-PAW-v1-high-18", "PSL-PAW-v1-low-10", "JTH-1.1-std-18"], "v_distance": {"grid": {"eta": [[0.0, 29.828997884345178, 28.06776657126057, 12.624231329181645, 17.021165370593614, 2.894165506636255, 9.175426480103074, 7.466047911096064, 9.907624044650888, 2.1409162254961522, 14.739014072797744], [75.81677167726684, 0.0, 56.109304833830784, 25.344111009212256, 45.79638138709944, 8.048061924630813, 18.493222374425415, 16.820603736569513, 39.10487380459445, 10.727393310975476, 36.277669834981474], [50.55147563032755, 126.36824730759439, 0.0, 10.568220754953542, 11.744293784930852, 7.052688811708004, 5.554219474142422, 3.4697189608238466, 18.43506367569642, 3.8780041751335705, 29.769833647211026], [16.62397127708783, 44.10644629390828, 27.996138076612525, 0.0, 1.3837620325559996, 3.822558289224463, 8.271742875795022, 6.527167100751046, 5.678532685232831, 1.8711160832812528, 19.23819854695995], [35.08116513927779, 110.89758143778533, 26.833291011407397, 5.6492600639506065, 0.0, 2.820270090257228, 9.383775983946379, 7.667762809250891, 7.142457810660547, 2.110683034812367, 22.235047427740184], [9.597443621225736, 25.561816634687442, 20.71203494848619, 10.434606027395573, 8.473914377552674, 0.0, 10.679235382264459, 9.245717105235197, 2.832037475192607, 3.3490524030724145, 21.34073969651491], [29.328129217107, 61.536465841038385, 18.553954286871416, 38.67509236348394, 34.289794880549344, 36.08701896678888, 0.0, 2.2388257279292265, 8.853140118924523, 7.951991060379846, 12.817149962620558], [24.181813266413055, 56.39014989034444, 13.40763833617747, 33.528776412789995, 30.090302745700466, 30.940703016094933, 5.823056669002271, 0.0, 7.217821729679507, 6.225404646357907, 14.202353312971486], [20.750666612157374, 96.56708291066491, 30.570739368751422, 9.004081878523152, 14.330561386946213, 8.142409385233051, 31.691982005570733, 27.890251103044488, 0.0, 1.9110185123765095, 17.334801280433023], [7.784086448149197, 34.109404712718494, 12.871183743364597, 11.248031235164044, 12.254063682501666, 9.244469658317131, 27.4270611283199, 22.28074517762595, 10.054012039845686, 0.0, 19.090929262632695], [133.45257036045948, 175.98325389602715, 98.80326293290852, 124.42479388036534, 125.63655394431595, 131.2339372613397, 105.05702029608923, 108.85875119861548, 129.37400230165997, 126.69499026181427, 0.0]], "shift": [[0.0, 5.437500000000002, -15.062500000000007, 7.375000000000003, -13.687500000000005, 1.375, -12.875000000000005, -12.312500000000004, -7.875000000000002, -5.187500000000001, 24.5625], [-5.437500000000002, 0.0, -20.500000000000004, 3.2500000000000013, -19.125000000000007, -11.687500000000004, -25.93750000000001, -25.375000000000007, -13.312500000000005, -18.250000000000007, 19.125000000000007], [15.062500000000007, 20.500000000000004, 0.0, -1.25, 1.375, 10.375000000000002, -3.875000000000001, -3.3125000000000004, 7.187500000000003, 3.812500000000001, 39.625000000000014], [-7.375000000000003, -3.2500000000000013, 1.25, 0.0, -1.8124999999999998, 3.7500000000000013, -10.500000000000002, -9.937500000000002, 2.1250000000000004, -2.8125, 32.00000000000001], [13.687500000000005, 19.125000000000007, -1.375, 1.8124999999999998, 0.0, 1.6875000000000002, -12.500000000000004, -12.000000000000004, 5.812500000000002, -4.875000000000001, 38.250000000000014], [-1.375, 11.687500000000004, -10.375000000000002, -3.7500000000000013, -1.6875000000000002, 0.0, 14.250000000000002, 13.687500000000005, 1.5625, 6.562500000000003, 26.625000000000004], [12.875000000000005, 25.93750000000001, 3.875000000000001, 10.500000000000002, 12.500000000000004, -14.250000000000002, 0.0, -0.5625000000000001, -12.687500000000004, -7.687500000000002, 12.375000000000004], [12.312500000000004, 25.375000000000007, 3.3125000000000004, 9.937500000000002, 12.000000000000004, -13.687500000000005, 0.5625000000000001, 0.0, -12.125000000000004, -7.125000000000003, 12.937500000000005], [7.875000000000002, 13.312500000000005, -7.187500000000003, -2.1250000000000004, -5.812500000000002, -1.5625, 12.687500000000004, 12.125000000000004, 0.0, -5.000000000000001, 32.43750000000001], [5.187500000000001, 18.250000000000007, -3.812500000000001, 2.8125, 4.875000000000001, -6.562500000000003, 7.687500000000002, 7.125000000000003, 5.000000000000001, 0.0, 20.062500000000004], [-24.5625, -19.125000000000007, -39.625000000000014, -32.00000000000001, -38.250000000000014, -26.625000000000004, -12.375000000000004, -12.937500000000005, -32.43750000000001, -20.062500000000004, 0.0]]}, "path": {"eta": [[0.0, 2.982899788434518, 2.806776657126057, 1.2624231329181645, 1.7021165370593614, 0.2894165506636255, 0.9175426480103074, 0.7466047911096064, 0.9907624044650888, 0.21409162254961522, 1.4739014072797745], [7.581677167726684, 0.0, 5.610930483383078, 2.5344111009212256, 4.579638138709944, 0.8048061924630814, 1.8493222374425415, 1.6820603736569513, 3.9104873804594447, 1.0727393310975475, 3.627766983498147], [5.055147563032755, 12.63682473075944, 0.0, 1.0568220754953541, 1.1744293784930853, 0.7052688811708003, 0.5554219474142422, 0.34697189608238466, 1.843506367569642, 0.38780041751335703, 2.976983364721103], [1.662397127708783, 4.410644629390828, 2.7996138076612525, 0.0, 0.13837620325559996, 0.3822558289224463, 0.8271742875795022, 0.6527167100751046, 0.5678532685232831, 0.1871116083281253, 1.923819854695995], [3.5081165139277792, 11.089758143778534, 2.68332910114074, 0.5649260063950606, 0.0, 0.2820270090257228, 0.9383775983946379, 0.7667762809250891, 0.7142457810660547, 0.2110683034812367, 2.2235047427740184], [0.9597443621225736, 2.5561816634687444, 2.0712034948486187, 1.0434606027395572, 0.8473914377552674, 0.0, 1.0679235382264458, 0.9245717105235197, 0.2832037475192607, 0.33490524030724145, 2.134073969651491], [2.9328129217107, 6.153646584103838, 1.8553954286871417, 3.8675092363483943, 3.4289794880549342, 3.6087018966788884, 0.0, 0.22388257279292265, 0.8853140118924523, 0.7951991060379846, 1.2817149962620558], [2.4181813266413057, 5.639014989034444, 1.340763833617747, 3.3528776412789996, 3.009030274570047, 3.0940703016094933, 0.5823056669002271, 0.0, 0.7217821729679507, 0.6225404646357907, 1.4202353312971485], [2.0750666612157374, 9.65670829106649, 3.0570739368751423, 0.9004081878523152, 1.4330561386946212, 0.8142409385233051, 3.1691982005570734, 2.7890251103044488, 0.0, 0.19110185123765094, 1.7334801280433023], [0.7784086448149197, 3.410940471271849, 1.2871183743364596, 1.1248031235164044, 1.2254063682501666, 0.9244469658317132, 2.74270611283199, 2.228074517762595, 1.0054012039845686, 0.0, 1.9090929262632694], [13.345257036045947, 17.598325389602714, 9.880326293290853, 12.442479388036535, 12.563655394431596, 13.123393726133969, 10.505702029608923, 10.885875119861549, 12.937400230165997, 12.669499026181427, 0.0]],