{"pseudos": ["PSL-US-v1-high-25", "PSL-US-v1-low-11", "PSL-PAW-v1-high-25", "PSL-PAW-v1-low-11", "JTH-1.1-std-15", "Wentzcovitch-15"], "v_distance": {"grid": {"eta": [[0.0, 8486.634178455057, 11.303829904214622, 8485.670763584187, 15.666465235709081, 12.969514112983326], [11919.772565731984, 0.0, 8486.660818487402, 1.7860952568298971, 8487.457298750594, 8487.30229976426], [15.045758277740138, 11919.185596327114, 0.0, 8485.698088941312, 10.445336098832836, 9.077009442157358], [11917.400165346919, 4.103772693586862, 11916.813195942048, 0.0, 8486.493477317897, 8486.338348702764], [38.706691265633985, 11925.325838957811, 20.798343961012446, 11922.953438572744, 0.0, 4.165460546205778], [28.186297720019862, 11926.089351031515, 19.90166773125624, 11923.716950646449, 11.839391503049711, 0.0]], "shift": [[0.0, 11223.437500000011, 9.625000000000004, 11221.375000000013, -12.187500000000004, -11.687500000000004], [-11223.437500000011, 0.0, 11224.625000000015, 2.0000000000000004, 11231.437500000013, 11233.250000000013], [-9.625000000000004, -11224.625000000015, 0.0, 11222.562500000013, -10.187500000000002, -9.625000000000002], [-11221.375000000013, -2.0000000000000004, -11222.562500000013, 0.0, 11229.375000000011, 11231.187500000013], [12.187500000000004, -11231.437500000013, 10.187500000000002, -11229.375000000011, 0.0, -0.5625000000000001], [11.687500000000004, -11233.250000000013, 9.625000000000002, -11231.187500000013, 0.5625000000000001, 0.0]]}, "path": {"eta": [[0.0, 848.6634178455057, 1.1303829904214622, 848.5670763584187, 1.5666465235709082, 1.2969514112983327], [1191.9772565731985, 0.0, 848.6660818487402, 0.1786095256829897, 848.7457298750594, 848.730229976426], [1.5045758277740138, 1191.9185596327113, 0.0, 848.5698088941311, 1.0445336098832836, 0.9077009442157358], [1191.740016534692, 0.4103772693586862, 1191.6813195942048, 0.0, 848.6493477317897, 848.6338348702764], [3.8706691265633983, 1192.532583895781, 2.0798343961012447, 1192.2953438572745, 0.0, 0.4165460546205778], [2.8186297720019864, 1192.6089351031515, 1.9901667731256238, 1192.3716950646449, 1.1839391503049712, 0.0]], "shift": [[0.0, 1122.3437500000011, 0.9625000000000004, 1122.1375000000012, -1.2187500000000004, -1.1687500000000004], [-1122.3437500000011, 0.0, 1122.4625000000015, 0.20000000000000004, 1123.1437500000013, 1123.3250000000012], [-0.9625000000000004, -1122.4625000000015, 0.0, 1122.2562500000013, -1.0187500000000003, -0.9625000000000001], [-1122.1375000000012, -0.20000000000000004, -1122.2562500000013, 0.0, 1122.9375000000011, 1123.1187500000012], [1.2187500000000004, -1123.1437500000013, 1.0187500000000003, -1122.9375000000011, 0.0, -0.05625000000000001], [1.1687500000000004, -1123.3250000000012, 0.9625000000000001, -1123.1187500000012, 0.05625000000000001, 0.0]]}}, "v10_distance": {"grid": {"eta": [[0.0, 10114.92187419358, 10.174143035154342, 10113.201414115518, 14.517716366366054, 13.708301737150881], [17977.260689301394, 0.0, 10115.676358341647, 2.4043733865389307, 10118.969409407167, 10119.635492545664], [17.48485379194523, 17975.349379412706, 0.0, 10113.956065112323, 9.866818789706354, 9.108833393921271], [17972.71601779012, 6.209615695827466, 17970.74220790143, 0.0, 10117.248782066841, 10117.914787944179], [39.83169126563399, 17989.919292859893, 44.66348669544624, 17985.374621348616, 0.0, 5.447549470756497], [33.43544482251923, 17991.38755139666, 22.765020470027736, 17986.780379885382, 40.14444105392826, 0.0]], "shift": [[0.0, 4170.187500000005, 7.062500000000003, 4169.562500000005, -11.062500000000004, -10.062500000000002], [-4170.187500000005, 0.0, 4169.500000000005, 0.625, 4173.3125000000055, 4173.5000000000055], [-7.062500000000003, -4169.500000000005, 0.0, 4168.9375000000055, -8.500000000000002, -7.562500000000002], [-4169.562500000005, -0.625, -4168.9375000000055, 0.0, 4172.6875000000055, 4172.9375000000055], [11.062500000000004, -4173.3125000000055, 8.500000000000002, -4172.6875000000055, 0.0, -0.9375], [10.062500000000002, -4173.5000000000055, 7.562500000000002, -4172.9375000000055, 0.9375, 0.0]]}, "path": {"eta": [[0.0, 1011.4921874193581, 1.0174143035154342, 1011.3201414115517, 1.4517716366366054, 1.370830173715088], [1797.7260689301395, 0.0, 1011.5676358341647, 0.24043733865389308, 1011.8969409407167, 1011.9635492545664], [1.748485379194523, 1797.5349379412705, 0.0, 1011.3956065112322, 0.9866818789706354, 0.9108833393921272], [1797.2716017790121, 0.6209615695827466, 1797.0742207901428, 0.0, 1011.7248782066841, 1011.7914787944179], [3.983169126563399, 1798.9919292859893, 4.466348669544624, 1798.5374621348615, 0.0, 0.5447549470756498], [3.343544482251923, 1799.138755139666, 2.2765020470027735, 1798.678037988538, 4.014444105392826, 0.0]], "shift": [[0.0, 417.01875000000047, 0.7062500000000003, 416.95625000000047, -1.1062500000000004, -1.00625], [-417.01875000000047, 0.0, 416.95000000000044, 0.0625, 417.3312500000005, 417.35000000000053], [-0.7062500000000003, -416.95000000000044, 0.0, 416.8937500000005, -0.8500000000000002, -0.7562500000000002], [-416.95625000000047, -0.0625, -416.8937500000005, 0.0, 417.2687500000005, 417.29375000000056], [1.1062500000000004, -417.3312500000005, 0.8500000000000002, -417.2687500000005, 0.0, -0.09375], [1.00625, -417.35000000000053, 0.7562500000000002, -417.29375000000056, 0.09375, 0.0]]}}}