{"pseudos": ["PSL-US-v1-high-25", "PSL-US-v1-low-11", "PSL-PAW-v1-high-25", "PSL-PAW-v1-low-11", "JTH-1.1-std-15", "Wentzcovitch-15"], "v_distance": {"eta": [[0.0, 8486.634178455057, 11.303829904214622, 8485.670763584187, 15.666465235709081, 12.969514112983326], [11919.772565731984, 0.0, 8486.660818487402, 1.7860952568298971, 8487.457298750594, 8487.30229976426], [15.045758277740138, 11919.185596327114, 0.0, 8485.698088941312, 10.445336098832836, 9.077009442157358], [11917.400165346919, 4.103772693586862, 11916.813195942048, 0.0, 8486.493477317897, 8486.338348702764], [38.706691265633985, 11925.325838957811, 20.798343961012446, 11922.953438572744, 0.0, 4.165460546205778], [28.186297720019862, 11926.089351031515, 19.90166773125624, 11923.716950646449, 11.839391503049711, 0.0]], "shift": [[0.0, 11223.437500000011, 9.625000000000004, 11221.375000000013, -12.187500000000004, -11.687500000000004], [-11223.437500000011, 0.0, 11224.625000000015, 2.0000000000000004, 11231.437500000013, 11233.250000000013], [-9.625000000000004, -11224.625000000015, 0.0, 11222.562500000013, -10.187500000000002, -9.625000000000002], [-11221.375000000013, -2.0000000000000004, -11222.562500000013, 0.0, 11229.375000000011, 11231.187500000013], [12.187500000000004, -11231.437500000013, 10.187500000000002, -11229.375000000011, 0.0, -0.5625000000000001], [11.687500000000004, -11233.250000000013, 9.625000000000002, -11231.187500000013, 0.5625000000000001, 0.0]]}, "v10_distance": {"eta": [[0.0, 10114.92187419358, 10.174143035154342, 10113.201414115518, 14.517716366366054, 13.708301737150881], [17977.260689301394, 0.0, 10115.676358341647, 2.4043733865389307, 10118.969409407167, 10119.635492545664], [17.48485379194523, 17975.349379412706, 0.0, 10113.956065112323, 9.866818789706354, 9.108833393921271], [17972.71601779012, 6.209615695827466, 17970.74220790143, 0.0, 10117.248782066841, 10117.914787944179], [39.83169126563399, 17989.919292859893, 44.66348669544624, 17985.374621348616, 0.0, 5.447549470756497], [33.43544482251923, 17991.38755139666, 22.765020470027736, 17986.780379885382, 40.14444105392826, 0.0]], "shift": [[0.0, 4170.187500000005, 7.062500000000003, 4169.562500000005, -11.062500000000004, -10.062500000000002], [-4170.187500000005, 0.0, 4169.500000000005, 0.625, 4173.3125000000055, 4173.5000000000055], [-7.062500000000003, -4169.500000000005, 0.0, 4168.9375000000055, -8.500000000000002, -7.562500000000002], [-4169.562500000005, -0.625, -4168.9375000000055, 0.0, 4172.6875000000055, 4172.9375000000055], [11.062500000000004, -4173.3125000000055, 8.500000000000002, -4172.6875000000055, 0.0, -0.9375], [10.062500000000002, -4173.5000000000055, 7.562500000000002, -4172.9375000000055, 0.9375, 0.0]]}}