{"pseudos": ["PSL-US-v1-high-20", "PSL-PAW-v1-high-20"], "v_distance": {"grid": {"eta": [[0.0, 4.902717889313425], [7.215272041234584, 0.0]], "shift": [[0.0, -2.9375], [2.9375, 0.0]]}, "path": {"eta": [[0.0, 0.4902717889313425], [0.7215272041234584, 0.0]], "shift": [[0.0, -0.29375], [0.29375, 0.0]]}}, "v10_distance": {"grid": {"eta": [[0.0, 3.768281627767912], [6.189344399946549, 0.0]], "shift": [[0.0, -1.6250000000000002], [1.6250000000000002, 0.0]]}, "path": {"eta": [[0.0, 0.3768281627767912], [0.6189344399946549, 0.0]], "shift": [[0.0, -0.16250000000000003], [0.16250000000000003, 0.0]]}}}