{"pseudos": ["PSL-US-v1-high (Z=20)", "PSL-PAW-v1-high (Z=20)"], "average": {"grid": {"eta": [[0.0, 0.5541466406773796], [0.4174119816392826, 0.0]], "shift": [[0.0, -0.1875], [0.5625000000000001, 0.0]]}, "path": {"eta": [[0.0, 0.7107850330134984], [0.5054128232028573, 0.0]], "shift": [[0.0, -0.1875], [0.5, 0.0]]}}, "maximum": {"grid": {"eta": [[0.0, 2.0748562267840427], [1.0140572153023228, 0.0]], "shift": [[0.0, 0.1875], [-0.5625000000000001, 0.0]]}, "path": {"eta": [[0.0, 2.0782343769152263], [0.9580038038719536, 0.0]], "shift": [[0.0, 0.1875], [-0.5, 0.0]]}}}