{"pseudos": ["DOJO-041-std-16", "SPMS-16", "SG15-16", "GBRV-1.X-16", "PSL-US-v1-high-16", "PSL-PAW-v1-high-16", "JTH-1.1-std-16"], "v_distance": {"grid": {"eta": [[0.0, 37.229387446390426, 4.437028991118151, 5.02134133643243, 2.179247809281366, 4.019450358280898, 6.353763611944835], [79.3792603790889, 0.0, 41.01929373192545, 42.16736043649834, 39.17541338787231, 41.20146011415494, 36.310383236874046], [17.261205459518266, 86.3919175138037, 0.0, 2.64440137230638, 3.5264086805812376, 2.850686127761395, 7.082427430408553], [9.664840637569567, 89.04410101665849, 14.758804435517561, 0.0, 3.410777075077516, 1.420386027382773, 8.894703096883141], [5.515404499390684, 84.9571648784796, 20.88145797830731, 6.122653542789749, 0.0, 2.4120167378721034, 7.365683484805662], [7.911046109902373, 87.29030648899128, 19.42404003772839, 4.602735602210828, 2.895407734254519, 0.0, 8.596759607260456], [48.39670350160247, 77.72377190818932, 31.197998042084205, 45.95680247760177, 52.07945602039152, 50.5595380798126, 0.0]], "shift": [[0.0, 22.062500000000007, 0.1875, -1.1875000000000002, -0.625, -2.75, 7.5000000000000036], [-22.062500000000007, 0.0, -21.812500000000007, -23.250000000000007, -22.625000000000007, -24.812500000000007, -14.562500000000005], [-0.1875, 21.812500000000007, 0.0, -1.4375, -0.8125000000000001, -2.9375, 7.250000000000003], [1.1875000000000002, 23.250000000000007, 1.4375, 0.0, 0.625, -1.5625, 8.687500000000002], [0.625, 22.625000000000007, 0.8125000000000001, -0.625, 0.0, -2.125, 8.062500000000002], [2.75, 24.812500000000007, 2.9375, 1.5625, 2.125, 0.0, 10.250000000000002], [-7.5000000000000036, 14.562500000000005, -7.250000000000003, -8.687500000000002, -8.062500000000002, -10.250000000000002, 0.0]]}, "path": {"eta": [[0.0, 3.7229387446390425, 0.4437028991118151, 0.502134133643243, 0.2179247809281366, 0.4019450358280898, 0.6353763611944835], [7.93792603790889, 0.0, 4.1019293731925455, 4.216736043649834, 3.917541338787231, 4.120146011415494, 3.6310383236874046], [1.7261205459518265, 8.63919175138037, 0.0, 0.26444013723063803, 0.3526408680581238, 0.2850686127761395, 0.7082427430408553], [0.9664840637569567, 8.90441010166585, 1.475880443551756, 0.0, 0.3410777075077516, 0.14203860273827731, 0.8894703096883141], [0.5515404499390684, 8.495716487847961, 2.088145797830731, 0.6122653542789749, 0.0, 0.24120167378721033, 0.7365683484805662], [0.7911046109902373, 8.729030648899128, 1.942404003772839, 0.4602735602210828, 0.2895407734254519, 0.0, 0.8596759607260456], [4.8396703501602465, 7.772377190818932, 3.1197998042084203, 4.595680247760177, 5.2079456020391515, 5.055953807981259, 0.0]], "shift": [[0.0, 2.2062500000000007, 0.01875, -0.11875000000000002, -0.0625, -0.275, 0.7500000000000003], [-2.2062500000000007, 0.0, -2.181250000000001, -2.3250000000000006, -2.2625000000000006, -2.4812500000000006, -1.4562500000000005], [-0.01875, 2.181250000000001, 0.0, -0.14375, -0.08125000000000002, -0.29375, 0.7250000000000003], [0.11875000000000002, 2.3250000000000006, 0.14375, 0.0, 0.0625, -0.15625, 0.8687500000000001], [0.0625, 2.2625000000000006, 0.08125000000000002, -0.0625, 0.0, -0.2125, 0.8062500000000001], [0.275, 2.4812500000000006, 0.29375, 0.15625, 0.2125, 0.0, 1.0250000000000001], [-0.7500000000000003, 1.4562500000000005, -0.7250000000000003, -0.8687500000000001, -0.8062500000000001, -1.0250000000000001, 0.0]]}}, "v10_distance": {"grid": {"eta": [[0.0, 34.58794259521833, 5.4395071414446425, 5.750673477408414, 2.5446874348457413, 3.9505423312607797, 10.69896262946149], [84.56676037908892, 0.0, 38.310919765421524, 38.68776811883429, 36.0181594329181, 37.95488045919625, 33.44406608086467], [49.93094414728847, 91.7669175138037, 0.0, 7.508311615706085, 6.13530231999793, 5.8850478561234185, 11.886317839472353], [63.74603553475927, 93.98160101665847, 113.67697968204774, 0.0, 4.064312977330665, 3.06472048739013, 11.414206883544546], [13.508619552207648, 89.8321648784796, 63.43956369949612, 50.237415982551624, 0.0, 2.2851412904676085, 11.13415811058342], [12.254999962309343, 92.60280648899129, 62.18594410959781, 51.49103557244993, 3.008465147162383, 0.0, 12.170893142510298], [76.61808521599778, 91.0498758465681, 80.68616797522708, 79.11941211736112, 75.60289080467183, 76.81738509381802, 0.0]], "shift": [[0.0, 16.875000000000004, 0.4375, -1.5, -0.9375, -2.6875, 4.812500000000001], [-16.875000000000004, 0.0, -16.437500000000004, -18.312500000000007, -17.750000000000007, -19.500000000000007, -12.000000000000004], [-0.4375, 16.437500000000004, 0.0, -1.9375, -1.375, -3.125, 4.375000000000001], [1.5, 18.312500000000007, 1.9375, 0.0, 0.5625000000000001, -1.1875000000000002, 6.312500000000002], [0.9375, 17.750000000000007, 1.375, -0.5625000000000001, 0.0, -1.75, 5.750000000000002], [2.6875, 19.500000000000007, 3.125, 1.1875000000000002, 1.75, 0.0, 7.5000000000000036], [-4.812500000000001, 12.000000000000004, -4.375000000000001, -6.312500000000002, -5.750000000000002, -7.5000000000000036, 0.0]]}, "path": {"eta": [[0.0, 3.458794259521833, 0.5439507141444643, 0.5750673477408415, 0.25446874348457416, 0.39505423312607796, 1.069896262946149], [8.456676037908892, 0.0, 3.8310919765421523, 3.8687768118834294, 3.6018159432918098, 3.7954880459196247, 3.344406608086467], [4.993094414728847, 9.176691751380371, 0.0, 0.7508311615706085, 0.613530231999793, 0.5885047856123419, 1.1886317839472353], [6.374603553475927, 9.398160101665848, 11.367697968204775, 0.0, 0.4064312977330665, 0.306472048739013, 1.1414206883544546], [1.3508619552207648, 8.98321648784796, 6.343956369949612, 5.023741598255162, 0.0, 0.22851412904676086, 1.113415811058342], [1.2254999962309343, 9.26028064889913, 6.218594410959781, 5.1491035572449935, 0.3008465147162383, 0.0, 1.2170893142510297], [7.661808521599778, 9.10498758465681, 8.068616797522708, 7.911941211736112, 7.560289080467183, 7.681738509381802, 0.0]], "shift": [[0.0, 1.6875000000000004, 0.04375, -0.15, -0.09375, -0.26875, 0.48125000000000007], [-1.6875000000000004, 0.0, -1.6437500000000003, -1.8312500000000007, -1.7750000000000008, -1.9500000000000006, -1.2000000000000004], [-0.04375, 1.6437500000000003, 0.0, -0.19375, -0.1375, -0.3125, 0.4375000000000001], [0.15, 1.8312500000000007, 0.19375, 0.0, 0.05625000000000001, -0.11875000000000002, 0.6312500000000002], [0.09375, 1.7750000000000008, 0.1375, -0.05625000000000001, 0.0, -0.175, 0.5750000000000002], [0.26875, 1.9500000000000006, 0.3125, 0.11875000000000002, 0.175, 0.0, 0.7500000000000003], [-0.48125000000000007, 1.2000000000000004, -0.4375000000000001, -0.6312500000000002, -0.5750000000000002, -0.7500000000000003, 0.0]]}}}