{"pseudos": ["DOJO-041-std-15", "DOJO-041-str-23", "SPMS-15", "SG15-15", "GBRV-1.X-15", "PSL-US-v1-high-15", "PSL-US-v1-low-5", "PSL-PAW-v1-high-15", "PSL-PAW-v1-low-5", "JTH-1.1-std-15", "JTH-1.1-str-5"], "v_distance": {"grid": {"eta": [[0.0, 2.2147308386667426, 2.4412609559891245, 6.251775263585002, 4.185385495948584, 1.4571596938615898, 3.8642208607629445, 3.491773440860983, 3.915884247507619, 4.5018024819325, 13.223771011341775], [5.1134038445059105, 0.0, 0.9485469184690849, 4.115371145101658, 2.064731037839713, 3.595260631867793, 3.8538301332366616, 1.6919353502833367, 3.8988611366085077, 6.533984014932046, 13.824983177821577], [5.6042171098674345, 4.378026979831404, 0.0, 4.1074055517731285, 2.065859088669622, 3.789009177855566, 4.848807183772342, 1.7530623980196893, 4.896337168381684, 6.669768612214014, 14.387301661750634], [10.136501833235219, 8.93970876935919, 13.380235749027168, 0.0, 2.129863131122716, 7.563772630835468, 3.662638326621906, 2.926348167288894, 3.707321534721048, 10.634896195513575, 13.262217547698395], [7.287018495709747, 5.547326124584928, 6.486506223231545, 6.893729525831149, 0.0, 5.496347653553933, 4.2870040314484426, 1.0926343839127257, 4.330945065779081, 8.530343584409607, 13.756184429085609], [4.275794733030608, 7.73463448416868, 7.449699849813854, 12.913018069563764, 9.727964034964943, 0.0, 4.225841465179898, 4.713904828224557, 4.263541089955218, 3.436161161060186, 12.863085952431359], [11.805872827106413, 14.2463262116502, 18.811853191422983, 11.119117442418911, 15.01284696819144, 11.898764890696022, 0.0, 4.334927289840884, 0.12858687880523098, 5.1958326003654625, 11.878671964006534], [8.771787682520728, 7.549401770585221, 10.03490889995017, 5.712142701794548, 3.5484026767186236, 7.200875367769217, 12.278394294323284, 0.0, 4.377868581801956, 7.925526966072042, 12.645308875131045], [11.76806055667047, 14.208513941214257, 18.77404092098704, 11.018805171982969, 14.975034697755497, 12.070559079412511, 0.667180743761854, 12.387688483039774, 0.0, 5.235978870153151, 11.902616413200283], [16.212804725333484, 16.834851340908717, 12.394324361077311, 25.77456010998369, 18.880830584285764, 15.441169098653592, 21.89367754856389, 22.491733260958203, 21.855865278859806, 0.0, 15.275610277890973], [50.51811902627723, 52.95857241087786, 57.524099390553836, 49.768863641549764, 53.725093167349826, 49.477254653027295, 38.712246208832426, 49.11419049068094, 38.75005847410805, 60.60592375059198, 0.0]], "shift": [[0.0, -1.875, -1.9375, -9.000000000000004, -5.937500000000002, -0.25, 0.5625000000000001, -7.187500000000003, 0.625, 8.812500000000002, 20.625000000000004], [1.875, 0.0, 0.125, 7.125000000000003, 4.125000000000001, -1.6250000000000002, 1.7500000000000002, 5.312500000000001, 1.8125000000000002, -10.687500000000002, 21.812500000000007], [1.9375, -0.125, 0.0, -7.062500000000003, -4.000000000000001, 1.6875000000000002, 1.8125000000000002, -5.187500000000001, 1.8750000000000004, 10.750000000000002, 21.875000000000007], [9.000000000000004, -7.125000000000003, 7.062500000000003, 0.0, 3.062500000000001, 8.750000000000002, 0.4375, 1.8125000000000002, 0.4375, 17.812500000000007, 20.437500000000004], [5.937500000000002, -4.125000000000001, 4.000000000000001, -3.062500000000001, 0.0, 5.687500000000002, 0.5, -1.1875000000000002, 0.5625000000000001, 14.750000000000004, 20.562500000000004], [0.25, 1.6250000000000002, -1.6875000000000002, -8.750000000000002, -5.687500000000002, 0.0, -1.5, -6.937500000000003, -1.5, 9.062500000000004, 18.562500000000007], [-0.5625000000000001, -1.7500000000000002, -1.8125000000000002, -0.4375, -0.5, 1.5, 0.0, -1.75, -0.0625, 3.2500000000000013, -20.062500000000004], [7.187500000000003, -5.312500000000001, 5.187500000000001, -1.8125000000000002, 1.1875000000000002, 6.937500000000003, 1.75, 0.0, -1.6875000000000002, 16.000000000000004, 18.312500000000007], [-0.625, -1.8125000000000002, -1.8750000000000004, -0.4375, -0.5625000000000001, 1.5, 0.0625, 1.6875000000000002, 0.0, 3.3125000000000013, -20.000000000000004], [-8.812500000000002, 10.687500000000002, -10.750000000000002, -17.812500000000007, -14.750000000000004, -9.062500000000004, -3.2500000000000013, -16.000000000000004, -3.3125000000000013, 0.0, 23.312500000000007], [-20.625000000000004, -21.812500000000007, -21.875000000000007, -20.437500000000004, -20.562500000000004, -18.562500000000007, 20.062500000000004, -18.312500000000007, 20.000000000000004, -23.312500000000007, 0.0]]}, "path": {"eta": [[0.0, 0.22147308386667425, 0.24412609559891246, 0.6251775263585002, 0.41853854959485837, 0.145715969386159, 0.38642208607629447, 0.3491773440860983, 0.3915884247507619, 0.45018024819325, 1.3223771011341774], [0.511340384450591, 0.0, 0.09485469184690849, 0.41153711451016584, 0.20647310378397127, 0.35952606318677927, 0.38538301332366615, 0.16919353502833367, 0.3898861136608508, 0.6533984014932046, 1.3824983177821577], [0.5604217109867434, 0.43780269798314037, 0.0, 0.41074055517731284, 0.2065859088669622, 0.37890091778555657, 0.48488071837723423, 0.17530623980196894, 0.48963371683816836, 0.6669768612214014, 1.4387301661750633], [1.0136501833235219, 0.8939708769359189, 1.3380235749027167, 0.0, 0.21298631311227162, 0.7563772630835468, 0.3662638326621906, 0.29263481672888936, 0.3707321534721048, 1.0634896195513575, 1.3262217547698394], [0.7287018495709747, 0.5547326124584928, 0.6486506223231545, 0.6893729525831149, 0.0, 0.5496347653553932, 0.42870040314484426, 0.10926343839127257, 0.43309450657790804, 0.8530343584409608, 1.375618442908561], [0.4275794733030608, 0.773463448416868, 0.7449699849813853, 1.2913018069563764, 0.9727964034964943, 0.0, 0.4225841465179898, 0.47139048282245566, 0.42635410899552184, 0.3436161161060186, 1.286308595243136], [1.1805872827106412, 1.42463262116502, 1.8811853191422983, 1.111911744241891, 1.501284696819144, 1.189876489069602, 0.0, 0.4334927289840884, 0.012858687880523098, 0.5195832600365462, 1.1878671964006533], [0.8771787682520727, 0.7549401770585221, 1.003490889995017, 0.5712142701794548, 0.3548402676718624, 0.7200875367769217, 1.2278394294323285, 0.0, 0.43778685818019564, 0.7925526966072043, 1.2645308875131045], [1.176806055667047, 1.4208513941214256, 1.877404092098704, 1.1018805171982968, 1.4975034697755496, 1.207055907941251, 0.0667180743761854, 1.2387688483039774, 0.0, 0.5235978870153151, 1.1902616413200282], [1.6212804725333485, 1.6834851340908716, 1.2394324361077311, 2.577456010998369, 1.8880830584285764, 1.5441169098653593, 2.189367754856389, 2.2491733260958204, 2.1855865278859805, 0.0, 1.5275610277890972], [5.0518119026277235, 5.295857241087786, 5.752409939055384, 4.976886364154977, 5.372509316734982, 4.94772546530273, 3.8712246208832424, 4.911419049068094, 3.8750058474108053, 6.060592375059198, 0.0]],