{"pseudos": ["PSL-US-v1-high-26", "PSL-US-v1-low-11", "PSL-PAW-v1-high-26", "PSL-PAW-v1-low-11", "JTH-1.1-std-16", "Wentzcovitch-16"], "v_distance": {"grid": {"eta": [[0.0, 8988.454268490226, 10.70364999079567, 8987.488879094486, 9.352025377962374, 7.612504038796278], [12261.113007331553, 0.0, 8987.119500039751, 1.751207609028763, 8985.76173280742, 8986.90912113755], [14.599943276506451, 12257.759185698003, 0.0, 8986.155322126611, 4.122831993422054, 5.768023780410368], [12259.277185090335, 3.5104237002370837, 12255.923363456786, 0.0, 8984.797890412618, 8985.944190636414], [17.233442944729916, 12254.372172054505, 13.655013616346379, 12252.536349813288, 0.0, 8.433316325958891], [24.686529541060366, 12261.516699327225, 21.16389081744589, 12259.680877086008, 22.831905863956905, 0.0]], "shift": [[0.0, 11594.875000000013, 4.875000000000001, 11593.187500000011, 5.750000000000002, -2.6875], [-11594.875000000013, 0.0, 11594.375000000015, 1.6875000000000002, 11590.375000000013, 11599.562500000013], [-4.875000000000001, -11594.375000000015, 0.0, 11592.687500000013, 3.5625000000000013, -4.875000000000001], [-11593.187500000011, -1.6875000000000002, -11592.687500000013, 0.0, 11588.687500000011, 11597.875000000013], [-5.750000000000002, -11590.375000000013, -3.5625000000000013, -11588.687500000011, 0.0, 8.437500000000002], [2.6875, -11599.562500000013, 4.875000000000001, -11597.875000000013, -8.437500000000002, 0.0]]}, "path": {"eta": [[0.0, 898.8454268490226, 1.070364999079567, 898.7488879094486, 0.9352025377962374, 0.7612504038796277], [1226.1113007331553, 0.0, 898.7119500039751, 0.1751207609028763, 898.576173280742, 898.6909121137551], [1.459994327650645, 1225.7759185698003, 0.0, 898.6155322126612, 0.41228319934220536, 0.5768023780410367], [1225.9277185090336, 0.35104237002370836, 1225.5923363456786, 0.0, 898.4797890412617, 898.5944190636413], [1.7233442944729915, 1225.4372172054505, 1.3655013616346379, 1225.2536349813288, 0.0, 0.8433316325958892], [2.4686529541060365, 1226.1516699327226, 2.1163890817445887, 1225.9680877086007, 2.2831905863956905, 0.0]], "shift": [[0.0, 1159.4875000000013, 0.4875000000000001, 1159.318750000001, 0.5750000000000002, -0.26875], [-1159.4875000000013, 0.0, 1159.4375000000014, 0.16875, 1159.0375000000013, 1159.9562500000013], [-0.4875000000000001, -1159.4375000000014, 0.0, 1159.2687500000013, 0.3562500000000001, -0.4875000000000001], [-1159.318750000001, -0.16875, -1159.2687500000013, 0.0, 1158.868750000001, 1159.7875000000013], [-0.5750000000000002, -1159.0375000000013, -0.3562500000000001, -1158.868750000001, 0.0, 0.8437500000000002], [0.26875, -1159.9562500000013, 0.4875000000000001, -1159.7875000000013, -0.8437500000000002, 0.0]]}}, "v10_distance": {"grid": {"eta": [[0.0, 10528.587721198157, 9.418899932113371, 10527.14239194809, 9.902706064532207, 11.629584077085331], [18603.958383755857, 0.0, 10528.077542648338, 1.99895359693225, 10525.580441242682, 10529.820465397699], [16.764053305771146, 18597.55518321248, 0.0, 10526.632407921361, 6.615519882611898, 7.83714902254679], [18599.5202181386, 4.635423700237083, 18593.054517595225, 0.0, 10524.135445637246, 10528.375102972474], [45.12368351990784, 18592.543255761007, 57.825236825678985, 18588.105090143752, 0.0, 9.950698838178383], [39.19968650894262, 18606.96934296134, 31.612634469111807, 18602.531177344084, 48.08776514538954, 0.0]], "shift": [[0.0, 4319.3125000000055, 3.6250000000000013, 4318.8750000000055, 1.0625, -5.312500000000001], [-4319.3125000000055, 0.0, 4316.3750000000055, 0.5625000000000001, 4314.5000000000055, 4318.750000000005], [-3.6250000000000013, -4316.3750000000055, 0.0, 4316.0000000000055, 0.625, -5.750000000000002], [-4318.8750000000055, -0.5625000000000001, -4316.0000000000055, 0.0, 4314.0625000000055, 4318.312500000005], [-1.0625, -4314.5000000000055, -0.625, -4314.0625000000055, 0.0, 6.312500000000002], [5.312500000000001, -4318.750000000005, 5.750000000000002, -4318.312500000005, -6.312500000000002, 0.0]]}, "path": {"eta": [[0.0, 1052.8587721198157, 0.9418899932113372, 1052.714239194809, 0.9902706064532207, 1.162958407708533], [1860.3958383755858, 0.0, 1052.8077542648339, 0.199895359693225, 1052.5580441242682, 1052.98204653977], [1.6764053305771145, 1859.755518321248, 0.0, 1052.663240792136, 0.6615519882611898, 0.783714902254679], [1859.95202181386, 0.4635423700237083, 1859.3054517595224, 0.0, 1052.4135445637246, 1052.8375102972473], [4.5123683519907845, 1859.2543255761007, 5.7825236825678985, 1858.8105090143752, 0.0, 0.9950698838178382], [3.919968650894262, 1860.696934296134, 3.161263446911181, 1860.2531177344085, 4.808776514538954, 0.0]], "shift": [[0.0, 431.93125000000055, 0.36250000000000016, 431.88750000000056, 0.10625, -0.5312500000000001], [-431.93125000000055, 0.0, 431.63750000000056, 0.05625000000000001, 431.45000000000056, 431.87500000000045], [-0.36250000000000016, -431.63750000000056, 0.0, 431.60000000000053, 0.0625, -0.5750000000000002], [-431.88750000000056, -0.05625000000000001, -431.60000000000053, 0.0, 431.40625000000057, 431.83125000000047], [-0.10625, -431.45000000000056, -0.0625, -431.40625000000057, 0.0, 0.6312500000000002], [0.5312500000000001, -431.87500000000045, 0.5750000000000002, -431.83125000000047, -0.6312500000000002, 0.0]]}}}