{"pseudos": ["DOJO-041-std-14", "DOJO-041-str-22", "SPMS-14", "SG15-14", "GBRV-1.X-14", "PSL-US-v1-high-14", "PSL-PAW-v1-high-14", "JTH-1.1-std-14", "JTH-1.1-str-4"], "v_distance": {"grid": {"eta": [[0.0, 1.1791001002658636, 6.704994940055874, 2.507251987342148, 0.5959411166861099, 0.8196007061634506, 0.5005169488736193, 1.3797286416929824, 3.6493409798415124], [1.9166762850544572, 0.0, 7.7385694064890105, 3.5460693303406083, 0.7145610608910856, 0.8454397242621795, 1.0127128198983666, 1.0431380504387004, 3.7908371554021505], [38.90276386645001, 38.663601210532036, 0.0, 4.436258045159891, 7.107037085297571, 7.402577209846129, 7.0614197720488585, 7.4979536884626645, 8.960814263908055], [3.8508345029466327, 4.652582958215362, 35.31321292891692, 0.0, 2.9497731129512172, 3.2292678647397084, 2.885440743250304, 3.5209816590210865, 5.048363885923976], [3.828634513110856, 3.5894718571928834, 35.13662935333915, 5.091450506878153, 0.0, 0.7477488416940169, 0.6366092114871705, 1.143958467155155, 3.836160243201147], [1.9196810381816436, 3.069957053558654, 40.63677084705202, 5.323557918135101, 5.500141493712867, 0.0, 0.3576214779374094, 0.8826424007261501, 3.4750719675432205], [1.6591642966536355, 2.883400483048441, 39.530259407314894, 4.794061499554484, 4.456130053975741, 1.106511439737126, 0.0, 1.0431402936093064, 3.532329487615162], [8.708164096572915, 8.469001440654942, 30.194599769877094, 7.442610926393527, 4.942029583462059, 10.442171077174926, 9.3356596374378, 0.0, 4.147439112376025], [45.56359952795168, 45.80276218386965, 84.46636339440168, 49.215650465484764, 49.39223404106254, 43.82959254734967, 44.936103987086796, 54.271763624524596, 0.0]], "shift": [[0.0, 1.25, 0.0625, -0.5625000000000001, 0.75, -1.6250000000000002, -1.5, -1.4375, 5.875000000000002], [-1.25, 0.0, 1.1875000000000002, 1.8125000000000002, 0.5, 2.875000000000001, 2.750000000000001, 2.6875000000000004, 7.125000000000003], [-0.0625, -1.1875000000000002, 0.0, -0.6875, 0.625, -1.6875000000000002, -1.5625, -1.5, 5.937500000000002], [0.5625000000000001, -1.8125000000000002, 0.6875, 0.0, 1.3124999999999998, -1.0, -0.875, -0.8125000000000001, 5.312500000000001], [-0.75, -0.5, -0.625, -1.3124999999999998, 0.0, -2.3125000000000004, -2.2500000000000004, -2.125, 6.625000000000003], [1.6250000000000002, -2.875000000000001, 1.6875000000000002, 1.0, 2.3125000000000004, 0.0, 0.125, 0.1875, 4.250000000000001], [1.5, -2.750000000000001, 1.5625, 0.875, 2.2500000000000004, -0.125, 0.0, 0.0625, 4.375000000000001], [1.4375, -2.6875000000000004, 1.5, 0.8125000000000001, 2.125, -0.1875, -0.0625, 0.0, 4.437500000000002], [-5.875000000000002, -7.125000000000003, -5.937500000000002, -5.312500000000001, -6.625000000000003, -4.250000000000001, -4.375000000000001, -4.437500000000002, 0.0]]}, "path": {"eta": [[0.0, 1.232073442600269, 8.923641036009524, 1.546908623739772, 0.8211351040290198, 0.9917553341624151, 0.6894430468931194, 2.2734737573484947, 7.830662986111515], [1.8493502418941008, 0.0, 9.760123049503786, 2.4201213525697614, 1.0033733933068, 1.1722103000544764, 1.246772184475604, 2.5579865539797044, 7.960847999786576], [37.73137643336359, 37.772692772666346, 0.0, 8.482470456145643, 8.836578770213702, 9.597795598187494, 9.246111675524984, 8.018027740183378, 15.46450894604794], [4.086181470175504, 5.808141709471399, 39.18136194538731, 0.0, 2.0477393910445114, 2.2423966304517178, 1.9607270255404146, 3.142962085730444, 7.933483258614408], [3.7752037953667212, 3.816520134706778, 33.956172638137204, 6.204059361629682, 0.0, 1.2667389431877811, 1.0558842940171056, 1.9334775000098918, 8.43630242835503], [1.7615802439733415, 2.7356440465485226, 39.17189342772845, 4.474570740118409, 5.215720789755558, 0.0, 0.3830262864880218, 2.2528109880340503, 7.551061264881975], [1.522622835046178, 2.602199583105055, 38.177840214977415, 3.920468384823483, 4.159167576979655, 1.0565532127759028, 0.0, 2.0979548527888126, 7.7018593307343775], [10.840676516915707, 10.881992856231781, 26.953199916447886, 12.290662028939423, 7.002972721689317, 12.281193511280563, 11.224640298529529, 0.0, 9.57173898383906], [43.081698457625905, 43.04038211844572, 80.8755748909895, 41.63171294560219, 46.919402252852294, 41.64118146326105, 42.69773467601208, 53.92237497454161, 0.0]], "shift": [[0.0, 1.1250000000000002, -1.1250000000000002, -0.25, 0.5, -1.375, -1.3124999999999998, -1.9375, 3.4375000000000013], [-1.1250000000000002, 0.0, 2.250000000000001, 1.375, 0.625, 2.5000000000000004, 2.4375000000000004, 3.062500000000001, 4.562500000000002], [1.1250000000000002, -2.250000000000001, 0.0, 0.875, 1.6250000000000002, -0.25, -0.25, -0.875, 2.3750000000000004], [0.25, -1.375, -0.875, 0.0, 0.75, -1.1250000000000002, -1.0625, -1.6875000000000002, 3.187500000000001], [-0.5, -0.625, -1.6250000000000002, -0.75, 0.0, -1.875, -1.8124999999999998, -2.5, 4.000000000000001], [1.375, -2.5000000000000004, 0.25, 1.1250000000000002, 1.875, 0.0, 0.0625, -0.5625000000000001, 2.0625000000000004], [1.3124999999999998, -2.4375000000000004, 0.25, 1.0625, 1.8124999999999998, -0.0625, 0.0, -0.625, 2.1250000000000004], [1.9375, -3.062500000000001, 0.875, 1.6875000000000002, 2.5, 0.5625000000000001, 0.625, 0.0, 1.5000000000000002], [-3.4375000000000013, -4.562500000000002, -2.3750000000000004, -3.187500000000001, -4.000000000000001, -2.0625000000000004, -2.1250000000000004, -1.5000000000000002, 0.0]]}}, "v10_distance": {"grid": {"eta": [[0.0, 8.320174239550507, 8.395338274804496, 4.094044394469819, 6.984735065215949, 3.1719929354845138, 3.104338286045463, 15.118212311687717, 19.61394022848934], [38.810185464297525, 0.0, 12.538390417340095, 11.54721795061753, 1.554853915577632, 10.21852181538458, 10.319583676631686, 7.302179189229763, 26.85198588123052], [42.21526386645001, 48.351101210532036, 0.0, 7.682041845546105, 11.195373449021165, 7.151627067036801, 7.087351790294092, 16.812098689400532, 22.08814730065015], [9.826646585581415, 47.81714348604909, 34.00071292891692, 0.0, 10.23223294444669, 3.9659975539302295, 3.723529576596477, 18.03962170290371, 16.782133528933237], [31.972982721715393, 6.837202742582136, 43.63662935333915, 40.979940743466955, 0.0, 8.843766442179053, 8.934660599124586, 8.294475219749575, 25.784267710383343], [14.181494342192186, 42.38103251080355, 41.13677084705202, 14.987731455250566, 36.03598686936367, 0.0, 0.3054994577397043, 16.409269706276685, 18.978586539331737], [13.201354067228792, 41.959467807333866, 39.967759407314894, 14.12419262201493, 35.67692216589398, 1.169011439737126, 0.0, 16.545961843170247, 18.80497005080425], [67.88620195085318, 29.07601648655564, 61.75970772225414, 76.89315997260474, 35.85071922913778, 65.36640716861963, 66.3959803628903, 0.0, 33.4952397294816], [91.97109624025329, 130.78128170455082, 98.03509046885232, 69.75126563668638, 123.9440789619687, 94.42839102248685, 93.39881782821618, 159.85729819110648, 0.0]],