{"pseudos": ["DOJO-041-std-16", "DOJO-041-str-24", "DOJO-050-std-16", "SPMS-16", "SG15-16", "GBRV-1.X-6", "PSL-US-v1-high-16", "PSL-US-v1-low-6", "PSL-PAW-v1-high-16", "PSL-PAW-v1-low-6", "JTH-1.1-std-6"], "v_distance": {"grid": {"eta": [[0.0, 7.05198455287968, 1045.3185480183538, 2.2201656846475273, 3.723784735180166, 8.336754851774398, 12.329239008699348, 1.7509335743643943, 7.868537535589911, 1.6696705551418376, 7.938722983395249], [10.264191280525909, 0.0, 1050.0746312788006, 5.047215746522033, 3.4220994056833485, 8.530764117035671, 5.396325498218206, 2.1205425632093275, 1.264136564600529, 1.9846565022595704, 8.353642077027281], [3341.3060963782327, 3351.1899061858967, 0.0, 1046.9648631428836, 1047.8862711989023, 1286.5467421080893, 1053.0840117341595, 1287.2733013269499, 1050.2434477525856, 1287.3122848788782, 1282.9968979900718], [3.782959944632637, 9.253708800988209, 3344.833862429645, 0.0, 1.657579882169051, 8.664548591100154, 10.31343655828517, 2.2730335431423057, 5.907798416352537, 2.1564842710159775, 8.522970975803881], [5.394361022064126, 5.376374065834811, 3346.601123921337, 4.694437383853227, 0.0, 8.317761968386186, 8.678317954859578, 1.8445095676954533, 4.2697775326436505, 1.7294214884427144, 8.10639542389336], [42.096525812303994, 46.14949578095338, 2453.6495358392685, 44.50637048955843, 42.692976015955935, 0.0, 8.059506971304852, 6.709022158568752, 8.04787039068731, 6.755300732382462, 4.63729165936342], [20.074816412397315, 15.065286381046693, 3356.29864102101, 19.73466108965174, 15.921266616049257, 37.89670939990668, 0.0, 1.5237114478358906, 4.469681657550903, 1.5608575960207127, 7.243990445881588], [7.136946332149506, 11.127416300798885, 2457.7270882786247, 9.484291009403933, 7.733396535801447, 35.02207948015449, 4.51259932460097, 0.0, 1.4686086143449335, 0.31433504701077153, 6.394744301982979], [14.03939047123571, 8.967360439885086, 3350.9004675515966, 13.699235148490134, 9.82334067488765, 38.24463534106829, 6.159000433645732, 4.268007314772504, 0.0, 1.4871308430104215, 7.371461473195747], [6.391343523126459, 10.381813491775837, 2456.9986151401035, 8.738688200380885, 6.987793726778398, 35.767682289177536, 4.296824633392731, 0.8230108841796664, 4.052232623564265, 0.0, 6.468479503279925], [35.22773648954949, 39.28070645819887, 2447.1189376086872, 37.57508116680392, 35.82418669320143, 14.019880373706103, 31.027920077152185, 28.090790157399987, 31.313346018313787, 28.836392966423034, 0.0]], "shift": [[0.0, -8.000000000000002, -72.18750000000001, -1.6250000000000002, -4.375000000000001, 3.5000000000000013, -17.687500000000004, 1.5, -11.625000000000004, 1.0625, 9.062500000000004], [8.000000000000002, 0.0, 64.18750000000004, -6.437500000000003, -3.6250000000000004, 4.562500000000002, 9.687500000000004, 2.5000000000000004, 3.5625000000000013, 2.0625000000000004, 10.125000000000002], [72.18750000000001, -64.18750000000004, 0.0, 70.62500000000003, 67.81250000000003, -952.9375000000009, 54.50000000000002, -954.9375000000009, 60.62500000000003, -955.375000000001, -947.3750000000009], [1.6250000000000002, 6.437500000000003, -70.62500000000003, 0.0, -2.8125, 4.625000000000002, -16.062500000000004, 2.5625000000000004, -10.000000000000002, 2.1250000000000004, 10.125000000000002], [4.375000000000001, 3.6250000000000004, -67.81250000000003, 2.8125, 0.0, 3.875000000000001, -13.312500000000005, 1.8750000000000004, -7.187500000000003, 1.4375, 9.437500000000004], [-3.5000000000000013, -4.562500000000002, 952.9375000000009, -4.625000000000002, -3.875000000000001, 0.0, 1.6875000000000002, 2.0625000000000004, 2.0625000000000004, 2.5000000000000004, -5.500000000000002], [17.687500000000004, -9.687500000000004, -54.50000000000002, 16.062500000000004, 13.312500000000005, -1.6875000000000002, 0.0, -0.3125, 6.062500000000002, -0.75, 7.250000000000003], [-1.5, -2.5000000000000004, 954.9375000000009, -2.5625000000000004, -1.8750000000000004, -2.0625000000000004, 0.3125, 0.0, 0.0, 0.4375, -7.562500000000002], [11.625000000000004, -3.5625000000000013, -60.62500000000003, 10.000000000000002, 7.187500000000003, -2.0625000000000004, -6.062500000000002, -0.0, 0.0, -0.4375, 7.5625000000000036], [-1.0625, -2.0625000000000004, 955.375000000001, -2.1250000000000004, -1.4375, -2.5000000000000004, 0.75, -0.4375, 0.4375, 0.0, -8.000000000000002], [-9.062500000000004, -10.125000000000002, 947.3750000000009, -10.125000000000002, -9.437500000000004, 5.500000000000002, -7.250000000000003, 7.562500000000002, -7.5625000000000036, 8.000000000000002, 0.0]]}, "path": {"eta": [[0.0, 0.705198455287968, 104.53185480183538, 0.22201656846475273, 0.37237847351801656, 0.8336754851774397, 1.2329239008699349, 0.17509335743643945, 0.7868537535589911, 0.16696705551418375, 0.7938722983395249], [1.026419128052591, 0.0, 105.00746312788006, 0.5047215746522034, 0.34220994056833487, 0.8530764117035672, 0.5396325498218206, 0.21205425632093275, 0.1264136564600529, 0.19846565022595702, 0.8353642077027281], [334.1306096378233, 335.1189906185897, 0.0, 104.69648631428836, 104.78862711989022, 128.65467421080893, 105.30840117341594, 128.727330132695, 105.02434477525856, 128.73122848788782, 128.29968979900718], [0.3782959944632637, 0.9253708800988208, 334.48338624296446, 0.0, 0.1657579882169051, 0.8664548591100154, 1.031343655828517, 0.22730335431423057, 0.5907798416352537, 0.21564842710159776, 0.8522970975803881], [0.5394361022064126, 0.537637406583481, 334.6601123921337, 0.4694437383853227, 0.0, 0.8317761968386186, 0.8678317954859578, 0.18445095676954532, 0.42697775326436505, 0.17294214884427145, 0.810639542389336], [4.209652581230399, 4.614949578095338, 245.36495358392685, 4.4506370489558424, 4.269297601595594, 0.0, 0.8059506971304853, 0.6709022158568752, 0.804787039068731, 0.6755300732382462, 0.463729165936342], [2.0074816412397314, 1.5065286381046694, 335.629864102101, 1.9734661089651742, 1.5921266616049257, 3.7896709399906685, 0.0, 0.15237114478358907, 0.4469681657550903, 0.15608575960207127, 0.7243990445881587], [0.7136946332149506, 1.1127416300798885, 245.77270882786246, 0.9484291009403932, 0.7733396535801447, 3.5022079480154487, 0.451259932460097, 0.0, 0.14686086143449334, 0.031433504701077156, 0.639474430198298], [1.4039390471235709, 0.8967360439885086, 335.0900467551597, 1.3699235148490134, 0.982334067488765, 3.8244635341068287, 0.6159000433645732, 0.4268007314772504, 0.0, 0.14871308430104216, 0.7371461473195746], [0.6391343523126458, 1.0381813491775838, 245.69986151401037, 0.8738688200380885, 0.6987793726778398, 3.5767682289177536, 0.4296824633392731, 0.08230108841796664, 0.40522326235642653, 0.0, 0.6468479503279925], [3.5227736489549493, 3.9280706458198873, 244.71189376086872, 3.757508116680392, 3.5824186693201434, 1.4019880373706104, 3.1027920077152187, 2.8090790157399987, 3.131334601831379, 2.8836392966423032, 0.0]],