{"pseudos": ["PSL-US-v1-high-12", "PSL-PAW-v1-high-12", "MARBURG-12"], "v_distance": {"grid": {"eta": [[0.0, 8.416950441031632, 7.98800149744377], [16.681873756483185, 0.0, 16.365169669368857], [16.437612748603154, 33.18182753410241, 0.0]], "shift": [[0.0, -3.875000000000001, 2.1250000000000004], [3.875000000000001, 0.0, 5.937500000000002], [-2.1250000000000004, -5.937500000000002, 0.0]]}, "path": {"eta": [[0.0, 0.8416950441031632, 0.7988001497443771], [1.6681873756483185, 0.0, 1.6365169669368858], [1.6437612748603154, 3.318182753410241, 0.0]], "shift": [[0.0, -0.38750000000000007, 0.21250000000000005], [0.38750000000000007, 0.0, 0.5937500000000002], [-0.21250000000000005, -0.5937500000000002, 0.0]]}}, "v10_distance": {"grid": {"eta": [[0.0, 12.82443879775098, 10.691437985224344], [25.70821277649456, 0.0, 23.429870340139185], [21.9911359268408, 45.956070288491844, 0.0]], "shift": [[0.0, -13.687500000000005, 10.875000000000004], [13.687500000000005, 0.0, 24.5625], [-10.875000000000004, -24.5625, 0.0]]}, "path": {"eta": [[0.0, 1.282443879775098, 1.0691437985224344], [2.570821277649456, 0.0, 2.3429870340139187], [2.19911359268408, 4.595607028849185, 0.0]], "shift": [[0.0, -1.3687500000000006, 1.0875000000000004], [1.3687500000000006, 0.0, 2.45625], [-1.0875000000000004, -2.45625, 0.0]]}}}