{"pseudos": ["PSL-US-v1-high-12", "PSL-PAW-v1-high-12", "MARBURG-12"], "v_distance": {"grid": {"eta": [[0.0, 2.794911308518781, 7.98800149744377], [10.947049915687828, 0.0, 16.365169669368857], [16.437612748603154, 33.18182753410241, 0.0]], "shift": [[0.0, 4.375000000000001, 2.1250000000000004], [-4.375000000000001, 0.0, 5.937500000000002], [-2.1250000000000004, -5.937500000000002, 0.0]]}, "path": {"eta": [[0.0, 3.6315651904953015, 0.7988001497443771], [11.668322468818232, 0.0, 1.6365169669368858], [1.6437612748603154, 3.318182753410241, 0.0]], "shift": [[0.0, 4.437500000000002, 0.21250000000000005], [-4.437500000000002, 0.0, 0.5937500000000002], [-0.21250000000000005, -0.5937500000000002, 0.0]]}}, "v10_distance": {"grid": {"eta": [[0.0, 13.640952690812409, 10.691437985224344], [24.575968599681524, 0.0, 23.429870340139185], [21.9911359268408, 45.956070288491844, 0.0]], "shift": [[0.0, -15.500000000000005, 10.875000000000004], [15.500000000000005, 0.0, 24.5625], [-10.875000000000004, -24.5625, 0.0]]}, "path": {"eta": [[0.0, 14.589348265441288, 1.0691437985224344], [24.459678464269864, 0.0, 2.3429870340139187], [2.19911359268408, 4.595607028849185, 0.0]], "shift": [[0.0, -15.250000000000007, 1.0875000000000004], [15.250000000000007, 0.0, 2.45625], [-1.0875000000000004, -2.45625, 0.0]]}}}