{"pseudos": ["DOJO-041-std-13", "DOJO-041-str-21", "DOJO-050-std-13", "SPMS-13", "SG15-13", "GBRV-1.X-13", "PSL-US-v1-high-13", "PSL-US-v0.x-13", "PSL-PAW-v0.x-13", "PSL-PAW-v1-high-13", "JTH-1.1-std-13"], "v_distance": {"grid": {"eta": [[0.0, 5.549018113216072, 1699.27268198942, 5.572108070669241, 4.053357232475183, 4.528240223213898, 6.52332083774606, 2.925863808596283, 3.3754046495604713, 3.8004629550731925, 4.373327561438119], [13.995483355538955, 0.0, 1694.7592173076846, 1.1827515459029556, 1.6412620476386102, 1.2053783256852464, 1.1966576662097563, 2.7174801821235004, 2.2755472383638433, 1.83481350637468, 1.245818920702353], [5920.931410912733, 5911.249892734895, 0.0, 1694.4842478593316, 1695.7315650901014, 1695.4231124795213, 1693.9367246218194, 1696.8200237132323, 1696.4317911288044, 1696.0822089537514, 1695.7168060133345], [13.668655607503974, 6.807668736099175, 5907.200255305228, 0.0, 1.6595811868065602, 1.3340589838305654, 1.3360565976437762, 2.7045080164865714, 2.268715359049256, 1.8856775520117695, 1.530541734640188], [10.941200847547062, 5.717297395277158, 5912.2922641982095, 5.092008892981447, 0.0, 0.723971969974972, 2.6190476900769326, 1.2990770626081163, 0.9172343617499354, 0.62848685759278, 0.7494575755756432], [12.69348077513366, 7.012824529813047, 5910.966169709259, 3.765914404029999, 3.345945829629173, 0.0, 2.1167094518494176, 1.696194312505142, 1.2672895046332402, 0.8601968701161461, 0.378362620426242], [13.03428812370451, 3.7155040744908945, 5909.89236399508, 5.522554722231903, 7.322307988290093, 7.882538997400759, 0.0, 3.6103933267030257, 3.1588328803618797, 2.730141312149409, 2.21678476762054], [5.92340833388044, 9.620673246375349, 5915.7198069155365, 8.457051610307808, 6.1411494898282015, 7.893429417414801, 7.884957908961727, 0.0, 0.4598482461571569, 0.8977671198822781, 1.547459490991086], [6.635224856094597, 8.740680145695766, 5914.52552928644, 7.262773981212213, 5.14106523477075, 6.955845162357349, 6.977964531615529, 1.1942776290955948, 0.0, 0.44436911279563074, 1.126033066020013], [7.372136355291114, 7.161223927458254, 5913.919619506281, 6.719364201053601, 3.569064492255947, 5.321344419842546, 5.906351819427429, 2.634584997572255, 1.6345007425148028, 0.0, 0.7174565754654869], [11.50617468635875, 5.243787480836674, 5912.772437398864, 5.572182093635212, 3.8455214576625707, 1.8062676896052139, 6.1135019484243855, 7.193864577195145, 6.251371476515559, 4.671915258278049, 0.0]], "shift": [[0.0, 12.500000000000004, 364.3125000000003, 8.625000000000002, 7.6875000000000036, 8.812500000000002, 11.937500000000004, 4.500000000000002, 5.437500000000002, 6.625000000000003, 9.250000000000004], [-12.500000000000004, 0.0, -351.8125000000002, 3.812500000000001, 4.812500000000001, 3.6875000000000013, 0.5, 7.937500000000002, 7.062500000000003, 5.875000000000002, 3.2500000000000013], [-364.3125000000003, 351.8125000000002, 0.0, -355.6250000000002, -356.6250000000002, -355.5000000000003, -352.3125000000002, -359.8125000000003, -358.8750000000003, -357.6875000000003, -355.0625000000003], [-8.625000000000002, -3.812500000000001, 355.6250000000002, 0.0, -1.0, 0.125, 3.3125000000000013, -4.125000000000001, -3.1875000000000004, -2.0625, 0.5625000000000001], [-7.6875000000000036, -4.812500000000001, 356.6250000000002, 1.0, 0.0, 1.1250000000000002, 4.312500000000001, -3.125, -2.1875, -1.0625, 1.5625], [-8.812500000000002, -3.6875000000000013, 355.5000000000003, -0.125, -1.1250000000000002, 0.0, 3.187500000000001, -4.250000000000001, -3.3750000000000004, -2.1875, 0.4375], [-11.937500000000004, -0.5, 352.3125000000002, -3.3125000000000013, -4.312500000000001, -3.187500000000001, 0.0, -7.4375000000000036, -6.500000000000003, -5.375000000000001, -2.75], [-4.500000000000002, -7.937500000000002, 359.8125000000003, 4.125000000000001, 3.125, 4.250000000000001, 7.4375000000000036, 0.0, 0.9375, 2.1250000000000004, 4.750000000000002], [-5.437500000000002, -7.062500000000003, 358.8750000000003, 3.1875000000000004, 2.1875, 3.3750000000000004, 6.500000000000003, -0.9375, 0.0, 1.1875000000000002, 3.812500000000001], [-6.625000000000003, -5.875000000000002, 357.6875000000003, 2.0625, 1.0625, 2.1875, 5.375000000000001, -2.1250000000000004, -1.1875000000000002, 0.0, 2.6250000000000004], [-9.250000000000004, -3.2500000000000013, 355.0625000000003, -0.5625000000000001, -1.5625, -0.4375, 2.75, -4.750000000000002, -3.812500000000001, -2.6250000000000004, 0.0]]}, "path": {"eta": [[0.0, 0.5549018113216072, 169.92726819894202, 0.5572108070669242, 0.4053357232475183, 0.45282402232138985, 0.652332083774606, 0.2925863808596283, 0.3375404649560471, 0.3800462955073193, 0.4373327561438119], [1.3995483355538956, 0.0, 169.47592173076845, 0.11827515459029556, 0.16412620476386103, 0.12053783256852464, 0.11966576662097564, 0.27174801821235006, 0.22755472383638434, 0.183481350637468, 0.12458189207023529], [592.0931410912733, 591.1249892734895, 0.0, 169.44842478593316, 169.57315650901015, 169.5423112479521, 169.39367246218194, 169.68200237132322, 169.64317911288043, 169.60822089537515, 169.57168060133344], [1.3668655607503974, 0.6807668736099175, 590.7200255305228, 0.0, 0.16595811868065602, 0.13340589838305655, 0.1336056597643776, 0.27045080164865715, 0.2268715359049256, 0.18856775520117694, 0.15305417346401878], [1.0941200847547061, 0.5717297395277158, 591.229226419821, 0.5092008892981447, 0.0, 0.0723971969974972, 0.26190476900769327, 0.12990770626081163, 0.09172343617499354, 0.062848685759278, 0.07494575755756432], [1.2693480775133659, 0.7012824529813046, 591.0966169709259, 0.3765914404029999, 0.3345945829629173, 0.0, 0.21167094518494176, 0.1696194312505142, 0.12672895046332402, 0.08601968701161461, 0.037836262042624205], [1.303428812370451, 0.37155040744908946, 590.989236399508, 0.5522554722231903, 0.7322307988290093, 0.7882538997400759, 0.0, 0.3610393326703026, 0.315883288036188, 0.2730141312149409, 0.22167847676205402], [0.592340833388044, 0.9620673246375349, 591.5719806915537, 0.8457051610307807, 0.6141149489828202, 0.7893429417414801, 0.7884957908961727, 0.0, 0.045984824615715694, 0.08977671198822781, 0.1547459490991086], [0.6635224856094597, 0.8740680145695766, 591.4525529286441, 0.7262773981212213, 0.514106523477075, 0.6955845162357349, 0.6977964531615529, 0.11942776290955948, 0.0, 0.04443691127956308, 0.11260330660200131], [0.7372136355291115, 0.7161223927458253, 591.3919619506281, 0.6719364201053601, 0.3569064492255947, 0.5321344419842546, 0.5906351819427429, 0.26345849975722546, 0.16345007425148028, 0.0, 0.07174565754654869], [1.150617468635875, 0.5243787480836674, 591.2772437398864, 0.5572182093635212, 0.38455214576625707, 0.18062676896052138, 0.6113501948424386, 0.7193864577195145, 0.6251371476515559, 0.4671915258278049, 0.0]],