{"pseudos": ["PSL-US-v1-high (Z=14)", "PSL-PAW-v1-high (Z=14)", "MARBURG (Z=14)"], "average": {"grid": {"eta": [[0.0, 25.292634783443585, 44.91088467033015], [18.958535930482917, 0.0, 13.654046622627815], [29.707780946417316, 7.541799904039197, 0.0]], "shift": [[0.0, 6.500000000000003, 25.500000000000004], [25.25, 0.0, 5.500000000000002], [59.12500000000002, 14.437500000000002, 0.0]]}, "path": {"eta": [[0.0, 28.193924988121058, 4.4910884670330145], [22.418605589015648, 0.0, 1.3654046622627816], [2.9707780946417315, 0.7541799904039197, 0.0]], "shift": [[0.0, 7.000000000000003, 2.5500000000000003], [23.9375, 0.0, 0.5500000000000002], [5.912500000000002, 1.44375, 0.0]]}}, "maximum": {"grid": {"eta": [[0.0, 60.19067583018772, 97.53840266112138], [42.506479183597406, 0.0, 79.99166231301797], [81.99919156564499, 21.734158847344876, 0.0]], "shift": [[0.0, -6.500000000000003, -25.500000000000004], [-25.25, 0.0, -5.500000000000002], [-59.12500000000002, -14.437500000000002, 0.0]]}, "path": {"eta": [[0.0, 60.2419663781909, 9.753840266112139], [41.2316080972393, 0.0, 7.999166231301797], [8.1999191565645, 2.1734158847344878, 0.0]], "shift": [[0.0, -7.000000000000003, -2.5500000000000003], [-23.9375, 0.0, -0.5500000000000002], [-5.912500000000002, -1.44375, 0.0]]}}}