{"pseudos": ["DOJO-041-std-14", "SPMS-14", "SG15-28", "GBRV-1.X-14", "PSL-US-v1-high-28", "PSL-US-v1-low-14", "PSL-PAW-v1-high-28", "PSL-PAW-v1-low-14", "JTH-1.1-std-14"], "v_distance": {"grid": {"eta": [[0.0, 12.461940633203332, 15010.442974477633, 2.436281543596265, 15039.590885520058, 6.336554361732881, 15028.242794933543, 5.822220511392776, 1.8864047383996951], [24.055930287044585, 0.0, 14998.816479012306, 11.66161910490698, 15027.952230250236, 18.03359482531898, 15016.60774212548, 17.559324642284263, 14.023690616725467], [35072.936093870696, 35049.300048657824, 0.0, 15008.962205086167, 49.861940056558744, 15015.779578330656, 32.69126408061622, 15015.04793436897, 15011.623576392723], [5.906402462436404, 19.797165114812962, 35068.65991361186, 0.0, 15038.111692232571, 8.283736005224693, 15026.762640229284, 7.644978152327616, 2.8983881462527368], [35136.56441238177, 35112.928367168905, 73.9264056297946, 35132.28823212293, 0.0, 15044.930391827575, 18.362615530796706, 15044.200266939124, 15040.773410600237], [18.359023197097887, 36.39593249757865, 35085.089190721104, 24.243524993588636, 35148.71750923218, 0.0, 15033.582052069396, 1.0468412280220896, 5.724753766926097], [35113.93705178786, 35090.301006575, 54.71173224033227, 35109.72337152903, 23.252360594249375, 35126.09014863828, 0.0, 15032.85129069126, 15029.424313805994], [18.064147226419436, 34.09779956175396, 35082.840751166594, 23.94864902291019, 35146.469069677674, 2.2981329358246967, 35123.84170908376, 0.0, 5.140460589718848], [6.100227079927721, 25.917147947697114, 35074.69431374262, 6.250679147297404, 35138.32263225369, 23.966016534437134, 35115.75777165979, 23.671140563758687, 0.0]], "shift": [[0.0, 11.562500000000004, 10845.625000000013, -3.3125000000000004, 10895.750000000013, 5.937500000000002, 10876.062500000013, 5.750000000000002, -4.562500000000001], [-11.562500000000004, 0.0, 10834.125000000011, -14.875000000000007, 10884.250000000013, -5.625000000000002, 10864.562500000013, -5.812500000000002, -16.125000000000004], [-10845.625000000013, -10834.125000000011, 0.0, 10849.000000000011, 58.00000000000002, 10839.625000000013, 38.937500000000014, 10839.812500000013, 10850.250000000011], [3.3125000000000004, 14.875000000000007, -10849.000000000011, 0.0, 10899.125000000013, 9.250000000000004, 10879.375000000015, 9.062500000000004, -1.25], [-10895.750000000013, -10884.250000000013, -58.00000000000002, -10899.125000000013, 0.0, 10889.750000000011, -19.062500000000007, 10889.937500000011, 10900.375000000011], [-5.937500000000002, 5.625000000000002, -10839.625000000013, -9.250000000000004, -10889.750000000011, 0.0, 10870.062500000013, -0.1875, -10.500000000000002], [-10876.062500000013, -10864.562500000013, -38.937500000000014, -10879.375000000015, 19.062500000000007, -10870.062500000013, 0.0, 10870.250000000013, 10880.625000000013], [-5.750000000000002, 5.812500000000002, -10839.812500000013, -9.062500000000004, -10889.937500000011, 0.1875, -10870.250000000013, 0.0, -10.312500000000002], [4.562500000000001, 16.125000000000004, -10850.250000000011, 1.25, -10900.375000000011, 10.500000000000002, -10880.625000000013, 10.312500000000002, 0.0]]}, "path": {"eta": [[0.0, 1.2461940633203332, 1501.0442974477633, 0.2436281543596265, 1503.9590885520058, 0.633655436173288, 1502.8242794933544, 0.5822220511392776, 0.1886404738399695], [2.4055930287044585, 0.0, 1499.8816479012307, 1.1661619104906982, 1502.7952230250235, 1.803359482531898, 1501.660774212548, 1.7559324642284264, 1.4023690616725468], [3507.2936093870694, 3504.9300048657824, 0.0, 1500.8962205086168, 4.986194005655874, 1501.5779578330655, 3.2691264080616222, 1501.504793436897, 1501.1623576392724], [0.5906402462436404, 1.9797165114812962, 3506.865991361186, 0.0, 1503.8111692232571, 0.8283736005224693, 1502.6762640229285, 0.7644978152327616, 0.28983881462527367], [3513.6564412381767, 3511.2928367168906, 7.3926405629794605, 3513.2288232122933, 0.0, 1504.4930391827575, 1.8362615530796706, 1504.4200266939124, 1504.0773410600236], [1.8359023197097888, 3.6395932497578647, 3508.5089190721105, 2.4243524993588634, 3514.871750923218, 0.0, 1503.3582052069396, 0.10468412280220896, 0.5724753766926096], [3511.393705178786, 3509.0301006575, 5.471173224033227, 3510.9723371529026, 2.3252360594249373, 3512.6090148638277, 0.0, 1503.285129069126, 1502.9424313805994], [1.8064147226419436, 3.409779956175396, 3508.2840751166596, 2.394864902291019, 3514.6469069677673, 0.22981329358246966, 3512.3841709083763, 0.0, 0.5140460589718848], [0.610022707992772, 2.5917147947697114, 3507.469431374262, 0.6250679147297404, 3513.8322632253685, 2.3966016534437133, 3511.5757771659787, 2.367114056375869, 0.0]], "shift": [[0.0, 1.1562500000000004, 1084.5625000000014, -0.33125000000000004, 1089.5750000000012, 0.5937500000000002, 1087.6062500000012, 0.5750000000000002, -0.4562500000000001], [-1.1562500000000004, 0.0, 1083.412500000001, -1.4875000000000007, 1088.4250000000013, -0.5625000000000002, 1086.4562500000013, -0.5812500000000002, -1.6125000000000003], [-1084.5625000000014, -1083.412500000001, 0.0, 1084.900000000001, 5.8000000000000025, 1083.9625000000012, 3.8937500000000016, 1083.9812500000012, 1085.025000000001], [0.33125000000000004, 1.4875000000000007, -1084.900000000001, 0.0, 1089.9125000000013, 0.9250000000000004, 1087.9375000000014, 0.9062500000000003, -0.125], [-1089.5750000000012, -1088.4250000000013, -5.8000000000000025, -1089.9125000000013, 0.0, 1088.975000000001, -1.9062500000000007, 1088.993750000001, 1090.037500000001], [-0.5937500000000002, 0.5625000000000002, -1083.9625000000012, -0.9250000000000004, -1088.975000000001, 0.0, 1087.0062500000013, -0.01875, -1.0500000000000003], [-1087.6062500000012, -1086.4562500000013, -3.8937500000000016, -1087.9375000000014, 1.9062500000000007, -1087.0062500000013, 0.0, 1087.0250000000012, 1088.0625000000014], [-0.5750000000000002, 0.5812500000000002, -1083.9812500000012, -0.9062500000000003, -1088.993750000001, 0.01875, -1087.0250000000012, 0.0, -1.0312500000000002], [0.4562500000000001, 1.6125000000000003, -1085.025000000001, 0.125, -1090.037500000001, 1.0500000000000003, -1088.0625000000014, 1.0312500000000002, 0.0]]}}, "v10_distance": {"grid": {"eta": [[0.0, 11.086392968026544, 13417.403217331548, 2.6637769027183538, 13444.029326490845, 9.109455242749924, 13431.743196726253, 8.825549586290512, 6.3733840148971215], [26.49343028704459, 0.0, 13407.267791658465, 11.16669377032614, 13433.887484366473, 16.239613982610226, 13421.60404212662, 15.897141530517654, 14.933147367081931], [38484.123593870696, 38457.86254865783, 0.0, 13416.819079335257, 49.170076502321656, 13419.700782097352, 33.211345764171966, 13419.218552774468, 13421.069006473906], [9.361578694483825, 23.234665114812966, 38480.84741361186, 0.0, 13443.449380866585, 10.983754828728129, 13431.161889321416, 10.598211034650136, 5.59298364966203], [38559.06441238177, 38532.803367168905, 83.70737594093644, 38555.78823212293, 0.0, 13446.300566821727, 18.247035335495347, 13445.81999362902, 13447.723490360057], [55.29819413367719, 46.88508980216639, 38496.27669072111, 60.871888718821516, 38571.217509232185, 0.0, 13434.014908118032, 0.8889865473500176, 13.880055479439338], [38530.12455178786, 38503.863506575, 69.5050391668306, 38526.84837152903, 26.877360594249375, 38542.27764863828, 0.0, 13433.53370383674, 13435.43599647629], [55.789953211830955, 47.376848880320146, 38494.090751166594, 60.37306948067038, 38569.03156967767, 2.1731329358246967, 38540.15420908377, 0.0, 13.640529794193386], [46.20961361478871, 52.37993789762214, 38486.75681374261, 43.149573068537194, 38561.572632253694, 97.55334259594974, 38532.69527165979, 97.9826016741035, 0.0]],