{"pseudos": ["DOJO-041-std (Z=14)", "SPMS (Z=14)", "SG15 (Z=28)", "GBRV-1.X (Z=14)", "PSL-US-v1-high (Z=28)", "PSL-US-v1-low (Z=14)", "PSL-PAW-v1-high (Z=28)", "PSL-PAW-v1-low (Z=14)", "JTH-1.1-std (Z=14)"], "average": {"grid": {"eta": [[0.0, 3.4366698973818828, 26.297142771983516, 2.640864652576688, 2.8295296625678263, 10.76344393490305, 2.8940096863580016, 10.708865879681861, 6.934389543073937], [1.264846390239191, 0.0, 29.39858798561588, 3.7482539687802143, 5.136937491560151, 11.186082340784969, 4.7856329899000905, 11.118398161012482, 7.171536719692912], [15.355860729730345, 16.535361442753675, 0.0, 26.470683496436855, 26.022406389124534, 31.25867421143304, 26.660646688157748, 31.246429589720222, 25.945243091520588], [2.433976756463145, 2.8311601067731216, 15.129173064205315, 0.0, 3.6500011612200525, 12.642515183127433, 3.6152157748151983, 12.57301598647615, 5.949826804702122], [1.8142707057134748, 2.4109633996970206, 15.095043117413757, 2.09109004474973, 0.0, 10.74455787729966, 0.6690002107203453, 10.694510857234572, 8.411771709997563], [5.1168740956441585, 5.60136662655303, 14.970816451055528, 7.010390335685471, 5.776364687969212, 0.0, 10.523596746885175, 0.1815800948140126, 17.135415616403975], [1.9080683366914621, 2.367699767160297, 15.346508000124366, 2.0169776736420344, 0.32208717434718676, 5.907290647564013, 0.0, 10.470395956589012, 8.568388611492136], [5.114023832219793, 5.6124881625130785, 14.89249576861993, 6.986414196756407, 5.746058528356578, 0.1122824323522168, 5.878856614101408, 0.0, 17.07563650202246], [1.351311359131754, 2.0433051849453414, 14.8257309449729, 1.7362931993508204, 2.247526948672742, 5.812427294147754, 2.3254586616248165, 5.7988970661760835, 0.0]], "shift": [[0.0, 1.6250000000000002, -11.562500000000004, -1.75, -1.25, 5.437500000000002, -0.9375, 5.562500000000002, 0.875], [-0.75, 0.0, -13.125000000000005, -3.3750000000000004, -2.8125, 3.875000000000001, -2.5, 3.937500000000001, -0.6875], [-0.3125, 0.4375, 0.0, -9.750000000000002, 10.312500000000002, -17.000000000000004, 10.625000000000002, -17.062500000000004, -12.437500000000004], [-3.4375000000000004, -2.6875, 3.125000000000001, 0.0, 0.5625000000000001, 7.250000000000003, 0.8125000000000001, 7.312500000000003, 2.6250000000000004], [0.0625, 0.8125000000000001, 0.375, 3.5000000000000013, 0.0, -6.687500000000003, 0.3125, -6.750000000000003, -2.125], [10.125000000000002, 10.875000000000004, -10.437500000000002, 13.562500000000005, -10.062500000000002, 0.0, -6.375000000000002, 0.0625, -4.562500000000001], [0.0625, 0.8125000000000001, 0.375, 3.5000000000000013, 0.0, -10.062500000000002, 0.0, -6.437500000000003, -1.8124999999999998], [10.062500000000002, 10.812500000000004, -10.375000000000002, 13.500000000000005, -10.000000000000002, -0.0625, -10.000000000000002, 0.0, -4.625000000000001], [-2.6875, -1.9375, 2.3125000000000004, 0.75, 2.750000000000001, -12.812500000000004, 2.750000000000001, -12.750000000000004, 0.0]]}, "path": {"eta": [[0.0, 4.1894467970266716, 31.44412796095143, 3.0955113678786317, 4.175355061303053, 15.386108585892309, 4.501803739913611, 15.412679411404604, 10.185384929267267], [1.6805529786533402, 0.0, 35.080135680942554, 4.222745237747869, 6.069879288274989, 15.093817179241702, 5.898977612534852, 15.106279178895557, 10.414159115720285], [20.013968213937524, 21.21602522799339, 0.0, 31.50448459102279, 31.96656890901672, 39.50950106876834, 32.69600354536322, 39.514865825125824, 31.397161004285127], [2.747446042226443, 3.0701120304170955, 19.225310325653176, 0.0, 5.166524207050311, 16.979948923703777, 5.439091270626728, 16.97933770867738, 8.827815990556013], [2.267135730753717, 2.478683981292809, 19.935481665882786, 2.5484571487170107, 0.0, 14.422265715923208, 0.7649122486278211, 14.419425533080295, 13.237061160008968], [6.382997327702386, 6.679990540289256, 19.325102595752192, 7.938467620200578, 7.3898717420734386, 0.0, 14.074850209793336, 0.21766943646263875, 24.224775900771597], [2.40455735028368, 2.389503789670894, 20.28507308756719, 2.628062103627835, 0.40679825507750017, 7.525712465387733, 0.0, 14.070518163640221, 13.56000478608118], [6.372452670590437, 6.672944883611193, 19.235512915124062, 7.897304803152835, 7.351613333321917, 0.1313978756513766, 7.489934389498493, 0.0, 24.24947572820035], [3.433727893831825, 3.6041615506303866, 19.087009216539112, 1.6315283092692532, 3.758042455161315, 7.5588658948540495, 3.807480215366677, 7.517605208266941, 0.0]], "shift": [[0.0, 2.812500000000001, -9.500000000000004, -0.4375, -1.0, 5.500000000000002, -0.875, 5.500000000000002, 4.000000000000001], [0.25, 0.0, -12.375000000000004, -3.2500000000000004, -3.812500000000001, 2.6875000000000004, -3.687500000000001, 2.6875000000000004, 1.1875000000000002], [1.0, 0.75, 0.0, -9.125000000000004, 8.500000000000002, -15.000000000000007, 8.687500000000002, -15.062500000000007, -13.500000000000005], [-2.5624999999999996, -2.8125, 3.5625000000000013, 0.0, -0.5625000000000001, 5.937500000000002, -0.4375, 5.937500000000002, 4.437500000000002], [1.0, 0.75, 0.0, 3.5625000000000013, 0.0, -6.500000000000003, 0.1875, -6.500000000000003, -5.000000000000001], [12.375000000000004, 12.187500000000004, -11.375000000000004, 15.000000000000004, -11.437500000000004, 0.0, -6.312500000000002, 0.0, -1.5], [1.0625, 0.8125000000000001, 0.0625, 3.6250000000000013, 0.0625, -11.312500000000004, 0.0, -6.375000000000002, -4.875000000000001], [12.375000000000004, 12.125000000000004, -11.375000000000004, 14.937500000000004, -11.375000000000004, -0.0625, -11.312500000000004, 0.0, -1.5], [-2.6875, -2.9375, 3.6875000000000013, -0.125, 3.6875000000000013, -15.062500000000007, 3.7500000000000013, -15.062500000000007, 0.0]]}}, "maximum": {"grid": {"eta": [[0.0, 9.613839538563639, 64.99417373541775, 8.736578694483825, 12.721964496708011, 56.360694133677185, 13.259192947070488, 57.03995321183095, 43.52211361478871], [5.630087112866249, 0.0, 72.04385584763045, 8.63144265556835, 17.199273940272093, 55.44758980216639, 17.660456794730663, 56.06434888032015, 42.12993789762214], [51.36454348721003, 56.99463060007628, 0.0, 63.98993074975615, 63.60815943839654, 102.01424784353517, 65.27776887459524, 101.64042860538406, 62.610774039613], [6.031402462436405, 6.600942615193219, 56.1302456566068, 0.0, 14.047464274223188, 61.371888718821516, 14.70332404908848, 60.99806948067038, 41.087073068537194], [8.3301369500021, 8.602466286910754, 53.84484637416699, 6.037775569642191, 0.0, 58.80687190259874, 1.669609436198698, 58.43305266444762, 53.83006286320173], [22.546523197097887, 23.197426680196234, 41.71176466562275, 28.55602499358864, 25.54492496139807, 0.0, 57.321708676704596, 0.6167590781537626, 95.86584259594974], [8.979862144718055, 9.057897044643, 54.88570873870381, 5.654062351650056, 1.040862364536821, 25.463475099069573, 0.0, 56.94788943855346, 55.025246610799655], [22.37664722641944, 23.1688453981177, 41.61158344585638, 28.386149022910192, 25.375048990719623, 0.38817271893017846, 25.293599128391126, 0.0, 96.4826016741035], [4.22522707992772, 5.528959953157312, 53.608172664739556, 5.494289787467437, 8.975726961726963, 26.278516534437134, 9.625452156442918, 26.108640563758687, 0.0]],