{"pseudos": ["PSL-US-v1-high-34", "PSL-US-v1-low-11", "PSL-US-v1-low-10", "PSL-PAW-v1-high-34", "PSL-PAW-v1-low-11", "PSL-PAW-v1-low-10", "JTH-1.1-std-24", "Wentzcovitch-24"], "v_distance": {"grid": {"eta": [[0.0, 17987.705615766386, 15654.398668766189, 6.9946086639117615, 17987.562525755573, 15653.703020001578, 147.29583078424497, 121.46992081566619], [30563.02767192543, 0.0, 1438.6429965857774, 17992.415814265136, 0.16381928088734377, 1439.0792880340089, 17997.116414080458, 17997.773596133993], [26401.126294125646, 2735.4238923711337, 0.0, 15651.880810665503, 1438.4917402114843, 0.816365880963367, 15661.950408372457, 15665.866078426343], [10.913343190191016, 30561.381205852755, 26402.076138673252, 0.0, 17992.272708341763, 15651.185297056041, 154.47837216818772, 128.5943762843791], [30562.928235719963, 0.287754895082287, 2735.1361374760518, 30561.28176964729, 0.0, 1438.928050758066, 17996.97326985994, 17997.630387746955], [26399.51999332685, 2735.714719817443, 1.6722807601477143, 26400.469837874454, 2735.426964922361, 0.0, 15661.257490037347, 15665.172107854822], [208.01196589603026, 30553.50506272561, 26408.609690838464, 215.73951878987205, 30553.40562652014, 26407.00287960487, 0.0, 27.59590665139393], [191.92060229572576, 30565.217589758628, 26424.137677673243, 199.64822225374573, 30565.055653553158, 26422.531376874453, 67.15451384442724, 0.0]], "shift": [[0.0, 24030.875000000025, 23715.312500000025, 8.250000000000002, 24030.625000000025, 23714.687500000025, 124.56250000000007, 101.18750000000007], [-24030.875000000025, 0.0, -3044.250000000003, 24029.937500000033, 0.25, -3044.812500000003, 24035.125000000025, 24025.12500000003], [-23715.312500000025, 3044.250000000003, 0.0, 23712.18750000003, -3044.000000000003, 0.5625000000000001, 23705.12500000003, 23690.18750000003], [-8.250000000000002, -24029.937500000033, -23712.18750000003, 0.0, 24029.68750000003, 23711.56250000003, 130.50000000000009, 107.12500000000007], [-24030.625000000025, -0.25, 3044.000000000003, -24029.68750000003, 0.0, -3044.562500000003, 24034.87500000003, 24024.93750000003], [-23714.687500000025, 3044.812500000003, -0.5625000000000001, -23711.56250000003, 3044.562500000003, 0.0, 23704.500000000025, 23689.562500000022], [-124.56250000000007, -24035.125000000025, -23705.12500000003, -130.50000000000009, -24034.87500000003, -23704.500000000025, 0.0, 23.375000000000007], [-101.18750000000007, -24025.12500000003, -23690.18750000003, -107.12500000000007, -24024.93750000003, -23689.562500000022, -23.375000000000007, 0.0]]}, "path": {"eta": [[0.0, 1798.7705615766386, 1565.439866876619, 0.6994608663911761, 1798.7562525755573, 1565.3703020001578, 14.729583078424497, 12.14699208156662], [3056.302767192543, 0.0, 143.86429965857775, 1799.2415814265137, 0.016381928088734378, 143.9079288034009, 1799.7116414080458, 1799.7773596133993], [2640.1126294125647, 273.54238923711335, 0.0, 1565.1880810665502, 143.84917402114843, 0.0816365880963367, 1566.1950408372456, 1566.5866078426343], [1.0913343190191016, 3056.1381205852754, 2640.207613867325, 0.0, 1799.2272708341764, 1565.118529705604, 15.447837216818773, 12.859437628437911], [3056.2928235719965, 0.028775489508228703, 273.5136137476052, 3056.128176964729, 0.0, 143.89280507580662, 1799.697326985994, 1799.7630387746954], [2639.951999332685, 273.5714719817443, 0.16722807601477144, 2640.0469837874452, 273.54269649223613, 0.0, 1566.1257490037347, 1566.5172107854821], [20.801196589603027, 3055.350506272561, 2640.8609690838466, 21.573951878987206, 3055.340562652014, 2640.700287960487, 0.0, 2.7595906651393927], [19.192060229572576, 3056.5217589758627, 2642.4137677673243, 19.964822225374572, 3056.505565355316, 2642.2531376874454, 6.715451384442725, 0.0]], "shift": [[0.0, 2403.0875000000024, 2371.5312500000027, 0.8250000000000002, 2403.0625000000027, 2371.4687500000027, 12.456250000000008, 10.118750000000007], [-2403.0875000000024, 0.0, -304.4250000000003, 2402.9937500000033, 0.025, -304.48125000000033, 2403.5125000000025, 2402.512500000003], [-2371.5312500000027, 304.4250000000003, 0.0, 2371.2187500000027, -304.4000000000003, 0.05625000000000001, 2370.512500000003, 2369.018750000003], [-0.8250000000000002, -2402.9937500000033, -2371.2187500000027, 0.0, 2402.9687500000027, 2371.1562500000027, 13.050000000000008, 10.712500000000007], [-2403.0625000000027, -0.025, 304.4000000000003, -2402.9687500000027, 0.0, -304.4562500000003, 2403.487500000003, 2402.493750000003], [-2371.4687500000027, 304.48125000000033, -0.05625000000000001, -2371.1562500000027, 304.4562500000003, 0.0, 2370.4500000000025, 2368.956250000002], [-12.456250000000008, -2403.5125000000025, -2370.512500000003, -13.050000000000008, -2403.487500000003, -2370.4500000000025, 0.0, 2.337500000000001], [-10.118750000000007, -2402.512500000003, -2369.018750000003, -10.712500000000007, -2402.493750000003, -2368.956250000002, -2.337500000000001, 0.0]]}}, "v10_distance": {"grid": {"eta": [[0.0, 17391.14378835339, 15812.710319759031, 6.3520000548550755, 17391.0164452429, 15812.079108383683, 122.66630586290043, 97.93300766985023], [43489.52767192545, 0.0, 1370.363451379628, 17389.621662789104, 0.15533643605592878, 1370.8155437971998, 17418.24210440449, 17411.56159342592], [39559.62629412566, 2462.6293634308167, 0.0, 15811.347099056527, 1370.2118180684577, 0.6947876848940638, 15848.14965877016, 15837.822487379675], [9.600843190191018, 43483.38120585277, 39553.26363867327, 0.0, 17389.494302888903, 15810.715928142312, 128.45660919413282, 103.7306752330228], [43489.30323571997, 0.24052669300959906, 2462.4664482311828, 43483.15676964731, 0.0, 1370.6639188737468, 17418.114772577785, 17411.43440469148], [39557.51999332687, 2464.7391441909645, 2.1097807601477143, 39551.21983787447, 2464.5762289913305, 0.0, 15847.517496782242, 15837.190575427065], [362.0175517350477, 43519.75506272562, 39584.98469083848, 368.8550488871918, 43519.53062652015, 39582.94037960488, 0.0, 30.728068671884568], [213.60810229572576, 43524.15508975864, 39597.887677673265, 222.02322225374576, 43523.93065355317, 39595.84387687446, 178.09451186615868, 0.0]], "shift": [[0.0, 11104.375000000011, 10556.812500000013, 6.937500000000003, 11104.250000000011, 10556.687500000011, 95.43750000000006, 79.50000000000004], [-11104.375000000011, 0.0, -2040.3750000000018, 11107.937500000011, 0.125, -2040.500000000002, 11068.875000000013, 11066.187500000013], [-10556.812500000013, 2040.3750000000018, 0.0, 10561.000000000011, -2040.1875000000018, 0.125, 10528.750000000011, 10516.437500000011], [-6.937500000000003, -11107.937500000011, -10561.000000000011, 0.0, 11107.812500000013, 10560.812500000011, 100.68750000000007, 84.75000000000004], [-11104.250000000011, -0.125, 2040.1875000000018, -11107.812500000013, 0.0, -2040.312500000002, 11068.750000000013, 11066.062500000013], [-10556.687500000011, 2040.500000000002, -0.125, -10560.812500000011, 2040.312500000002, 0.0, 10528.562500000013, 10516.250000000013], [-95.43750000000006, -11068.875000000013, -10528.750000000011, -100.68750000000007, -11068.750000000013, -10528.562500000013, 0.0, 15.875000000000004], [-79.50000000000004, -11066.187500000013, -10516.437500000011, -84.75000000000004, -11066.062500000013, -10516.250000000013, -15.875000000000004, 0.0]]},