{"pseudos": ["DOJO-041-std (Z=20)", "DOJO-041-str (Z=20)", "SPMS (Z=20)", "SG15 (Z=20)", "GBRV-1.X (Z=20)", "PSL-US-v1-high (Z=20)", "PSL-US-v1-low (Z=12)", "PSL-PAW-v1-high (Z=20)", "PSL-PAW-v1-low (Z=12)", "JTH-1.1-std (Z=12)"], "average": {"grid": {"eta": [[0.0, 1.6440764778363917e-05, 9.470332125847671, 3.8470295921620155, 15.82162922651488, 17.894251762390642, 4.858261880545913, 18.968801791607838, 2.778840227019301, 18.725483515790692], [1.8756364054136302e-05, 0.0, 9.470324971288658, 3.847022392768044, 15.821636556628036, 17.894259051024786, 4.8582684815961885, 18.96880910380773, 2.7788354475006343, 18.72549095749565], [7.93606261517584, 7.9360571734748335, 0.0, 5.632503435162772, 24.958598925060674, 26.769862183489153, 13.534506246279493, 27.8640870669404, 7.545912169872781, 28.020720937103885], [3.2256685963909244, 3.225663081994291, 4.71238524596604, 0.0, 19.459364735468434, 21.39550377056977, 8.118603071578248, 22.482693139974668, 2.391674588332706, 22.457209384432304], [10.033050754562176, 10.033056174995297, 17.93809703683213, 13.24526558662999, 0.0, 3.8062019559348856, 11.575241358067343, 4.405559605801542, 17.520712569233652, 3.674127255093867], [10.95109173129296, 10.951097156458253, 18.800024794742484, 14.139823913190307, 2.0151382063868004, 0.0, 13.418902821101963, 1.1136115157893742, 19.365526542666228, 4.184090360767036], [1.948876005274198, 1.9488810848697775, 9.709266270568362, 5.041871987211518, 8.27224772985783, 9.189800371351975, 0.0, 14.490671321851444, 6.043493189239124, 14.638962028253328], [11.684315888541235, 11.684321253710387, 19.539579139634718, 14.876223317547469, 2.4245484887352076, 0.7551160086588813, 9.916379573947557, 0.0, 20.449615399100455, 4.015671656595303], [2.767919442952878, 2.767914194980192, 5.417805460922178, 1.1401671675034997, 12.615805458938699, 13.485597612096367, 4.348122120474167, 14.216111219341926, 0.0, 20.585586449007476], [13.40750418298351, 13.40750959839206, 21.320443666677196, 16.625372111696866, 3.493129789207346, 3.1579952371120537, 11.694233581014661, 2.6323952726437505, 16.03476521582371, 0.0]], "shift": [[0.0, 0.0, 14.562500000000002, 6.125000000000002, -18.937500000000007, -21.250000000000004, 4.312500000000001, -22.625000000000007, -3.3750000000000004, 25.4375], [0.0, 0.0, 14.562500000000002, 6.125000000000002, -18.937500000000007, -21.250000000000004, 4.312500000000001, -22.625000000000007, -3.3750000000000004, 25.4375], [18.125000000000007, 18.125000000000007, 0.0, -8.375000000000002, -33.43750000000001, -35.812500000000014, 18.875000000000007, -37.187500000000014, 11.125000000000004, 40.00000000000001], [7.5625000000000036, 7.5625000000000036, -10.562500000000002, 0.0, -25.062500000000007, -27.37500000000001, 10.500000000000002, -28.812500000000004, 2.750000000000001, 31.625000000000007], [-26.43750000000001, -26.43750000000001, -44.562500000000014, -34.00000000000001, 0.0, -2.3125000000000004, -14.562500000000005, -3.750000000000001, -22.312500000000007, 6.562500000000003], [-29.750000000000007, -29.750000000000007, -47.9375, -37.375000000000014, -3.3125000000000004, 0.0, -16.937500000000004, -1.375, -24.625000000000007, 4.250000000000001], [6.750000000000003, 6.750000000000003, 24.9375, 14.375000000000002, -19.687500000000004, -23.000000000000007, 0.0, -18.312500000000007, 7.750000000000003, -21.125000000000004], [-31.687500000000007, -31.687500000000007, -49.8125, -39.250000000000014, -5.250000000000001, -1.875, -24.875000000000007, 0.0, -26.06250000000001, 2.812500000000001], [-3.6250000000000004, -3.6250000000000004, 14.500000000000002, 3.937500000000001, -30.062500000000007, -33.43750000000001, 10.437500000000002, -35.31250000000001, 0.0, -28.875000000000004], [33.87500000000001, 33.87500000000001, 52.00000000000002, 41.43750000000001, 7.4375000000000036, 4.062500000000001, -27.06250000000001, 2.1875000000000004, -37.500000000000014, 0.0]]}, "path": {"eta": [[0.0, 0.00010655108186941738, 9.581782075964815, 3.457636929322855, 14.570666200024789, 18.280929562549368, 4.886278029925049, 19.278690949966812, 4.249185860057114, 19.400500494652317], [0.00011909112163193959, 0.0, 9.581825889286533, 3.4576788726171275, 14.570620070328653, 18.280884401541343, 4.886244508815957, 19.278645270878073, 4.24921738910298, 19.40045355301726], [8.131490332143644, 8.131526122965496, 0.0, 6.164016560075876, 23.696273546777807, 26.622637123728282, 12.593436964965887, 27.67685441194855, 6.376922512818419, 28.64817516732943], [2.982127798908148, 2.982163998299855, 5.152360118128282, 0.0, 17.675143546244307, 20.98694134135882, 6.933858582990989, 22.01650799805908, 1.9291393956219247, 22.589730074300853], [9.403373804555097, 9.403339014239375, 17.471047152924136, 12.355084319508796, 0.0, 6.942171167384029, 11.513740954945737, 7.36145320342805, 17.4903313852289, 5.5779949399905915], [11.418661216779308, 11.418626733713168, 19.289706816841083, 14.284566120302856, 3.813568917152817, 0.0, 14.507551230758429, 1.1082048057524074, 20.55145680462688, 6.353442500558477], [1.436133764370439, 1.4361111395191914, 9.05394703331124, 4.002205538098601, 8.463473348551982, 10.541099277187254, 0.0, 15.499380071779811, 6.299662625011132, 16.37861262622115], [12.113556178633477, 12.113521534020533, 20.00888034558738, 14.991454015308594, 4.145613687452487, 0.7519433182031328, 11.226358667756827, 0.0, 21.580064852033622, 6.013231856617567], [3.9151965210877155, 3.9152317435147403, 4.5108089835293965, 1.328132556400189, 13.077160917083201, 15.022013458527754, 4.627743137646326, 15.724507477722943, 0.0, 22.46939863952672], [14.325053047077839, 14.325017664553178, 22.417469892450242, 17.29425215804613, 5.167136326072926, 4.409870425178217, 13.473961423657805, 3.8801770453534252, 18.088743040496094, 0.0]], "shift": [[0.0, 0.0, 15.500000000000004, 5.812500000000002, -19.750000000000004, -22.375000000000007, 3.062500000000001, -23.875000000000007, -5.375000000000001, 28.187500000000004], [0.0, 0.0, 15.500000000000004, 5.812500000000002, -19.750000000000004, -22.375000000000007, 3.062500000000001, -23.875000000000007, -5.375000000000001, 28.187500000000004], [18.437500000000007, 18.437500000000007, 0.0, -9.687500000000002, -35.25000000000001, -37.812500000000014, 18.562500000000007, -39.375000000000014, 10.062500000000002, 43.687500000000014], [6.750000000000003, 6.750000000000003, -11.687500000000004, 0.0, -25.562500000000007, -28.187500000000004, 8.875000000000004, -29.750000000000007, 0.4375, 34.00000000000001], [-25.93750000000001, -25.93750000000001, -44.375000000000014, -32.68750000000001, 0.0, -2.5624999999999996, -16.687500000000004, -4.125000000000001, -25.187500000000007, 8.437500000000002], [-29.875000000000007, -29.875000000000007, -48.3125, -36.625000000000014, -3.937500000000001, 0.0, -19.312500000000007, -1.5625, -27.750000000000004, 5.812500000000002], [5.062500000000001, 5.062500000000001, 23.562500000000007, 11.875000000000004, -20.812500000000004, -24.750000000000007, 0.0, -20.812500000000004, 8.500000000000002, -25.125000000000007], [-31.875000000000007, -31.875000000000007, -50.3125, -38.625000000000014, -5.937500000000002, -2.0, -26.75000000000001, 0.0, -29.312500000000004, 4.312500000000001], [-5.812500000000002, -5.812500000000002, 12.625000000000004, 0.9375, -31.750000000000007, -35.687500000000014, 10.937500000000004, -37.687500000000014, 0.0, -33.62500000000001], [35.812500000000014, 35.750000000000014, 54.25000000000002, 42.56250000000001, 9.875000000000002, 5.937500000000002, -30.687500000000007, 3.937500000000001, -41.62500000000001, 0.0]]}},