{"pseudos": ["DOJO-041-std-20", "DOJO-041-str-20", "SPMS-20", "SG15-20", "GBRV-1.X-20", "PSL-US-v1-high-20", "PSL-US-v1-low-12", "PSL-PAW-v1-high-20", "PSL-PAW-v1-low-12", "JTH-1.1-std-12"], "v_distance": {"grid": {"eta": [[0.0, 2.5249434743338038e-05, 7.951359683907628, 3.124045268577962, 8.868245521063404, 10.85877869180895, 1.9480992624836075, 10.870478649475963, 2.8064040736027933, 13.491451282584556], [3.61591503406089e-05, 0.0, 7.951360615509044, 3.1240377400603347, 8.868245883078421, 10.858777772205531, 1.9481043290396625, 10.870478168189171, 2.80639893122338, 13.491456720023049], [20.614658413531576, 20.614660911542263, 0.0, 7.4076042927661465, 16.728276633747214, 18.75434072663061, 9.767468114450553, 18.72257864351392, 5.445272173850632, 21.469047999294506], [10.949206495844184, 10.949208993854871, 13.181460077238059, 0.0, 10.781087336951929, 12.351547743423998, 5.061132800521893, 12.439877262539834, 1.140281609803704, 16.733674497823333], [25.247760546362137, 25.24775462798346, 41.42132697608301, 34.26730180159476, 0.0, 2.9976236892855015, 8.325196882891625, 2.7042927185613608, 12.699605419641285, 3.53155074382795], [37.10674889870915, 37.106746462679105, 51.40494150180873, 46.3577237554852, 17.71117206312394, 0.0, 9.222368563146887, 1.620294869403551, 13.548043458787122, 3.226524176219569], [8.288887415106773, 8.288881830125407, 26.425304486105603, 15.53591660979153, 22.36400249151993, 35.559088567185434, 0.0, 9.953261187263669, 4.378930633933905, 11.784829728587551], [38.71814284380772, 38.718140407777675, 53.0163354469073, 47.96911770058378, 19.26006600822251, 4.239968197135681, 37.107982512284, 0.0, 14.282991553156588, 2.6950695067954227], [10.61127741126856, 10.611279935215833, 15.706944218943152, 4.629450388826968, 34.55895987265898, 47.103385668427386, 12.246176707762602, 48.589779613525955, 0.0, 16.156159718547777], [36.49243973993975, 36.4924373039097, 60.59515426465469, 45.92970234696728, 14.034362904354541, 16.078650242486034, 34.77233310878601, 14.080500578849865, 47.01506609764036, 0.0]], "shift": [[0.0, 0.0, 14.562500000000002, 9.000000000000004, -23.437500000000007, -25.062500000000007, 6.750000000000003, -27.06250000000001, -3.6250000000000004, 33.81250000000001], [-0.0, 0.0, 14.562500000000002, 9.000000000000004, -23.437500000000007, -25.062500000000007, 6.750000000000003, -27.06250000000001, -3.6250000000000004, 33.81250000000001], [-14.562500000000002, -14.562500000000002, 0.0, -5.562500000000002, -38.000000000000014, -39.62500000000001, 24.875, -41.62500000000001, 14.437500000000002, 51.87500000000002], [-9.000000000000004, -9.000000000000004, 5.562500000000002, 0.0, -32.43750000000001, -34.06250000000001, 14.312500000000002, -36.062500000000014, 3.937500000000001, 41.31250000000001], [23.437500000000007, 23.437500000000007, 38.000000000000014, 32.43750000000001, 0.0, -1.6875000000000002, -19.625000000000004, -3.6250000000000004, -30.000000000000007, 7.375000000000003], [25.062500000000007, 25.062500000000007, 39.62500000000001, 34.06250000000001, 1.6875000000000002, 0.0, -22.937500000000007, -2.0, -33.37500000000001, 4.062500000000001], [-6.750000000000003, -6.750000000000003, -24.875, -14.312500000000002, 19.625000000000004, 22.937500000000007, 0.0, -24.875000000000007, 10.375000000000002, -27.00000000000001], [27.06250000000001, 27.06250000000001, 41.62500000000001, 36.062500000000014, 3.6250000000000004, 2.0, 24.875000000000007, 0.0, -35.25000000000001, 2.1250000000000004], [3.6250000000000004, 3.6250000000000004, -14.437500000000002, -3.937500000000001, 30.000000000000007, 33.37500000000001, -10.375000000000002, 35.25000000000001, 0.0, -37.375000000000014], [-33.81250000000001, -33.81250000000001, -51.87500000000002, -41.31250000000001, -7.375000000000003, -4.062500000000001, 27.00000000000001, -2.1250000000000004, 37.375000000000014, 0.0]]}, "path": {"eta": [[0.0, 2.524943474333804e-06, 0.7951359683907628, 0.3124045268577962, 0.8868245521063404, 1.085877869180895, 0.19480992624836074, 1.0870478649475963, 0.28064040736027934, 1.3491451282584557], [3.6159150340608903e-06, 0.0, 0.7951360615509044, 0.3124037740060335, 0.886824588307842, 1.0858777772205532, 0.19481043290396624, 1.087047816818917, 0.280639893122338, 1.349145672002305], [2.0614658413531575, 2.061466091154226, 0.0, 0.7407604292766147, 1.6728276633747214, 1.875434072663061, 0.9767468114450553, 1.872257864351392, 0.5445272173850632, 2.146904799929451], [1.0949206495844184, 1.094920899385487, 1.3181460077238059, 0.0, 1.078108733695193, 1.2351547743423998, 0.5061132800521893, 1.2439877262539834, 0.11402816098037041, 1.6733674497823334], [2.524776054636214, 2.5247754627983463, 4.142132697608301, 3.4267301801594763, 0.0, 0.2997623689285501, 0.8325196882891625, 0.2704292718561361, 1.2699605419641284, 0.35315507438279503], [3.7106748898709148, 3.7106746462679103, 5.1404941501808725, 4.6357723755485205, 1.7711172063123939, 0.0, 0.9222368563146887, 0.1620294869403551, 1.3548043458787122, 0.3226524176219569], [0.8288887415106773, 0.8288881830125406, 2.64253044861056, 1.553591660979153, 2.236400249151993, 3.5559088567185433, 0.0, 0.9953261187263669, 0.4378930633933905, 1.1784829728587551], [3.871814284380772, 3.8718140407777675, 5.30163354469073, 4.796911770058378, 1.926006600822251, 0.4239968197135681, 3.7107982512284003, 0.0, 1.4282991553156588, 0.2695069506795423], [1.061127741126856, 1.0611279935215834, 1.570694421894315, 0.46294503888269684, 3.4558959872658983, 4.710338566842738, 1.2246176707762602, 4.858977961352595, 0.0, 1.6156159718547776], [3.6492439739939746, 3.64924373039097, 6.0595154264654685, 4.592970234696728, 1.403436290435454, 1.6078650242486034, 3.4772333108786007, 1.4080500578849864, 4.701506609764036, 0.0]], "shift": [[0.0, 0.0, 1.4562500000000003, 0.9000000000000004, -2.343750000000001, -2.5062500000000005, 0.6750000000000003, -2.706250000000001, -0.36250000000000004, 3.3812500000000005], [-0.0, 0.0, 1.4562500000000003, 0.9000000000000004, -2.343750000000001, -2.5062500000000005, 0.6750000000000003, -2.706250000000001, -0.36250000000000004, 3.3812500000000005], [-1.4562500000000003, -1.4562500000000003, 0.0, -0.5562500000000001, -3.8000000000000016, -3.962500000000001, 2.4875, -4.1625000000000005, 1.44375, 5.187500000000002], [-0.9000000000000004, -0.9000000000000004, 0.5562500000000001, 0.0, -3.243750000000001, -3.406250000000001, 1.4312500000000001, -3.6062500000000015, 0.3937500000000001, 4.1312500000000005], [2.343750000000001, 2.343750000000001, 3.8000000000000016, 3.243750000000001, 0.0, -0.16875, -1.9625000000000004, -0.36250000000000004, -3.000000000000001, 0.7375000000000003], [2.5062500000000005, 2.5062500000000005, 3.962500000000001, 3.406250000000001, 0.16875, 0.0, -2.2937500000000006, -0.2, -3.337500000000001, 0.4062500000000001], [-0.6750000000000003, -0.6750000000000003, -2.4875, -1.4312500000000001, 1.9625000000000004, 2.2937500000000006, 0.0, -2.4875000000000007, 1.0375, -2.700000000000001], [2.706250000000001, 2.706250000000001, 4.1625000000000005, 3.6062500000000015, 0.36250000000000004, 0.2, 2.4875000000000007, 0.0, -3.525000000000001, 0.21250000000000005], [0.36250000000000004, 0.36250000000000004, -1.44375, -0.3937500000000001, 3.000000000000001, 3.337500000000001, -1.0375, 3.525000000000001, 0.0, -3.7375000000000016], [-3.3812500000000005, -3.3812500000000005, -5.187500000000002, -4.1312500000000005, -0.7375000000000003, -0.4062500000000001, 2.700000000000001, -0.21250000000000005, 3.7375000000000016, 0.0]]}},