{"pseudos": ["DOJO-041-std-20", "DOJO-041-str-20", "SPMS-20", "SG15-20", "GBRV-1.X-20", "PSL-US-v1-high-20", "PSL-US-v1-low-12", "PSL-PAW-v1-high-20", "PSL-PAW-v1-low-12", "JTH-1.1-std-12"], "v_distance": {"grid": {"eta": [[0.0, 1.8756364054136302e-05, 7.93606261517584, 3.2256685963909244, 10.033050754562176, 10.95109173129296, 1.948876005274198, 11.684315888541235, 2.767919442952878, 13.40750418298351], [2.2146924294474957e-05, 0.0, 7.9360571734748335, 3.225663081994291, 10.033056174995297, 10.951097156458253, 1.9488810848697775, 11.684321253710387, 2.767914194980192, 13.40750959839206], [24.140238217624848, 24.140240719310817, 0.0, 4.71238524596604, 17.93809703683213, 18.800024794742484, 9.709266270568362, 19.539579139634718, 5.417805460922178, 21.320443666677196], [9.495421992787943, 9.495424494473912, 14.644816224836903, 0.0, 13.24526558662999, 14.139823913190307, 5.041871987211518, 14.876223317547469, 1.1401671675034997, 16.625372111696866], [28.24776054636214, 28.247754627983465, 47.98382697608301, 35.82980180159476, 0.0, 2.0151382063868004, 8.27224772985783, 2.4245484887352076, 12.615805458938699, 3.493129789207346], [41.79424889870915, 41.794246462679105, 59.71744150180872, 49.67022375548521, 19.33617206312394, 0.0, 9.189800371351975, 0.7551160086588813, 13.485597612096367, 3.1579952371120537], [8.288887415106773, 8.288881830125407, 26.487804486105603, 15.59841660979153, 22.42650249151993, 35.621588567185434, 0.0, 9.916379573947557, 4.348122120474167, 11.694233581014661], [43.34314284380772, 43.343140407777675, 61.20383544690729, 51.15661770058378, 20.88506600822251, 2.249358637653671, 37.107982512284, 0.0, 14.216111219341926, 2.6323952726437505], [10.61127741126856, 10.611279935215833, 15.769444218943152, 4.629450388826968, 34.62145987265898, 47.165885668427386, 12.308676707762602, 48.652279613525955, 0.0, 16.03476521582371], [36.55493973993975, 36.5549373039097, 60.62389422136902, 45.979077996532105, 14.096862904354541, 15.88376556289731, 34.78088167497308, 13.948481683103466, 47.08870697132498, 0.0]], "shift": [[0.0, 0.0, 18.125000000000007, 7.5625000000000036, -26.43750000000001, -29.750000000000007, 6.750000000000003, -31.687500000000007, -3.6250000000000004, 33.87500000000001], [-0.0, 0.0, 18.125000000000007, 7.5625000000000036, -26.43750000000001, -29.750000000000007, 6.750000000000003, -31.687500000000007, -3.6250000000000004, 33.87500000000001], [-18.125000000000007, -18.125000000000007, 0.0, -10.562500000000002, -44.562500000000014, -47.9375, 24.9375, -49.8125, 14.500000000000002, 52.00000000000002], [-7.5625000000000036, -7.5625000000000036, 10.562500000000002, 0.0, -34.00000000000001, -37.375000000000014, 14.375000000000002, -39.250000000000014, 3.937500000000001, 41.43750000000001], [26.43750000000001, 26.43750000000001, 44.562500000000014, 34.00000000000001, 0.0, -3.3125000000000004, -19.687500000000004, -5.250000000000001, -30.062500000000007, 7.4375000000000036], [29.750000000000007, 29.750000000000007, 47.9375, 37.375000000000014, 3.3125000000000004, 0.0, -23.000000000000007, -1.875, -33.43750000000001, 4.062500000000001], [-6.750000000000003, -6.750000000000003, -24.9375, -14.375000000000002, 19.687500000000004, 23.000000000000007, 0.0, -24.875000000000007, 10.437500000000002, -27.06250000000001], [31.687500000000007, 31.687500000000007, 49.8125, 39.250000000000014, 5.250000000000001, 1.875, 24.875000000000007, 0.0, -35.31250000000001, 2.1875000000000004], [3.6250000000000004, 3.6250000000000004, -14.500000000000002, -3.937500000000001, 30.062500000000007, 33.43750000000001, -10.437500000000002, 35.31250000000001, 0.0, -37.500000000000014], [-33.87500000000001, -33.87500000000001, -52.00000000000002, -41.43750000000001, -7.4375000000000036, -4.062500000000001, 27.06250000000001, -2.1875000000000004, 37.500000000000014, 0.0]]}, "path": {"eta": [[0.0, 0.00011909112163193959, 8.131490332143644, 2.982127798908148, 9.403373804555097, 11.418661216779308, 1.436133764370439, 12.113556178633477, 3.9151965210877155, 14.325053047077839], [0.00013760533157380905, 0.0, 8.131526122965496, 2.982163998299855, 9.403339014239375, 11.418626733713168, 1.4361111395191914, 12.113521534020533, 3.9152317435147403, 14.325017664553178], [24.61189634386941, 24.611880708545264, 0.0, 5.152360118128282, 17.471047152924136, 19.289706816841083, 9.05394703331124, 20.00888034558738, 4.5108089835293965, 22.417469892450242], [8.90852853889942, 8.908512901907274, 15.703790628873879, 0.0, 12.355084319508796, 14.284566120302856, 4.002205538098601, 14.991454015308594, 1.328132556400189, 17.29425215804613], [27.725461213093336, 27.72549774523598, 46.88324736074408, 34.64120206375146, 0.0, 3.813568917152817, 8.463473348551982, 4.145613687452487, 13.077160917083201, 5.167136326072926], [42.00071679245578, 42.00073103375015, 60.16389863959428, 48.93438683166373, 20.143073107001214, 0.0, 10.541099277187254, 0.7519433182031328, 15.022013458527754, 4.409870425178217], [7.515401162266486, 7.515436998812661, 26.101784753961375, 14.196148008551436, 22.796404493974013, 37.75720310142545, 0.0, 11.226358667756827, 4.627743137646326, 13.473961423657805], [43.59378013134809, 43.59379437293911, 61.756961978486586, 50.52745017055604, 21.736136445893525, 2.3563012374545593, 39.35026644031776, 0.0, 15.724507477722943, 3.8801770453534252], [13.053195229446816, 13.053179465256862, 14.390528919532859, 4.270971187930996, 35.527535083910884, 49.88644592606853, 12.7832147239932, 51.47950926496084, 0.0, 18.088743040496094], [38.85466462820152, 38.79217886981563, 62.94669679044629, 47.24343321305219, 16.99702094274517, 17.720166974498927, 38.59360999932007, 15.693827657645116, 51.37480601581522, 0.0]], "shift": [[0.0, 0.0, 18.437500000000007, 6.750000000000003, -25.93750000000001, -29.875000000000007, 5.062500000000001, -31.875000000000007, -5.812500000000002, 35.812500000000014], [-0.0, 0.0, 18.437500000000007, 6.750000000000003, -25.93750000000001, -29.875000000000007, 5.062500000000001, -31.875000000000007, -5.812500000000002, 35.750000000000014], [-18.437500000000007, -18.437500000000007, 0.0, -11.687500000000004, -44.375000000000014, -48.3125, 23.562500000000007, -50.3125, 12.625000000000004, 54.25000000000002], [-6.750000000000003, -6.750000000000003, 11.687500000000004, 0.0, -32.68750000000001, -36.625000000000014, 11.875000000000004, -38.625000000000014, 0.9375, 42.56250000000001], [25.93750000000001, 25.93750000000001, 44.375000000000014, 32.68750000000001, 0.0, -3.937500000000001, -20.812500000000004, -5.937500000000002, -31.750000000000007, 9.875000000000002], [29.875000000000007, 29.875000000000007, 48.3125, 36.625000000000014, 3.937500000000001, 0.0, -24.750000000000007, -2.0, -35.687500000000014, 5.937500000000002], [-5.062500000000001, -5.062500000000001, -23.562500000000007, -11.875000000000004, 20.812500000000004, 24.750000000000007, 0.0, -26.75000000000001, 10.937500000000004, -30.687500000000007], [31.875000000000007, 31.875000000000007, 50.3125, 38.625000000000014, 5.937500000000002, 2.0, 26.75000000000001, 0.0, -37.687500000000014, 3.937500000000001], [5.812500000000002, 5.812500000000002, -12.625000000000004, -0.9375, 31.750000000000007, 35.687500000000014, -10.937500000000004, 37.687500000000014, 0.0, -41.62500000000001], [-35.812500000000014, -35.750000000000014, -54.25000000000002, -42.56250000000001, -9.875000000000002, -5.937500000000002, 30.687500000000007, -3.937500000000001, 41.62500000000001, 0.0]]}},