{"pseudos": ["DOJO-041-std-12", "SPMS-12", "SG15-12", "GBRV-1.X-12", "PSL-US-v1-high-12", "PSL-US-v0.x-12", "PSL-PAW-v0.x-12", "PSL-PAW-v1-high-12", "JTH-1.1-std-12"], "v_distance": {"grid": {"eta": [[0.0, 1.1823031711955223, 2.087596940500999, 0.8160935604878492, 1.0516677390475475, 1.795128387746314, 1.7864299014586849, 0.9020338636892975, 1.4834168103859942], [4.352057378215775, 0.0, 1.542655102128302, 1.9730446546118294, 2.0223500215744155, 1.613194368324211, 1.2280782106083092, 1.8667444338269974, 2.316947641011571], [3.4560090748920373, 4.187112588822927, 0.0, 2.6584122347733032, 3.131886153526302, 2.7437617203596334, 2.2351381657142624, 2.9814320712224864, 3.4307175199101847], [2.3630932117388994, 6.715150589954676, 5.712899728316801, 0.0, 0.8783285836869852, 2.2537736940197965, 2.3979702747283755, 0.8275887920949497, 1.3877734484188438], [1.66912382956788, 5.600751752375446, 5.060697070882626, 2.37485916671433, 0.0, 1.9876371622275448, 2.2832769979870577, 0.1887775825861547, 0.9039760918133212], [7.543584715570987, 3.3457986363139725, 6.760738170055974, 9.969177927309888, 8.792279089730657, 0.0, 0.6411820927731313, 1.960766825586559, 2.686476522890272], [8.23304611808547, 3.8184887398696934, 6.051018470273931, 10.59613932982437, 9.48174049224514, 1.25389927881605, 0.0, 2.208742313631125, 2.8911994823507694], [1.5973780495382928, 5.44973243043191, 5.037468207380003, 2.14090936923337, 0.40936147469346906, 8.64125976778712, 9.268221170301603, 0.0, 0.8569462618690362], [3.8659160571597235, 8.142763282986552, 7.305679733297241, 2.021487729422475, 2.479511530611106, 11.334290620341765, 11.961252022856245, 2.6930308525546427, 0.0]], "shift": [[0.0, -2.4375000000000004, -2.9375, 1.6250000000000002, 1.25, -4.312500000000001, -4.937500000000001, 1.1875000000000002, 3.062500000000001], [2.4375000000000004, 0.0, -0.5, 4.062500000000001, 3.6875000000000013, -1.875, -2.4375000000000004, 3.6250000000000013, 5.562500000000002], [2.9375, 0.5, 0.0, 4.625000000000002, 4.187500000000001, -1.375, -1.9375, 4.125000000000001, 6.062500000000002], [-1.6250000000000002, -4.062500000000001, -4.625000000000002, 0.0, -0.375, -6.000000000000002, -6.562500000000003, -0.4375, 1.4375], [-1.25, -3.6875000000000013, -4.187500000000001, 0.375, 0.0, -5.562500000000002, -6.187500000000002, -0.0625, 1.8125000000000002], [4.312500000000001, 1.875, 1.375, 6.000000000000002, 5.562500000000002, 0.0, -0.5625000000000001, 5.500000000000002, 7.4375000000000036], [4.937500000000001, 2.4375000000000004, 1.9375, 6.562500000000003, 6.187500000000002, 0.5625000000000001, 0.0, 6.062500000000002, 8.000000000000002], [-1.1875000000000002, -3.6250000000000013, -4.125000000000001, 0.4375, 0.0625, -5.500000000000002, -6.062500000000002, 0.0, 1.9375000000000004], [-3.062500000000001, -5.562500000000002, -6.062500000000002, -1.4375, -1.8125000000000002, -7.4375000000000036, -8.000000000000002, -1.9375000000000004, 0.0]]}, "path": {"eta": [[0.0, 0.11823031711955223, 0.2087596940500999, 0.08160935604878491, 0.10516677390475475, 0.1795128387746314, 0.17864299014586849, 0.09020338636892974, 0.1483416810385994], [0.43520573782157757, 0.0, 0.1542655102128302, 0.19730446546118294, 0.20223500215744156, 0.1613194368324211, 0.12280782106083092, 0.18667444338269973, 0.23169476410115708], [0.34560090748920375, 0.4187112588822927, 0.0, 0.2658412234773303, 0.3131886153526302, 0.2743761720359633, 0.22351381657142624, 0.2981432071222486, 0.34307175199101847], [0.23630932117388995, 0.6715150589954676, 0.57128997283168, 0.0, 0.08783285836869852, 0.22537736940197967, 0.23979702747283754, 0.08275887920949497, 0.13877734484188436], [0.166912382956788, 0.5600751752375446, 0.5060697070882626, 0.237485916671433, 0.0, 0.1987637162227545, 0.22832769979870576, 0.01887775825861547, 0.09039760918133212], [0.7543584715570988, 0.33457986363139725, 0.6760738170055973, 0.9969177927309888, 0.8792279089730657, 0.0, 0.06411820927731313, 0.1960766825586559, 0.2686476522890272], [0.823304611808547, 0.3818488739869693, 0.6051018470273931, 1.059613932982437, 0.9481740492245139, 0.125389927881605, 0.0, 0.22087423136311252, 0.2891199482350769], [0.15973780495382928, 0.544973243043191, 0.5037468207380003, 0.21409093692333697, 0.04093614746934691, 0.8641259767787121, 0.9268221170301603, 0.0, 0.08569462618690363], [0.38659160571597234, 0.8142763282986551, 0.7305679733297241, 0.20214877294224748, 0.24795115306111062, 1.1334290620341765, 1.1961252022856246, 0.26930308525546426, 0.0]], "shift": [[0.0, -0.24375000000000005, -0.29375, 0.16250000000000003, 0.125, -0.4312500000000001, -0.4937500000000001, 0.11875000000000002, 0.3062500000000001], [0.24375000000000005, 0.0, -0.05, 0.4062500000000001, 0.36875000000000013, -0.1875, -0.24375000000000005, 0.36250000000000016, 0.5562500000000001], [0.29375, 0.05, 0.0, 0.4625000000000002, 0.41875000000000007, -0.1375, -0.19375, 0.4125000000000001, 0.6062500000000002], [-0.16250000000000003, -0.4062500000000001, -0.4625000000000002, 0.0, -0.0375, -0.6000000000000002, -0.6562500000000002, -0.04375, 0.14375], [-0.125, -0.36875000000000013, -0.41875000000000007, 0.0375, 0.0, -0.5562500000000001, -0.6187500000000001, -0.00625, 0.18125000000000002], [0.4312500000000001, 0.1875, 0.1375, 0.6000000000000002, 0.5562500000000001, 0.0, -0.05625000000000001, 0.5500000000000002, 0.7437500000000004], [0.4937500000000001, 0.24375000000000005, 0.19375, 0.6562500000000002, 0.6187500000000001, 0.05625000000000001, 0.0, 0.6062500000000002, 0.8000000000000002], [-0.11875000000000002, -0.36250000000000016, -0.4125000000000001, 0.04375, 0.00625, -0.5500000000000002, -0.6062500000000002, 0.0, 0.19375000000000003], [-0.3062500000000001, -0.5562500000000001, -0.6062500000000002, -0.14375, -0.18125000000000002, -0.7437500000000004, -0.8000000000000002, -0.19375000000000003, 0.0]]}}, "v10_distance": {"grid": {"eta": [[0.0, 8.173983443060674, 2.2367293743181307, 4.800574875687998, 0.9648890306894754, 15.2208758614449, 15.316810431011296, 0.8745165276992115, 5.097694867749926], [103.93790494031902, 0.0, 7.367452361819044, 12.944108761028074, 8.645453897246501, 7.191895059576233, 7.2455699988333375, 8.61802646406871, 13.152826520228079], [9.682057871588981, 94.26737455240875, 0.0, 6.235035566098288, 3.1557023509137765, 14.386607325137676, 14.416514767212773, 3.0625657907959565, 6.718662556872227], [57.415673498343395, 161.45526665173227, 67.02370388625366, 0.0, 4.434293515838965, 19.94735854755368, 20.054071869461747, 4.42942468872795, 1.1914554571008544], [2.684756505897653, 106.56016144621667, 12.292786893807914, 54.73091699244574, 0.0, 15.618108064802353, 15.742029848689318, 0.17492662707967213, 4.607229254970936], [193.5197509960123, 89.6443460556933, 183.91172060810206, 250.93542449435574, 196.20450750190997, 0.0, 0.5351151098548278, 15.61266614785483, 20.159061675274273], [194.31948060997127, 90.38157566965224, 184.648950222061, 251.73515410831465, 197.0042371158689, 1.37889927881605, 0.0, 15.73186573360279, 20.276681279603824], [2.5295230403422693, 106.40492798066128, 12.13755342825253, 54.886150458001126, 0.40936147469346906, 196.04927403635457, 196.8490036503135, 0.0, 4.602808889816742], [56.20205448236601, 160.18933431794923, 65.81008487027627, 1.9396297652652947, 53.517297976468356, 249.72180547837831, 250.52153509233727, 53.67253144202374, 0.0]],