{"REF": {"configurations": {"XO": {"V0": 40.774272420246774, "B0": 0.46493494764449167, "B1": 5.036657402042368}, "XO2": {"V0": 43.83458777704999, "B0": 0.8108335384291255, "B1": 4.739661446865352}, "XO3": {"V0": 71.71609632447499, "B0": 0.5065876496099602, "B1": 3.841554415922067}, "X2O": {"V0": 77.79112798187565, "B0": 0.27443918293337866, "B1": 5.353844186120279}, "X2O3": {"V0": 177.486626152432, "B0": 0.5897356413621211, "B1": 4.683587071706444}, "X2O5": {"V0": 169.0902164530073, "B0": 0.9021198415575572, "B1": 4.997549021808113}, "BCC": {"V0": 40.007256561713156, "B0": 0.14464417208104646, "B1": 5.6706498566985735}, "FCC": {"V0": 39.030666540798215, "B0": 0.1486652554560371, "B1": 5.697121176357592}, "SC": {"V0": 46.14406680206717, "B0": 0.13835538619275645, "B1": 5.69008578978205}, "DC": {"V0": 133.82441316731246, "B0": 0.06852413859118338, "B1": 5.406575839363118}}}, "PSL-US-v1-high (Z=17)": {"ecutrho": {"efficiency": 80.0, "precision": 120.0}, "configurations": {"BCC": {"uuid": "d0045a3d-ae16-40cc-8b57-d0ed8016e789", "volumes": [39.942914661864, 37.54633978261, 38.345198072968, 39.14405637059, 40.74177295456, 41.540631250042, 42.339489544331], "energies": [-2999.1410188685, -2999.1275365804, -2999.1349839279, -2999.139351627, -2999.1403228013, -2999.1375596214, -2999.132992871], "nu": 0.21022076074348, "V0": 40.0914413, "B0": 0.1445764, "B1": 5.7042431, "E0": -2999.1410584}, "DC": {"uuid": "74341136-d1ba-405b-abf5-1f2584bfc841", "volumes": [133.91052077952, 125.87588952741, 128.55409994743, 131.23231035715, 136.58873119287, 139.2669416063, 141.94515201873], "energies": [-5998.0965365115, -5998.0772522122, -5998.088242754, -5998.094486678, -5998.0948937603, -5998.0900067319, -5998.0822838691], "nu": 0.13266190383286, "V0": 134.0019924, "B0": 0.0684723, "B1": 5.4117678, "E0": -5998.0965344}, "FCC": {"uuid": "97dea370-fd0d-46b8-a303-331ef26a8b10", "volumes": [39.025585590015, 36.684050453183, 37.46456216578, 38.245073879924, 39.806097302899, 40.586609013252, 41.367120723238], "energies": [-2999.1284228552, -2999.1151975786, -2999.1225605708, -2999.1268417377, -2999.1276421606, -2999.1247984349, -2999.1201549484], "nu": 0.28457530923217, "V0": 39.1418605, "B0": 0.148457, "B1": 5.7376074, "E0": -2999.128448}, "SC": {"uuid": "c16363a6-3343-4d51-97d2-85547b5bbd19", "volumes": [46.151517978222, 43.382426898653, 44.305457258485, 45.228487617885, 47.074548338601, 47.997578697217, 48.920609056628], "energies": [-2999.2821958797, -2999.2687101901, -2999.2764194472, -2999.2807755815, -2999.2810463348, -2999.2776514426, -2999.2722990995], "nu": 0.077074337099618, "V0": 46.1796179, "B0": 0.1384354, "B1": 5.7121383, "E0": -2999.2821962}, "X2O": {"uuid": "634cf99d-4b12-4f1a-9183-535eccf397b9", "volumes": [77.805598090537, 73.137262209519, 74.693374169284, 76.249486128311, 79.361710053523, 80.917822019013, 82.473933974174], "energies": [-6561.5799158445, -6561.5283536742, -6561.5563491537, -6561.5730910934, -6561.5779997549, -6561.5683852928, -6561.5519907064], "nu": 0.54717902270336, "V0": 78.2171811, "B0": 0.2726429, "B1": 5.3630619, "E0": -6561.5802139}, "X2O3": {"uuid": "12ccc492-5971-4449-9571-fefcfb6f3b1a", "volumes": [177.54769472993, 166.89483304681, 170.44578694708, 173.99674083531, 181.09864863112, 184.64960251815, 188.2005564159], "energies": [-15387.205681026, -15386.938666877, -15387.080077906, -15387.167133517, -15387.200934409, -15387.157531572, -15387.079621844], "nu": 0.79164858292228, "V0": 178.8969314, "B0": 0.587674, "B1": 4.7106782, "E0": -15387.2087126}, "X2O5": {"uuid": "c7afa71c-77ab-4b5b-b8e4-5ded1866b079", "volumes": [169.11593560765, 158.96897947341, 162.35129818727, 165.7336169009, 172.4982543185, 175.88057303382, 179.26289175122], "energies": [-17639.802847861, -17639.399121681, -17639.610700936, -17639.742297091, -17639.80031108, -17639.741766605, -17639.633528837], "nu": 0.91874236886087, "V0": 170.6469554, "B0": 0.8904608, "B1": 4.9915692, "E0": -17639.8090624}, "XO": {"uuid": "d58a7c9b-c3fb-44d7-b340-5b9bdc1ed01e", "volumes": [40.788954341368, 38.341617082514, 39.157396167494, 39.973175255129, 41.604733430852, 42.420512516508, 43.236291602515], "energies": [-3563.1508907152, -3563.1093617903, -3563.1326058901, -3563.1460811032, -3563.1480196422, -3563.1383479002, -3563.1226623063], "nu": 0.2498159492204, "V0": 40.8762569, "B0": 0.4647848, "B1": 5.0632061, "E0": -3563.1509308}, "XO2": {"uuid": "4f316161-2add-48a6-87fd-1b1c82252e9b", "volumes": [43.850253494117, 41.219238285215, 42.096243353336, 42.973248424275, 44.727258561696, 45.604263635126, 46.481268701629], "energies": [-4129.3879605549, -4129.296586362, -4129.3448163622, -4129.3746140516, -4129.3866291019, -4129.3722097899, -4129.3461286312], "nu": 0.83345355645402, "V0": 44.2010472, "B0": 0.8044818, "B1": 4.7517444, "E0": -4129.3890924}, "XO3": {"uuid": "ff7a0f92-a942-42b7-bc74-d293f18454d0", "volumes": [71.685540502019, 67.384408073724, 68.818118883224, 70.251829693757, 73.119251313205, 74.552962122183, 75.986672931379], "energies": [-4694.0221622202, -4693.8849659623, -4693.949487962, -4693.9945783129, -4694.0338299172, -4694.0309286394, -4694.0147291587], "nu": 2.5003957566548, "V0": 73.5319774, "B0": 0.5059237, "B1": 3.8011292, "E0": -4694.0344098}}, "avgNu": {"withMax": 0.6545767547723859, "withoutMax": 0.4494857545632287}}, "PSL-PAW-v1-high (Z=17)": {"ecutrho": {"efficiency": 200.0, "precision": 200.0}, "configurations": {"BCC": {"uuid": "ce944581-026d-4c09-b7a5-1d93698d226a", "volumes": [39.942914661864, 37.54633978261, 38.345198072968, 39.14405637059, 40.74177295456, 41.540631250042, 42.339489544331], "energies": [-13394.537843175, -13394.524118706, -13394.531655443, -13394.536103415, -13394.537212551, -13394.534508692, -13394.529995548], "nu": 0.26864463671312, "V0": 40.1148638, "B0": 0.1445246, "B1": 5.7069884, "E0": -13394.5378963}, "DC": {"uuid": "e6575032-7af4-4105-a0b7-782b1f47b401", "volumes": [133.91052077952, 125.87588952741, 128.55409994743, 131.23231035715, 136.58873119287, 139.2669416063, 141.94515201873], "energies": [-26788.89129807, -26788.871617437, -26788.882752335, -26788.889127962, -26788.889764709, -26788.88497741, -26788.877344889], "nu": 0.19497899047528, "V0": 134.0854696, "B0": 0.0684407, "B1": 5.4090316, "E0": -26788.8913016}, "FCC": {"uuid": "1c8b89d2-a8f0-492f-8c9c-7df0df753251", "volumes": [39.025585590015, 36.684050453183, 37.46456216578, 38.245073879924, 39.806097302899, 40.586609013252, 41.367120723238], "energies": [-13394.525118588, -13394.511592898, -13394.519066232, -13394.523447129, -13394.524419664, -13394.521650225, -13394.517074087], "nu": 0.35757978034322, "V0": 39.1704263, "B0": 0.14837, "B1": 5.7392747, "E0": -13394.5251579}, "SC": {"uuid": "7821db3a-baef-428d-b148-57eebf153d30", "volumes": [46.151517978222, 43.382426898653, 44.305457258485, 45.228487617885, 47.074548338601, 47.997578697217, 48.920609056628], "energies": [-13394.679165631, -13394.665436128, -13394.673232733, -13394.677669957, -13394.678086019, -13394.674756298, -13394.669464501], "nu": 0.13371340729635, "V0": 46.2057926, "B0": 0.1382745, "B1": 5.7114069, "E0": -13394.6791691}, "X2O": {"uuid": "fc128561-245a-452a-9931-31a0a6a3b764", "volumes": [77.805598090537, 73.137262209519, 74.693374169284, 76.249486128311, 79.361710053523, 80.917822019013, 82.473933974174], "energies": [-27352.37086019, -27352.317572002, -27352.346203275, -27352.363518423, -27352.369411592, -27352.360219859, -27352.344208409], "nu": 0.65953551461489, "V0": 78.3051802, "B0": 0.2725546, "B1": 5.3673803, "E0": -27352.3713}, "X2O3": {"uuid": "6a84bad2-2bea-4971-9960-e0dcea8efd0c", "volumes": [177.54769472993, 166.89483304681, 170.44578694708, 173.99674083531, 181.09864863112, 184.64960251815, 188.2005564159], "energies": [-56968.770429404, -56968.490986183, -56968.63695403, -56968.728138152, -56968.769079855, -56968.728761701, -56968.653654609], "nu": 0.95553152904892, "V0": 179.1904621, "B0": 0.5878377, "B1": 4.715187, "E0": -56968.7749324},