{"REF": {"configurations": {"XO": {"V0": 27.332561407471673, "B0": 1.3059267865406763, "B1": 4.995376124512677}, "XO2": {"V0": 38.068057796935754, "B0": 1.265391253373571, "B1": 4.390880167007577}, "XO3": {"V0": 70.28795397638314, "B0": 0.8971098612419135, "B1": 4.208971314468508}, "X2O": {"V0": 47.24868290388707, "B0": 1.0142433381459166, "B1": 4.972985170664254}, "X2O3": {"V0": 147.2543455647368, "B0": 1.042743203122273, "B1": 4.462383697101574}, "X2O5": {"V0": 149.62945441680233, "B0": 1.4316918155532363, "B1": 4.642508125334959}, "BCC": {"V0": 17.807922782490138, "B0": 1.0618373269022587, "B1": 5.400775247220478}, "FCC": {"V0": 19.29454685971419, "B0": 0.8517170412323853, "B1": 4.860713929438631}, "SC": {"V0": 17.27341608157796, "B0": 1.2937942252645551, "B1": 7.4053251504772035}, "DC": {"V0": 42.95330163212968, "B0": 1.3767709545118834, "B1": 5.4959267897018504}}}, "PSL-US-v1-high (Z=15)": {"ecutrho": {"efficiency": 90.0, "precision": 150.0}, "configurations": {"BCC": {"uuid": "ac75ac9f-469a-41ba-9d43-be7e4f17c899", "volumes": [17.78810977841, 16.720823194485, 17.076585388288, 17.432347585081, 18.143871973925, 18.499634169657, 18.855396367931], "energies": [-2792.5255368552, -2792.4870234958, -2792.5092304337, -2792.5216800498, -2792.5218325696, -2792.5114763252, -2792.4952735791], "nu": 0.13371626238245, "V0": 17.7841324, "B0": 1.0624581, "B1": 5.3917174, "E0": -2792.5255368}, "DC": {"uuid": "1d9f7c83-195e-4b17-8e59-4b222ac193f1", "volumes": [42.955807676531, 40.378459217699, 41.237575370764, 42.096691521828, 43.814923831311, 44.674039985371, 45.533156135215], "energies": [-5585.2032480662, -5585.0980225988, -5585.1620811887, -5585.1959945998, -5585.1870423268, -5585.1503986615, -5585.0961954905], "nu": 0.41955911376996, "V0": 42.7742414, "B0": 1.3874452, "B1": 5.6172425, "E0": -5585.20369}, "FCC": {"uuid": "99e958f2-2c0d-4e72-95a0-c83620db5ce4", "volumes": [19.289053828468, 18.131710598413, 18.517491675017, 18.903272752354, 19.674834905848, 20.060615983072, 20.446397057406], "energies": [-2792.180806995, -2792.1476866596, -2792.1667406145, -2792.1774715596, -2792.1775617654, -2792.1684590134, -2792.1541446012], "nu": 0.054543268459812, "V0": 19.2841457, "B0": 0.8531037, "B1": 4.8390126, "E0": -2792.1808083}, "SC": {"uuid": "2b88cd17-4ef1-49d8-b580-5fc9d6fbba6b", "volumes": [17.253058561456, 16.217875047498, 16.562936219169, 16.907997390981, 17.598119732115, 17.94318090453, 18.28824207517], "energies": [-2792.599933866, -2792.5527355854, -2792.58014085, -2792.5951771802, -2792.5960116172, -2792.5845697747, -2792.5665382875], "nu": 0.11223294662418, "V0": 17.2595144, "B0": 1.2740266, "B1": 7.0103159, "E0": -2792.6000231}, "X2O": {"uuid": "912287b8-1130-401b-8da6-9a2c23989b71", "volumes": [47.246441421296, 44.411654936121, 45.356583766713, 46.301512594547, 48.191370252146, 49.136299079474, 50.081227907113], "energies": [-6151.0819641223, -6150.991633758, -6151.0450720171, -6151.0742750017, -6151.0705678588, -6151.0422508769, -6150.9989449125], "nu": 0.23948950689455, "V0": 47.1364463, "B0": 1.0199732, "B1": 4.9817989, "E0": -6151.0820887}, "X2O3": {"uuid": "1154ef47-99bb-4558-a19d-52c7e47f308a", "volumes": [147.2533953575, 138.41819162877, 141.36325954024, 144.30832744278, 150.19846326476, 153.14353116346, 156.08859907711], "energies": [-14585.094763008, -14584.821772015, -14584.986085369, -14585.074559236, -14585.05388702, -14584.958262273, -14584.813574585], "nu": 0.37507567575256, "V0": 146.7078325, "B0": 1.053066, "B1": 4.4397907, "E0": -14585.0958036}, "X2O5": {"uuid": "79ea8b3b-aa8a-4231-b6ed-638ebfcabacd", "volumes": [149.61134872427, 140.63466780664, 143.62689477614, 146.61912175121, 152.60357570301, 155.59580267499, 158.58802965423], "energies": [-16847.868339759, -16847.467340975, -16847.704125726, -16847.833986884, -16847.81738794, -16847.690269282, -16847.495185023], "nu": 0.24460864315223, "V0": 149.2657066, "B0": 1.4386775, "B1": 4.6418992, "E0": -16847.8688916}, "XO": {"uuid": "17642881-6ee6-496d-8db4-ca5503499a98", "volumes": [27.331278018283, 25.691401336895, 26.238026895744, 26.784652458934, 27.877903576929, 28.424529139481, 28.971154697635], "energies": [-3361.6385699205, -3361.5757634624, -3361.6140232118, -3361.634292291, -3361.6286853855, -3361.6062700084, -3361.5727654483], "nu": 0.44018849500096, "V0": 27.2135607, "B0": 1.3211991, "B1": 5.0241739, "E0": -3361.6388955}, "XO2": {"uuid": "8a38aaf6-3288-42dd-a48c-3116b8437865", "volumes": [38.066356444215, 35.782375056241, 36.543702188061, 37.305029317678, 38.827683575422, 39.58901070192, 40.350337831615], "energies": [-3931.4017811695, -3931.3141224189, -3931.3663093625, -3931.3947157338, -3931.3896931927, -3931.3604141523, -3931.3157097949], "nu": 0.30249915852863, "V0": 37.9536124, "B0": 1.2728035, "B1": 4.3893647, "E0": -3931.4019901}, "XO3": {"uuid": "a81569f8-6587-426f-863f-23ae04d4843b", "volumes": [70.29134185489, 66.073861344117, 67.479688176489, 68.885515015122, 71.697168687634, 73.102995526369, 74.5088223666], "energies": [-4498.5142862497, -4498.3993646861, -4498.4675266165, -4498.5048117902, -4498.498725284, -4498.4606396875, -4498.4023017467], "nu": 0.27234882636244, "V0": 70.0970196, "B0": 0.8994907, "B1": 4.2500309, "E0": -4498.514517}}, "avgNu": {"withMax": 0.2594261896927772, "withoutMax": 0.23934148910297914}}, "PSL-PAW-v1-high (Z=15)": {"ecutrho": {"efficiency": 90.0, "precision": 150.0}, "configurations": {"BCC": {"uuid": "45f6073d-6f64-488d-a9e0-1c0116cce364", "volumes": [17.78810977841, 16.720823194485, 17.076585388288, 17.432347585081, 18.143871973925, 18.499634169657, 18.855396367931], "energies": [-14464.230369714, -14464.19264671, -14464.214554458, -14464.226741757, -14464.226466378, -14464.215937885, -14464.199586701], "nu": 0.19038226800012, "V0": 17.7740531, "B0": 1.0615095, "B1": 5.3912985, "E0": -14464.2303751}, "DC": {"uuid": "151d84a6-3289-4835-82c0-035e40339fe4", "volumes": [42.955807676531, 40.378459217699, 41.237575370764, 42.096691521828, 43.814923831311, 44.674039985371, 45.533156135215], "energies": [-28928.619804387, -28928.516771613, -28928.579990052, -28928.613177191, -28928.603062039, -28928.5659634, -28928.511378997], "nu": 0.46933642311471, "V0": 42.7527019, "B0": 1.3860101, "B1": 5.6180435, "E0": -28928.6203779}, "FCC": {"uuid": "c844cc5a-54af-4c27-b26b-b8a1a8dc95b7", "volumes": [19.289053828468, 18.131710598413, 18.517491675017, 18.903272752354, 19.674834905848, 20.060615983072, 20.446397057406], "energies": [-14463.887485738, -14463.855304876, -14463.874016512, -14463.88443507, -14463.883982001, -14463.874645095, -14463.860119522], "nu": 0.1368830704538, "V0": 19.2682031, "B0": 0.8531341, "B1": 4.844793, "E0": -14463.8874961}, "SC": {"uuid": "97b63764-d0ae-4e2b-aae9-1d5bba53ef5d", "volumes": [17.253058561456, 16.217875047498, 16.562936219169, 16.907997390981, 17.598119732115, 17.94318090453, 18.28824207517], "energies": [-14464.307945151, -14464.26218608, -14464.289084941, -14464.303641126, -14464.30360752, -14464.291791657, -14464.273425606], "nu": 0.19014545596211, "V0": 17.2425045, "B0": 1.2776862, "B1": 7.0520926, "E0": -14464.3080375}, "X2O": {"uuid": "77a126c9-f83f-4168-bbba-5b1fe960f3e9", "volumes": [47.246441421296, 44.411654936121, 45.356583766713, 46.301512594547, 48.191370252146, 49.136299079474, 50.081227907113], "energies": [-29494.496792657, -29494.407600817, -29494.460614578, -29494.489440005, -29494.485094619, -29494.456506612, -29494.412956289], "nu": 0.27267952256937, "V0": 47.1206631, "B0": 1.0197818, "B1": 4.9776865, "E0": -29494.496957}, "X2O3": {"uuid": "360cfde2-4d59-41f4-9359-8b6f7ad35415", "volumes": [147.2533953575, 138.41819162877, 141.36325954024, 144.30832744278, 150.19846326476, 153.14353116346, 156.08859907711], "energies": [-61271.941552772, -61271.674262971, -61271.836503906, -61271.92308563, -61271.899081789, -61271.801988988, -61271.655947533], "nu": 0.42924595279975, "V0": 146.6278632, "B0": 1.0531731, "B1": 4.43712, "E0": -61271.9429265},