{"REF": {"configurations": {"XO": {"V0": 33.14910649617435, "B0": 0.9918193830626678, "B1": 4.650787926952898}, "XO2": {"V0": 44.316722036950985, "B0": 1.1685420110969111, "B1": 4.256342421077981}, "XO3": {"V0": 84.96337662280618, "B0": 0.354763752109291, "B1": 5.358252185347949}, "X2O": {"V0": 68.78943704444279, "B0": 0.4730678000091324, "B1": 3.552074997378262}, "X2O3": {"V0": 174.9462606147876, "B0": 0.9471619460680281, "B1": 4.131669431503215}, "X2O5": {"V0": 178.1984812274667, "B0": 1.133672131922438, "B1": 4.204328247793626}, "BCC": {"V0": 32.56774695907916, "B0": 0.3668942479902565, "B1": 3.6186273326657825}, "FCC": {"V0": 32.18393193608481, "B0": 0.34366428745446687, "B1": 3.2963551585053072}, "SC": {"V0": 35.332143116981726, "B0": 0.26542592321141967, "B1": 3.3805809111249068}, "DC": {"V0": 91.46531559551607, "B0": 0.18389474188364163, "B1": 1.3465149341186382}}}, "PSL-US-v1-high (Z=12)": {"ecutrho": {"efficiency": 75.0, "precision": 80.0}, "configurations": {"BCC": {"uuid": "a73e9fc3-6e9b-4c0b-88c3-5b327d9f800e", "volumes": [32.671683605737, 30.711382588234, 31.364816258218, 32.018249931787, 33.325117277802, 33.978550946038, 34.63198461759], "energies": [-2120.7152443886, -2120.6942992425, -2120.7068287241, -2120.7136453117, -2120.7120835143, -2120.704581472, -2120.6931192209], "nu": 0.043496746784451, "V0": 32.5554129, "B0": 0.3684436, "B1": 3.5664326, "E0": -2120.715319}, "DC": {"uuid": "19b041f5-02c7-44ee-9924-b9c68a117e05", "volumes": [92.517620258157, 86.966563045406, 88.816915446938, 90.6672678561, 94.367972662125, 96.21832507098, 98.068677473343], "energies": [-4237.801214728, -4237.7811425231, -4237.7951303987, -4237.8017580033, -4237.7938384022, -4237.7800503942, -4237.7603192841], "nu": 0.083337521118537, "V0": 91.4371588, "B0": 0.1863218, "B1": 1.5884969, "E0": -4237.8023506}, "FCC": {"uuid": "f937764c-1547-4118-81b6-1adebdaec4f5", "volumes": [32.201147547732, 30.269078697182, 30.913101648557, 31.557124597474, 32.845170500314, 33.489193451755, 34.133216402017], "energies": [-2120.8599599681, -2120.8382748084, -2120.8506340827, -2120.8577181583, -2120.8577587032, -2120.8514755948, -2120.8414318732], "nu": 0.041264071182531, "V0": 32.1950622, "B0": 0.3451926, "B1": 3.2458406, "E0": -2120.859962}, "SC": {"uuid": "a7cf0e76-f9e4-464c-b673-28f5664e1550", "volumes": [35.252419509355, 33.137274339247, 33.842322730002, 34.547371119248, 35.957467901274, 36.662516290727, 37.367564682892], "energies": [-2119.9798768873, -2119.9593684839, -2119.9706187583, -2119.9773294936, -2119.9786095171, -2119.9738518788, -2119.9658911886], "nu": 0.090735112679211, "V0": 35.361504, "B0": 0.2673712, "B1": 3.3824148, "E0": -2119.979921}, "X2O": {"uuid": "054246b1-fe29-4187-a9d3-4d476247d67b", "volumes": [68.792237427779, 64.664703179142, 66.040547926, 67.416392676766, 70.168082174666, 71.54392691973, 72.919771668753], "energies": [-4808.4862027477, -4808.422543757, -4808.4589833369, -4808.4797335134, -4808.4796450764, -4808.4611810643, -4808.4318216142], "nu": 0.035460735384381, "V0": 68.7664946, "B0": 0.474207, "B1": 3.5572108, "E0": -4808.4862132}, "X2O3": {"uuid": "8197754e-f10f-4a7d-8cc6-539b9566428f", "volumes": [174.95775527395, 164.46028995205, 167.95944505734, 171.45860016453, 178.45691037838, 181.95606548375, 185.45522058979], "energies": [-11906.989219886, -11906.685339891, -11906.864979376, -11906.963633158, -11906.948887174, -11906.849094731, -11906.695688652], "nu": 0.25102752779785, "V0": 174.5088722, "B0": 0.9507209, "B1": 4.1368895, "E0": -11906.989749}, "X2O5": {"uuid": "8f9fda3a-a7eb-419b-959b-786892dbfa15", "volumes": [178.21027882668, 167.51766209109, 171.08186767298, 174.64607324383, 181.77448439662, 185.33868997521, 188.90289555562], "energies": [-14167.284048316, -14166.903813722, -14167.126332362, -14167.2497983, -14167.237919306, -14167.119380397, -14166.935615666], "nu": 0.17548019602413, "V0": 177.8861848, "B0": 1.1348312, "B1": 4.2071619, "E0": -14167.2843677}, "XO": {"uuid": "1f0a09f4-4da7-4b43-a3bb-f97f98b75ab4", "volumes": [33.142167517213, 31.1536374648, 31.816480816086, 32.479324164699, 33.805010867624, 34.467854215197, 35.130697566246], "energies": [-2691.0547349149, -2690.9928574535, -2691.0292941762, -2691.0493270606, -2691.0470649783, -2691.0277314264, -2690.9979897925], "nu": 0.23158320695646, "V0": 33.0725241, "B0": 0.9941268, "B1": 4.6585963, "E0": -2691.0548025}, "XO2": {"uuid": "8fb2d1cb-98c5-4eba-b3bc-84ae556da1b4", "volumes": [44.320810639932, 41.661561998642, 42.547978212094, 43.434394425258, 45.207226851384, 46.093643062984, 46.980059274904], "energies": [-3262.4616520942, -3262.3664307559, -3262.4227415846, -3262.4536328995, -3262.4490880543, -3262.418002314, -3262.3702513702], "nu": 0.24607470824167, "V0": 44.2080259, "B0": 1.1722206, "B1": 4.2591684, "E0": -3262.4618162}, "XO3": {"uuid": "54eaf735-ba4b-435e-90c0-baecf7067582", "volumes": [84.966067122475, 79.86810309134, 81.567424438704, 83.266745777412, 86.665388461582, 88.364709806081, 90.064031147971], "energies": [-3824.1264667795, -3824.0644295872, -3824.1000094235, -3824.1200061168, -3824.1210238225, -3824.1050227127, -3824.0795717697], "nu": 0.065615618653881, "V0": 85.0011682, "B0": 0.3513628, "B1": 5.2975586, "E0": -3824.1265188}}, "avgNu": {"withMax": 0.12640754448231017, "withoutMax": 0.11256087966947242}}, "PSL-PAW-v1-high (Z=12)": {"ecutrho": {"efficiency": 75.0, "precision": 80.0}, "configurations": {"BCC": {"uuid": "afaf0982-5d5c-44d9-8015-c74f9b7b271c", "volumes": [32.671683605737, 30.711382588234, 31.364816258218, 32.018249931787, 33.325117277802, 33.978550946038, 34.63198461759], "energies": [-13144.221987932, -13144.202826084, -13144.214720996, -13144.220944375, -13144.218305687, -13144.210313704, -13144.198390764], "nu": 0.26584472889582, "V0": 32.4816823, "B0": 0.3687497, "B1": 3.5591515, "E0": -13144.2221894}, "DC": {"uuid": "d39f3e84-b812-4b2e-94f2-21245dbe6b38", "volumes": [92.517620258157, 86.966563045406, 88.816915446938, 90.6672678561, 94.367972662125, 96.21832507098, 98.068677473343], "energies": [-26284.820352666, -26284.804017945, -26284.816677089, -26284.822061677, -26284.811881763, -26284.79706462, -26284.776364513], "nu": 0.37690284450861, "V0": 91.1244233, "B0": 0.1853078, "B1": 1.5438759, "E0": -26284.8222592}, "FCC": {"uuid": "85abea6b-91e7-4820-9d01-5b65b51bffc7", "volumes": [32.201147547732, 30.269078697182, 30.913101648557, 31.557124597474, 32.845170500314, 33.489193451755, 34.133216402017], "energies": [-13144.369054439, -13144.349209585, -13144.360918235, -13144.36738951, -13144.366309354, -13144.359513584, -13144.348987132], "nu": 0.2199001265098, "V0": 32.1137292, "B0": 0.3454291, "B1": 3.244673, "E0": -13144.3690971}, "SC": {"uuid": "5557e192-c0d7-4be0-970e-eaaa6ce22ea2", "volumes": [35.252419509355, 33.137274339247, 33.842322730002, 34.547371119248, 35.957467901274, 36.662516290727, 37.367564682892], "energies": [-13143.48832604, -13143.469951962, -13143.480448889, -13143.486449135, -13143.486425189, -13143.481068628, -13143.472541669], "nu": 0.26488552149601, "V0": 35.2400719, "B0": 0.2678587, "B1": 3.3785031, "E0": -13143.4883254}, "X2O": {"uuid": "4b6d79bf-dc7b-44a6-9810-362e4eaa53e1", "volumes": [68.792237427779, 64.664703179142, 66.040547926, 67.416392676766, 70.168082174666, 71.54392691973, 72.919771668753], "energies": [-26855.510927183, -26855.452778906, -26855.487290559, -26855.506204239, -26855.502713427, -26855.482683264, -26855.4518461], "nu": 0.29589672657301, "V0": 68.5868677, "B0": 0.4753498, "B1": 3.5770569, "E0": -26855.5110807}, "X2O3": {"uuid": "fe41a2cd-daa6-414c-8fbc-cddfc94f0f19", "volumes": [174.95775527395, 164.46028995205, 167.95944505734, 171.45860016453, 178.45691037838, 181.95606548375, 185.45522058979], "energies": [-56001.03685471, -56000.741405754, -56000.918010898, -56001.013859867, -56000.994128893, -56000.892128246, -56000.736685259], "nu": 0.32662840642842, "V0": 174.3767746, "B0": 0.950845, "B1": 4.1384385, "E0": -56001.0377526},