{"conff": "DC", "pseudos": [{"name": "MARBURG", "Z": 18, "color": "#ea388e", "quantities": {"metadata": {"avgNu": 0.7384712218338523, "maxNu": 1.2752847374018, "avgNuWoMax": 0.6713695323878588, "maxConf": "DC"}, "phononFrequencies": {"cutoffs": [30, 35, 40, 45, 50, 55, 60, 65, 70, 75, 80, 90, 100, 120, 150, 200], "values": [0.0665474733380949, 0.1753296962551413, 0.2204541520436043, 0.020492367397096214, 0.015439420292764912, 0.0640338397693634, 0.040042560921470106, 0.018999775747279287, 0.03764385473964653, 0.029713641523548173, 0.02210776038064729, 0.14275178256239035, 0.01026069813507693, 0.055039745881172726, 0.06526625313970373, 0.0], "error": [0.03874774149766018, 0.12440250499142982, 0.15909312503982564, 0.00969535804950632, 0.008400932195494853, 0.046838049844286314, 0.02928299063052959, 0.01389764894603435, 0.027500534654536474, 0.02170381777153432, 0.016155009871695145, 0.1042286508671795, 0.007490265792480378, 0.04020640703931321, 0.04766965961017998, 0.0], "ref": 155.016098}, "pressure": {"cutoffs": [30, 35, 40, 45, 50, 55, 60, 65, 70, 75, 80, 90, 100, 120, 150, 200], "values": [189.94768096685058, 9.899997598311773, 2.2327827443307404, 0.1690640955822588, 0.2886239068625048, 0.5157366351786828, 0.47743132799700017, 0.272073312037723, 0.09576976787938046, 0.02911844670764088, 0.032219644922402306, 0.08801811791025897, 0.037320855487566994, 0.01307187583396821, 0.005915264159415755, 1.6784858098291194e-13]}, "cohesiveEnergy": {"cutoffs": [30, 35, 40, 45, 50, 55, 60, 65, 70, 75, 80, 90, 100, 120, 150, 200], "values": [5.81406232957263, 2.0200554259771044, 0.24363704468123074, 0.18937762328957616, 0.23355544814800344, 0.17734056589007804, 0.10069361324621912, 0.046526868138310466, 0.03192565885500267, 0.029192157676029527, 0.025613079984313683, 0.011709822247229218, 0.006928173579270956, 0.003952101156358707, 0.0008123915617094838, -0.0], "ref": -5.945470272738}, "eos": {"cutoffs": [30, 35, 40, 45, 50, 55, 60, 65, 70, 75, 80, 90, 100, 120, 150, 200], "values": [11.577782470529481, 5.0223334053045345, 3.1696752573450517, 0.7839597676492063, 0.6457483600954944, 0.3871668008030082, 0.4064502036767992, 0.29986879687128243, 0.09261346332870127, 0.09773414634051153, 0.09650341705035702, 0.06409504987477688, 0.019842468423746613, 0.017012869395154687, 0.0032521876919052806, 0.0]}, "bands": {"cutoffs": [30, 35, 40, 45, 50, 55, 60, 65, 70, 75, 80, 90, 100, 120, 150, 200], "etaC": [174.16196092499695, 90.09497301736539, 28.77805640321251, 8.810329824101629, 6.905709971379279, 6.031710982009262, 3.678592371923823, 1.7309648551150363, 0.8675370997703782, 0.7150595223031522, 0.704797322920587, 0.4880070364439725, 0.1402145586382244, 0.12131445920483679, 0.06005431503363661, 0.0], "maxDiffC": [764.727816751498, 502.4412513105303, 152.447560838929, 48.65154873237503, 27.811980182696374, 27.10540762747732, 15.17508671614587, 6.68640656385449, 4.425079068993483, 3.062785768332674, 3.0244110279523397, 1.7078490644584292, 0.6023417085379776, 0.41973801840396163, 0.15552157363973151, 0.0]}}}]}