{"conff": "FCC", "pseudos": [{"name": "PSL-US-v1-low", "Z": 11, "color": "#fa0000", "quantities": {"metadata": {"avgNu": 9.51644851089264, "maxNu": 35.430742326445, "avgNuWoMax": 6.637082531386822, "maxConf": "DC"}, "phononFrequencies": {"cutoffs": [30, 35, 40, 45, 50, 55, 60, 65, 75, 80, 90, 100, 120, 150, 200], "values": [0.0008717179093827704, 0.004066880543966301, 0.003711937614047788, 0.006780881025707551, 0.003568298354338248, 0.0013756844492824514, 0.0022480777046965978, 0.0017918654753474575, 0.0012046966754501833, 0.0005994645051098484, 0.0011759887885704147, 0.0005682649769842073, 0.00043593130049152985, 0.0002369335652790619, 0.0], "error": [0.00044587401589240845, 0.0003928920739655825, 0.0004436035073548815, 0.000327618097314482, 0.0007538282864989563, 6.949478371285635e-05, 0.00012743717681978862, 3.299668087759062e-05, 0.0001610528304609425, 4.6411414491156024e-05, 3.953488346170454e-05, 3.508682955911946e-05, 1.2242960805233533e-06, 3.0431471162875378e-05, 0.0], "ref": 77.059519}, "pressure": {"cutoffs": [30, 35, 40, 45, 50, 55, 60, 65, 70, 75, 80, 90, 100, 120, 150, 200], "values": [0.7566059684844686, 0.11330072791301005, 0.41225821948038593, 0.4882257076331277, 0.2842812057296118, 0.0796076005466616, 0.01413279256352778, 0.01943477900882653, 0.053395811364634255, 0.07464637351131401, 0.06685227229110251, 0.012719131257705069, 0.0014128973274635422, 0.019081276075684904, 0.0038856718181474056, 1.2888561808729874e-13]}, "cohesiveEnergy": {"cutoffs": [30, 35, 40, 45, 50, 55, 60, 65, 70, 75, 80, 90, 100, 120, 150, 200], "values": [-0.022675962604088353, 0.011929524112653276, 0.014896501194367525, 0.003040918279690674, 0.025257815624210186, 0.01541718766998466, 0.0052623012236925, 0.015984086336531738, 0.010385957826632352, 0.0006993804136820297, 0.006999967737446912, 0.0004436589087781569, 0.004932635959698166, 0.0025109916715599333, 8.934578246144966e-05, -0.0], "ref": -4.416037323238}, "eos": {"cutoffs": [30, 35, 40, 45, 50, 55, 60, 65, 70, 75, 80, 90, 100, 120, 150, 200], "values": [3.4056479812310396, 0.36124364976839174, 1.070312133505697, 0.4361836587684225, 0.1773843644808543, 0.2318116479651327, 0.04018266003854992, 0.049195836747757155, 0.010633299686659405, 0.0199678027837394, 0.030213512996307965, 0.0029354267360145497, 0.006164063573619624, 0.01328778631641391, 0.007186881082076806, 0.0]}, "bands": {"cutoffs": [30, 35, 40, 45, 50, 55, 60, 65, 70, 75, 80, 90, 100, 120, 150, 200], "etaC": [1.1601483925453988, 1.6924484027149629, 1.3830529169380321, 0.8147334754884927, 0.4611967689373131, 0.3757693773801846, 0.4009772175660623, 0.4351924784810001, 0.37386419960348644, 0.3159223273415848, 0.22465743272116492, 0.11258008569054165, 0.12550960251958318, 0.05510634972420376, 0.016253446551786083, 0.0], "maxDiffC": [2.788191541156607, 3.3924585147568966, 2.3622040599052667, 1.4082451896208, 0.7922503708212218, 0.9062158783660833, 1.0279067525613073, 1.0470687963160117, 0.8272382258593324, 0.6972334456077647, 0.4684381235007322, 0.21367384405687062, 0.24277090470400253, 0.11657104908380234, 0.02834252919114988, 0.0]}}}, {"name": "PSL-US-v1-high", "Z": 32, "color": "#ff0000", "quantities": {"metadata": {"avgNu": 8.41427920408146, "maxNu": 34.715435661414, "avgNuWoMax": 5.491928486600067, "maxConf": "X2O"}, "phononFrequencies": {"cutoffs": [30, 35, 40, 45, 50, 55, 60, 65, 70, 75, 80, 90, 100, 120, 150, 200], "values": [33.99493404987258, 34.653988148223505, 31.53127125237329, 21.927554087043372, 22.94208635220909, 23.61598639308732, 10.226476379213693, 7.628912964537576, 7.105587572924711, 2.0467901816324865, 1.7323147732995154, 0.35214484252574013, 0.6522322824709712, 1.659824523068013, 0.06314817795849866, 0.0], "error": [7.18559743353331, 7.662738345894802, 6.179047668026666, 4.387575096549394, 12.85061061191302, 13.370436827273885, 1.9479579118211916, 1.5794217972050602, 4.885265591745539, 0.4504715904446801, 0.3757409448693536, 0.07834653638078487, 0.1465824169467873, 0.3729426193483636, 0.014188933004959367, 0.0], "ref": 79.828548}, "pressure": {"cutoffs": [30, 35, 40, 45, 50, 55, 60, 65, 70, 75, 80, 90, 100, 120, 150, 200], "values": [83.4477387569266, 82.4484327836407, 81.16738703027572, 79.57394019538023, 77.77954717846998, 75.78763476340245, 73.52060619161705, 70.82028262125424, 67.52406433182797, 63.50541597017312, 58.69235766724403, 46.676581940823475, 4.855679941618474, 38.45666617785759, 4.54812990213955, 4.689312189226379e-13]}, "cohesiveEnergy": {"cutoffs": [30, 35, 40, 45, 50, 55, 60, 65, 70, 75, 80, 90, 100, 120, 150, 200], "values": [445.5334948856467, 1216.8942343097929, 266.91750203488954, 76.25855527799338, -35.18035129231023, 17.98331876261695, -8.493207523259445, -6.632141606087082, 0.5930468581021576, 5.526654841634511, -1.3003526328358126, -0.7109867834385962, 0.6370999700499957, 0.4826060574954495, 0.045696702285970406, -0.0], "ref": -1.5893311912423}, "eos": {"cutoffs": [30, 40, 45, 50, 55, 60, 65, 70, 80, 90, 100, 120, 150, 200], "values": [214.55144475876753, 198.8393263633972, 165.75304331754603, 129.16345559517882, 231.98827953682877, 203.99341659759847, 151.5378060427386, 218.91426938086383, 37.95625489610155, 38.07086126548674, 8.35861510079099, 8.771882651065027, 0.2653569507668227, 0.0]}, "bands": {"cutoffs": [30, 35, 40, 45, 50, 55, 60, 65, 70, 75, 80, 90, 100, 120, 150, 200], "etaC": [28683.253077979716, 21580.945656980115, 13806.553014416224, 7934.189375257035, 4294.054282297624, 2268.529370045643, 1231.8566353636174, 724.2911302332662, 439.37798159915457, 263.3720694409699, 146.8439409293512, 19.35194869940676, 23.841686688837104, 18.627457966630725, 1.0810910689561932, 0.0], "maxDiffC": [56443.834276349524, 44567.43545344001, 27676.89891937417, 16424.696203612497, 8676.674631776648, 4673.492749532877, 2630.803038102711, 1533.859484403898, 891.8542705447799, 562.7939584004946, 288.78442235816215, 38.68869244147072, 47.71480503962016, 39.44546606319403, 2.778499619730951, 0.0]}}}, {"name": "PSL-PAW-v1-low", "Z": 11, "color": "#008c00", "quantities": {"metadata": {"avgNu": 9.532136877563351, "maxNu": 35.466391479308, "avgNuWoMax": 6.650553032925057, "maxConf": "DC"}, "pressure": {"cutoffs": [30, 35, 40, 45, 50, 55, 60, 65, 70, 75, 80, 90, 100, 120, 150, 200], "values": [0.7594713729862671, 0.11719802797197111, 0.41978074925917186, 0.48963598383324125, 0.2842632790717081, 0.07960279960750259, 0.01448536018390886, 0.01943362262934576, 0.0512687376786459, 0.07464187674106866, 0.06684825203673013, 0.010598169154790588, 0.0007063962021487097, 0.020140602169927198, 0.00565176316957938, 3.516137318198016e-14]}, "cohesiveEnergy": {"cutoffs": [30, 35, 40, 45, 50, 55, 60, 65, 70, 75, 80, 90, 100, 120, 150, 200], "values": [-0.0221996102976748, 0.01243646381331405, 0.015282253789116823, 0.0032769700196579317, 0.02537494690746083, 0.01548552332522504, 0.005318913301996784, 0.016039897857471678, 0.010437637169255012, 0.0007422465268949865, 0.007031314230907781, 0.000465058560172938, 0.0049493314462904356, 0.0025254833131458663, 9.855721781359829e-05, -0.0], "ref": -4.417637080338}, "eos": {"cutoffs": [30, 35, 40, 45, 50, 55, 60, 65, 70, 75, 80, 90, 100, 120, 150, 200], "values": [3.397191504245083, 0.3568201565564375, 1.0862636188616734, 0.4438940547652974, 0.17640122193678714, 0.22462191184286354, 0.04153818534447508, 0.04748587536034423, 0.007966064970758045, 0.02787103628908022, 0.02666816972830907, 0.007077800198632802, 0.0015808845395492775, 0.009822698714577081, 0.00875602016576644, 0.0]}, "bands": {"cutoffs": [30, 35, 40, 45, 50, 55, 60, 65, 70, 75, 80, 90, 100, 120, 150, 200], "etaC": [0.9065101025036555, 1.3021819619532076, 1.0665879016395197, 0.6538218651820832, 0.3781914567786954, 0.3231825622463152, 0.3528606423929883, 0.3944327050168499, 0.36090186577657873, 0.28547676209647377, 0.20403468357106502, 0.12402961776223888, 0.12604285667972281, 0.036485066598911445, 0.03135863548809001, 0.0],