{"conff": "FCC", "pseudos": [{"name": "PSL-US-v1-low", "Z": 11, "color": "#fa0000", "quantities": {"metadata": {"avgNu": 20.40423135171546, "maxNu": 48.795919133448, "avgNuWoMax": 15.672283388093371, "maxConf": "FCC"}, "phononFrequencies": {"cutoffs": [30, 35, 40, 45, 50, 55, 60, 65, 70, 75, 80, 90, 100, 120, 150, 200], "values": [0.017560685048899793, 0.01933395640917684, 0.009673592076064054, 0.0013849964680558526, 0.004607785843523687, 0.00371126926679666, 0.00011967068413920853, 0.0005966892195234174, 0.0007439077315699901, 0.0003839228583784591, 0.00041828336192288715, 0.0004865614354048545, 1.66926264547421e-05, 0.00029853486822606395, 0.00017367774049035614, 0.0], "error": [0.003783168165120282, 0.004152418024746803, 0.002154419463203487, 0.0003099101919375336, 0.0010055764359078925, 0.0008165251461572905, 1.58596764324507e-05, 0.0001097299789139804, 0.00016508081571960044, 8.027945575860885e-05, 9.387310498634824e-05, 0.00010471173945243061, 3.7171909577983496e-06, 6.496882117328903e-05, 3.826840337774881e-05, 0.0], "ref": 167.0328}, "pressure": {"cutoffs": [30, 35, 40, 45, 50, 55, 60, 65, 70, 75, 80, 90, 100, 120, 150, 200], "values": [0.16418750152264602, 0.7597272334997501, 0.704533374504876, 0.4626491291690253, 0.11670462606958017, 0.04721732024472726, 0.13827433759752447, 0.17715617863380406, 0.1376577501340162, 0.07055887644738487, 0.025128366822380396, 0.04230663930595874, 0.06134197969262282, 0.009189788763301837, 0.00490071610667592, 1.7619386361441614e-13]}, "cohesiveEnergy": {"cutoffs": [30, 35, 40, 45, 50, 55, 60, 65, 70, 75, 80, 90, 100, 120, 150, 200], "values": [-0.1651718717637409, -0.11236411862897905, -0.026624918090474684, -0.010292160880847445, 0.004282642847827981, 0.0008323508920477089, 0.000369551639785435, 0.00638251959887836, 0.002348542808229816, -0.003982167261184845, -0.0020204412202909565, 1.0361274838822195e-05, 6.561981903227025e-05, -0.0002901153576349995, 0.00017613835182956274, -0.0], "ref": -3.9394032749153}, "eos": {"cutoffs": [30, 35, 40, 45, 50, 55, 60, 65, 70, 75, 80, 90, 100, 120, 150, 200], "values": [28.463083804266837, 4.709745670120027, 7.274415317133301, 2.020991422422043, 1.4768679886635752, 1.3091619954876135, 0.837590240082777, 0.5969578871799803, 0.23528740542724189, 0.17525134419197824, 0.18416596352911757, 0.01548597898575653, 0.5025578995696962, 0.17373329866483686, 0.011519378577314705, 0.0]}, "bands": {"cutoffs": [30, 35, 40, 45, 50, 55, 60, 65, 70, 75, 80, 90, 100, 120, 150, 200], "etaC": [1.4296608999027502, 0.6388156046844022, 0.29762203304210494, 0.22971743536181954, 0.18765026120932976, 0.17638223393356378, 0.18131614810892527, 0.15326491769140924, 0.11762403212132885, 0.08936942286194136, 0.07971734705353248, 0.07850694910074021, 0.054728309487359086, 0.034852881358371106, 0.011962051404973117, 0.0], "maxDiffC": [4.615344157281896, 2.7869932153823527, 1.099598462062687, 0.6156502130103547, 0.46646598489422786, 0.4814959594525021, 0.5329953271952377, 0.426217408968796, 0.3460807686209364, 0.23763602536567419, 0.23027074105078782, 0.18874006198495863, 0.1264429732671033, 0.08068432851260354, 0.02587596414116433, 0.0]}}}, {"name": "PSL-US-v1-high", "Z": 24, "color": "#ff0000", "quantities": {"metadata": {"avgNu": 0.18053182104054188, "maxNu": 0.68661923713286, "avgNuWoMax": 0.1242998859191732, "maxConf": "FCC"}, "phononFrequencies": {"cutoffs": [30, 35, 40, 45, 50, 55, 60, 65, 70, 75, 80, 90, 100, 120, 150, 200], "values": [4.2123545263105635, 3.82475908984417, 6.172262270924148, 7.829510159754767, 5.767958894637554, 4.196208894393911, 1.670396339969387, 2.1810122862032824, 0.42971858653875317, 0.18877650170911003, 0.23910228114448973, 0.03835676348034938, 0.02601862924352765, 0.06854417837802013, 0.0013449409258897425, 0.0], "error": [0.029437273814640896, 0.6848134050146943, 1.3832268154987855, 1.2820305029940045, 1.0276699590782492, 0.9429777968079316, 0.3602931484322056, 0.43265181010209686, 0.04926828490932256, 0.03515810576409459, 0.04585336083683833, 0.008466548308811966, 0.005810939220609261, 0.014511569377722897, 0.00023678426925818766, 0.0], "ref": 125.548356}, "pressure": {"cutoffs": [30, 35, 40, 45, 50, 55, 60, 65, 70, 75, 80, 90, 100, 120, 150, 200], "values": [112.74795214268292, 115.79404924309576, 119.52287471820755, 124.14983603807843, 129.70407231439464, 136.74052182630754, 145.20935248179268, 156.18443007980892, 168.94575674379522, 180.21924012063909, 187.46060067094766, 25.847839410035924, 16.826578527280855, 2.4123303559644675, 1.2003084121265024, 0.0]}, "cohesiveEnergy": {"cutoffs": [30, 35, 40, 45, 50, 55, 60, 65, 70, 75, 80, 90, 100, 120, 150, 200], "values": [136.9203132104203, 219.56091407676675, 135.19786645896448, 72.87069721695948, 32.22965236131019, 21.351865560433048, 5.400581256090302, 3.1174377776044153, 1.6333554291065506, 0.4798353915085844, 0.22739980961492332, 0.28234192700143773, 0.28237389375214733, 0.08675193872854921, 0.0387146373925232, -0.0], "ref": -4.6818217898372}, "eos": {"cutoffs": [30, 35, 40, 45, 50, 60, 65, 70, 75, 80, 90, 100, 120, 150, 200], "values": [109.45291952186373, 104.52465862316032, 115.75036429577506, 90.73570334591265, 350.6792987410521, 97.10090371684727, 73.51706673886767, 52.46931679462311, 22.519826443905053, 3.605709566861041, 1.0065945883232361, 1.2855801120177062, 1.365697223130584, 0.05496272303717743, 0.0]}, "bands": {"cutoffs": [30, 35, 40, 45, 50, 55, 60, 65, 70, 75, 80, 90, 100, 120, 150, 200], "etaC": [6221.423336785499, 6080.226529659346, 4817.791356818272, 3222.31921387612, 1905.0666759769567, 1026.7298054041582, 533.9852541323097, 239.13253781884893, 91.5241624568961, 27.220476402479832, 5.0054991339494075, 4.991537054867317, 4.850331861733764, 1.9419535059609947, 0.5099413983369234, 0.0], "maxDiffC": [16843.223050013454, 12974.351764448522, 9625.820069001129, 6468.363966724302, 3679.460382366921, 1888.206382074962, 984.7610199426351, 434.2969492247878, 164.19772536581218, 47.58993532389376, 13.975751828593955, 13.354603174528735, 8.09350900398226, 3.3604094086439034, 1.2442273388340936, 0.0]}}}, {"name": "PSL-PAW-v1-low", "Z": 11, "color": "#008c00", "quantities": {"metadata": {"avgNu": 20.308524249743943, "maxNu": 48.550349532582, "avgNuWoMax": 15.601553369270931, "maxConf": "FCC"}, "phononFrequencies": {"cutoffs": [30, 35, 40, 45, 50, 55, 60, 65, 70, 75, 80, 90, 100, 120, 150, 200], "values": [0.018633371215346705, 0.020290512438455272, 0.008809560692310776, 0.002078516757466277, 0.005234340665205071, 0.003015175950566463, 0.0005276240547170463, 0.0012427624884560307, 3.334595485655131e-05, 0.0003709903790412459, 0.0003301907057962098, 0.0003362655130304381, 0.0007873686486431597, 0.001056581036101167, 0.0009161605865955263, 0.0], "error": [0.004039812530661525, 0.004368859095125719, 0.0019608515010033443, 0.0004648597049606686, 0.001146153181143323, 0.000660001896328033, 0.00011178983220329808, 0.0002622480248059662, 3.860826790954175e-06, 8.231351215409212e-05, 7.294616829037095e-05, 7.404894742718798e-05, 0.00017627938727506054, 0.0002352069732005932, 0.0002046588370996404, 0.0], "ref": 166.867459}, "pressure": {"cutoffs": [30, 35, 40, 45, 50, 55, 60, 65, 70, 75, 80, 90, 100, 120, 150, 200], "values": [0.16257442110209736, 0.7548700869254452, 0.7000348681894695, 0.4594511358754386, 0.11422593339202043, 0.04376401538325388, 0.13466736960911332, 0.17250594442143904, 0.13218855114361225, 0.06598940615718014, 0.020329583008470625, 0.03697765171993942, 0.05610852655136721, 0.003694812004272668, 0.0006157382727827607, 0.0]}, "cohesiveEnergy": {"cutoffs": [30, 35, 40, 45, 50, 55, 60, 65, 70, 75, 80, 90, 100, 120, 150, 200], "values": [-0.16055092114731503, -0.10881585583661858, -0.024606875751509633, -0.009138022243323139, 0.005139065195095349, 0.00162232067309973, 0.0010333263154239827, 0.006864715463089875, 0.0026969785758538057, -0.0037027397952992826, -0.001780758450262194, 0.00020666648838288322, 0.00019633505924223146, -0.0001377741594022199, 0.00019633395546032553, -0.0], "ref": -3.9500769399392},