{"conff": "FCC", "pseudos": [{"name": "PSL-US-v1-high", "Z": 13, "color": "#ff0000", "quantities": {"metadata": {"avgNu": 0.2314188039307133, "maxNu": 0.4010035275045, "avgNuWoMax": 0.21257605686695918, "maxConf": "XO"}, "phononFrequencies": {"cutoffs": [30, 35, 40, 45, 50, 55, 60, 65, 70, 75, 80, 90, 100, 120, 150, 200], "values": [1.148402569199434, 0.5094071049932599, 0.3115649417903397, 0.1169708459300018, 0.21996366933461767, 1.140158144533682, 0.264515616794573, 0.014850333664152343, 0.03970395303127393, 0.012906827611307351, 0.0032183397755474194, 0.0004781383648855065, 0.0008783720803773714, 0.0016525056121380359, 0.001911172698164765, 0.0], "error": [0.25081629254896454, 0.0995747810873191, 0.06778690077108024, 0.049995138241697004, 0.030960460493719894, 0.2548549245014069, 0.05394686133403104, 0.006600408502855265, 0.008344059718845442, 0.0028010371459229293, 0.0006028006656306445, 0.0002977244651561254, 0.00019156966652196094, 0.0003654708341281113, 0.0004237320841198359, 0.0], "ref": 150.422208}, "pressure": {"cutoffs": [30, 35, 40, 45, 50, 55, 60, 65, 70, 75, 80, 90, 100, 120, 150, 200], "values": [9.89281748956667, 0.7873514173711993, 27.237519125747134, 182.69021129317423, 182.32512412971172, 184.6027485170861, 29.640368154960516, 12.403201499995482, 5.552833649783038, 2.1639286712101207, 0.688019948998384, 0.007342517672071309, 0.1612373259679607, 0.18499532397905202, 0.0067282697120531615, 0.0]}, "cohesiveEnergy": {"cutoffs": [30, 35, 40, 45, 50, 55, 60, 65, 70, 75, 80, 90, 100, 120, 150, 200], "values": [2.1891193759336884, 6.6112082494862205, 13.76965203491967, 15.525276157582887, 10.798279417726642, 6.145497268999271, 3.395036396700516, 1.6139071513252272, 0.6938199067473255, 0.32254716392666866, 0.15702809771533482, 0.11143789190726941, 0.10227505995126858, 0.03397514410432788, 0.010856191747287813, -0.0], "ref": -8.4445034560874}, "eos": {"cutoffs": [30, 35, 45, 50, 55, 60, 65, 70, 75, 80, 90, 100, 120, 150, 200], "values": [12.69447072961597, 10.785285854647432, 3.565987289878053, 4.093968305730266, 4.873055605706841, 2.2004410053742873, 0.6793985826902171, 0.9375681078221544, 0.13212298621362778, 0.11543766170245566, 0.026835223113685875, 0.03344741400096578, 0.009551349839209565, 0.0026183592998543434, 0.0]}, "bands": {"cutoffs": [30, 35, 40, 45, 50, 55, 60, 65, 70, 75, 80, 90, 100, 120, 150, 200], "etaC": [2823.525168166063, 2020.96648919796, 1284.0819515851715, 783.3947897476828, 450.17936042696147, 236.40912504091517, 120.54868465804061, 57.13846024624892, 24.201270116533987, 10.530352015017549, 5.343783782501646, 3.8720437293834915, 3.552735739261411, 1.1519364662738691, 0.36082216427650005, 0.0], "maxDiffC": [5665.106576725463, 3940.9520739020377, 2426.2031235150953, 1473.0041299966867, 1196.7695163955145, 471.1766706276058, 236.83606371585066, 168.14431775464436, 48.09950550322258, 19.984038131144413, 9.814881786814254, 7.183740425890846, 6.805255893099627, 2.054060317457299, 0.6763691847663721, 0.0]}}}, {"name": "PSL-PAW-v1-high", "Z": 13, "color": "#008b00", "quantities": {"metadata": {"avgNu": 0.281182545680957, "maxNu": 0.43116274479497, "avgNuWoMax": 0.2645180791127333, "maxConf": "XO"}, "phononFrequencies": {"cutoffs": [30, 35, 40, 45, 50, 55, 60, 65, 70, 75, 80, 90, 100, 120, 150, 200], "values": [1.1376360640499796, 0.49209775802291916, 0.2902347505640058, 0.12652293418684668, 0.23103738730233003, 1.1579694881004245, 0.2677902102917295, 0.015557744235180103, 0.03972101948695609, 0.017351086613177226, 0.0036652395562052024, 0.001820085854608177, 0.002361580928049002, 0.0009350530249321526, 0.00014042067674278932, 0.0], "error": [0.24804548999914666, 0.09458035683342753, 0.06267729191490296, 0.04377577759071302, 0.03355381666140839, 0.2587920444667704, 0.05464509054528921, 0.006293832644011503, 0.008332583046169066, 0.0037826440916821115, 0.000726546162478134, 0.0002756527099100363, 0.0003731787878362789, 0.0001869516522185169, 2.9805631803290475e-05, 0.0], "ref": 150.203485}, "pressure": {"cutoffs": [30, 35, 40, 45, 50, 55, 60, 65, 70, 75, 80, 90, 100, 120, 150, 200], "values": [10.037004937263108, 0.7181905573028418, 29.895475253058386, 182.3102946808942, 182.02731464731298, 184.37921792397628, 30.858368384539574, 12.663874313164413, 5.647352475685563, 2.189096395285142, 0.6977747798719763, 0.0033722657742541826, 0.1601963717385008, 0.18663426323531923, 0.009500597311211693, 0.0]}, "cohesiveEnergy": {"cutoffs": [30, 35, 40, 45, 50, 55, 60, 65, 70, 75, 80, 90, 100, 120, 150, 200], "values": [2.186307161865759, 6.6320322373191365, 13.924600608135973, 15.371859393916157, 10.570661825355145, 5.9569609599738955, 3.2879280180962263, 1.5602153987830905, 0.6700645392756993, 0.3134640429418218, 0.15324567112434173, 0.10829313676328561, 0.0989419908803237, 0.03333732842205339, 0.010716020206430693, -0.0], "ref": -8.4432241137183}, "eos": {"cutoffs": [30, 35, 45, 50, 55, 60, 65, 70, 75, 80, 90, 100, 120, 150, 200], "values": [12.810507864904864, 10.898341899661327, 3.591250413185984, 4.268201935244981, 3.7389176705971665, 2.2349115691233643, 0.6885687402389639, 0.9738466751194987, 0.13532787337494204, 0.11719772398194717, 0.02714018579406433, 0.03378449415373941, 0.009616740772717002, 0.002625122698199639, 0.0]}, "bands": {"cutoffs": [30, 35, 40, 45, 50, 55, 60, 65, 70, 75, 80, 90, 100, 120, 150, 200], "etaC": [2860.7678738180607, 2046.5416024884, 1298.248632089935, 789.2035200165205, 452.0747685250538, 236.93113514923962, 120.65173833791862, 57.15042934164549, 24.24739059149803, 10.618411505990766, 5.405202992139307, 3.9181790340378315, 3.5757205970688237, 1.1758362835772806, 0.3772510093697858, 0.0], "maxDiffC": [5714.08720983818, 3963.671185984965, 2430.6963795288366, 1498.9837781995172, 1196.3476235567525, 480.50737546723343, 241.177520803212, 167.6567590739948, 49.078354431237805, 20.46919099026473, 10.203062876368563, 7.372580706860617, 6.903321587125333, 2.1124933029150275, 0.693974769299416, 0.0]}}}, {"name": "MARBURG", "Z": 13, "color": "#ea388e", "quantities": {"metadata": {"avgNu": 0.1179833932475151, "maxNu": 0.205123381351, "avgNuWoMax": 0.10830117234712788, "maxConf": "XO"}, "pressure": {"cutoffs": [30, 35, 40, 45, 50, 55, 60, 65, 70, 75, 80, 90, 100, 120, 150, 200], "values": [11.432134755699783, 5.864401245743921, 1.5774803057671143, 0.20307380868771807, 0.06895529283745844, 0.17446887107057618, 0.19685185046509168, 0.1314832875470484, 0.051192301849706454, 0.008009388183485542, 0.010166312234326905, 0.04362853196603687, 0.022033570705202725, 0.012477561469515761, 0.003850265467381551, 0.0]}, "cohesiveEnergy": {"cutoffs": [30, 35, 40, 45, 50, 55, 60, 65, 70, 80, 90, 100, 120, 150, 200], "values": [5.2187941534213955, 1.6225197300333025, 0.2685102069388857, 0.15768446324173716, 0.15259808676279554, 0.10732226958348792, 0.055745697858757395, 0.020529007575462308, 0.012754123113870855, 0.013135636206847127, 0.00829765887830428, 0.001287434591475609, 0.0009968408790399408, 0.0008360956241947808, -0.0], "ref": -8.3805346628487}, "eos": {"cutoffs": [30, 35, 40, 45, 50, 55, 60, 65, 70, 75, 80, 90, 100, 120, 150, 200], "values": [30.042699413823044, 0.4429442033669146, 0.16477588632042028, 0.026279711586255257, 0.0312853641886758, 0.011463331762212378, 0.028904742958907423, 0.013815786242082073, 0.011925408519043461, 0.004587416792215881, 0.003862860986533172, 0.006658630623825092, 0.00519897100324764, 0.0018787153801246548, 0.0006685334494395079, 0.0]}, "bands": {"cutoffs": [30, 35, 40, 45, 50, 55, 60, 65, 70, 75, 80, 90, 100, 120, 150, 200], "etaC": [155.97385709439754, 49.04729743428278, 8.939327860659702, 4.876569832325585, 4.82375925103034, 3.294775042914953, 1.7383145235628747, 0.7688967634108148, 0.4033942285292324, 0.34651888796448416, 0.3360953837523709, 0.2022511266271841, 0.07657906024514483, 0.048658167334815365, 0.028909988140061512, 0.0],