{"conff": "FCC", "pseudos": [{"name": "PSL-US-v1-low", "Z": 11, "color": "#fa0000", "quantities": {"metadata": {"avg_nu": 22.148267258501214, "max_nu": 49.661208977188, "avg_nu_wo_max": 18.21784701297453, "max_conf": "FCC"}, "phonon_frequencies": {"cutoffs": [30, 35, 40, 45, 50, 55, 60, 65, 70, 75, 80, 90, 100, 120, 150, 200], "values": [0.003950311826250657, 0.007407428919036648, 0.008079548699879301, 0.001544864154051907, 0.007405964643657698, 0.0011088535003488426, 0.0006036911527055401, 0.0007142102864674778, 0.0015771962581603593, 0.001081034991942218, 0.0009722205646801814, 0.0004692933143021403, 0.00032733024270910544, 0.00020939875916600414, 0.00016067055292901414, 0.0], "error": [0.0019871260499384653, 0.0016213742120588254, 0.0018008310869455715, 0.000342073882369158, 0.0016242360899089581, 0.00024254073914143867, 0.00013566967127432252, 0.0001392007225054908, 0.0003523977703501608, 0.00023920435912773625, 0.00021827469031378418, 0.00010544158525832196, 7.349049934221808e-05, 4.706129429816978e-05, 3.467350913853321e-05, 0.0], "ref": 165.003158}, "pressure": {"cutoffs": [30, 35, 40, 45, 50, 55, 60, 65, 70, 75, 80, 90, 100, 120, 150, 200], "values": [0.10704980399532193, 0.8146668564421148, 0.7685403322363435, 0.4172298222050807, 0.04505404896269798, 0.005770785312117888, 0.13893642112310423, 0.1807963855225878, 0.12442111295153903, 0.04736710889819707, 0.0063479506846873274, 0.0404286898117855, 0.056621885646018735, 0.007502328813425229, 0.003462281731385848, 6.028810770534102e-14]}, "cohesive_energy": {"cutoffs": [30, 35, 40, 45, 50, 55, 60, 65, 70, 75, 80, 90, 100, 120, 150, 200], "values": [-0.11382440887209802, -0.10306486913928545, -0.03356906347145755, -0.0057721343144157755, 0.013929854110352195, 0.005859329054003072, 0.0008196089241051308, 0.007491570403398866, 0.004265451676847526, -0.0016601429484153268, 0.0011335008818913295, 0.0018240663450989603, 0.0016217789736023358, 0.0007149782680869955, 0.0009591173139481907, -0.0], "ref": -3.9010556327069}, "eos": {"cutoffs": [30, 35, 40, 45, 50, 55, 60, 65, 70, 75, 80, 90, 100, 120, 150, 200], "values": [9.589409797965054, 8.72383869589893, 10.327948236083724, 1.5754791127183814, 0.5111506900828678, 0.45349499569583307, 0.056477305565087094, 0.7759921106878547, 0.4512812235429137, 0.20429263720925595, 0.09528112286929916, 0.014091664782374398, 0.02318618718878332, 0.024579940653859534, 0.10139569133189061, 0.0]}, "bands": {"cutoffs": [30, 35, 40, 45, 50, 55, 60, 65, 70, 75, 80, 90, 100, 120, 150, 200], "eta_c": [0.9756048233141856, 0.6498945346360412, 0.28076305590180894, 0.1687831861560859, 0.2624564445036166, 0.26671068843232854, 0.19259906272207244, 0.12308790185203568, 0.08286863894213142, 0.06890387566491248, 0.06941106674873385, 0.06111707469118678, 0.04661621438867922, 0.03139368279769976, 0.009962753826242296, 0.0], "max_diff_c": [3.4344538995967753, 2.491188330573067, 1.009072533106746, 0.5194024114401827, 0.7391442154342371, 0.6752580559235071, 0.5270215963305986, 0.3721265723000897, 0.2327982581376773, 0.1735791834092879, 0.16030534246732486, 0.14008026537985074, 0.10881841775548651, 0.05641600196071295, 0.020879909229165605, 0.0]}}}, {"name": "PSL-US-v1-high", "Z": 25, "color": "#ff0000", "quantities": {"metadata": {"avg_nu": 0.26551095096919997, "max_nu": 1.1291925382393, "avg_nu_wo_max": 0.16954633016141107, "max_conf": "FCC"}, "phonon_frequencies": {"cutoffs": [30, 35, 40, 45, 50, 55, 60, 65, 70, 75, 80, 90, 100, 120, 150, 200], "values": [27.07324733756519, 47.449123063471596, 37.38042689995723, 17.0191160790487, 15.66398257452708, 2.7096075629721557, 12.962968808432233, 2.528074577132892, 6.838898927200817, 2.893038766739038, 0.6954418253198447, 0.3976608592777057, 0.3939653216821524, 0.13813595566808679, 0.282759348380106, 0.0], "error": [5.6388525691728155, 18.128006023172183, 8.129522502271946, 3.731984588807574, 10.260989870069528, 0.2712848430429178, 2.776004385372808, 0.5676768965512018, 1.522162211097375, 0.6501641834716314, 0.15275160257551312, 0.0893491559462477, 0.08838318156042102, 0.03072995587227978, 0.06353358640017254, 0.0], "ref": 103.792939}, "pressure": {"cutoffs": [30, 35, 40, 45, 50, 55, 60, 65, 70, 75, 80, 90, 100, 120, 150, 200], "values": [111.74099176574776, 114.5220225072014, 117.93253951086785, 122.1847353811769, 127.24475709310283, 133.81460056190676, 141.57830100279196, 151.80094713517718, 164.44192565119764, 176.15461068054475, 184.49306282579602, 188.16775742975614, 26.166922777638323, 3.8525819796923613, 1.4594652477907888, 0.0]}, "cohesive_energy": {"cutoffs": [30, 35, 40, 45, 50, 55, 60, 65, 70, 75, 80, 90, 100, 120, 150, 200], "values": [142.22010303793053, 307.5666343311238, 158.45654263780995, 65.19880918330216, 18.75335631118329, 17.261079006760845, 0.9346224537915075, 0.5164096160222605, 0.9442383638118638, 0.3209443350236248, 0.30249848025572346, 0.45739128364753234, 0.3629658285816446, 0.08875552962996112, 0.048121596904664325, -0.0], "ref": -4.2065412357588}, "eos": {"cutoffs": [30, 35, 40, 45, 50, 55, 60, 65, 70, 75, 80, 90, 100, 120, 150, 200], "values": [163.37130843468105, 339.0174135957594, 110.91737000276328, 97.57316977216321, 280.20035526063157, 102.05891569117827, 460.7098681802644, 127.78230459925241, 51.0667922880096, 22.65033857188213, 8.86790110659246, 2.2075144545660734, 2.2774869186631137, 2.6453888716594554, 0.27187185874260666, 0.0]}, "bands": {"cutoffs": [30, 35, 40, 45, 50, 55, 60, 65, 70, 75, 80, 90, 100, 120, 150, 200], "eta_c": [7104.674757954707, 7666.058021572205, 5405.472983235699, 3379.437372574925, 1936.2880510535806, 1009.2585625300566, 517.7800052568821, 230.61443583759163, 85.0970670165957, 23.321167336179055, 5.162555486370796, 7.07369969673329, 5.010959208335543, 1.5307228672045343, 0.5663074873909983, 0.0], "max_diff_c": [16367.963661921336, 16106.283935083151, 10968.03972718779, 6733.216854957423, 3657.7820203328706, 1888.2951544769405, 968.6869925161129, 422.3073556598009, 154.96416545160696, 41.78516316426657, 15.537938353289007, 18.108467054367566, 10.954687876016122, 2.9960056475614465, 1.4194645402249648, 0.0]}}}, {"name": "PSL-PAW-v1-low", "Z": 11, "color": "#008c00", "quantities": {"metadata": {"avg_nu": 22.096531264776186, "max_nu": 49.512214820602, "avg_nu_wo_max": 18.180005042515354, "max_conf": "FCC"}, "phonon_frequencies": {"cutoffs": [30, 35, 40, 45, 50, 55, 60, 65, 70, 75, 80, 90, 100, 120, 150, 200], "values": [0.004236393160326024, 0.00747314393475749, 0.00795023527463842, 0.0012878013287819176, 0.007663740205926699, 0.0008241237108248696, 0.00037018349149715624, 0.0009445861594340881, 0.0013290422648180793, 0.0008074310740820258, 0.0007698056494141194, 0.00028239850601270385, 0.00017144236963713584, 1.8120551456037067e-05, 0.00035014839222236455, 0.0], "error": [0.0017449613493078333, 0.0016380296912927427, 0.0017714115274501882, 0.00028356585175883225, 0.0016828846531572452, 0.00017692116929591173, 8.319648260957693e-05, 0.00019547822644049387, 0.0002964879827599906, 0.00017696163652650772, 0.00017260850843449946, 6.332258123018664e-05, 3.8508415659262195e-05, 3.782563494674189e-06, 7.761509115381779e-05, 0.0], "ref": 164.929532}, "pressure": {"cutoffs": [30, 35, 40, 45, 50, 55, 60, 65, 70, 75, 80, 90, 100, 120, 150, 200], "values": [0.1003966692033532, 0.8071348603499333, 0.7590736608329809, 0.4116683019049608, 0.04350092036002214, 0.0045748321072672585, 0.13595082929657418, 0.17684942238250903, 0.12156872162467393, 0.04579292336031918, 0.0057186948122215035, 0.038917659513472265, 0.05496342044530357, 0.006290649370745485, 0.0022872923239777763, 6.043296451777155e-14]}, "cohesive_energy": {"cutoffs": [30, 35, 40, 45, 50, 55, 60, 65, 70, 75, 80, 90, 100, 120, 150, 200],