{"conff": "DC", "pseudos": [{"name": "PSL-US-v1-high", "Z": 16, "color": "#ff0000", "quantities": {"metadata": {"avgNu": 0.2920321476640584, "maxNu": 0.71116519908359, "avgNuWoMax": 0.24546180861744377, "maxConf": "SC"}, "phononFrequencies": {"cutoffs": [30, 35, 40, 45, 50, 55, 60, 65, 70, 75, 80, 90, 100, 120, 150, 200], "values": [0.38282669353379756, 0.04969078409774061, 0.006865501251088031, 0.007728659818383964, 0.00604086635615058, 0.0007433541414508864, 0.0016332587593599446, 0.0007179927552364813, 0.00024197694103150484, 0.000915482794222427, 0.0005473847243379867, 0.0002489587516811015, 0.0008081084881870201, 0.000827557259822298, 0.0012262837049251789, 0.0], "error": [0.16253415181020942, 0.015114042764159258, 0.0017660234079028428, 0.0004133662190211069, 0.0014630468663135833, 0.000619020459616402, 0.0006136233274249836, 0.00044767918588022525, 0.00017502892194942707, 0.0006548426339712495, 0.00014581422779251507, 8.552547960575917e-05, 0.000585166218715105, 0.0005866065435039128, 0.0008512005287113302, 0.0], "ref": 191.494352}, "pressure": {"cutoffs": [30, 35, 40, 45, 50, 55, 60, 65, 70, 75, 80, 90, 100, 120, 150, 200], "values": [178.57659873053922, 14.63204825648385, 0.9767113913670877, 0.04147242758914015, 0.5847807382499387, 0.6493029736719228, 0.3582255957163675, 0.08618640794869405, 0.007236795059179086, 0.04559884320015933, 0.08678698118963672, 0.05285587677064811, 0.0002655094716676571, 0.02191941251547044, 0.007236795059179086, 7.006656914852323e-14]}, "cohesiveEnergy": {"cutoffs": [30, 35, 40, 45, 50, 55, 60, 65, 70, 75, 80, 90, 100, 120, 150, 200], "values": [1.7721677044769166, 0.17333100839570484, 0.04569832272344797, 0.08924557548444534, 0.03996992257725745, -0.006303574175216491, -0.012768024839480387, 0.008566219226626775, 0.009167342051809123, 0.006512887368753903, 0.0029122033452822103, -0.0017852049414836405, -0.0002119060419554413, -0.0013008463514206986, 0.0003866222133315215, -0.0], "ref": -7.8652419471746}, "eos": {"cutoffs": [30, 35, 40, 45, 50, 55, 65, 70, 75, 80, 90, 100, 120, 150, 200], "values": [2.8099054678638518, 0.4382157258992273, 0.05708607644707708, 0.06352184483363085, 0.04446178047655776, 0.00788329028176454, 0.010038547653931704, 0.005305543722586919, 0.0052849624639986215, 0.006613455809126939, 0.00828271962907374, 0.0035339099885260904, 0.0037212810914345968, 0.0010243265254757676, 0.0]}, "bands": {"cutoffs": [30, 35, 40, 45, 50, 55, 60, 65, 70, 75, 80, 90, 100, 120, 150, 200], "etaC": [97.99398649113249, 15.388781742941555, 4.144474340065574, 4.026738917705348, 3.1880222920963432, 1.7835750118840443, 0.8132149276406125, 0.4428251383393344, 0.3882121650443729, 0.368458854248718, 0.30330060962555083, 0.12792377038012298, 0.06374305721856716, 0.03794196315070946, 0.028713111877938322, 0.0], "maxDiffC": [233.9100449981097, 35.045623729503745, 8.540292798746577, 6.327516793322103, 5.421656001711626, 3.346884790125756, 2.1535657463559517, 0.8039060143166239, 0.7337895124489364, 0.6722798758061828, 0.5368642550127447, 0.3073384646719717, 0.10695875193563609, 0.07955927138218044, 0.05311835476747717, 0.0]}}}, {"name": "PSL-PAW-v1-high", "Z": 16, "color": "#008b00", "quantities": {"metadata": {"avgNu": 0.20645412927779572, "maxNu": 0.47943393245125, "avgNuWoMax": 0.1761230400363008, "maxConf": "XO"}, "phononFrequencies": {"cutoffs": [30, 35, 40, 45, 50, 55, 60, 65, 70, 75, 80, 90, 100, 120, 150, 200], "values": [0.3837714313383429, 0.07472938260970236, 0.02365044364207287, 0.022393308421976774, 0.01755820664099439, 0.00856003465697915, 0.005259956282174171, 0.006273783647923259, 0.006488843060184018, 0.006236296446323255, 0.0008769131765436693, 0.0032191174513359873, 0.000800420014952729, 0.001025264765677319, 0.00254065794135528, 0.0], "error": [0.06812846769296244, 0.021733635064454693, 0.005884147324883283, 0.00465578899566978, 0.004253092669948267, 0.0005604264435726987, 0.0008969568913489937, 0.0019307183007656907, 0.0029354009134410263, 0.003300688842629587, 0.0004574229024664555, 0.0017463867995652109, 0.0003617100550692492, 0.0005983914438481177, 0.001637292462120436, 0.0], "ref": 170.795052}, "pressure": {"cutoffs": [30, 35, 40, 45, 50, 55, 60, 65, 70, 75, 80, 90, 100, 120, 150, 200], "values": [178.54018543631202, 14.546287978546282, 0.9630704390892315, 0.03335838961422727, 0.572061742063395, 0.637287531658129, 0.3425726573658462, 0.07058448719772566, 0.0069687823603808785, 0.02876924909512529, 0.08332334727543206, 0.04759954721119809, 0.0003319206346698606, 0.016272014431903955, 0.004380723062436678, 1.4071544280910487e-13]}, "cohesiveEnergy": {"cutoffs": [30, 35, 40, 45, 50, 55, 60, 65, 70, 75, 80, 90, 100, 120, 150, 200], "values": [1.5525471651237606, 0.10591916040306969, 0.0243480346977679, 0.06610975781226144, 0.02135986229896493, -0.013608449687107926, -0.012518144453005519, 0.0022904043317086664, 0.013050752187084033, 0.008854699194354816, -0.00345248488295879, 0.0025878388726045284, -0.0022212390424194046, -0.0019921115182540304, 0.002394160066960717, -0.0], "ref": -7.8679083908773}, "eos": {"cutoffs": [30, 35, 40, 45, 50, 55, 60, 65, 70, 75, 80, 90, 100, 120, 150, 200], "values": [2.8381395630782476, 0.48002607868631336, 0.04490398029607135, 0.053349663569096345, 0.03994824901676572, 0.014953884835107763, 0.013475387746873771, 0.00904669785131679, 0.004916772976010521, 0.0045450868133253665, 0.005463041219021362, 0.007791198749579884, 0.003132606888642624, 0.003471724169334612, 0.0010063146982040414, 0.0]}, "bands": {"cutoffs": [30, 35, 40, 45, 50, 55, 60, 65, 70, 75, 80, 90, 100, 120, 150, 200], "etaC": [94.17209262552795, 14.551031115608591, 3.948018780319859, 3.905288063896877, 3.0746759129276353, 1.7078106039833183, 0.7873806548594083, 0.46799352020717117, 0.4228720599851073, 0.3993237269861846, 0.2959113016062859, 0.1296536918768249, 0.05961354609668785, 0.05278102210680651, 0.04268480849858542, 0.0], "maxDiffC": [225.38455909335164, 33.93144443246791, 8.109317085626515, 6.432934705914192, 5.226207240321401, 3.1545484470273095, 2.0742608146327366, 0.8359897535899564, 0.6962909630748584, 0.7134641518939873, 0.5240996907739657, 0.2748036656718966, 0.15515861268511344, 0.10621452335968229, 0.09337551654138565, 0.0]}}}, {"name": "MARBURG", "Z": 16, "color": "#ea388e", "quantities": {"metadata": {"avgNu": 0.3263609505778984, "maxNu": 0.83741950882104, "avgNuWoMax": 0.2695766663286604, "maxConf": "DC"}, "phononFrequencies": {"cutoffs": [30, 35, 40, 45, 50, 55, 60, 65, 70, 75, 80, 90, 100, 120, 150, 200], "values": [0.11170527736601153, 0.03448884029293705, 0.026862367038331062, 0.012851303997482017, 0.0055968103620706216, 0.003495752301097055, 0.0032739609931505325, 0.007491577619706086, 0.0017878764866318159, 0.0014491156375897344, 0.002815208065645976, 0.0062238635160597406, 0.005395869033018193, 0.0035262899940991994, 0.0015292225790122975, 0.0], "error": [0.04113593758176294, 0.03626320085401288, 0.017513590083790127, 0.00468943767492091, 0.0025271906663436707, 0.001840969288346617, 0.0006145218429094634, 0.00490139086255292, 0.0008296055130770832, 0.0004956912861591939, 0.0018875089040688315, 0.003774019090414597, 0.0035255618719773497, 0.0024305983749810934, 0.0011013823453731937, 0.0], "ref": 172.306534}, "pressure": {"cutoffs": [30, 35, 40, 45, 50, 55, 60, 65, 70, 75, 80, 90, 100, 120, 150, 200], "values": [181.32366143915323, 188.4016686784102, 5.70507025038798, 0.8540302711465102, 0.28619390545381035, 0.43317322796843283, 0.456288229806656, 0.30835427342232374, 0.1218129776170764, 0.01716517939110876, 0.004339690950233377, 0.0689028368247582, 0.041373882356556646, 0.013156136840047293, 0.0012016456203591797, 3.5455068157338294e-14]}, "cohesiveEnergy": {"cutoffs": [30, 35, 40, 45, 50, 55, 60, 65, 70, 75, 80, 90, 100, 120, 150, 200],