{"conff": "FCC", "pseudos": [{"name": "PSL-US-v1-high", "Z": 20, "color": "#ff0000", "quantities": {"metadata": {"avgNu": 2.016042458246546, "maxNu": 9.3839762605313, "avgNuWoMax": 1.1973831468815732, "maxConf": "XO3"}, "phononFrequencies": {"cutoffs": [30, 35, 40, 45, 50, 55, 60, 65, 70, 75, 80, 90, 100, 120, 150, 200], "values": [0.03156038232310533, 0.4503679895371273, 0.055638566521241474, 0.03242420517687072, 0.21021802412096172, 0.1782000648490843, 0.03587659327808714, 0.022120522355319115, 0.17763563819987468, 0.12839928152433688, 0.005822181778424307, 0.0780093170155406, 0.04461342050969933, 0.05727368500369075, 0.03130698768625517, 0.0], "error": [0.0088093684488064, 0.06367178830130626, 0.011833657116148456, 0.007845693822873527, 0.022431979978730893, 0.02185582121254967, 0.0026348298993479485, 0.0029491387061760244, 0.02306883139249341, 0.01740736118793429, 0.0031640297901551206, 0.009833001145663142, 0.006235265182807856, 0.007255081073706635, 0.0036631759912976805, 0.0], "ref": 55.81273}, "pressure": {"cutoffs": [30, 35, 40, 45, 50, 55, 60, 65, 70, 75, 80, 90, 100, 120, 150, 200], "values": [80.75620674632017, 78.53742210394827, 76.23099777299703, 74.05311548429741, 72.52322754367377, 2.995697444091615, 9.092440994109548, 28.844759043391004, 32.71823994979107, 18.257722363975866, 7.830654809771974, 0.43846902540711485, 0.7786694274995519, 1.4818193832050661, 0.21624338293126827, 3.9398978136541627e-14]}, "cohesiveEnergy": {"cutoffs": [30, 35, 40, 45, 50, 55, 60, 65, 70, 75, 80, 90, 100, 120, 150, 200], "values": [-29.510289513110372, -6.153613538289297, -12.39913247767583, -6.279494380858544, -4.5368298954035495, -2.444338020267182, -0.6770322438590576, -0.28532088447708864, -0.4754272743453954, -0.3761752734266356, -0.1119368538346843, -0.12504836365617591, -0.09944970785959871, -0.03724291253006573, -0.008168668604918805, -0.0], "ref": -1.3074909200695}, "eos": {"cutoffs": [30, 40, 45, 50, 55, 60, 65, 70, 75, 80, 90, 100, 120, 150, 200], "values": [3.914577146405814, 5.837551798334494, 3.9091841601460433, 2.859839940534817, 0.824683370292471, 0.29265112916057096, 0.11543468269866328, 0.09198607463370974, 0.11823973512074804, 0.054226863376826015, 0.04795955964403543, 0.03122234134363332, 0.01856148514501827, 0.005914771035300796, 0.0]}, "bands": {"cutoffs": [30, 35, 40, 45, 50, 55, 60, 65, 70, 75, 80, 90, 100, 120, 150, 200], "etaC": [539.8825085079311, 412.65381398600056, 256.18047608900196, 129.55355735705908, 51.48403668893984, 21.670804599607028, 13.84735685909479, 8.026914278269482, 3.3656345555569125, 1.4599540893398126, 1.5303627046242732, 2.6716927464050784, 2.5381536126085416, 0.49118023853109083, 0.21300447005301645, 0.0], "maxDiffC": [1362.639230718118, 959.3384527447304, 627.1554063036328, 368.21647259367893, 173.66131056876023, 79.1788345515624, 22.597184639728333, 13.523437171215162, 6.2238555115834515, 2.957547279945857, 2.682394365334268, 4.386974363335184, 4.333539463439821, 0.8423287510564705, 0.32811696216288055, 0.0]}}}, {"name": "PSL-PAW-v1-high", "Z": 20, "color": "#008b00", "quantities": {"metadata": {"avgNu": 1.9451098782572167, "maxNu": 9.2609299165153, "avgNuWoMax": 1.1322409851174298, "maxConf": "XO3"}, "phononFrequencies": {"cutoffs": [30, 35, 40, 45, 50, 55, 60, 65, 70, 75, 80, 90, 100, 120, 150, 200], "values": [0.028090128935375335, 0.4566417216684383, 0.05916603493694622, 0.03268639244223097, 0.21445861497113053, 0.18045702629458943, 0.030844586158244525, 0.025903822761257425, 0.18014117244030206, 0.13241462524134465, 0.004961985185821915, 0.08476076983273177, 0.04492865729553257, 0.06055330647608109, 0.03643817050484403, 0.0], "error": [0.007057686337724651, 0.06534438320955305, 0.012731453714758825, 0.007565147208439364, 0.023282570445591233, 0.022481180787570554, 0.0012394038193281574, 0.003711637193786147, 0.023677897858756486, 0.018340822268699514, 0.003435634774494334, 0.011337808401871152, 0.006314966062014836, 0.00798917623953685, 0.004804485818084903, 0.0], "ref": 55.740079}, "pressure": {"cutoffs": [30, 35, 40, 45, 50, 55, 60, 65, 70, 75, 80, 90, 100, 120, 150, 200], "values": [80.62179842452987, 78.34821691006107, 75.96628345882307, 73.69937794264149, 72.09534277522962, 2.99717899005411, 9.083118220752766, 28.543842631450932, 32.25395147371681, 18.091170798547157, 7.811632244427767, 0.40309678085081924, 0.7920212210545412, 1.4944036748457454, 0.20985649745994564, 1.9715950168082033e-13]}, "cohesiveEnergy": {"cutoffs": [30, 35, 40, 45, 50, 55, 60, 65, 70, 75, 80, 90, 100, 120, 150, 200], "values": [-29.470280576045816, -5.97152084867642, -12.428899457042212, -6.279574920382356, -4.518755772064767, -2.416027142564715, -0.651510908930443, -0.26618113638930646, -0.46237700665861337, -0.3699181985227406, -0.11134931395407892, -0.12890016466900808, -0.10275043848543136, -0.037635689294777605, -0.007913438517102755, -0.0], "ref": -1.3101131445692}, "eos": {"cutoffs": [30, 40, 45, 50, 55, 60, 65, 70, 75, 80, 90, 100, 120, 150, 200], "values": [3.953909977073311, 5.859741977829907, 3.8926803513944814, 2.822833774083081, 0.8139129758220551, 0.2885349671062054, 0.11491771151790275, 0.09112779215904546, 0.11461086286025175, 0.05311142542661142, 0.04943869424349842, 0.032493667564894586, 0.018706285875264617, 0.005900217892237729, 0.0]}, "bands": {"cutoffs": [30, 35, 40, 45, 50, 55, 60, 65, 70, 75, 80, 90, 100, 120, 150, 200], "etaC": [629.7154347737452, 466.15904966182757, 279.4777012206404, 136.24165153440978, 51.99258738949029, 21.254149949863713, 13.453786199266641, 7.422787506052413, 2.803290791785769, 1.201064719444413, 1.5633587949655396, 3.1979961939110244, 2.943986357186333, 0.5629169143064505, 0.24417909364513116, 0.0], "maxDiffC": [1428.8603269588823, 995.7981807816329, 643.2554886307853, 373.15023275710934, 173.99639717973108, 78.39927915224808, 21.936715952936268, 12.52494672623004, 5.274381407212559, 2.534102924954027, 2.618007870980648, 5.303605186796062, 4.9858711075102065, 0.9604937694189174, 0.43079238610903303, 0.0]}}}]}