{"conff": "BCC", "pseudos": [{"name": "DOJO-041-std", "Z": 12, "color": "#ffa500", "quantities": {"metadata": {"avgNu": 0.06607221071549764, "maxNu": 0.12793283311153, "avgNuWoMax": 0.05919880822704959, "maxConf": "XO3"}, "phononFrequencies": {"cutoffs": [30, 35, 40, 45, 50, 55, 60, 65, 70, 75, 80, 90, 100, 120, 150, 200], "values": [0.07119165035292159, 0.3477828212635044, 0.2726105288777866, 0.06266177296427483, 0.14748588524978795, 0.054680610657360094, 0.029706627591021113, 0.004763718398092054, 0.00522279003525294, 0.001134526069619443, 0.0010050477545351965, 6.89075477429341e-05, 0.0002616172066573243, 0.0008000542554717371, 0.00021379138457566446, 0.0], "error": [0.0, 0.0, 0.0, 0.0, 0.0, 0.0, 3.469446951953614e-18, 0.0, 0.0, 0.0, 0.0, 0.0, 0.0, 0.0, 0.0, 0.0], "ref": 216.870292}, "pressure": {"cutoffs": [30, 35, 40, 45, 50, 55, 60, 65, 70, 75, 80, 90, 100, 120, 150, 200], "values": [82.88236014753431, 82.70581566546008, 82.58528570310817, 82.49655194432299, 82.43595379220454, 24.20734198054605, 8.095352749950848, 3.0315855228179913, 0.9929384382765647, 0.24206957049589234, 0.034205704728920365, 0.00013894371237122807, 0.003612239225439814, 0.006946105809866511, 0.003056547377942434, 0.0]}, "cohesiveEnergy": {"cutoffs": [30, 35, 40, 45, 50, 55, 60, 65, 70, 75, 80, 90, 100, 120, 150, 200], "values": [15.345693227941625, 9.452158101428463, 5.039795890505203, 2.8791830697475556, 1.137094659526983, 0.7242602584797977, 0.3339109316490468, 0.10479628152411948, 0.032391801427238104, 0.010241193815467418, 0.001401468666456546, 0.000379606998109352, 1.0258322126891199e-05, -1.436338352399592e-05, -0.00014158278708622013, -0.0], "ref": -6.6306730449217}, "eos": {"cutoffs": [30, 40, 45, 50, 55, 60, 65, 70, 75, 80, 90, 100, 120, 150, 200], "values": [3.5256942357441257, 1.758713326428979, 1.8712765177869524, 1.748219843942854, 0.8944114245863697, 0.2570727330094299, 0.15081113687008496, 0.04034608284054927, 0.008605577898715742, 0.0020490195621570067, 0.0029666841071123383, 0.0025320005336671838, 0.0013416665464471799, 0.0005147872876107801, 0.0]}, "bands": {"cutoffs": [30, 35, 40, 45, 50, 55, 60, 65, 70, 75, 80, 90, 100, 120, 150, 200], "etaC": [1801.816840685385, 1130.3924248408289, 658.9814400250473, 356.2317824292621, 174.43771812834245, 76.53252107906667, 30.1060806933948, 9.98444706881124, 2.719436351929037, 0.5643753289334821, 0.08480043204900313, 0.06372062553998693, 0.04369721107315104, 0.04164016626600615, 0.022491953928083633, 0.0], "maxDiffC": [2965.176439678583, 1605.8350200534655, 936.9591602492383, 535.8999515405006, 278.75006994090046, 114.70553021994814, 56.53938787837953, 20.07301625568789, 5.269773052001796, 1.3971443657352296, 0.2703200258359004, 0.20853979769844955, 0.12486725312191993, 0.10748801842760258, 0.03878452235787222, 0.0]}}}, {"name": "SPMS", "Z": 12, "color": "#7f8001", "quantities": {"metadata": {"avgNu": 0.1506223414950568, "maxNu": 0.38882787961588, "avgNuWoMax": 0.12415505948163201, "maxConf": "DC"}, "pressure": {"cutoffs": [30, 35, 40, 45, 50, 55, 60, 65, 70, 75, 80, 90, 100, 120, 150, 200], "values": [82.40175178400307, 82.29594176645217, 16.934152086418617, 3.7315551404068477, 0.834708083982834, 0.07989738671849518, 0.007491515239961032, 0.007630270202921356, 0.00430038396043855, 1.2360379713774369e-13, 0.001525849924236049, 0.006520254126351792, 0.0012483467736163392, 0.003329258670654051, 0.0038835212513275994, 1.2360379713774369e-13]}, "cohesiveEnergy": {"cutoffs": [30, 35, 40, 45, 50, 55, 60, 65, 70, 75, 80, 90, 100, 120, 150, 200], "values": [5.151732942855982, 2.0018426944378342, 0.770564156136824, 0.23260105436911888, 0.025800825655942588, 0.002046025557548276, -0.0008118497156510259, -0.0008610517722575379, -0.0007728961048500202, -0.0009943105091269218, -0.0008179995329281172, -0.0008590012239083713, -0.0007708471672894386, -0.00047152850532094316, -0.0005227819360066867, -0.0], "ref": -6.6365175058077}, "eos": {"cutoffs": [30, 35, 40, 45, 50, 55, 60, 65, 70, 75, 80, 90, 100, 120, 150, 200], "values": [2.7401452663625987, 3.4732008443582476, 0.41518928293068097, 0.3041197732648187, 0.05465338329824557, 0.0009054594088129572, 0.003503120436872976, 0.0029550115374705047, 0.0013103851123011723, 0.0012527497810937633, 0.0012584493978335686, 0.00038565464140333336, 5.2040481376312566e-05, 0.0003041149243173049, 0.00021792802210842622, 0.0]}, "bands": {"cutoffs": [30, 35, 40, 45, 50, 55, 60, 65, 70, 75, 80, 90, 100, 120, 150, 200], "etaC": [665.1424751399842, 260.1601811957829, 81.92999443137894, 20.33222817493634, 3.355335643851644, 0.31074335521395313, 0.07424410968725742, 0.06979335448178259, 0.05707416108998338, 0.047936430324809765, 0.04621687683601055, 0.04058947069441458, 0.023976218166132997, 0.01179786431273149, 0.027230184738809036, 0.0], "maxDiffC": [1302.030237385851, 452.444699327808, 147.97726844404073, 44.08693529028478, 7.620625646900621, 0.9631463275283636, 0.18629261775485872, 0.13369872886670464, 0.13256736167122085, 0.13561773019254986, 0.13247635265223323, 0.0601173183681567, 0.07726471565128179, 0.040112652754942246, 0.055076560956969445, 0.0]}}}, {"name": "SG15", "Z": 12, "color": "#8C99A6", "quantities": {"metadata": {"avgNu": 0.24415630560494123, "maxNu": 0.62327837407556, "avgNuWoMax": 0.20203163133042804, "maxConf": "DC"}, "phononFrequencies": {"cutoffs": [30, 35, 40, 45, 50, 55, 60, 65, 70, 75, 80, 90, 100, 120, 150, 200], "values": [0.2358087393259398, 0.163596634286576, 0.027039350735985686, 0.015734996052721637, 0.011005525636573697, 0.008951952775553159, 0.00606939408878086, 0.005774874323047097, 0.003203353544198994, 0.0033277419760001092, 0.002020066473262737, 0.000923379818553225, 0.0009393080270939218, 0.00038391314908311645, 6.454242835761603e-05, 0.0], "error": [0.0, 0.0, 0.0, 0.0, 0.0, 0.0, 0.0, 0.0, 0.0, 0.0, 0.0, 0.0, 0.0, 0.0, 0.0, 0.0], "ref": 216.973553}, "pressure": {"cutoffs": [30, 35, 40, 45, 50, 55, 60, 65, 70, 75, 80, 90, 100, 120, 150, 200], "values": [81.66161300999157, 36.87601274861191, 5.070398209120003, 0.7984161802812423, 0.1343982596720933, 0.038856888363462704, 0.01572980856712429, 0.005845218441500249, 0.005706029267508477, 0.009046802505697043, 0.013780397388374901, 0.002922423086852945, 0.001808932538553278, 0.00013915372014461808, 0.00027830659627211315, 1.2356593559007952e-13]}, "cohesiveEnergy": {"cutoffs": [30, 35, 40, 45, 50, 55, 60, 65, 70, 75, 80, 90, 100, 120, 150, 200], "values": [3.9287740192367977, 1.1332194329102223, 0.27451936569453933, 0.0508139181534953, 0.006556965167144143, 0.004041994184743584, 0.002736340882082852, 0.0011683243080196557, 0.0017934813184023964, 0.0017094433645630201, 0.0014491326247643873, -0.00020701904818896765, -0.00043658337813223304, -0.00013527852843162923, 3.0745957906506846e-05, -0.0], "ref": -6.6379197083588}, "eos": {"cutoffs": [30, 35, 40, 45, 50, 55, 60, 65, 70, 75, 80, 90, 100, 120, 150, 200], "values": [1.940628175409161, 1.975214127450654, 0.1232925710803365, 0.05619533420359141, 0.011713847017021647, 0.00416412000453583, 0.006096842080856528, 0.0019688418090643236, 0.004434167966384006, 0.0021914479127395133, 0.003176583298583005, 0.002733928778322879, 0.00025603074262811354, 0.00010147248561690931, 1.795804766287846e-05, 0.0]}, "bands": {"cutoffs": [30, 35, 40, 45, 50, 55, 60, 65, 70, 75, 80, 90, 100, 120, 150, 200], "etaC": [388.7513992266508, 116.21760983347104, 24.82807624135873, 3.511318859229066, 0.43519750054746564, 0.24873637141680308, 0.20519695767718596, 0.1578668706605122, 0.13706686243774419, 0.12009130020577863, 0.10420635188494719, 0.03842772923769586, 0.02957695906674261, 0.01907073627456626, 0.012545224722703774, 0.0], "maxDiffC": [826.5275214289362, 220.95724046762197, 55.325759276467835, 10.009327363541459, 1.0515174286111346, 0.6109776973189582, 0.5212635158822962, 0.37602488323429384, 0.24091340566911867, 0.2562588335379701, 0.22164129705437574, 0.13318845414141833, 0.08579014481183833, 0.026992604695408318, 0.014397804404708836, 0.0]}}}, {"name": "GBRV-1.X", "Z": 12,